Kod,Tip,Dönem,CFO TTM,CFO statü,CFO bileşen,CFO kanıt,MDV+MODV TTM,MDV+MODV statü,MDV+MODV bileşen,MDV+MODV kanıt,YAGM TTM,YAGM statü,YAGM bileşen,YAGM kanıt,KIRA TTM,KIRA statü,KIRA bileşen,KIRA kanıt,TEMETTU TTM,TEMETTU statü,TEMETTU bileşen,TEMETTU kanıt,Satır statü,V7 CFO_TTM (Evo),V7 CAPEX_STD (Evo),V7 |Kira| (Evo),V7 FCF türü,V7 Alınan temettü (Evo),V7 FCF_HLD (Evo),CFO fark (belge−Evo),CAPEX_STD (belge),|Kira| (belge),K6 dışlanan (belge),FCF_HLD (belge),FCF_STD (belge)
AGHOL,Holding,2025/03,,BELGE_YOK,— | — | —,2025/03 INDIRILMEDI  ‖ 2024/12 INDIRILMEDI  ‖ 2025/03 INDIRILMEDI ,,BELGE_YOK,— | — | —,2025/03 INDIRILMEDI  ‖ 2024/12 INDIRILMEDI  ‖ 2025/03 INDIRILMEDI ,,BELGE_YOK,— | — | —,2025/03 INDIRILMEDI  ‖ 2024/12 INDIRILMEDI  ‖ 2025/03 INDIRILMEDI ,,BELGE_YOK,— | — | —,2025/03 INDIRILMEDI  ‖ 2024/12 INDIRILMEDI  ‖ 2025/03 INDIRILMEDI ,,BELGE_YOK,— | — | —,2025/03 INDIRILMEDI  ‖ 2024/12 INDIRILMEDI  ‖ 2025/03 INDIRILMEDI ,BELGE_YOK,72490.873,45250.055,9678.098,FCF_STD,,17562.72000000001,,,,,,
AGHOL,Holding,2025/06,,BELGE_YOK,— | — | —,2025/06 INDIRILMEDI  ‖ 2024/12 INDIRILMEDI  ‖ 2025/06 INDIRILMEDI ,,BELGE_YOK,— | — | —,2025/06 INDIRILMEDI  ‖ 2024/12 INDIRILMEDI  ‖ 2025/06 INDIRILMEDI ,,BELGE_YOK,— | — | —,2025/06 INDIRILMEDI  ‖ 2024/12 INDIRILMEDI  ‖ 2025/06 INDIRILMEDI ,,BELGE_YOK,— | — | —,2025/06 INDIRILMEDI  ‖ 2024/12 INDIRILMEDI  ‖ 2025/06 INDIRILMEDI ,,BELGE_YOK,— | — | —,2025/06 INDIRILMEDI  ‖ 2024/12 INDIRILMEDI  ‖ 2025/06 INDIRILMEDI ,BELGE_YOK,68303.473,44788.769,10470.637,FCF_STD,,13044.067,,,,,,
AGHOL,Holding,2025/09,,BELGE_YOK,— | — | —,2025/09 INDIRILMEDI  ‖ 2024/12 INDIRILMEDI  ‖ 2025/09 INDIRILMEDI ,,BELGE_YOK,— | — | —,2025/09 INDIRILMEDI  ‖ 2024/12 INDIRILMEDI  ‖ 2025/09 INDIRILMEDI ,,BELGE_YOK,— | — | —,2025/09 INDIRILMEDI  ‖ 2024/12 INDIRILMEDI  ‖ 2025/09 INDIRILMEDI ,,BELGE_YOK,— | — | —,2025/09 INDIRILMEDI  ‖ 2024/12 INDIRILMEDI  ‖ 2025/09 INDIRILMEDI ,,BELGE_YOK,— | — | —,2025/09 INDIRILMEDI  ‖ 2024/12 INDIRILMEDI  ‖ 2025/09 INDIRILMEDI ,BELGE_YOK,71591.20000000001,43181.74200000001,11000.588,FCF_STD,,17408.87000000001,,,,,,
AGHOL,Holding,2025/12,,BELGE_YOK,—,2025/12 INDIRILMEDI ,,BELGE_YOK,—,2025/12 INDIRILMEDI ,,BELGE_YOK,—,2025/12 INDIRILMEDI ,,BELGE_YOK,—,2025/12 INDIRILMEDI ,,BELGE_YOK,—,2025/12 INDIRILMEDI ,BELGE_YOK,73631.403,41328.768,11613.858,FCF_STD,,20688.77700000001,,,,,,
AGHOL,Holding,2026/03,,BELGE_YOK,— | — | —,2026/03 INDIRILMEDI  ‖ 2025/12 INDIRILMEDI  ‖ 2026/03 INDIRILMEDI ,,BELGE_YOK,— | — | —,2026/03 INDIRILMEDI  ‖ 2025/12 INDIRILMEDI  ‖ 2026/03 INDIRILMEDI ,,BELGE_YOK,— | — | —,2026/03 INDIRILMEDI  ‖ 2025/12 INDIRILMEDI  ‖ 2026/03 INDIRILMEDI ,,BELGE_YOK,— | — | —,2026/03 INDIRILMEDI  ‖ 2025/12 INDIRILMEDI  ‖ 2026/03 INDIRILMEDI ,,BELGE_YOK,— | — | —,2026/03 INDIRILMEDI  ‖ 2025/12 INDIRILMEDI  ‖ 2026/03 INDIRILMEDI ,BELGE_YOK,93130.352,40248.58899999999,12475.871,FCF_STD,,40405.89200000001,,,,,,
AGHOL,Holding,2026/06,,BELGE_YOK,— | — | —,2026/06 INDIRILMEDI  ‖ 2025/12 INDIRILMEDI  ‖ 2026/06 INDIRILMEDI ,,BELGE_YOK,— | — | —,2026/06 INDIRILMEDI  ‖ 2025/12 INDIRILMEDI  ‖ 2026/06 INDIRILMEDI ,,BELGE_YOK,— | — | —,2026/06 INDIRILMEDI  ‖ 2025/12 INDIRILMEDI  ‖ 2026/06 INDIRILMEDI ,,BELGE_YOK,— | — | —,2026/06 INDIRILMEDI  ‖ 2025/12 INDIRILMEDI  ‖ 2026/06 INDIRILMEDI ,,BELGE_YOK,— | — | —,2026/06 INDIRILMEDI  ‖ 2025/12 INDIRILMEDI  ‖ 2026/06 INDIRILMEDI ,BELGE_YOK,83099.66800000002,38733.848,12956.977,FCF_STD,,31408.84300000002,,,,,,
ALARK,Holding,2025/03,-1500.036,TEYITLI,-1264.476 | 1947.829 | 2183.389,KAP 1437035 2025/03 cari · TMS29 ×1.4004 (2025/03→2026/06) · PDF s.7 (TL): A. İşletme faaliyetlerinden nakit akışları (902.939) 1.559.118 ‖ KAP 1403943 2024/12 cari · TMS29 ×1.5414 (2024/12→2026/06) · PDF s.12 (TL): A. İşletme faaliyetlerinden nakit akışları 1.263.675 3.975.876 ‖ KAP 1437035 2025/03 onceki · TMS29 ×1.4004 (2025/03→2026/06) · PDF s.7 (TL): A. İşletme faaliyetlerinden nakit akışları (902.939) 1.559.118,-10762.945,TEYITLI,-3252.674 | -9724.879 | -2214.608,"KAP 1437035 2025/03 cari · TMS29 ×1.4004 (2025/03→2026/06) · PDF s.7 (TL): Maddi ve maddi olmayan duran varlıkların alımından kaynaklanan nakit çıkışları (2.322.675) (1.581.411) ‖ KAP 1403943 2024/12 cari · TMS29 ×1.5414 (2024/12→2026/06) · PDF s.12 (TL): Maddi ve maddi olmayan duran varlıkların alımından kaynaklanan nakit çıkışları 18,19 (6.309.121) (4.632.995) ‖ KAP 1437035 2025/03 onceki · TMS29 ×1.4004 (2025/03→2026/06) · PDF s.7 (TL): Maddi ve maddi olmayan duran varlıkların alımından kaynaklanan nakit çıkışları (2.322.675) (1.581.411)",0.0,TEYITLI,0.000 | 0.000 | 0.000,KAP 1437035 2025/03 cari ‖ KAP 1403943 2024/12 cari ‖ KAP 1437035 2025/03 onceki,-60.177,TEYITLI,-23.083 | -48.049 | -10.954,KAP 1437035 2025/03 cari · TMS29 ×1.4004 (2025/03→2026/06) · PDF s.7 (TL): Kira sözleşmelerinden kaynaklanan borç ödemelerine ilişkin nakit çıkışları (16.483) (7.822) ‖ KAP 1403943 2024/12 cari · TMS29 ×1.5414 (2024/12→2026/06) · PDF s.12 (TL): Kira sözleşmelerinden kaynaklanan borç ödemelerine ilişkin nakit çıkışları 7 (31.172) (45.124) ‖ KAP 1437035 2025/03 onceki · TMS29 ×1.4004 (2025/03→2026/06) · PDF s.7 (TL): Kira sözleşmelerinden kaynaklanan borç ödemelerine ilişkin nakit çıkışları (16.483) (7.822),3462.527,TEYITLI,0.000 | 3462.527 | 0.000,KAP 1437035 2025/03 cari ‖ KAP 1403943 2024/12 cari · TMS29 ×1.5414 (2024/12→2026/06) · PDF s.12 (TL): Alınan temettüler 2.246.352 5.999.898 ‖ KAP 1437035 2025/03 onceki,TEYITLI,-1500.175,10762.85,60.178,FCF_HLD,,VERİ YETERSİZ,0.139,10762.945,60.177,,-8860.631,
ALARK,Holding,2025/06,,BELGE_YOK,— | 1947.829 | —,2025/06 raporu KAP’ta yok ‖ KAP 1403943 2024/12 cari · TMS29 ×1.5414 (2024/12→2026/06) · PDF s.12 (TL): A. İşletme faaliyetlerinden nakit akışları 1.263.675 3.975.876 ‖ 2025/06 raporu KAP’ta yok,,BELGE_YOK,— | -9724.879 | —,"2025/06 raporu KAP’ta yok ‖ KAP 1403943 2024/12 cari · TMS29 ×1.5414 (2024/12→2026/06) · PDF s.12 (TL): Maddi ve maddi olmayan duran varlıkların alımından kaynaklanan nakit çıkışları 18,19 (6.309.121) (4.632.995) ‖ 2025/06 raporu KAP’ta yok",,BELGE_YOK,— | 0.000 | —,2025/06 raporu KAP’ta yok ‖ KAP 1403943 2024/12 cari ‖ 2025/06 raporu KAP’ta yok,,BELGE_YOK,— | -48.049 | —,2025/06 raporu KAP’ta yok ‖ KAP 1403943 2024/12 cari · TMS29 ×1.5414 (2024/12→2026/06) · PDF s.12 (TL): Kira sözleşmelerinden kaynaklanan borç ödemelerine ilişkin nakit çıkışları 7 (31.172) (45.124) ‖ 2025/06 raporu KAP’ta yok,,BELGE_YOK,— | 3462.527 | —,2025/06 raporu KAP’ta yok ‖ KAP 1403943 2024/12 cari · TMS29 ×1.5414 (2024/12→2026/06) · PDF s.12 (TL): Alınan temettüler 2.246.352 5.999.898 ‖ 2025/06 raporu KAP’ta yok,BELGE_YOK,2652.713,11098.479,72.381,FCF_HLD,4393.102999999999,-4125.044,,,,,,
ALARK,Holding,2025/09,,BELGE_YOK,— | 1947.829 | —,2025/09 raporu KAP’ta yok ‖ KAP 1403943 2024/12 cari · TMS29 ×1.5414 (2024/12→2026/06) · PDF s.12 (TL): A. İşletme faaliyetlerinden nakit akışları 1.263.675 3.975.876 ‖ 2025/09 raporu KAP’ta yok,,BELGE_YOK,— | -9724.879 | —,"2025/09 raporu KAP’ta yok ‖ KAP 1403943 2024/12 cari · TMS29 ×1.5414 (2024/12→2026/06) · PDF s.12 (TL): Maddi ve maddi olmayan duran varlıkların alımından kaynaklanan nakit çıkışları 18,19 (6.309.121) (4.632.995) ‖ 2025/09 raporu KAP’ta yok",,BELGE_YOK,— | 0.000 | —,2025/09 raporu KAP’ta yok ‖ KAP 1403943 2024/12 cari ‖ 2025/09 raporu KAP’ta yok,,BELGE_YOK,— | -48.049 | —,2025/09 raporu KAP’ta yok ‖ KAP 1403943 2024/12 cari · TMS29 ×1.5414 (2024/12→2026/06) · PDF s.12 (TL): Kira sözleşmelerinden kaynaklanan borç ödemelerine ilişkin nakit çıkışları 7 (31.172) (45.124) ‖ 2025/09 raporu KAP’ta yok,,BELGE_YOK,— | 3462.527 | —,2025/09 raporu KAP’ta yok ‖ KAP 1403943 2024/12 cari · TMS29 ×1.5414 (2024/12→2026/06) · PDF s.12 (TL): Alınan temettüler 2.246.352 5.999.898 ‖ 2025/09 raporu KAP’ta yok,BELGE_YOK,2661.831,14267.804,105.327,FCF_HLD,4890.516,-6820.784,,,,,,
ALARK,Holding,2025/12,,BELGE_YOK,—,2025/12 raporu KAP’ta yok,,BELGE_YOK,—,2025/12 raporu KAP’ta yok,,BELGE_YOK,—,2025/12 raporu KAP’ta yok,,BELGE_YOK,—,2025/12 raporu KAP’ta yok,,BELGE_YOK,—,2025/12 raporu KAP’ta yok,BELGE_YOK,-1365.788,16292.941,126.584,FCF_HLD,8699.167,-9086.145999999999,,,,,,
ALARK,Holding,2026/03,,BELGE_YOK,— | — | -1264.476,2026/03 raporu KAP’ta yok ‖ 2025/12 raporu KAP’ta yok ‖ 2026/03 raporu KAP’ta yok → yedek: 2026/03 değeri 2025/03 raporunun cari sütunundan · KAP 1437035 2025/03 cari · TMS29 ×1.4004 (2025/03→2026/06) · PDF s.7 (TL): A. İşletme faaliyetlerinden nakit akışları (902.939) 1.559.118,,BELGE_YOK,— | — | -3252.674,2026/03 raporu KAP’ta yok ‖ 2025/12 raporu KAP’ta yok ‖ 2026/03 raporu KAP’ta yok → yedek: 2026/03 değeri 2025/03 raporunun cari sütunundan · KAP 1437035 2025/03 cari · TMS29 ×1.4004 (2025/03→2026/06) · PDF s.7 (TL): Maddi ve maddi olmayan duran varlıkların alımından kaynaklanan nakit çıkışları (2.322.675) (1.581.411),,BELGE_YOK,— | — | 0.000,2026/03 raporu KAP’ta yok ‖ 2025/12 raporu KAP’ta yok ‖ 2026/03 raporu KAP’ta yok → yedek: 2026/03 değeri 2025/03 raporunun cari sütunundan · KAP 1437035 2025/03 cari,,BELGE_YOK,— | — | -23.083,2026/03 raporu KAP’ta yok ‖ 2025/12 raporu KAP’ta yok ‖ 2026/03 raporu KAP’ta yok → yedek: 2026/03 değeri 2025/03 raporunun cari sütunundan · KAP 1437035 2025/03 cari · TMS29 ×1.4004 (2025/03→2026/06) · PDF s.7 (TL): Kira sözleşmelerinden kaynaklanan borç ödemelerine ilişkin nakit çıkışları (16.483) (7.822),,BELGE_YOK,— | — | 0.000,2026/03 raporu KAP’ta yok ‖ 2025/12 raporu KAP’ta yok ‖ 2026/03 raporu KAP’ta yok → yedek: 2026/03 değeri 2025/03 raporunun cari sütunundan · KAP 1437035 2025/03 cari,BELGE_YOK,-401.79,15367.69,129.105,FCF_HLD,14062.712,-1835.873,,,,,,
ALARK,Holding,2026/06,,BELGE_YOK,— | — | —,2026/06 raporu KAP’ta yok ‖ 2025/12 raporu KAP’ta yok ‖ 2026/06 raporu KAP’ta yok,,BELGE_YOK,— | — | —,2026/06 raporu KAP’ta yok ‖ 2025/12 raporu KAP’ta yok ‖ 2026/06 raporu KAP’ta yok,,BELGE_YOK,— | — | —,2026/06 raporu KAP’ta yok ‖ 2025/12 raporu KAP’ta yok ‖ 2026/06 raporu KAP’ta yok,,BELGE_YOK,— | — | —,2026/06 raporu KAP’ta yok ‖ 2025/12 raporu KAP’ta yok ‖ 2026/06 raporu KAP’ta yok,,BELGE_YOK,— | — | —,2026/06 raporu KAP’ta yok ‖ 2025/12 raporu KAP’ta yok ‖ 2026/06 raporu KAP’ta yok,BELGE_YOK,8882.762999999999,22810.159,348.016,FCF_HLD,10943.581,-3331.831,,,,,,
ARSAN,Holding,2025/03,879.41,TEYITLI,-41.337 | 1168.070 | 247.323,KAP 1438669 2025/03 cari · TMS29 ×1.4004 (2025/03→2026/06) · PDF s.8 (TL): A.İşletme Faaliyetlerden Elde Edilen Nakit Akışları (29.518.259) 176.608.610 ‖ KAP 1404479 2024/12 cari · TMS29 ×1.5414 (2024/12→2026/06) · PDF s.12 (TL): Faaliyetlerden elde edilen nakit akışları 757.798.351 1.103.264.073 ‖ KAP 1438669 2025/03 onceki · TMS29 ×1.4004 (2025/03→2026/06) · PDF s.8 (TL): A.İşletme Faaliyetlerden Elde Edilen Nakit Akışları (29.518.259) 176.608.610,54.828,TEYITLI,-53.813 | -31.765 | -140.405,"KAP 1438669 2025/03 cari · TMS29 ×1.4004 (2025/03→2026/06) · PDF s.8 (TL): Maddi ve maddi olmayan duran varlık alımından kaynaklanan nakit çıkışları 14,17 (38.426.671) (100.260.784) ‖ KAP 1404479 2024/12 cari · TMS29 ×1.5414 (2024/12→2026/06) · PDF s.12 (TL): Maddi ve maddi olmayan duran varlık alımından kaynaklanan nakit (çıkışları) 14,15 (20.607.770) (115.637.828) ‖ KAP 1438669 2025/03 onceki · TMS29 ×1.4004 (2025/03→2026/06) · PDF s.8 (TL): Maddi ve maddi olmayan duran varlık alımından kaynaklanan nakit çıkışları 14,17 (38.426.671) (100.260.784)",0.0,TEYITLI,0.000 | 0.000 | 0.000,KAP 1438669 2025/03 cari ‖ KAP 1404479 2024/12 cari ‖ KAP 1438669 2025/03 onceki,-33.024,PDF_OKUNDU,-1.122 | -31.902 | 0.000,"KAP 1438669 2025/03 cari · elle karar (PDF): finansal kiralama borç ödemeleri (800.912) cari sütunda (sütun hizası); C cari: −4.565.972 − 800.912 = −5.366.884 ✓ ‖ KAP 1404479 2024/12 cari · TMS29 ×1.5414 (2024/12→2026/06) · XBRL standart elemanında yok, PDF satırından okundu (TL): Finansal kiralama sözleşmelerinden kaynaklanan nakit (çıkışları) (20.696.893) (23.745.666) ‖ KAP 1438669 2025/03 onceki · elle karar (PDF): önceki sütun boş; C önceki: −57.194.483 + 89.171.169 − 2.188.195 = 29.788.491 ✓",0.0,TEYITLI,0.000 | 0.000 | 0.000,KAP 1438669 2025/03 cari ‖ KAP 1404479 2024/12 cari ‖ KAP 1438669 2025/03 onceki,PDF_OKUNDU,891.031,,,FCF_HLD,0.0,,-11.621,0.0,33.024,MDV+MODV TTM +54.828 (pozitif) → 0,846.386,
ARSAN,Holding,2025/06,,BELGE_YOK,199.055 | 1168.070 | —,2025/06 INDIRILMEDI  → yedek: 2025/06 değeri 2026/06 raporunun onceki sütunundan · KAP 1652744 2026/06 onceki · TMS29 ×1.0000 (2026/06→2026/06) · PDF s.9 (TL): Faaliyetlerden elde edilen nakit akışları 700.424.259 199.054.764 ‖ KAP 1404479 2024/12 cari · TMS29 ×1.5414 (2024/12→2026/06) · PDF s.12 (TL): Faaliyetlerden elde edilen nakit akışları 757.798.351 1.103.264.073 ‖ 2025/06 INDIRILMEDI ,,BELGE_YOK,-85.366 | -31.765 | —,"2025/06 INDIRILMEDI  → yedek: 2025/06 değeri 2026/06 raporunun onceki sütunundan · KAP 1652744 2026/06 onceki · TMS29 ×1.0000 (2026/06→2026/06) · PDF s.9 (TL): Maddi ve maddi olmayan duran varlık alımından kaynaklanan nakit (çıkışları) 14,15 (116.006.374) (85.366.251) ‖ KAP 1404479 2024/12 cari · TMS29 ×1.5414 (2024/12→2026/06) · PDF s.12 (TL): Maddi ve maddi olmayan duran varlık alımından kaynaklanan nakit (çıkışları) 14,15 (20.607.770) (115.637.828) ‖ 2025/06 INDIRILMEDI ",,BELGE_YOK,0.000 | 0.000 | —,2025/06 INDIRILMEDI  → yedek: 2025/06 değeri 2026/06 raporunun onceki sütunundan · KAP 1652744 2026/06 onceki ‖ KAP 1404479 2024/12 cari ‖ 2025/06 INDIRILMEDI ,,BELGE_YOK,-1.122 | -31.902 | —,"2025/06 INDIRILMEDI  → yedek: 2025/06 değeri 2026/06 raporunun onceki sütunundan · KAP 1652744 2026/06 onceki · elle karar (PDF): aynı iki satırın karşılaştırmalı sütunu toplamı ‖ KAP 1404479 2024/12 cari · TMS29 ×1.5414 (2024/12→2026/06) · XBRL standart elemanında yok, PDF satırından okundu (TL): Finansal kiralama sözleşmelerinden kaynaklanan nakit (çıkışları) (20.696.893) (23.745.666) ‖ 2025/06 INDIRILMEDI ",,BELGE_YOK,0.000 | 0.000 | —,2025/06 INDIRILMEDI  → yedek: 2025/06 değeri 2026/06 raporunun onceki sütunundan · KAP 1652744 2026/06 onceki ‖ KAP 1404479 2024/12 cari ‖ 2025/06 INDIRILMEDI ,BELGE_YOK,1159.211,63.981,8.356973,FCF_STD,,1086.873027,,,,,,
ARSAN,Holding,2025/09,1523.538,TEYITLI,383.743 | 1168.070 | 28.275,KAP 1515791 2025/09 cari · TMS29 ×1.2289 (2025/09→2026/06) · PDF s.8 (TL): A.İşletme Faaliyetlerden Elde Edilen Nakit Akışları 312.265.440 23.008.510 ‖ KAP 1404479 2024/12 cari · TMS29 ×1.5414 (2024/12→2026/06) · PDF s.12 (TL): Faaliyetlerden elde edilen nakit akışları 757.798.351 1.103.264.073 ‖ KAP 1515791 2025/09 onceki · TMS29 ×1.2289 (2025/09→2026/06) · PDF s.8 (TL): A.İşletme Faaliyetlerden Elde Edilen Nakit Akışları 312.265.440 23.008.510,-314.228,TEYITLI,-344.466 | -31.765 | -62.003,"KAP 1515791 2025/09 cari · TMS29 ×1.2289 (2025/09→2026/06) · PDF s.8 (TL): Maddi ve maddi olmayan duran varlık alımından kaynaklanan nakit çıkışları 14,17,35 (280.304.394) (50.454.089) ‖ KAP 1404479 2024/12 cari · TMS29 ×1.5414 (2024/12→2026/06) · PDF s.12 (TL): Maddi ve maddi olmayan duran varlık alımından kaynaklanan nakit (çıkışları) 14,15 (20.607.770) (115.637.828) ‖ KAP 1515791 2025/09 onceki · TMS29 ×1.2289 (2025/09→2026/06) · PDF s.8 (TL): Maddi ve maddi olmayan duran varlık alımından kaynaklanan nakit çıkışları 14,17,35 (280.304.394) (50.454.089)",0.0,TEYITLI,0.000 | 0.000 | 0.000,KAP 1515791 2025/09 cari ‖ KAP 1404479 2024/12 cari ‖ KAP 1515791 2025/09 onceki,-31.902,PDF_OKUNDU,0.000 | -31.902 | 0.000,"KAP 1515791 2025/09 cari ‖ KAP 1404479 2024/12 cari · TMS29 ×1.5414 (2024/12→2026/06) · XBRL standart elemanında yok, PDF satırından okundu (TL): Finansal kiralama sözleşmelerinden kaynaklanan nakit (çıkışları) (20.696.893) (23.745.666) ‖ KAP 1515791 2025/09 onceki",162.569,TEYITLI,162.569 | 0.000 | 0.000,KAP 1515791 2025/09 cari · TMS29 ×1.2289 (2025/09→2026/06) · PDF s.8 (TL): Alınan temettüler 4 132.288.506 ‖ KAP 1404479 2024/12 cari ‖ KAP 1515791 2025/09 onceki,PDF_OKUNDU,1523.524,,,FCF_HLD,0.0,,0.014,314.228,31.902,,1339.977,
ARSAN,Holding,2025/12,365.399,TEYITLI,365.399,KAP 1571923 2025/12 cari · TMS29 ×1.1776 (2025/12→2026/06) · PDF s.10 (TL): A.İşletme Faaliyetlerden Elde Edilen Nakit Akışları 310.291.687 991.899.691,-746.691,TEYITLI,-746.691,"KAP 1571923 2025/12 cari · TMS29 ×1.1776 (2025/12→2026/06) · PDF s.10 (TL): Maddi ve maddi olmayan duran varlık alımından kaynaklanan nakit çıkışları 14,17,35 (634.078.963) (26.973.984)",0.0,TEYITLI,0.000,KAP 1571923 2025/12 cari,0.0,TEYITLI,0.000,KAP 1571923 2025/12 cari,155.783,TEYITLI,155.783,KAP 1571923 2025/12 cari · TMS29 ×1.1776 (2025/12→2026/06) · PDF s.10 (TL): Alınan temettüler 4 132.288.506,TEYITLI,365.399,746.691,0.0,FCF_HLD,155.783,-225.509,0.0,746.691,0.0,,-225.509,
ARSAN,Holding,2026/03,813.785,TEYITLI,418.691 | 365.399 | -29.695,KAP 1605404 2026/03 cari · TMS29 ×1.0701 (2026/03→2026/06) · PDF s.7 (TL): Faaliyetlerden elde edilen nakit akışları 391.263.126 (27.749.277) ‖ KAP 1571923 2025/12 cari · TMS29 ×1.1776 (2025/12→2026/06) · PDF s.10 (TL): A.İşletme Faaliyetlerden Elde Edilen Nakit Akışları 310.291.687 991.899.691 ‖ KAP 1605404 2026/03 onceki · TMS29 ×1.0701 (2026/03→2026/06) · PDF s.7 (TL): Faaliyetlerden elde edilen nakit akışları 391.263.126 (27.749.277),-868.83,TEYITLI,-175.951 | -746.691 | -53.812,"KAP 1605404 2026/03 cari · TMS29 ×1.0701 (2026/03→2026/06) · PDF s.7 (TL): Maddi ve maddi olmayan duran varlık alımından kaynaklanan nakit (çıkışları) 14,15 (164.424.481) (50.287.238) ‖ KAP 1571923 2025/12 cari · TMS29 ×1.1776 (2025/12→2026/06) · PDF s.10 (TL): Maddi ve maddi olmayan duran varlık alımından kaynaklanan nakit çıkışları 14,17,35 (634.078.963) (26.973.984) ‖ KAP 1605404 2026/03 onceki · TMS29 ×1.0701 (2026/03→2026/06) · PDF s.7 (TL): Maddi ve maddi olmayan duran varlık alımından kaynaklanan nakit (çıkışları) 14,15 (164.424.481) (50.287.238)",0.0,TEYITLI,0.000 | 0.000 | 0.000,KAP 1605404 2026/03 cari ‖ KAP 1571923 2025/12 cari ‖ KAP 1605404 2026/03 onceki,7.812,PDF_OKUNDU,6.690 | 0.000 | -1.122,"KAP 1605404 2026/03 cari · elle karar (PDF): belgede 'Finansal kiralama sözleşmelerinden kaynaklanan nakit (çıkışları)' cari dönem POZİTİF 6.251.753 (belgedeki gibi; TTM pozitifse K6 → 0) ‖ KAP 1571923 2025/12 cari ‖ KAP 1605404 2026/03 onceki · elle karar (PDF): aynı satır, karşılaştırmalı sütun",155.783,TEYITLI,0.000 | 155.783 | 0.000,KAP 1605404 2026/03 cari ‖ KAP 1571923 2025/12 cari · TMS29 ×1.1776 (2025/12→2026/06) · PDF s.10 (TL): Alınan temettüler 4 132.288.506 ‖ KAP 1605404 2026/03 onceki,PDF_OKUNDU,813.7980000000001,,,FCF_HLD,155.783,,-0.013,868.83,0.0,KIRA TTM +7.812 (pozitif) → 0,100.738,
ARSAN,Holding,2026/06,866.769,TEYITLI,700.424 | 365.399 | 199.055,KAP 1652744 2026/06 cari · TMS29 ×1.0000 (2026/06→2026/06) · PDF s.9 (TL): Faaliyetlerden elde edilen nakit akışları 700.424.259 199.054.764 ‖ KAP 1571923 2025/12 cari · TMS29 ×1.1776 (2025/12→2026/06) · PDF s.10 (TL): A.İşletme Faaliyetlerden Elde Edilen Nakit Akışları 310.291.687 991.899.691 ‖ KAP 1652744 2026/06 onceki · TMS29 ×1.0000 (2026/06→2026/06) · PDF s.9 (TL): Faaliyetlerden elde edilen nakit akışları 700.424.259 199.054.764,-777.332,TEYITLI,-116.006 | -746.691 | -85.366,"KAP 1652744 2026/06 cari · TMS29 ×1.0000 (2026/06→2026/06) · PDF s.9 (TL): Maddi ve maddi olmayan duran varlık alımından kaynaklanan nakit (çıkışları) 14,15 (116.006.374) (85.366.251) ‖ KAP 1571923 2025/12 cari · TMS29 ×1.1776 (2025/12→2026/06) · PDF s.10 (TL): Maddi ve maddi olmayan duran varlık alımından kaynaklanan nakit çıkışları 14,17,35 (634.078.963) (26.973.984) ‖ KAP 1652744 2026/06 onceki · TMS29 ×1.0000 (2026/06→2026/06) · PDF s.9 (TL): Maddi ve maddi olmayan duran varlık alımından kaynaklanan nakit (çıkışları) 14,15 (116.006.374) (85.366.251)",0.0,TEYITLI,0.000 | 0.000 | 0.000,KAP 1652744 2026/06 cari ‖ KAP 1571923 2025/12 cari ‖ KAP 1652744 2026/06 onceki,7.509,PDF_OKUNDU,6.388 | 0.000 | -1.122,"KAP 1652744 2026/06 cari · elle karar (PDF): belgede iki kira satırı: 'nakit (çıkışları)' 6.387.600 / - ve 'borç ödemelerine ilişkin nakit çıkışı' - / (1.121.646); cari = 6.387.600 (pozitif, belgedeki gibi) ‖ KAP 1571923 2025/12 cari ‖ KAP 1652744 2026/06 onceki · elle karar (PDF): aynı iki satırın karşılaştırmalı sütunu toplamı",155.783,TEYITLI,0.000 | 155.783 | 0.000,KAP 1652744 2026/06 cari ‖ KAP 1571923 2025/12 cari · TMS29 ×1.1776 (2025/12→2026/06) · PDF s.10 (TL): Alınan temettüler 4 132.288.506 ‖ KAP 1652744 2026/06 onceki,PDF_OKUNDU,866.7679999999998,777.331,0.0,FCF_HLD,,VERİ YETERSİZ,0.001,777.332,0.0,KIRA TTM +7.509 (pozitif) → 0,245.22,
ATSYH,Holding,2025/03,-32.419,TEYITLI,-0.206 | 0.138 | 32.350,KAP 1437930 2025/03 cari · TMS29 ×1.4004 (2025/03→2026/06) · PDF s.8 (TL): İŞLETME FAALİYETLERİNDEN NAKİT AKIŞLARI (147.245) 23.100.679 ‖ KAP 1411746 2024/12 cari · TMS29 ×1.5414 (2024/12→2026/06) · PDF s.14 (TL): İŞLETME FAALİYETLERİNDEN NAKİT AKIŞLARI 89.272 107.293 ‖ KAP 1437930 2025/03 onceki · TMS29 ×1.4004 (2025/03→2026/06) · PDF s.8 (TL): İŞLETME FAALİYETLERİNDEN NAKİT AKIŞLARI (147.245) 23.100.679,0.0,TEYITLI,0.000 | 0.000 | 0.000,KAP 1437930 2025/03 cari · TMS29 ×1.4004 (2025/03→2026/06) ‖ KAP 1411746 2024/12 cari · TMS29 ×1.5414 (2024/12→2026/06) ‖ KAP 1437930 2025/03 onceki · TMS29 ×1.4004 (2025/03→2026/06),0.0,TEYITLI,0.000 | 0.000 | 0.000,KAP 1437930 2025/03 cari ‖ KAP 1411746 2024/12 cari ‖ KAP 1437930 2025/03 onceki,23.329,TEYITLI,0.000 | 0.000 | -23.329,KAP 1437930 2025/03 cari ‖ KAP 1411746 2024/12 cari ‖ KAP 1437930 2025/03 onceki · TMS29 ×1.4004 (2025/03→2026/06) · PDF s.8 (TL): Kira sözleşmelerinden kaynaklanan borç ödemelerine ilişkin nakit çıkışları - (16.658.810),0.0,TEYITLI,0.000 | 0.000 | 0.000,KAP 1437930 2025/03 cari ‖ KAP 1411746 2024/12 cari ‖ KAP 1437930 2025/03 onceki,TEYITLI,-32.41999999999999,,,FCF_HLD,0.0,,0.001,0.0,0.0,KIRA TTM +23.329 (pozitif) → 0,-32.419,
ATSYH,Holding,2025/06,,BELGE_YOK,— | 0.138 | —,2025/06 raporu KAP’ta yok ‖ KAP 1411746 2024/12 cari · TMS29 ×1.5414 (2024/12→2026/06) · PDF s.14 (TL): İŞLETME FAALİYETLERİNDEN NAKİT AKIŞLARI 89.272 107.293 ‖ 2025/06 raporu KAP’ta yok,,BELGE_YOK,— | 0.000 | —,2025/06 raporu KAP’ta yok ‖ KAP 1411746 2024/12 cari · TMS29 ×1.5414 (2024/12→2026/06) ‖ 2025/06 raporu KAP’ta yok,,BELGE_YOK,— | 0.000 | —,2025/06 raporu KAP’ta yok ‖ KAP 1411746 2024/12 cari ‖ 2025/06 raporu KAP’ta yok,,BELGE_YOK,— | 0.000 | —,2025/06 raporu KAP’ta yok ‖ KAP 1411746 2024/12 cari ‖ 2025/06 raporu KAP’ta yok,,BELGE_YOK,— | 0.000 | —,2025/06 raporu KAP’ta yok ‖ KAP 1411746 2024/12 cari ‖ 2025/06 raporu KAP’ta yok,BELGE_YOK,-0.07399999999999998,0.0,0.0,FCF_STD,,-0.07399999999999998,,,,,,
ATSYH,Holding,2025/09,,BELGE_YOK,— | 0.138 | —,2025/09 raporu KAP’ta yok ‖ KAP 1411746 2024/12 cari · TMS29 ×1.5414 (2024/12→2026/06) · PDF s.14 (TL): İŞLETME FAALİYETLERİNDEN NAKİT AKIŞLARI 89.272 107.293 ‖ 2025/09 raporu KAP’ta yok,,BELGE_YOK,— | 0.000 | —,2025/09 raporu KAP’ta yok ‖ KAP 1411746 2024/12 cari · TMS29 ×1.5414 (2024/12→2026/06) ‖ 2025/09 raporu KAP’ta yok,,BELGE_YOK,— | 0.000 | —,2025/09 raporu KAP’ta yok ‖ KAP 1411746 2024/12 cari ‖ 2025/09 raporu KAP’ta yok,,BELGE_YOK,— | 0.000 | —,2025/09 raporu KAP’ta yok ‖ KAP 1411746 2024/12 cari ‖ 2025/09 raporu KAP’ta yok,,BELGE_YOK,— | 0.000 | —,2025/09 raporu KAP’ta yok ‖ KAP 1411746 2024/12 cari ‖ 2025/09 raporu KAP’ta yok,BELGE_YOK,-0.15,0.0,0.0,FCF_STD,,-0.15,,,,,,
ATSYH,Holding,2025/12,,BELGE_YOK,—,2025/12 raporu KAP’ta yok,,BELGE_YOK,—,2025/12 raporu KAP’ta yok,,BELGE_YOK,—,2025/12 raporu KAP’ta yok,,BELGE_YOK,—,2025/12 raporu KAP’ta yok,,BELGE_YOK,—,2025/12 raporu KAP’ta yok,BELGE_YOK,-0.192,0.0,0.0,FCF_STD,,-0.192,,,,,,
ATSYH,Holding,2026/03,,BELGE_YOK,— | — | -0.206,2026/03 raporu KAP’ta yok ‖ 2025/12 raporu KAP’ta yok ‖ 2026/03 raporu KAP’ta yok → yedek: 2026/03 değeri 2025/03 raporunun cari sütunundan · KAP 1437930 2025/03 cari · TMS29 ×1.4004 (2025/03→2026/06) · PDF s.8 (TL): İŞLETME FAALİYETLERİNDEN NAKİT AKIŞLARI (147.245) 23.100.679,,BELGE_YOK,— | — | 0.000,2026/03 raporu KAP’ta yok ‖ 2025/12 raporu KAP’ta yok ‖ 2026/03 raporu KAP’ta yok → yedek: 2026/03 değeri 2025/03 raporunun cari sütunundan · KAP 1437930 2025/03 cari · TMS29 ×1.4004 (2025/03→2026/06),,BELGE_YOK,— | — | 0.000,2026/03 raporu KAP’ta yok ‖ 2025/12 raporu KAP’ta yok ‖ 2026/03 raporu KAP’ta yok → yedek: 2026/03 değeri 2025/03 raporunun cari sütunundan · KAP 1437930 2025/03 cari,,BELGE_YOK,— | — | 0.000,2026/03 raporu KAP’ta yok ‖ 2025/12 raporu KAP’ta yok ‖ 2026/03 raporu KAP’ta yok → yedek: 2026/03 değeri 2025/03 raporunun cari sütunundan · KAP 1437930 2025/03 cari,,BELGE_YOK,— | — | 0.000,2026/03 raporu KAP’ta yok ‖ 2025/12 raporu KAP’ta yok ‖ 2026/03 raporu KAP’ta yok → yedek: 2026/03 değeri 2025/03 raporunun cari sütunundan · KAP 1437930 2025/03 cari,BELGE_YOK,-0.02100000000000002,0.0,0.0,FCF_STD,,-0.02100000000000002,,,,,,
ATSYH,Holding,2026/06,,BELGE_YOK,— | — | —,2026/06 raporu KAP’ta yok ‖ 2025/12 raporu KAP’ta yok ‖ 2026/06 raporu KAP’ta yok,,BELGE_YOK,— | — | —,2026/06 raporu KAP’ta yok ‖ 2025/12 raporu KAP’ta yok ‖ 2026/06 raporu KAP’ta yok,,BELGE_YOK,— | — | —,2026/06 raporu KAP’ta yok ‖ 2025/12 raporu KAP’ta yok ‖ 2026/06 raporu KAP’ta yok,,BELGE_YOK,— | — | —,2026/06 raporu KAP’ta yok ‖ 2025/12 raporu KAP’ta yok ‖ 2026/06 raporu KAP’ta yok,,BELGE_YOK,— | — | —,2026/06 raporu KAP’ta yok ‖ 2025/12 raporu KAP’ta yok ‖ 2026/06 raporu KAP’ta yok,BELGE_YOK,-0.04200000000000001,0.0,0.0,FCF_STD,,-0.04200000000000001,,,,,,
AVHOL,Holding,2025/03,82.945,TEYITLI,17.325 | 122.258 | 56.639,KAP 1436681 2025/03 cari · TMS29 ×1.4004 (2025/03→2026/06) · PDF s.7 (TL): A. ESAS FAALİYETLERDEN NAKİT AKIŞLARI 12.371.673 40.444.922 ‖ KAP 1405230 2024/12 cari · TMS29 ×1.5414 (2024/12→2026/06) · PDF s.13 (TL): A. ESAS FAALİYETLERDEN NAKİT AKIŞLARI 79.316.413 48.793.640 ‖ KAP 1436681 2025/03 onceki · TMS29 ×1.4004 (2025/03→2026/06) · PDF s.7 (TL): A. ESAS FAALİYETLERDEN NAKİT AKIŞLARI 12.371.673 40.444.922,-87.662,TEYITLI,-15.625 | -138.111 | -66.075,KAP 1436681 2025/03 cari · TMS29 ×1.4004 (2025/03→2026/06) · PDF s.7 (TL): Maddi ve Maddi Olmayan Duran Varlıkların Alımından Kaynaklanan Nakit Çıkışları 14 (11.157.561) (47.182.709) ‖ KAP 1405230 2024/12 cari · TMS29 ×1.5414 (2024/12→2026/06) · PDF s.13 (TL): Maddi ve Maddi Olmayan Duran Varlıkların Alımından Kaynaklanan Nakit Çıkışları 14 (89.601.220) (16.048.070) ‖ KAP 1436681 2025/03 onceki · TMS29 ×1.4004 (2025/03→2026/06) · PDF s.7 (TL): Maddi ve Maddi Olmayan Duran Varlıkların Alımından Kaynaklanan Nakit Çıkışları 14 (11.157.561) (47.182.709),0.0,PDF_OKUNDU,0.000 | 0.000 | 0.000,"KAP 1436681 2025/03 cari · elle karar (PDF): YAGM alım satırı cari ""--"", önceki boş ‖ KAP 1405230 2024/12 cari ‖ KAP 1436681 2025/03 onceki · elle karar (PDF): YAGM alım satırı cari ""--"", önceki boş",-27.555,TEYITLI,-0.094 | -26.624 | 0.837,"KAP 1436681 2025/03 cari · TMS29 ×1.4004 (2025/03→2026/06) · PDF s.7 (TL): Kira Sözleşmelerinden Kaynaklanan Borç Ödemelerine İlişkin Nakit Çıkışları 20,47 (67.382) 597.372 ‖ KAP 1405230 2024/12 cari · TMS29 ×1.5414 (2024/12→2026/06) · PDF s.13 (TL): Kira Sözleşmelerinden Kaynaklanan Borç Ödemelerine İlişkin Nakit Çıkışları 20,47 (17.272.509) (25.897.909) ‖ KAP 1436681 2025/03 onceki · TMS29 ×1.4004 (2025/03→2026/06) · PDF s.7 (TL): Kira Sözleşmelerinden Kaynaklanan Borç Ödemelerine İlişkin Nakit Çıkışları 20,47 (67.382) 597.372",0.0,TEYITLI,0.000 | 0.000 | 0.000,KAP 1436681 2025/03 cari ‖ KAP 1405230 2024/12 cari ‖ KAP 1436681 2025/03 onceki,PDF_OKUNDU,82.941,,,FCF_HLD,0.0,,0.004,87.662,27.555,,-32.272,
AVHOL,Holding,2025/06,156.701,TEYITLI,17.557 | 122.258 | -16.886,KAP 1480688 2025/06 cari · TMS29 ×1.3211 (2025/06→2026/06) · PDF s.9 (TL): A. ESAS FAALİYETLERDEN NAKİT AKIŞLARI 13.289.511 (12.781.767) ‖ KAP 1405230 2024/12 cari · TMS29 ×1.5414 (2024/12→2026/06) · PDF s.13 (TL): A. ESAS FAALİYETLERDEN NAKİT AKIŞLARI 79.316.413 48.793.640 ‖ KAP 1480688 2025/06 onceki · TMS29 ×1.3211 (2025/06→2026/06) · PDF s.9 (TL): A. ESAS FAALİYETLERDEN NAKİT AKIŞLARI 13.289.511 (12.781.767),-157.92,TEYITLI,-22.220 | -138.111 | -2.412,KAP 1480688 2025/06 cari · TMS29 ×1.3211 (2025/06→2026/06) · PDF s.9 (TL): Maddi ve Maddi Olmayan Duran Varlıkların Alımından Kaynaklanan Nakit Çıkışları 14 (16.819.468) (1.825.758) ‖ KAP 1405230 2024/12 cari · TMS29 ×1.5414 (2024/12→2026/06) · PDF s.13 (TL): Maddi ve Maddi Olmayan Duran Varlıkların Alımından Kaynaklanan Nakit Çıkışları 14 (89.601.220) (16.048.070) ‖ KAP 1480688 2025/06 onceki · TMS29 ×1.3211 (2025/06→2026/06) · PDF s.9 (TL): Maddi ve Maddi Olmayan Duran Varlıkların Alımından Kaynaklanan Nakit Çıkışları 14 (16.819.468) (1.825.758),0.0,PDF_OKUNDU,0.000 | 0.000 | 0.000,"KAP 1480688 2025/06 cari · elle karar (PDF): YAGM alım satırı cari ""--"" ‖ KAP 1405230 2024/12 cari ‖ KAP 1480688 2025/06 onceki · elle karar (PDF): önceki sütunda +45.934.987 (çıkış satırında pozitif = giriş; B önceki toplamıyla tutarlı); alım değil, FY2024 raporunda satır 0 → alım 0",-26.713,TEYITLI,-0.089 | -26.624 | 0.000,"KAP 1480688 2025/06 cari · TMS29 ×1.3211 (2025/06→2026/06) · PDF s.9 (TL): Kira Sözleşmelerinden Kaynaklanan Borç Ödemelerine İlişkin Nakit Çıkışları 20,47 (67.382) -- ‖ KAP 1405230 2024/12 cari · TMS29 ×1.5414 (2024/12→2026/06) · PDF s.13 (TL): Kira Sözleşmelerinden Kaynaklanan Borç Ödemelerine İlişkin Nakit Çıkışları 20,47 (17.272.509) (25.897.909) ‖ KAP 1480688 2025/06 onceki",0.0,TEYITLI,0.000 | 0.000 | 0.000,KAP 1480688 2025/06 cari ‖ KAP 1405230 2024/12 cari ‖ KAP 1480688 2025/06 onceki,PDF_OKUNDU,156.7,,,FCF_HLD,0.0,,0.001,157.92,26.713,,-27.932,
AVHOL,Holding,2025/09,306.84,TEYITLI,239.809 | 122.258 | 55.227,KAP 1514360 2025/09 cari · TMS29 ×1.2289 (2025/09→2026/06) · PDF s.7 (TL): A. ESAS FAALİYETLERDEN NAKİT AKIŞLARI 195.141.158 44.940.344 ‖ KAP 1405230 2024/12 cari · TMS29 ×1.5414 (2024/12→2026/06) · PDF s.13 (TL): A. ESAS FAALİYETLERDEN NAKİT AKIŞLARI 79.316.413 48.793.640 ‖ KAP 1514360 2025/09 onceki · TMS29 ×1.2289 (2025/09→2026/06) · PDF s.7 (TL): A. ESAS FAALİYETLERDEN NAKİT AKIŞLARI 195.141.158 44.940.344,-183.645,TEYITLI,-47.748 | -138.111 | -2.215,KAP 1514360 2025/09 cari · TMS29 ×1.2289 (2025/09→2026/06) · PDF s.7 (TL): Maddi ve Maddi Olmayan Duran Varlıkların Alımından Kaynaklanan Nakit Çıkışları 14 (38.854.189) (1.802.036) ‖ KAP 1405230 2024/12 cari · TMS29 ×1.5414 (2024/12→2026/06) · PDF s.13 (TL): Maddi ve Maddi Olmayan Duran Varlıkların Alımından Kaynaklanan Nakit Çıkışları 14 (89.601.220) (16.048.070) ‖ KAP 1514360 2025/09 onceki · TMS29 ×1.2289 (2025/09→2026/06) · PDF s.7 (TL): Maddi ve Maddi Olmayan Duran Varlıkların Alımından Kaynaklanan Nakit Çıkışları 14 (38.854.189) (1.802.036),0.0,TEYITLI,0.000 | 0.000 | 0.000,KAP 1514360 2025/09 cari ‖ KAP 1405230 2024/12 cari ‖ KAP 1514360 2025/09 onceki,-27.569,TEYITLI,-0.946 | -26.624 | 0.000,"KAP 1514360 2025/09 cari · TMS29 ×1.2289 (2025/09→2026/06) · PDF s.7 (TL): Kira Sözleşmelerinden Kaynaklanan Borç Ödemelerine İlişkin Nakit Çıkışları 20,47 (769.471) -- ‖ KAP 1405230 2024/12 cari · TMS29 ×1.5414 (2024/12→2026/06) · PDF s.13 (TL): Kira Sözleşmelerinden Kaynaklanan Borç Ödemelerine İlişkin Nakit Çıkışları 20,47 (17.272.509) (25.897.909) ‖ KAP 1514360 2025/09 onceki",0.0,TEYITLI,0.000 | 0.000 | 0.000,KAP 1514360 2025/09 cari ‖ KAP 1405230 2024/12 cari ‖ KAP 1514360 2025/09 onceki,TEYITLI,306.836,,,FCF_HLD,0.0,,0.004,183.645,27.569,,95.626,
AVHOL,Holding,2025/12,,BELGE_YOK,—,2025/12 raporu KAP’ta yok,,BELGE_YOK,—,2025/12 raporu KAP’ta yok,,BELGE_YOK,—,2025/12 raporu KAP’ta yok,,BELGE_YOK,—,2025/12 raporu KAP’ta yok,,BELGE_YOK,—,2025/12 raporu KAP’ta yok,BELGE_YOK,330.514,58.467,1.691,FCF_STD,,270.3560000000001,,,,,,
AVHOL,Holding,2026/03,,BELGE_YOK,— | — | 17.325,2026/03 raporu KAP’ta yok ‖ 2025/12 raporu KAP’ta yok ‖ 2026/03 raporu KAP’ta yok → yedek: 2026/03 değeri 2025/03 raporunun cari sütunundan · KAP 1436681 2025/03 cari · TMS29 ×1.4004 (2025/03→2026/06) · PDF s.7 (TL): A. ESAS FAALİYETLERDEN NAKİT AKIŞLARI 12.371.673 40.444.922,,BELGE_YOK,— | — | -15.625,2026/03 raporu KAP’ta yok ‖ 2025/12 raporu KAP’ta yok ‖ 2026/03 raporu KAP’ta yok → yedek: 2026/03 değeri 2025/03 raporunun cari sütunundan · KAP 1436681 2025/03 cari · TMS29 ×1.4004 (2025/03→2026/06) · PDF s.7 (TL): Maddi ve Maddi Olmayan Duran Varlıkların Alımından Kaynaklanan Nakit Çıkışları 14 (11.157.561) (47.182.709),,BELGE_YOK,— | — | 0.000,"2026/03 raporu KAP’ta yok ‖ 2025/12 raporu KAP’ta yok ‖ 2026/03 raporu KAP’ta yok → yedek: 2026/03 değeri 2025/03 raporunun cari sütunundan · KAP 1436681 2025/03 cari · elle karar (PDF): YAGM alım satırı cari ""--"", önceki boş",,BELGE_YOK,— | — | -0.094,"2026/03 raporu KAP’ta yok ‖ 2025/12 raporu KAP’ta yok ‖ 2026/03 raporu KAP’ta yok → yedek: 2026/03 değeri 2025/03 raporunun cari sütunundan · KAP 1436681 2025/03 cari · TMS29 ×1.4004 (2025/03→2026/06) · PDF s.7 (TL): Kira Sözleşmelerinden Kaynaklanan Borç Ödemelerine İlişkin Nakit Çıkışları 20,47 (67.382) 597.372",,BELGE_YOK,— | — | 0.000,2026/03 raporu KAP’ta yok ‖ 2025/12 raporu KAP’ta yok ‖ 2026/03 raporu KAP’ta yok → yedek: 2026/03 değeri 2025/03 raporunun cari sütunundan · KAP 1436681 2025/03 cari,BELGE_YOK,367.77,86.49799999999999,3.243,FCF_STD,,278.029,,,,,,
AVHOL,Holding,2026/06,,BELGE_YOK,— | — | 17.557,2026/06 raporu KAP’ta yok ‖ 2025/12 raporu KAP’ta yok ‖ 2026/06 raporu KAP’ta yok → yedek: 2026/06 değeri 2025/06 raporunun cari sütunundan · KAP 1480688 2025/06 cari · TMS29 ×1.3211 (2025/06→2026/06) · PDF s.9 (TL): A. ESAS FAALİYETLERDEN NAKİT AKIŞLARI 13.289.511 (12.781.767),,BELGE_YOK,— | — | -22.220,2026/06 raporu KAP’ta yok ‖ 2025/12 raporu KAP’ta yok ‖ 2026/06 raporu KAP’ta yok → yedek: 2026/06 değeri 2025/06 raporunun cari sütunundan · KAP 1480688 2025/06 cari · TMS29 ×1.3211 (2025/06→2026/06) · PDF s.9 (TL): Maddi ve Maddi Olmayan Duran Varlıkların Alımından Kaynaklanan Nakit Çıkışları 14 (16.819.468) (1.825.758),,BELGE_YOK,— | — | 0.000,"2026/06 raporu KAP’ta yok ‖ 2025/12 raporu KAP’ta yok ‖ 2026/06 raporu KAP’ta yok → yedek: 2026/06 değeri 2025/06 raporunun cari sütunundan · KAP 1480688 2025/06 cari · elle karar (PDF): YAGM alım satırı cari ""--""",,BELGE_YOK,— | — | -0.089,"2026/06 raporu KAP’ta yok ‖ 2025/12 raporu KAP’ta yok ‖ 2026/06 raporu KAP’ta yok → yedek: 2026/06 değeri 2025/06 raporunun cari sütunundan · KAP 1480688 2025/06 cari · TMS29 ×1.3211 (2025/06→2026/06) · PDF s.9 (TL): Kira Sözleşmelerinden Kaynaklanan Borç Ödemelerine İlişkin Nakit Çıkışları 20,47 (67.382) --",,BELGE_YOK,— | — | 0.000,2026/06 raporu KAP’ta yok ‖ 2025/12 raporu KAP’ta yok ‖ 2026/06 raporu KAP’ta yok → yedek: 2026/06 değeri 2025/06 raporunun cari sütunundan · KAP 1480688 2025/06 cari,BELGE_YOK,593.822,187.09403,22.464,FCF_STD,,384.26397,,,,,,
BERA,Holding,2025/03,1141.121,TEYITLI,1077.274 | 563.611 | 499.764,KAP 1437569 2025/03 cari · TMS29 ×1.4004 (2025/03→2026/06) · PDF s.7 (TL): A. İŞLETME FAALİYETLERİNDEN NAKİT AKIŞLARI 769.261.403 356.872.324 ‖ KAP 1404612 2024/12 cari · TMS29 ×1.5414 (2024/12→2026/06) · PDF s.13 (TL): A. İŞLETME FAALİYETLERİNDEN NAKİT AKIŞLARI 365.648.962 3.766.877.694 ‖ KAP 1437569 2025/03 onceki · TMS29 ×1.4004 (2025/03→2026/06) · PDF s.7 (TL): A. İŞLETME FAALİYETLERİNDEN NAKİT AKIŞLARI 769.261.403 356.872.324,-538.08,PDF_OKUNDU,97.375 | -1108.052 | -472.597,"KAP 1437569 2025/03 cari · elle karar (PDF): belgede alım ve satış tek net satır (""Alım ve Satışından Kaynaklanan Nakit Girişleri/Çıkışları""); alım ayrıştırılamıyor → net satır alındı ‖ KAP 1404612 2024/12 cari · TMS29 ×1.5414 (2024/12→2026/06) · elle karar (PDF): belgede alım ve satış tek net satır; alım ayrıştırılamıyor → net satır alındı (XBRL ile aynı) ‖ KAP 1437569 2025/03 onceki · elle karar (PDF): belgede alım ve satış tek net satır (""Alım ve Satışından Kaynaklanan Nakit Girişleri/Çıkışları""); alım ayrıştırılamıyor → net satır alındı",0.0,TEYITLI,0.000 | 0.000 | 0.000,KAP 1437569 2025/03 cari ‖ KAP 1404612 2024/12 cari ‖ KAP 1437569 2025/03 onceki,0.0,TEYITLI,0.000 | 0.000 | 0.000,KAP 1437569 2025/03 cari ‖ KAP 1404612 2024/12 cari ‖ KAP 1437569 2025/03 onceki,0.0,TEYITLI,0.000 | 0.000 | 0.000,KAP 1437569 2025/03 cari ‖ KAP 1404612 2024/12 cari ‖ KAP 1437569 2025/03 onceki,PDF_OKUNDU,848.656,,0.0,FCF_HLD,0.0,,292.465,538.08,0.0,,603.041,
BERA,Holding,2025/06,,BELGE_YOK,803.477 | 563.611 | —,2025/06 INDIRILMEDI  → yedek: 2025/06 değeri 2026/06 raporunun onceki sütunundan · KAP 1653116 2026/06 onceki · TMS29 ×1.0000 (2026/06→2026/06) · PDF s.9 (TL): A. İŞLETME FAALİYETLERİNDEN NAKİT AKIŞLARI 371.760.930 803.477.226 ‖ KAP 1404612 2024/12 cari · TMS29 ×1.5414 (2024/12→2026/06) · PDF s.13 (TL): A. İŞLETME FAALİYETLERİNDEN NAKİT AKIŞLARI 365.648.962 3.766.877.694 ‖ 2025/06 INDIRILMEDI ,,BELGE_YOK,-283.338 | -1108.052 | —,2025/06 INDIRILMEDI  → yedek: 2025/06 değeri 2026/06 raporunun onceki sütunundan · KAP 1653116 2026/06 onceki · TMS29 ×1.0000 (2026/06→2026/06) · elle karar (PDF): KAP PDF: belgede alım ve satış tek net satır ('Maddi ve Maddi Olmayan Duran Varlıkların Alım ve Satışından Kaynaklanan Nakit Girişleri/Çıkışları'); net değer alındı ‖ KAP 1404612 2024/12 cari · TMS29 ×1.5414 (2024/12→2026/06) · elle karar (PDF): belgede alım ve satış tek net satır; alım ayrıştırılamıyor → net satır alındı (XBRL ile aynı) ‖ 2025/06 INDIRILMEDI ,,BELGE_YOK,0.000 | 0.000 | —,2025/06 INDIRILMEDI  → yedek: 2025/06 değeri 2026/06 raporunun onceki sütunundan · KAP 1653116 2026/06 onceki ‖ KAP 1404612 2024/12 cari ‖ 2025/06 INDIRILMEDI ,,BELGE_YOK,0.000 | 0.000 | —,2025/06 INDIRILMEDI  → yedek: 2025/06 değeri 2026/06 raporunun onceki sütunundan · KAP 1653116 2026/06 onceki ‖ KAP 1404612 2024/12 cari ‖ 2025/06 INDIRILMEDI ,,BELGE_YOK,0.000 | 0.000 | —,2025/06 INDIRILMEDI  → yedek: 2025/06 değeri 2026/06 raporunun onceki sütunundan · KAP 1653116 2026/06 onceki ‖ KAP 1404612 2024/12 cari ‖ 2025/06 INDIRILMEDI ,BELGE_YOK,1025.326,962.3629999999998,0.0,FCF_STD,,62.96300000000019,,,,,,
BERA,Holding,2025/09,,BELGE_YOK,— | 563.611 | —,2025/09 raporu KAP’ta yok ‖ KAP 1404612 2024/12 cari · TMS29 ×1.5414 (2024/12→2026/06) · PDF s.13 (TL): A. İŞLETME FAALİYETLERİNDEN NAKİT AKIŞLARI 365.648.962 3.766.877.694 ‖ 2025/09 raporu KAP’ta yok,,BELGE_YOK,— | -1108.052 | —,2025/09 raporu KAP’ta yok ‖ KAP 1404612 2024/12 cari · TMS29 ×1.5414 (2024/12→2026/06) · elle karar (PDF): belgede alım ve satış tek net satır; alım ayrıştırılamıyor → net satır alındı (XBRL ile aynı) ‖ 2025/09 raporu KAP’ta yok,,BELGE_YOK,— | 0.000 | —,2025/09 raporu KAP’ta yok ‖ KAP 1404612 2024/12 cari ‖ 2025/09 raporu KAP’ta yok,,BELGE_YOK,— | 0.000 | —,2025/09 raporu KAP’ta yok ‖ KAP 1404612 2024/12 cari ‖ 2025/09 raporu KAP’ta yok,,BELGE_YOK,— | 0.000 | —,2025/09 raporu KAP’ta yok ‖ KAP 1404612 2024/12 cari ‖ 2025/09 raporu KAP’ta yok,BELGE_YOK,270.999,641.73,0.0,FCF_STD,,-370.7310000000001,,,,,,
BERA,Holding,2025/12,297.926,PDF_OKUNDU,297.926,"KAP 1570577 2025/12 cari · TMS29 ×1.1776 (2025/12→2026/06) · XBRL standart elemanında yok, PDF satırından okundu (TL): A. İŞLETME FAALİYETLERİNDEN NAKİT AKIŞLARI 252.993.992 230.232.182",-545.739,PDF_OKUNDU,-545.739,KAP 1570577 2025/12 cari · TMS29 ×1.1776 (2025/12→2026/06) · elle karar (PDF): Evo PDF: belgede alım ve satış tek net satır ('Maddi ve Maddi Olmayan Duran Varlıkların Alım ve Satışından Kaynaklanan Nakit Girişleri/Çıkışları'); net değer alındı,0.0,PDF_OKUNDU,0.000,KAP 1570577 2025/12 cari · TMS29 ×1.1776 (2025/12→2026/06) · Evo PDF: nakit akışta kalem satırı yok → 0,0.0,PDF_OKUNDU,0.000,KAP 1570577 2025/12 cari · TMS29 ×1.1776 (2025/12→2026/06) · Evo PDF: nakit akışta kalem satırı yok → 0,0.0,PDF_OKUNDU,0.000,KAP 1570577 2025/12 cari · TMS29 ×1.1776 (2025/12→2026/06) · Evo PDF: nakit akışta kalem satırı yok → 0,PDF_OKUNDU,297.925,545.738,0.0,FCF_STD,,-247.813,0.001,545.739,0.0,,-247.813,
BERA,Holding,2026/03,,BELGE_YOK,— | 297.926 | 1077.274,"2026/03 raporu KAP’ta yok ‖ KAP 1570577 2025/12 cari · TMS29 ×1.1776 (2025/12→2026/06) · XBRL standart elemanında yok, PDF satırından okundu (TL): A. İŞLETME FAALİYETLERİNDEN NAKİT AKIŞLARI 252.993.992 230.232.182 ‖ 2026/03 raporu KAP’ta yok → yedek: 2026/03 değeri 2025/03 raporunun cari sütunundan · KAP 1437569 2025/03 cari · TMS29 ×1.4004 (2025/03→2026/06) · PDF s.7 (TL): A. İŞLETME FAALİYETLERİNDEN NAKİT AKIŞLARI 769.261.403 356.872.324",,BELGE_YOK,— | -545.739 | 97.375,"2026/03 raporu KAP’ta yok ‖ KAP 1570577 2025/12 cari · TMS29 ×1.1776 (2025/12→2026/06) · elle karar (PDF): Evo PDF: belgede alım ve satış tek net satır ('Maddi ve Maddi Olmayan Duran Varlıkların Alım ve Satışından Kaynaklanan Nakit Girişleri/Çıkışları'); net değer alındı ‖ 2026/03 raporu KAP’ta yok → yedek: 2026/03 değeri 2025/03 raporunun cari sütunundan · KAP 1437569 2025/03 cari · elle karar (PDF): belgede alım ve satış tek net satır (""Alım ve Satışından Kaynaklanan Nakit Girişleri/Çıkışları""); alım ayrıştırılamıyor → net satır alındı",,BELGE_YOK,— | 0.000 | 0.000,2026/03 raporu KAP’ta yok ‖ KAP 1570577 2025/12 cari · TMS29 ×1.1776 (2025/12→2026/06) · Evo PDF: nakit akışta kalem satırı yok → 0 ‖ 2026/03 raporu KAP’ta yok → yedek: 2026/03 değeri 2025/03 raporunun cari sütunundan · KAP 1437569 2025/03 cari,,BELGE_YOK,— | 0.000 | 0.000,2026/03 raporu KAP’ta yok ‖ KAP 1570577 2025/12 cari · TMS29 ×1.1776 (2025/12→2026/06) · Evo PDF: nakit akışta kalem satırı yok → 0 ‖ 2026/03 raporu KAP’ta yok → yedek: 2026/03 değeri 2025/03 raporunun cari sütunundan · KAP 1437569 2025/03 cari,,BELGE_YOK,— | 0.000 | 0.000,2026/03 raporu KAP’ta yok ‖ KAP 1570577 2025/12 cari · TMS29 ×1.1776 (2025/12→2026/06) · Evo PDF: nakit akışta kalem satırı yok → 0 ‖ 2026/03 raporu KAP’ta yok → yedek: 2026/03 değeri 2025/03 raporunun cari sütunundan · KAP 1437569 2025/03 cari,BELGE_YOK,-255.1559999999999,586.533,0.0,FCF_STD,,-841.689,,,,,,
BERA,Holding,2026/06,-133.791,PDF_OKUNDU,371.761 | 297.926 | 803.477,"KAP 1653116 2026/06 cari · TMS29 ×1.0000 (2026/06→2026/06) · PDF s.9 (TL): A. İŞLETME FAALİYETLERİNDEN NAKİT AKIŞLARI 371.760.930 803.477.226 ‖ KAP 1570577 2025/12 cari · TMS29 ×1.1776 (2025/12→2026/06) · XBRL standart elemanında yok, PDF satırından okundu (TL): A. İŞLETME FAALİYETLERİNDEN NAKİT AKIŞLARI 252.993.992 230.232.182 ‖ KAP 1653116 2026/06 onceki · TMS29 ×1.0000 (2026/06→2026/06) · PDF s.9 (TL): A. İŞLETME FAALİYETLERİNDEN NAKİT AKIŞLARI 371.760.930 803.477.226",-66.887,PDF_OKUNDU,195.514 | -545.739 | -283.338,KAP 1653116 2026/06 cari · TMS29 ×1.0000 (2026/06→2026/06) · elle karar (PDF): KAP PDF: belgede alım ve satış tek net satır ('Maddi ve Maddi Olmayan Duran Varlıkların Alım ve Satışından Kaynaklanan Nakit Girişleri/Çıkışları'); net değer alındı ‖ KAP 1570577 2025/12 cari · TMS29 ×1.1776 (2025/12→2026/06) · elle karar (PDF): Evo PDF: belgede alım ve satış tek net satır ('Maddi ve Maddi Olmayan Duran Varlıkların Alım ve Satışından Kaynaklanan Nakit Girişleri/Çıkışları'); net değer alındı ‖ KAP 1653116 2026/06 onceki · TMS29 ×1.0000 (2026/06→2026/06) · elle karar (PDF): KAP PDF: belgede alım ve satış tek net satır ('Maddi ve Maddi Olmayan Duran Varlıkların Alım ve Satışından Kaynaklanan Nakit Girişleri/Çıkışları'); net değer alındı,0.0,PDF_OKUNDU,0.000 | 0.000 | 0.000,KAP 1653116 2026/06 cari ‖ KAP 1570577 2025/12 cari · TMS29 ×1.1776 (2025/12→2026/06) · Evo PDF: nakit akışta kalem satırı yok → 0 ‖ KAP 1653116 2026/06 onceki,0.0,PDF_OKUNDU,0.000 | 0.000 | 0.000,KAP 1653116 2026/06 cari ‖ KAP 1570577 2025/12 cari · TMS29 ×1.1776 (2025/12→2026/06) · Evo PDF: nakit akışta kalem satırı yok → 0 ‖ KAP 1653116 2026/06 onceki,0.0,PDF_OKUNDU,0.000 | 0.000 | 0.000,KAP 1653116 2026/06 cari ‖ KAP 1570577 2025/12 cari · TMS29 ×1.1776 (2025/12→2026/06) · Evo PDF: nakit akışta kalem satırı yok → 0 ‖ KAP 1653116 2026/06 onceki,PDF_OKUNDU,-133.7909999999999,262.4,0.0,FCF_STD,,-396.191,-0.0,66.887,0.0,,-200.678,
BINHO,Holding,2025/03,,BELGE_YOK,— | — | —,2025/03 raporu KAP’ta yok ‖ 2024/12 raporu KAP’ta yok ‖ 2025/03 raporu KAP’ta yok,,BELGE_YOK,— | — | —,2025/03 raporu KAP’ta yok ‖ 2024/12 raporu KAP’ta yok ‖ 2025/03 raporu KAP’ta yok,,BELGE_YOK,— | — | —,2025/03 raporu KAP’ta yok ‖ 2024/12 raporu KAP’ta yok ‖ 2025/03 raporu KAP’ta yok,,BELGE_YOK,— | — | —,2025/03 raporu KAP’ta yok ‖ 2024/12 raporu KAP’ta yok ‖ 2025/03 raporu KAP’ta yok,,BELGE_YOK,— | — | —,2025/03 raporu KAP’ta yok ‖ 2024/12 raporu KAP’ta yok ‖ 2025/03 raporu KAP’ta yok,BELGE_YOK,110.4589999999999,22.362,0.0,FCF_STD,,88.09699999999995,,,,,,
BINHO,Holding,2025/06,,BELGE_YOK,— | — | —,2025/06 raporu KAP’ta yok ‖ 2024/12 raporu KAP’ta yok ‖ 2025/06 raporu KAP’ta yok,,BELGE_YOK,— | — | —,2025/06 raporu KAP’ta yok ‖ 2024/12 raporu KAP’ta yok ‖ 2025/06 raporu KAP’ta yok,,BELGE_YOK,— | — | —,2025/06 raporu KAP’ta yok ‖ 2024/12 raporu KAP’ta yok ‖ 2025/06 raporu KAP’ta yok,,BELGE_YOK,— | — | —,2025/06 raporu KAP’ta yok ‖ 2024/12 raporu KAP’ta yok ‖ 2025/06 raporu KAP’ta yok,,BELGE_YOK,— | — | —,2025/06 raporu KAP’ta yok ‖ 2024/12 raporu KAP’ta yok ‖ 2025/06 raporu KAP’ta yok,BELGE_YOK,98.231,46.009,0.0,FCF_STD,,52.22199999999999,,,,,,
BINHO,Holding,2025/09,,BELGE_YOK,— | — | —,2025/09 raporu KAP’ta yok ‖ 2024/12 raporu KAP’ta yok ‖ 2025/09 raporu KAP’ta yok,,BELGE_YOK,— | — | —,2025/09 raporu KAP’ta yok ‖ 2024/12 raporu KAP’ta yok ‖ 2025/09 raporu KAP’ta yok,,BELGE_YOK,— | — | —,2025/09 raporu KAP’ta yok ‖ 2024/12 raporu KAP’ta yok ‖ 2025/09 raporu KAP’ta yok,,BELGE_YOK,— | — | —,2025/09 raporu KAP’ta yok ‖ 2024/12 raporu KAP’ta yok ‖ 2025/09 raporu KAP’ta yok,,BELGE_YOK,— | — | —,2025/09 raporu KAP’ta yok ‖ 2024/12 raporu KAP’ta yok ‖ 2025/09 raporu KAP’ta yok,BELGE_YOK,1188.505,9.527000000000001,0.0,FCF_STD,,1178.978,,,,,,
BINHO,Holding,2025/12,,BELGE_YOK,—,2025/12 raporu KAP’ta yok,,BELGE_YOK,—,2025/12 raporu KAP’ta yok,,BELGE_YOK,—,2025/12 raporu KAP’ta yok,,BELGE_YOK,—,2025/12 raporu KAP’ta yok,,BELGE_YOK,—,2025/12 raporu KAP’ta yok,BELGE_YOK,-3690.542,0.017,0.0,FCF_STD,,-3690.559,,,,,,
BINHO,Holding,2026/03,,BELGE_YOK,— | — | —,2026/03 raporu KAP’ta yok ‖ 2025/12 raporu KAP’ta yok ‖ 2026/03 raporu KAP’ta yok,,BELGE_YOK,— | — | —,2026/03 raporu KAP’ta yok ‖ 2025/12 raporu KAP’ta yok ‖ 2026/03 raporu KAP’ta yok,,BELGE_YOK,— | — | —,2026/03 raporu KAP’ta yok ‖ 2025/12 raporu KAP’ta yok ‖ 2026/03 raporu KAP’ta yok,,BELGE_YOK,— | — | —,2026/03 raporu KAP’ta yok ‖ 2025/12 raporu KAP’ta yok ‖ 2026/03 raporu KAP’ta yok,,BELGE_YOK,— | — | —,2026/03 raporu KAP’ta yok ‖ 2025/12 raporu KAP’ta yok ‖ 2026/03 raporu KAP’ta yok,BELGE_YOK,-3390.804,0.239,0.0,FCF_STD,,-3391.043,,,,,,
BINHO,Holding,2026/06,,BELGE_YOK,— | — | —,2026/06 raporu KAP’ta yok ‖ 2025/12 raporu KAP’ta yok ‖ 2026/06 raporu KAP’ta yok,,BELGE_YOK,— | — | —,2026/06 raporu KAP’ta yok ‖ 2025/12 raporu KAP’ta yok ‖ 2026/06 raporu KAP’ta yok,,BELGE_YOK,— | — | —,2026/06 raporu KAP’ta yok ‖ 2025/12 raporu KAP’ta yok ‖ 2026/06 raporu KAP’ta yok,,BELGE_YOK,— | — | —,2026/06 raporu KAP’ta yok ‖ 2025/12 raporu KAP’ta yok ‖ 2026/06 raporu KAP’ta yok,,BELGE_YOK,— | — | —,2026/06 raporu KAP’ta yok ‖ 2025/12 raporu KAP’ta yok ‖ 2026/06 raporu KAP’ta yok,BELGE_YOK,-3236.93,14.626,0.0,FCF_STD,,-3251.556,,,,,,
BLCYT,Holding,2025/03,-150.532,TEYITLI,-695.880 | 501.750 | -43.598,KAP 1437489 2025/03 cari · TMS29 ×1.4004 (2025/03→2026/06) · PDF s.8 (TL): A) İşletme Faaliyetlerinden Nakit Akışları (496.914.859) (31.132.182) ‖ KAP 1403417 2024/12 cari · TMS29 ×1.5414 (2024/12→2026/06) · PDF s.12 (TL): A. İşletme Faaliyetlerinden Nakit Akışları 325.516.041 330.939.431 ‖ KAP 1437489 2025/03 onceki · TMS29 ×1.4004 (2025/03→2026/06) · PDF s.8 (TL): A) İşletme Faaliyetlerinden Nakit Akışları (496.914.859) (31.132.182),-199.097,PDF_OKUNDU,0.000 | -214.580 | -15.483,"KAP 1437489 2025/03 cari · TMS29 ×1.4004 (2025/03→2026/06) · XBRL standart elemanında yok, PDF satırından okundu (TL): Maddi ve maddi olmayan duran varlıkların alımından kaynaklı nakit çıkışları 13,14 - (11.056.229) ‖ KAP 1403417 2024/12 cari · TMS29 ×1.5414 (2024/12→2026/06) · PDF s.13 (TL): Maddi ve maddi olmayan duran varlıkların alımından kaynaklanan nakit çıkışları [15,16] -139.211.199 -201.312.481 ‖ KAP 1437489 2025/03 onceki · TMS29 ×1.4004 (2025/03→2026/06) · XBRL standart elemanında yok, PDF satırından okundu (TL): Maddi ve maddi olmayan duran varlıkların alımından kaynaklı nakit çıkışları 13,14 - (11.056.229)",0.0,TEYITLI,0.000 | 0.000 | 0.000,KAP 1437489 2025/03 cari ‖ KAP 1403417 2024/12 cari ‖ KAP 1437489 2025/03 onceki,0.0,TEYITLI,0.000 | 0.000 | 0.000,KAP 1437489 2025/03 cari ‖ KAP 1403417 2024/12 cari ‖ KAP 1437489 2025/03 onceki,0.0,TEYITLI,0.000 | 0.000 | 0.000,KAP 1437489 2025/03 cari ‖ KAP 1403417 2024/12 cari ‖ KAP 1437489 2025/03 onceki,PDF_OKUNDU,-42.85700000000002,,0.0,FCF_HLD,0.0,,-107.675,199.097,0.0,,-349.629,
BLCYT,Holding,2025/06,-1269.494,TEYITLI,-795.313 | 501.750 | 975.931,KAP 1477559 2025/06 cari · TMS29 ×1.3211 (2025/06→2026/06) · PDF s.9 (TL): A) İşletme Faaliyetlerinden Nakit Akışları (602.008.416) 738.726.163 ‖ KAP 1403417 2024/12 cari · TMS29 ×1.5414 (2024/12→2026/06) · PDF s.12 (TL): A. İşletme Faaliyetlerinden Nakit Akışları 325.516.041 330.939.431 ‖ KAP 1477559 2025/06 onceki · TMS29 ×1.3211 (2025/06→2026/06) · PDF s.9 (TL): A) İşletme Faaliyetlerinden Nakit Akışları (602.008.416) 738.726.163,-177.96,TEYITLI,-30.442 | -214.580 | -67.062,"KAP 1477559 2025/06 cari · TMS29 ×1.3211 (2025/06→2026/06) · PDF s.9 (TL): Maddi ve maddi olmayan duran varlıkların alımından kaynaklı nakit çıkışları 12 (23.043.013) (50.762.513) ‖ KAP 1403417 2024/12 cari · TMS29 ×1.5414 (2024/12→2026/06) · PDF s.13 (TL): Maddi ve maddi olmayan duran varlıkların alımından kaynaklanan nakit çıkışları [15,16] -139.211.199 -201.312.481 ‖ KAP 1477559 2025/06 onceki · TMS29 ×1.3211 (2025/06→2026/06) · PDF s.9 (TL): Maddi ve maddi olmayan duran varlıkların alımından kaynaklı nakit çıkışları 12 (23.043.013) (50.762.513)",-269.716,TEYITLI,-269.716 | 0.000 | 0.000,"KAP 1477559 2025/06 cari · TMS29 ×1.3211 (2025/06→2026/06) · PDF s.9 (TL): Yatırım amaçlı gayrimenkul alımından kaynaklanan nakit çıkışları 7,19 (204.160.524) - ‖ KAP 1403417 2024/12 cari ‖ KAP 1477559 2025/06 onceki",0.0,TEYITLI,0.000 | 0.000 | 0.000,KAP 1477559 2025/06 cari ‖ KAP 1403417 2024/12 cari ‖ KAP 1477559 2025/06 onceki,0.0,TEYITLI,0.000 | 0.000 | 0.000,KAP 1477559 2025/06 cari ‖ KAP 1403417 2024/12 cari ‖ KAP 1477559 2025/06 onceki,TEYITLI,-889.413,,0.0,FCF_HLD,0.0,,-380.081,447.676,0.0,,-1717.17,
BLCYT,Holding,2025/09,-403.743,TEYITLI,-678.491 | 501.750 | 227.003,KAP 1513194 2025/09 cari · TMS29 ×1.2289 (2025/09→2026/06) · PDF s.8 (TL): A) İşletme Faaliyetlerinden Nakit Akışları (552.112.664) 184.720.142 ‖ KAP 1403417 2024/12 cari · TMS29 ×1.5414 (2024/12→2026/06) · PDF s.12 (TL): A. İşletme Faaliyetlerinden Nakit Akışları 325.516.041 330.939.431 ‖ KAP 1513194 2025/09 onceki · TMS29 ×1.2289 (2025/09→2026/06) · PDF s.8 (TL): A) İşletme Faaliyetlerinden Nakit Akışları (552.112.664) 184.720.142,-67.176,TEYITLI,-33.815 | -214.580 | -181.219,"KAP 1513194 2025/09 cari · TMS29 ×1.2289 (2025/09→2026/06) · PDF s.8 (TL): Maddi ve maddi olmayan duran varlıkların alımından kaynaklı nakit çıkışları 12 (27.516.785) (147.464.417) ‖ KAP 1403417 2024/12 cari · TMS29 ×1.5414 (2024/12→2026/06) · PDF s.13 (TL): Maddi ve maddi olmayan duran varlıkların alımından kaynaklanan nakit çıkışları [15,16] -139.211.199 -201.312.481 ‖ KAP 1513194 2025/09 onceki · TMS29 ×1.2289 (2025/09→2026/06) · PDF s.8 (TL): Maddi ve maddi olmayan duran varlıkların alımından kaynaklı nakit çıkışları 12 (27.516.785) (147.464.417)",-254.948,TEYITLI,-254.948 | 0.000 | 0.000,"KAP 1513194 2025/09 cari · TMS29 ×1.2289 (2025/09→2026/06) · PDF s.8 (TL): Yatırım amaçlı gayrimenkul alımından kaynaklanan nakit çıkışları 7,12 (207.459.995) - ‖ KAP 1403417 2024/12 cari ‖ KAP 1513194 2025/09 onceki",0.0,TEYITLI,0.000 | 0.000 | 0.000,KAP 1513194 2025/09 cari ‖ KAP 1403417 2024/12 cari ‖ KAP 1513194 2025/09 onceki,0.0,TEYITLI,0.000 | 0.000 | 0.000,KAP 1513194 2025/09 cari ‖ KAP 1403417 2024/12 cari ‖ KAP 1513194 2025/09 onceki,TEYITLI,-282.1030000000001,,0.0,FCF_HLD,0.0,,-121.64,322.124,0.0,,-725.867,
BLCYT,Holding,2025/12,-53.601,TEYITLI,-53.601,KAP 1557582 2025/12 cari · TMS29 ×1.1776 (2025/12→2026/06) · PDF s.14 (TL): A) İşletme Faaliyetlerinden Nakit Akışları (45.517.508) 529.366.477,-89.988,TEYITLI,-89.988,"KAP 1557582 2025/12 cari · TMS29 ×1.1776 (2025/12→2026/06) · PDF s.14 (TL): Maddi ve maddi olmayan duran varlıkların alımından kaynaklı nakit çıkışları 13,14 (76.416.310) (169.013.426)",-581.085,TEYITLI,-581.085,KAP 1557582 2025/12 cari · TMS29 ×1.1776 (2025/12→2026/06) · PDF s.14 (TL): Yatırım amaçlı gayrimenkul alımından kaynaklanan nakit çıkışları 12 (493.448.717) -,0.0,TEYITLI,0.000,KAP 1557582 2025/12 cari,9.553,PDF_OKUNDU,9.553,"KAP 1557582 2025/12 cari · TMS29 ×1.1776 (2025/12→2026/06) · XBRL standart elemanında yok, PDF satırından okundu (TL): Özkaynak yöntemiyle değerlenen yatırım temettülerine ilişkin nakit girişleri 11 8.112.500 -",TEYITLI,-45.517508,569.8650269999999,0.0,FCF_HLD,8.112499999999999,-607.270035,-8.083,671.073,0.0,,-715.121,
BLCYT,Holding,2026/03,697.7,PDF_OKUNDU,55.413 | -53.601 | -695.889,"KAP 1605914 2026/03 cari · TMS29 ×1.0701 (2026/03→2026/06) · XBRL standart elemanında yok, PDF satırından okundu (TL): A) İşletme Faaliyetlerinden Nakit Akışları 51.782.644 (650.302.538) ‖ KAP 1557582 2025/12 cari · TMS29 ×1.1776 (2025/12→2026/06) · PDF s.14 (TL): A) İşletme Faaliyetlerinden Nakit Akışları (45.517.508) 529.366.477 ‖ KAP 1605914 2026/03 onceki · TMS29 ×1.0701 (2026/03→2026/06) · XBRL standart elemanında yok, PDF satırından okundu (TL): A) İşletme Faaliyetlerinden Nakit Akışları 51.782.644 (650.302.538)",-85.72,TEYITLI,4.268 | -89.988 | 0.000,"KAP 1605914 2026/03 cari · TMS29 ×1.0701 (2026/03→2026/06) · PDF s.8 (TL): Maddi ve maddi olmayan duran varlıkların alımından kaynaklı nakit çıkışları 13,14 (3.988.030) - ‖ KAP 1557582 2025/12 cari · TMS29 ×1.1776 (2025/12→2026/06) · PDF s.14 (TL): Maddi ve maddi olmayan duran varlıkların alımından kaynaklı nakit çıkışları 13,14 (76.416.310) (169.013.426) ‖ KAP 1605914 2026/03 onceki",-581.085,TEYITLI,0.000 | -581.085 | 0.000,KAP 1605914 2026/03 cari ‖ KAP 1557582 2025/12 cari · TMS29 ×1.1776 (2025/12→2026/06) · PDF s.14 (TL): Yatırım amaçlı gayrimenkul alımından kaynaklanan nakit çıkışları 12 (493.448.717) - ‖ KAP 1605914 2026/03 onceki,0.0,TEYITLI,0.000 | 0.000 | 0.000,KAP 1605914 2026/03 cari ‖ KAP 1557582 2025/12 cari ‖ KAP 1605914 2026/03 onceki,9.553,PDF_OKUNDU,0.000 | 9.553 | 0.000,"KAP 1605914 2026/03 cari ‖ KAP 1557582 2025/12 cari · TMS29 ×1.1776 (2025/12→2026/06) · XBRL standart elemanında yok, PDF satırından okundu (TL): Özkaynak yöntemiyle değerlenen yatırım temettülerine ilişkin nakit girişleri 11 8.112.500 - ‖ KAP 1605914 2026/03 onceki",PDF_OKUNDU,732.005,,0.0,FCF_HLD,0.0,,-34.305,666.805,0.0,,40.448,
BLCYT,Holding,2026/06,417.345,TEYITLI,-65.911 | -53.601 | -536.858,KAP 1645499 2026/06 cari · TMS29 ×1.0000 (2026/06→2026/06) · PDF s.9 (TL): A) İşletme Faaliyetlerinden Nakit Akışları (65.911.197) (536.857.966) ‖ KAP 1557582 2025/12 cari · TMS29 ×1.1776 (2025/12→2026/06) · PDF s.14 (TL): A) İşletme Faaliyetlerinden Nakit Akışları (45.517.508) 529.366.477 ‖ KAP 1645499 2026/06 onceki · TMS29 ×1.0000 (2026/06→2026/06) · PDF s.9 (TL): A) İşletme Faaliyetlerinden Nakit Akışları (65.911.197) (536.857.966),-66.217,TEYITLI,-6.671 | -89.988 | -30.442,"KAP 1645499 2026/06 cari · TMS29 ×1.0000 (2026/06→2026/06) · PDF s.9 (TL): Maddi ve maddi olmayan duran varlıkların alımından kaynaklı nakit çıkışları 13,14 (6.671.183) (30.442.355) ‖ KAP 1557582 2025/12 cari · TMS29 ×1.1776 (2025/12→2026/06) · PDF s.14 (TL): Maddi ve maddi olmayan duran varlıkların alımından kaynaklı nakit çıkışları 13,14 (76.416.310) (169.013.426) ‖ KAP 1645499 2026/06 onceki · TMS29 ×1.0000 (2026/06→2026/06) · PDF s.9 (TL): Maddi ve maddi olmayan duran varlıkların alımından kaynaklı nakit çıkışları 13,14 (6.671.183) (30.442.355)",-311.367,TEYITLI,0.000 | -581.085 | -269.719,KAP 1645499 2026/06 cari ‖ KAP 1557582 2025/12 cari · TMS29 ×1.1776 (2025/12→2026/06) · PDF s.14 (TL): Yatırım amaçlı gayrimenkul alımından kaynaklanan nakit çıkışları 12 (493.448.717) - ‖ KAP 1645499 2026/06 onceki · TMS29 ×1.0000 (2026/06→2026/06) · PDF s.9 (TL): Yatırım amaçlı gayrimenkul alımından kaynaklanan nakit çıkışları 12 - (269.718.510),0.0,TEYITLI,0.000 | 0.000 | 0.000,KAP 1645499 2026/06 cari ‖ KAP 1557582 2025/12 cari ‖ KAP 1645499 2026/06 onceki,28.236,PDF_OKUNDU,29.400 | 9.553 | 10.718,"KAP 1645499 2026/06 cari · TMS29 ×1.0000 (2026/06→2026/06) · XBRL standart elemanında yok, PDF satırından okundu (TL): Özkaynak yöntemiyle değerlenen yatırım temettülerine ilişkin nakit girişleri 11 29.400.000 10.717.505 ‖ KAP 1557582 2025/12 cari · TMS29 ×1.1776 (2025/12→2026/06) · XBRL standart elemanında yok, PDF satırından okundu (TL): Özkaynak yöntemiyle değerlenen yatırım temettülerine ilişkin nakit girişleri 11 8.112.500 - ‖ KAP 1645499 2026/06 onceki · TMS29 ×1.0000 (2026/06→2026/06) · XBRL standart elemanında yok, PDF satırından okundu (TL): Özkaynak yöntemiyle değerlenen yatırım temettülerine ilişkin nakit girişleri 11 29.400.000 10.717.505",TEYITLI,417.3459999999999,,0.0,FCF_HLD,0.0,,-0.001,377.584,0.0,,67.997,
BRYAT,Holding,2025/03,,BELGE_YOK,— | — | —,2025/03 raporu KAP’ta yok ‖ 2024/12 raporu KAP’ta yok ‖ 2025/03 raporu KAP’ta yok,,BELGE_YOK,— | — | —,2025/03 raporu KAP’ta yok ‖ 2024/12 raporu KAP’ta yok ‖ 2025/03 raporu KAP’ta yok,,BELGE_YOK,— | — | —,2025/03 raporu KAP’ta yok ‖ 2024/12 raporu KAP’ta yok ‖ 2025/03 raporu KAP’ta yok,,BELGE_YOK,— | — | —,2025/03 raporu KAP’ta yok ‖ 2024/12 raporu KAP’ta yok ‖ 2025/03 raporu KAP’ta yok,,BELGE_YOK,— | — | —,2025/03 raporu KAP’ta yok ‖ 2024/12 raporu KAP’ta yok ‖ 2025/03 raporu KAP’ta yok,BELGE_YOK,368.3180000000002,0.0,0.0,FCF_HLD,89.68100000000001,457.9990000000003,,,,,,
BRYAT,Holding,2025/06,,BELGE_YOK,— | — | —,2025/06 raporu KAP’ta yok ‖ 2024/12 raporu KAP’ta yok ‖ 2025/06 raporu KAP’ta yok,,BELGE_YOK,— | — | —,2025/06 raporu KAP’ta yok ‖ 2024/12 raporu KAP’ta yok ‖ 2025/06 raporu KAP’ta yok,,BELGE_YOK,— | — | —,2025/06 raporu KAP’ta yok ‖ 2024/12 raporu KAP’ta yok ‖ 2025/06 raporu KAP’ta yok,,BELGE_YOK,— | — | —,2025/06 raporu KAP’ta yok ‖ 2024/12 raporu KAP’ta yok ‖ 2025/06 raporu KAP’ta yok,,BELGE_YOK,— | — | —,2025/06 raporu KAP’ta yok ‖ 2024/12 raporu KAP’ta yok ‖ 2025/06 raporu KAP’ta yok,BELGE_YOK,1792.705,0.0,0.0,FCF_HLD,89.68100000000001,1882.386,,,,,,
BRYAT,Holding,2025/09,,BELGE_YOK,— | — | —,2025/09 raporu KAP’ta yok ‖ 2024/12 raporu KAP’ta yok ‖ 2025/09 raporu KAP’ta yok,,BELGE_YOK,— | — | —,2025/09 raporu KAP’ta yok ‖ 2024/12 raporu KAP’ta yok ‖ 2025/09 raporu KAP’ta yok,,BELGE_YOK,— | — | —,2025/09 raporu KAP’ta yok ‖ 2024/12 raporu KAP’ta yok ‖ 2025/09 raporu KAP’ta yok,,BELGE_YOK,— | — | —,2025/09 raporu KAP’ta yok ‖ 2024/12 raporu KAP’ta yok ‖ 2025/09 raporu KAP’ta yok,,BELGE_YOK,— | — | —,2025/09 raporu KAP’ta yok ‖ 2024/12 raporu KAP’ta yok ‖ 2025/09 raporu KAP’ta yok,BELGE_YOK,1580.932,0.0,0.0,FCF_HLD,89.68100000000001,1670.613,,,,,,
BRYAT,Holding,2025/12,,BELGE_YOK,—,2025/12 raporu KAP’ta yok,,BELGE_YOK,—,2025/12 raporu KAP’ta yok,,BELGE_YOK,—,2025/12 raporu KAP’ta yok,,BELGE_YOK,—,2025/12 raporu KAP’ta yok,,BELGE_YOK,—,2025/12 raporu KAP’ta yok,BELGE_YOK,257.907,0.0,0.0,FCF_HLD,89.681,347.588,,,,,,
BRYAT,Holding,2026/03,,BELGE_YOK,— | — | —,2026/03 raporu KAP’ta yok ‖ 2025/12 raporu KAP’ta yok ‖ 2026/03 raporu KAP’ta yok,,BELGE_YOK,— | — | —,2026/03 raporu KAP’ta yok ‖ 2025/12 raporu KAP’ta yok ‖ 2026/03 raporu KAP’ta yok,,BELGE_YOK,— | — | —,2026/03 raporu KAP’ta yok ‖ 2025/12 raporu KAP’ta yok ‖ 2026/03 raporu KAP’ta yok,,BELGE_YOK,— | — | —,2026/03 raporu KAP’ta yok ‖ 2025/12 raporu KAP’ta yok ‖ 2026/03 raporu KAP’ta yok,,BELGE_YOK,— | — | —,2026/03 raporu KAP’ta yok ‖ 2025/12 raporu KAP’ta yok ‖ 2026/03 raporu KAP’ta yok,BELGE_YOK,-410.325,0.0,0.0,FCF_HLD,186.412,-223.913,,,,,,
BRYAT,Holding,2026/06,,BELGE_YOK,— | — | —,2026/06 raporu KAP’ta yok ‖ 2025/12 raporu KAP’ta yok ‖ 2026/06 raporu KAP’ta yok,,BELGE_YOK,— | — | —,2026/06 raporu KAP’ta yok ‖ 2025/12 raporu KAP’ta yok ‖ 2026/06 raporu KAP’ta yok,,BELGE_YOK,— | — | —,2026/06 raporu KAP’ta yok ‖ 2025/12 raporu KAP’ta yok ‖ 2026/06 raporu KAP’ta yok,,BELGE_YOK,— | — | —,2026/06 raporu KAP’ta yok ‖ 2025/12 raporu KAP’ta yok ‖ 2026/06 raporu KAP’ta yok,,BELGE_YOK,— | — | —,2026/06 raporu KAP’ta yok ‖ 2025/12 raporu KAP’ta yok ‖ 2026/06 raporu KAP’ta yok,BELGE_YOK,-137.8140000000001,0.0,0.0,FCF_HLD,186.412,48.59799999999996,,,,,,
COSMO,Holding,2025/03,23.998,PDF_OKUNDU,13.106 | 5.632 | -5.260,"KAP 1438665 2025/03 cari · TMS29 ×1.4004 (2025/03→2026/06) · elle karar (PDF): belgede CFO toplam satırı yok: ""Faaliyetlerden elde edilen nakit"" + ödenen vergi; A+B+C = net değişim özdeşliği sağlanıyor ‖ KAP 1405048 2024/12 cari · TMS29 ×1.5414 (2024/12→2026/06) · PDF s.12 (TL): A. İŞLETME FAALİYETLERİNDEN NAKİT AKIŞLARI 3.653.554 (30.663.846) ‖ KAP 1438665 2025/03 onceki · TMS29 ×1.4004 (2025/03→2026/06) · elle karar (PDF): belgede CFO toplam satırı yok: ""Faaliyetlerden elde edilen nakit"" + ödenen vergi; A+B+C = net değişim özdeşliği sağlanıyor",-27.321,TEYITLI,-11.634 | -18.325 | -2.638,KAP 1438665 2025/03 cari · TMS29 ×1.4004 (2025/03→2026/06) · PDF s.7 (TL): Maddi Duran Varlık Alımından Kaynaklanan Nakit Çıkışları (8.307.335) (1.883.582) ‖ KAP 1405048 2024/12 cari · TMS29 ×1.5414 (2024/12→2026/06) · PDF s.12 (TL): Maddi duran varlıkların alımından kaynaklanan nakit çıkışları 14 (11.778.353) (17.035.374) + Maddi olmayan duran varlıkların alımından kaynaklanan nakit çıkışları 15 (110.455) (65.679) ‖ KAP 1438665 2025/03 onceki · TMS29 ×1.4004 (2025/03→2026/06) · PDF s.7 (TL): Maddi Duran Varlık Alımından Kaynaklanan Nakit Çıkışları (8.307.335) (1.883.582),-12.331,TEYITLI,0.000 | -12.331 | 0.000,KAP 1438665 2025/03 cari ‖ KAP 1405048 2024/12 cari · TMS29 ×1.5414 (2024/12→2026/06) · PDF s.12 (TL): Yatırım amaçlı gayrimenkullerin alımından kaynaklanan nakit çıkışları 13 (8.000.000) - ‖ KAP 1438665 2025/03 onceki,0.0,TEYITLI,0.000 | 0.000 | 0.000,KAP 1438665 2025/03 cari ‖ KAP 1405048 2024/12 cari ‖ KAP 1438665 2025/03 onceki,0.0,TEYITLI,0.000 | 0.000 | 0.000,KAP 1438665 2025/03 cari ‖ KAP 1405048 2024/12 cari ‖ KAP 1438665 2025/03 onceki,PDF_OKUNDU,12.278,,0.0,FCF_HLD,0.0,,11.72,39.652,0.0,,-15.654,
COSMO,Holding,2025/06,110.499,PDF_OKUNDU,91.983 | 5.632 | -12.884,"KAP 1480743 2025/06 cari · TMS29 ×1.3211 (2025/06→2026/06) · elle karar (PDF): belgede CFO toplam satırı yok: ""Faaliyetlerden elde edilen nakit"" + ödenen vergi; A+B+C = net değişim özdeşliği sağlanıyor ‖ KAP 1405048 2024/12 cari · TMS29 ×1.5414 (2024/12→2026/06) · PDF s.12 (TL): A. İŞLETME FAALİYETLERİNDEN NAKİT AKIŞLARI 3.653.554 (30.663.846) ‖ KAP 1480743 2025/06 onceki · TMS29 ×1.3211 (2025/06→2026/06) · elle karar (PDF): belgede CFO toplam satırı yok: ""Faaliyetlerden elde edilen nakit"" + ödenen vergi; A+B+C = net değişim özdeşliği sağlanıyor",-14.3,TEYITLI,-11.798 | -18.325 | -15.824,KAP 1480743 2025/06 cari · TMS29 ×1.3211 (2025/06→2026/06) · PDF s.7 (TL): Maddi Duran Varlık Alımından Kaynaklanan Nakit Çıkışları (8.930.615) (11.977.892) ‖ KAP 1405048 2024/12 cari · TMS29 ×1.5414 (2024/12→2026/06) · PDF s.12 (TL): Maddi duran varlıkların alımından kaynaklanan nakit çıkışları 14 (11.778.353) (17.035.374) + Maddi olmayan duran varlıkların alımından kaynaklanan nakit çıkışları 15 (110.455) (65.679) ‖ KAP 1480743 2025/06 onceki · TMS29 ×1.3211 (2025/06→2026/06) · PDF s.7 (TL): Maddi Duran Varlık Alımından Kaynaklanan Nakit Çıkışları (8.930.615) (11.977.892),-12.331,TEYITLI,0.000 | -12.331 | 0.000,KAP 1480743 2025/06 cari ‖ KAP 1405048 2024/12 cari · TMS29 ×1.5414 (2024/12→2026/06) · PDF s.12 (TL): Yatırım amaçlı gayrimenkullerin alımından kaynaklanan nakit çıkışları 13 (8.000.000) - ‖ KAP 1480743 2025/06 onceki,0.0,TEYITLI,0.000 | 0.000 | 0.000,KAP 1480743 2025/06 cari ‖ KAP 1405048 2024/12 cari ‖ KAP 1480743 2025/06 onceki,0.0,TEYITLI,0.000 | 0.000 | 0.000,KAP 1480743 2025/06 cari ‖ KAP 1405048 2024/12 cari ‖ KAP 1480743 2025/06 onceki,PDF_OKUNDU,-36.39100000000001,,0.0,FCF_HLD,0.0,,146.89,26.631,0.0,,83.868,
COSMO,Holding,2025/09,107.292,PDF_OKUNDU,94.124 | 5.632 | -7.536,"KAP 1514675 2025/09 cari · TMS29 ×1.2289 (2025/09→2026/06) · elle karar (PDF): belgede CFO toplam satırı yok: ""Faaliyetlerden elde edilen nakit"" + ödenen vergi; A+B+C = net değişim özdeşliği sağlanıyor ‖ KAP 1405048 2024/12 cari · TMS29 ×1.5414 (2024/12→2026/06) · PDF s.12 (TL): A. İŞLETME FAALİYETLERİNDEN NAKİT AKIŞLARI 3.653.554 (30.663.846) ‖ KAP 1514675 2025/09 onceki · TMS29 ×1.2289 (2025/09→2026/06) · elle karar (PDF): belgede CFO toplam satırı yok: ""Faaliyetlerden elde edilen nakit"" + ödenen vergi; A+B+C = net değişim özdeşliği sağlanıyor",-13.318,TEYITLI,-14.890 | -18.325 | -19.898,KAP 1514675 2025/09 cari · TMS29 ×1.2289 (2025/09→2026/06) · PDF s.7 (TL): Maddi Duran Varlık Alımından Kaynaklanan Nakit Çıkışları (12.116.466) (16.191.521) ‖ KAP 1405048 2024/12 cari · TMS29 ×1.5414 (2024/12→2026/06) · PDF s.12 (TL): Maddi duran varlıkların alımından kaynaklanan nakit çıkışları 14 (11.778.353) (17.035.374) + Maddi olmayan duran varlıkların alımından kaynaklanan nakit çıkışları 15 (110.455) (65.679) ‖ KAP 1514675 2025/09 onceki · TMS29 ×1.2289 (2025/09→2026/06) · PDF s.7 (TL): Maddi Duran Varlık Alımından Kaynaklanan Nakit Çıkışları (12.116.466) (16.191.521),-12.331,TEYITLI,0.000 | -12.331 | 0.000,KAP 1514675 2025/09 cari ‖ KAP 1405048 2024/12 cari · TMS29 ×1.5414 (2024/12→2026/06) · PDF s.12 (TL): Yatırım amaçlı gayrimenkullerin alımından kaynaklanan nakit çıkışları 13 (8.000.000) - ‖ KAP 1514675 2025/09 onceki,0.0,TEYITLI,0.000 | 0.000 | 0.000,KAP 1514675 2025/09 cari ‖ KAP 1405048 2024/12 cari ‖ KAP 1514675 2025/09 onceki,0.0,TEYITLI,0.000 | 0.000 | 0.000,KAP 1514675 2025/09 cari ‖ KAP 1405048 2024/12 cari ‖ KAP 1514675 2025/09 onceki,PDF_OKUNDU,91.819,,0.0,FCF_HLD,0.0,,15.473,25.649,0.0,,81.643,
COSMO,Holding,2025/12,,BELGE_YOK,—,2025/12 raporu KAP’ta yok,,BELGE_YOK,—,2025/12 raporu KAP’ta yok,,BELGE_YOK,—,2025/12 raporu KAP’ta yok,,BELGE_YOK,—,2025/12 raporu KAP’ta yok,,BELGE_YOK,—,2025/12 raporu KAP’ta yok,BELGE_YOK,-25.286,37.005,0.0,FCF_STD,,-62.291,,,,,,
COSMO,Holding,2026/03,,BELGE_YOK,— | — | 13.106,"2026/03 raporu KAP’ta yok ‖ 2025/12 raporu KAP’ta yok ‖ 2026/03 raporu KAP’ta yok → yedek: 2026/03 değeri 2025/03 raporunun cari sütunundan · KAP 1438665 2025/03 cari · TMS29 ×1.4004 (2025/03→2026/06) · elle karar (PDF): belgede CFO toplam satırı yok: ""Faaliyetlerden elde edilen nakit"" + ödenen vergi; A+B+C = net değişim özdeşliği sağlanıyor",,BELGE_YOK,— | — | -11.634,2026/03 raporu KAP’ta yok ‖ 2025/12 raporu KAP’ta yok ‖ 2026/03 raporu KAP’ta yok → yedek: 2026/03 değeri 2025/03 raporunun cari sütunundan · KAP 1438665 2025/03 cari · TMS29 ×1.4004 (2025/03→2026/06) · PDF s.7 (TL): Maddi Duran Varlık Alımından Kaynaklanan Nakit Çıkışları (8.307.335) (1.883.582),,BELGE_YOK,— | — | 0.000,2026/03 raporu KAP’ta yok ‖ 2025/12 raporu KAP’ta yok ‖ 2026/03 raporu KAP’ta yok → yedek: 2026/03 değeri 2025/03 raporunun cari sütunundan · KAP 1438665 2025/03 cari,,BELGE_YOK,— | — | 0.000,2026/03 raporu KAP’ta yok ‖ 2025/12 raporu KAP’ta yok ‖ 2026/03 raporu KAP’ta yok → yedek: 2026/03 değeri 2025/03 raporunun cari sütunundan · KAP 1438665 2025/03 cari,,BELGE_YOK,— | — | 0.000,2026/03 raporu KAP’ta yok ‖ 2025/12 raporu KAP’ta yok ‖ 2026/03 raporu KAP’ta yok → yedek: 2026/03 değeri 2025/03 raporunun cari sütunundan · KAP 1438665 2025/03 cari,BELGE_YOK,-68.296,27.179,0.0,FCF_STD,,-95.47500000000001,,,,,,
COSMO,Holding,2026/06,,BELGE_YOK,— | — | 91.983,"2026/06 raporu KAP’ta yok ‖ 2025/12 raporu KAP’ta yok ‖ 2026/06 raporu KAP’ta yok → yedek: 2026/06 değeri 2025/06 raporunun cari sütunundan · KAP 1480743 2025/06 cari · TMS29 ×1.3211 (2025/06→2026/06) · elle karar (PDF): belgede CFO toplam satırı yok: ""Faaliyetlerden elde edilen nakit"" + ödenen vergi; A+B+C = net değişim özdeşliği sağlanıyor",,BELGE_YOK,— | — | -11.798,2026/06 raporu KAP’ta yok ‖ 2025/12 raporu KAP’ta yok ‖ 2026/06 raporu KAP’ta yok → yedek: 2026/06 değeri 2025/06 raporunun cari sütunundan · KAP 1480743 2025/06 cari · TMS29 ×1.3211 (2025/06→2026/06) · PDF s.7 (TL): Maddi Duran Varlık Alımından Kaynaklanan Nakit Çıkışları (8.930.615) (11.977.892),,BELGE_YOK,— | — | 0.000,2026/06 raporu KAP’ta yok ‖ 2025/12 raporu KAP’ta yok ‖ 2026/06 raporu KAP’ta yok → yedek: 2026/06 değeri 2025/06 raporunun cari sütunundan · KAP 1480743 2025/06 cari,,BELGE_YOK,— | — | 0.000,2026/06 raporu KAP’ta yok ‖ 2025/12 raporu KAP’ta yok ‖ 2026/06 raporu KAP’ta yok → yedek: 2026/06 değeri 2025/06 raporunun cari sütunundan · KAP 1480743 2025/06 cari,,BELGE_YOK,— | — | 0.000,2026/06 raporu KAP’ta yok ‖ 2025/12 raporu KAP’ta yok ‖ 2026/06 raporu KAP’ta yok → yedek: 2026/06 değeri 2025/06 raporunun cari sütunundan · KAP 1480743 2025/06 cari,BELGE_YOK,-12.392,67.98,0.0,FCF_STD,,-80.37200000000001,,,,,,
DENGE,Holding,2025/03,,BELGE_YOK,-121.537 | -754.922 | —,2025/03 INDIRILMEDI  → yedek: 2025/03 değeri 2026/03 raporunun onceki sütunundan · KAP 1607547 2026/03 onceki · TMS29 ×1.0701 (2026/03→2026/06) · PDF s.7 (TL): A. İŞLETME FAALİYETLERİNDEN NAKİT AKIŞLARI (26.145.327) (113.575.017) ‖ KAP 1406369 2024/12 cari · TMS29 ×1.5414 (2024/12→2026/06) · PDF s.14 (TL): A. İŞLETME FAALİYETLERİNDEN NAKİT AKIŞLARI (489.763.769) (935.968.288) ‖ 2025/03 INDIRILMEDI ,,BELGE_YOK,29.579 | -12.904 | —,2025/03 INDIRILMEDI  → yedek: 2025/03 değeri 2026/03 raporunun onceki sütunundan · KAP 1607547 2026/03 onceki · TMS29 ×1.0701 (2026/03→2026/06) · PDF_TUTMADI  2 bildirim; son kullanıldı ‖ KAP 1406369 2024/12 cari · TMS29 ×1.5414 (2024/12→2026/06) · PDF s.14 (TL): Maddi ve maddi olmayan duran varlık alışları 16-17 (8.371.357) (87.026.960) ‖ 2025/03 INDIRILMEDI ,,BELGE_YOK,-0.007 | 0.000 | —,2025/03 INDIRILMEDI  → yedek: 2025/03 değeri 2026/03 raporunun onceki sütunundan · KAP 1607547 2026/03 onceki · TMS29 ×1.0701 (2026/03→2026/06) · ETIKET_UYMADI  2 bildirim; son kullanıldı ‖ KAP 1406369 2024/12 cari ‖ 2025/03 INDIRILMEDI ,,BELGE_YOK,-0.584 | 0.000 | —,2025/03 INDIRILMEDI  → yedek: 2025/03 değeri 2026/03 raporunun onceki sütunundan · KAP 1607547 2026/03 onceki · TMS29 ×1.0701 (2026/03→2026/06) · PDF s.7 (TL): Kiralama yükümlülüklerine ilişkin ödemeler 11 (449.358) (545.545) ‖ KAP 1406369 2024/12 cari ‖ 2025/03 INDIRILMEDI ,,BELGE_YOK,0.000 | 0.000 | —,2025/03 INDIRILMEDI  → yedek: 2025/03 değeri 2026/03 raporunun onceki sütunundan · KAP 1607547 2026/03 onceki ‖ KAP 1406369 2024/12 cari ‖ 2025/03 INDIRILMEDI ,BELGE_YOK,37.89499999999998,0.0,0.584,FCF_STD,,37.31099999999998,,,,,,
DENGE,Holding,2025/06,-1003.467,TEYITLI,-391.218 | -754.922 | -142.673,KAP 1479984 2025/06 cari · TMS29 ×1.3211 (2025/06→2026/06) · PDF s.8 (TL): A. İŞLETME FAALİYETLERİNDEN NAKİT AKIŞLARI (296.130.151) (107.995.285) ‖ KAP 1406369 2024/12 cari · TMS29 ×1.5414 (2024/12→2026/06) · PDF s.14 (TL): A. İŞLETME FAALİYETLERİNDEN NAKİT AKIŞLARI (489.763.769) (935.968.288) ‖ KAP 1479984 2025/06 onceki · TMS29 ×1.3211 (2025/06→2026/06) · PDF s.8 (TL): A. İŞLETME FAALİYETLERİNDEN NAKİT AKIŞLARI (296.130.151) (107.995.285),-8.282,TEYITLI,-0.296 | -12.904 | -4.918,KAP 1479984 2025/06 cari · TMS29 ×1.3211 (2025/06→2026/06) · PDF s.8 (TL): Maddi ve maddi olmayan duran varlık alışları 16-17 (224.115) (3.722.369) ‖ KAP 1406369 2024/12 cari · TMS29 ×1.5414 (2024/12→2026/06) · PDF s.14 (TL): Maddi ve maddi olmayan duran varlık alışları 16-17 (8.371.357) (87.026.960) ‖ KAP 1479984 2025/06 onceki · TMS29 ×1.3211 (2025/06→2026/06) · PDF s.8 (TL): Maddi ve maddi olmayan duran varlık alışları 16-17 (224.115) (3.722.369),0.0,TEYITLI,0.000 | 0.000 | 0.000,KAP 1479984 2025/06 cari ‖ KAP 1406369 2024/12 cari ‖ KAP 1479984 2025/06 onceki,5.861,TEYITLI,-1.047 | 0.000 | -6.908,KAP 1479984 2025/06 cari · TMS29 ×1.3211 (2025/06→2026/06) · PDF s.8 (TL): Kiralama yükümlülüklerine ilişkin ödemeler 11 (792.821) (5.229.131) ‖ KAP 1406369 2024/12 cari ‖ KAP 1479984 2025/06 onceki · TMS29 ×1.3211 (2025/06→2026/06) · PDF s.8 (TL): Kiralama yükümlülüklerine ilişkin ödemeler 11 (792.821) (5.229.131),0.0,TEYITLI,0.000 | 0.000 | 0.000,KAP 1479984 2025/06 cari ‖ KAP 1406369 2024/12 cari ‖ KAP 1479984 2025/06 onceki,TEYITLI,-408.2439999999999,,,FCF_HLD,0.0,,-595.223,8.282,0.0,KIRA TTM +5.861 (pozitif) → 0,-1011.749,
DENGE,Holding,2025/09,,BELGE_YOK,— | -754.922 | —,2025/09 INDIRILMEDI  ‖ KAP 1406369 2024/12 cari · TMS29 ×1.5414 (2024/12→2026/06) · PDF s.14 (TL): A. İŞLETME FAALİYETLERİNDEN NAKİT AKIŞLARI (489.763.769) (935.968.288) ‖ 2025/09 INDIRILMEDI ,,BELGE_YOK,— | -12.904 | —,2025/09 INDIRILMEDI  ‖ KAP 1406369 2024/12 cari · TMS29 ×1.5414 (2024/12→2026/06) · PDF s.14 (TL): Maddi ve maddi olmayan duran varlık alışları 16-17 (8.371.357) (87.026.960) ‖ 2025/09 INDIRILMEDI ,,BELGE_YOK,— | 0.000 | —,2025/09 INDIRILMEDI  ‖ KAP 1406369 2024/12 cari ‖ 2025/09 INDIRILMEDI ,,BELGE_YOK,— | 0.000 | —,2025/09 INDIRILMEDI  ‖ KAP 1406369 2024/12 cari ‖ 2025/09 INDIRILMEDI ,,BELGE_YOK,— | 0.000 | —,2025/09 INDIRILMEDI  ‖ KAP 1406369 2024/12 cari ‖ 2025/09 INDIRILMEDI ,BELGE_YOK,-437.098,28.354,0.0,FCF_STD,,-465.4519999999999,,,,,,
DENGE,Holding,2025/12,,BELGE_YOK,—,2025/12 INDIRILMEDI ,,BELGE_YOK,—,2025/12 INDIRILMEDI ,,BELGE_YOK,—,2025/12 INDIRILMEDI ,,BELGE_YOK,—,2025/12 INDIRILMEDI ,,BELGE_YOK,—,2025/12 INDIRILMEDI ,BELGE_YOK,-749.334,19.133,2.077946,FCF_STD,,-770.544946,,,,,,
DENGE,Holding,2026/03,,BELGE_YOK,-27.978 | — | -121.537,KAP 1607547 2026/03 cari · TMS29 ×1.0701 (2026/03→2026/06) · PDF s.7 (TL): A. İŞLETME FAALİYETLERİNDEN NAKİT AKIŞLARI (26.145.327) (113.575.017) ‖ 2025/12 INDIRILMEDI  ‖ KAP 1607547 2026/03 onceki · TMS29 ×1.0701 (2026/03→2026/06) · PDF s.7 (TL): A. İŞLETME FAALİYETLERİNDEN NAKİT AKIŞLARI (26.145.327) (113.575.017),,BELGE_YOK,53.754 | — | 29.579,KAP 1607547 2026/03 cari · TMS29 ×1.0701 (2026/03→2026/06) · ETIKET_UYMADI  2 bildirim; son kullanıldı ‖ 2025/12 INDIRILMEDI  ‖ KAP 1607547 2026/03 onceki · TMS29 ×1.0701 (2026/03→2026/06) · PDF_TUTMADI  2 bildirim; son kullanıldı,,BELGE_YOK,0.000 | — | -0.007,KAP 1607547 2026/03 cari · TMS29 ×1.0701 (2026/03→2026/06) ‖ 2025/12 INDIRILMEDI  ‖ KAP 1607547 2026/03 onceki · TMS29 ×1.0701 (2026/03→2026/06) · ETIKET_UYMADI  2 bildirim; son kullanıldı,,BELGE_YOK,-0.481 | — | -0.584,KAP 1607547 2026/03 cari · TMS29 ×1.0701 (2026/03→2026/06) · PDF s.7 (TL): Kiralama yükümlülüklerine ilişkin ödemeler 11 (449.358) (545.545) ‖ 2025/12 INDIRILMEDI  ‖ KAP 1607547 2026/03 onceki · TMS29 ×1.0701 (2026/03→2026/06) · PDF s.7 (TL): Kiralama yükümlülüklerine ilişkin ödemeler 11 (449.358) (545.545),,BELGE_YOK,0.000 | — | 0.000,KAP 1607547 2026/03 cari ‖ 2025/12 INDIRILMEDI  ‖ KAP 1607547 2026/03 onceki,BELGE_YOK,-655.773,0.0,1.981759,FCF_STD,,-657.754759,,,,,,
DENGE,Holding,2026/06,,BELGE_YOK,-60.288 | — | -391.215,KAP 1652798 2026/06 cari · TMS29 ×1.0000 (2026/06→2026/06) · PDF s.8 (TL): A. İŞLETME FAALİYETLERİNDEN NAKİT AKIŞLARI (60.287.683) (391.214.686) ‖ 2025/12 INDIRILMEDI  ‖ KAP 1652798 2026/06 onceki · TMS29 ×1.0000 (2026/06→2026/06) · PDF s.8 (TL): A. İŞLETME FAALİYETLERİNDEN NAKİT AKIŞLARI (60.287.683) (391.214.686),,BELGE_YOK,-0.490 | — | -0.296,KAP 1652798 2026/06 cari · TMS29 ×1.0000 (2026/06→2026/06) · PDF s.8 (TL): Maddi ve maddi olmayan duran varlık alışları 12-14-15 (489.866) (296.076) ‖ 2025/12 INDIRILMEDI  ‖ KAP 1652798 2026/06 onceki · TMS29 ×1.0000 (2026/06→2026/06) · PDF s.8 (TL): Maddi ve maddi olmayan duran varlık alışları 12-14-15 (489.866) (296.076),,BELGE_YOK,0.000 | — | 0.000,KAP 1652798 2026/06 cari ‖ 2025/12 INDIRILMEDI  ‖ KAP 1652798 2026/06 onceki,,BELGE_YOK,-0.243 | — | -1.047,"KAP 1652798 2026/06 cari · TMS29 ×1.0000 (2026/06→2026/06) · XBRL standart elemanında yok, PDF satırından okundu (TL): Kiralama yükümlülüklerine ilişkin ödemeler 12 (242.541) (1.047.388) ‖ 2025/12 INDIRILMEDI  ‖ KAP 1652798 2026/06 onceki · TMS29 ×1.0000 (2026/06→2026/06) · XBRL standart elemanında yok, PDF satırından okundu (TL): Kiralama yükümlülüklerine ilişkin ödemeler 12 (242.541) (1.047.388)",,BELGE_YOK,0.000 | — | 0.000,KAP 1652798 2026/06 cari ‖ 2025/12 INDIRILMEDI  ‖ KAP 1652798 2026/06 onceki,BELGE_YOK,-418.407,19.327,1.273099,FCF_STD,,-439.007099,,,,,,
DOHOL,Holding,2025/03,,BELGE_YOK,— | — | —,2025/03 NAKIT_AKIS_YOK  ‖ 2024/12 NAKIT_AKIS_YOK  ‖ 2025/03 NAKIT_AKIS_YOK ,,BELGE_YOK,— | — | —,2025/03 NAKIT_AKIS_YOK  ‖ 2024/12 NAKIT_AKIS_YOK  ‖ 2025/03 NAKIT_AKIS_YOK ,,BELGE_YOK,— | — | —,2025/03 NAKIT_AKIS_YOK  ‖ 2024/12 NAKIT_AKIS_YOK  ‖ 2025/03 NAKIT_AKIS_YOK ,,BELGE_YOK,— | — | —,2025/03 NAKIT_AKIS_YOK  ‖ 2024/12 NAKIT_AKIS_YOK  ‖ 2025/03 NAKIT_AKIS_YOK ,,BELGE_YOK,— | — | —,2025/03 NAKIT_AKIS_YOK  ‖ 2024/12 NAKIT_AKIS_YOK  ‖ 2025/03 NAKIT_AKIS_YOK ,BELGE_YOK,30865.301,,697.1189999999999,FCF_HLD,0.0,,,,,,,
DOHOL,Holding,2025/06,,BELGE_YOK,— | — | —,2025/06 NAKIT_AKIS_YOK  ‖ 2024/12 NAKIT_AKIS_YOK  ‖ 2025/06 NAKIT_AKIS_YOK ,,BELGE_YOK,— | — | —,2025/06 NAKIT_AKIS_YOK  ‖ 2024/12 NAKIT_AKIS_YOK  ‖ 2025/06 NAKIT_AKIS_YOK ,,BELGE_YOK,— | — | —,2025/06 NAKIT_AKIS_YOK  ‖ 2024/12 NAKIT_AKIS_YOK  ‖ 2025/06 NAKIT_AKIS_YOK ,,BELGE_YOK,— | — | —,2025/06 NAKIT_AKIS_YOK  ‖ 2024/12 NAKIT_AKIS_YOK  ‖ 2025/06 NAKIT_AKIS_YOK ,,BELGE_YOK,— | — | —,2025/06 NAKIT_AKIS_YOK  ‖ 2024/12 NAKIT_AKIS_YOK  ‖ 2025/06 NAKIT_AKIS_YOK ,BELGE_YOK,23033.022,,318.996,FCF_HLD,0.0,,,,,,,
DOHOL,Holding,2025/09,,BELGE_YOK,— | — | —,2025/09 NAKIT_AKIS_YOK  ‖ 2024/12 NAKIT_AKIS_YOK  ‖ 2025/09 NAKIT_AKIS_YOK ,,BELGE_YOK,— | — | —,2025/09 NAKIT_AKIS_YOK  ‖ 2024/12 NAKIT_AKIS_YOK  ‖ 2025/09 NAKIT_AKIS_YOK ,,BELGE_YOK,— | — | —,2025/09 NAKIT_AKIS_YOK  ‖ 2024/12 NAKIT_AKIS_YOK  ‖ 2025/09 NAKIT_AKIS_YOK ,,BELGE_YOK,— | — | —,2025/09 NAKIT_AKIS_YOK  ‖ 2024/12 NAKIT_AKIS_YOK  ‖ 2025/09 NAKIT_AKIS_YOK ,,BELGE_YOK,— | — | —,2025/09 NAKIT_AKIS_YOK  ‖ 2024/12 NAKIT_AKIS_YOK  ‖ 2025/09 NAKIT_AKIS_YOK ,BELGE_YOK,25422.044,,446.2420000000001,FCF_HLD,0.0,,,,,,,
DOHOL,Holding,2025/12,,BELGE_YOK,—,2025/12 NAKIT_AKIS_YOK ,,BELGE_YOK,—,2025/12 NAKIT_AKIS_YOK ,,BELGE_YOK,—,2025/12 NAKIT_AKIS_YOK ,,BELGE_YOK,—,2025/12 NAKIT_AKIS_YOK ,,BELGE_YOK,—,2025/12 NAKIT_AKIS_YOK ,BELGE_YOK,27124.19,7474.49,1380.415,FCF_HLD,0.0,18269.285,,,,,,
DOHOL,Holding,2026/03,,BELGE_YOK,— | — | —,2026/03 NAKIT_AKIS_YOK  ‖ 2025/12 NAKIT_AKIS_YOK  ‖ 2026/03 NAKIT_AKIS_YOK ,,BELGE_YOK,— | — | —,2026/03 NAKIT_AKIS_YOK  ‖ 2025/12 NAKIT_AKIS_YOK  ‖ 2026/03 NAKIT_AKIS_YOK ,,BELGE_YOK,— | — | —,2026/03 NAKIT_AKIS_YOK  ‖ 2025/12 NAKIT_AKIS_YOK  ‖ 2026/03 NAKIT_AKIS_YOK ,,BELGE_YOK,— | — | —,2026/03 NAKIT_AKIS_YOK  ‖ 2025/12 NAKIT_AKIS_YOK  ‖ 2026/03 NAKIT_AKIS_YOK ,,BELGE_YOK,— | — | —,2026/03 NAKIT_AKIS_YOK  ‖ 2025/12 NAKIT_AKIS_YOK  ‖ 2026/03 NAKIT_AKIS_YOK ,BELGE_YOK,30516.215,,1247.661,FCF_HLD,0.0,,,,,,,
DOHOL,Holding,2026/06,,BELGE_YOK,— | — | —,2026/06 NAKIT_AKIS_YOK  ‖ 2025/12 NAKIT_AKIS_YOK  ‖ 2026/06 NAKIT_AKIS_YOK ,,BELGE_YOK,— | — | —,2026/06 NAKIT_AKIS_YOK  ‖ 2025/12 NAKIT_AKIS_YOK  ‖ 2026/06 NAKIT_AKIS_YOK ,,BELGE_YOK,— | — | —,2026/06 NAKIT_AKIS_YOK  ‖ 2025/12 NAKIT_AKIS_YOK  ‖ 2026/06 NAKIT_AKIS_YOK ,,BELGE_YOK,— | — | —,2026/06 NAKIT_AKIS_YOK  ‖ 2025/12 NAKIT_AKIS_YOK  ‖ 2026/06 NAKIT_AKIS_YOK ,,BELGE_YOK,— | — | —,2026/06 NAKIT_AKIS_YOK  ‖ 2025/12 NAKIT_AKIS_YOK  ‖ 2026/06 NAKIT_AKIS_YOK ,BELGE_YOK,30466.15199999999,,1205.311,FCF_HLD,0.0,,,,,,,
ECZYT,Holding,2025/03,83.061,TEYITLI,91.711 | 3.864 | 12.515,KAP 1436896 2025/03 cari · TMS29 ×1.4004 (2025/03→2026/06) · PDF s.8 (TL): İşletme faaliyetlerinden nakit akışları 65.489.371 8.936.734 ‖ KAP 1405427 2024/12 cari · TMS29 ×1.5414 (2024/12→2026/06) · PDF s.13 (TL): A. İşletme faaliyetlerinden nakit akışları 2.506.995 766.281.757 ‖ KAP 1436896 2025/03 onceki · TMS29 ×1.4004 (2025/03→2026/06) · PDF s.8 (TL): İşletme faaliyetlerinden nakit akışları 65.489.371 8.936.734,0.0,TEYITLI,0.000 | 0.000 | 0.000,KAP 1436896 2025/03 cari ‖ KAP 1405427 2024/12 cari ‖ KAP 1436896 2025/03 onceki,0.0,TEYITLI,0.000 | 0.000 | 0.000,KAP 1436896 2025/03 cari ‖ KAP 1405427 2024/12 cari ‖ KAP 1436896 2025/03 onceki,-0.052,TEYITLI,-0.007 | -0.077 | -0.032,KAP 1436896 2025/03 cari · TMS29 ×1.4004 (2025/03→2026/06) · PDF s.8 (TL): Kira sözleşmelerinden kaynaklanan borç ödemelerine ilişkin nakit çıkışları (-) (4.670) (22.642) ‖ KAP 1405427 2024/12 cari · TMS29 ×1.5414 (2024/12→2026/06) · PDF s.13 (TL): Kira sözleşmelerinden kaynaklanan borç ödemelerine ilişkin nakit çıkışları (-) (50.048) (45.140) ‖ KAP 1436896 2025/03 onceki · TMS29 ×1.4004 (2025/03→2026/06) · PDF s.8 (TL): Kira sözleşmelerinden kaynaklanan borç ödemelerine ilişkin nakit çıkışları (-) (4.670) (22.642),912.397,TEYITLI,0.000 | 912.397 | 0.000,KAP 1436896 2025/03 cari ‖ KAP 1405427 2024/12 cari · TMS29 ×1.5414 (2024/12→2026/06) · PDF s.13 (TL): Alınan temettü 3 591.927.179 582.153.530 ‖ KAP 1436896 2025/03 onceki,TEYITLI,83.073,0.0,0.052,FCF_HLD,,VERİ YETERSİZ,-0.012,0.0,0.052,,995.406,
ECZYT,Holding,2025/06,,BELGE_YOK,155.260 | 3.864 | —,2025/06 raporu KAP’ta yok → yedek: 2025/06 değeri 2026/06 raporunun onceki sütunundan · KAP 1644864 2026/06 onceki · TMS29 ×1.0000 (2026/06→2026/06) · PDF s.10 (TL): İşletme faaliyetlerinden nakit akışları 12.072.924 155.260.212 ‖ KAP 1405427 2024/12 cari · TMS29 ×1.5414 (2024/12→2026/06) · PDF s.13 (TL): A. İşletme faaliyetlerinden nakit akışları 2.506.995 766.281.757 ‖ 2025/06 raporu KAP’ta yok,,BELGE_YOK,0.000 | 0.000 | —,2025/06 raporu KAP’ta yok → yedek: 2025/06 değeri 2026/06 raporunun onceki sütunundan · KAP 1644864 2026/06 onceki ‖ KAP 1405427 2024/12 cari ‖ 2025/06 raporu KAP’ta yok,,BELGE_YOK,0.000 | 0.000 | —,2025/06 raporu KAP’ta yok → yedek: 2025/06 değeri 2026/06 raporunun onceki sütunundan · KAP 1644864 2026/06 onceki ‖ KAP 1405427 2024/12 cari ‖ 2025/06 raporu KAP’ta yok,,BELGE_YOK,-0.010 | -0.077 | —,2025/06 raporu KAP’ta yok → yedek: 2025/06 değeri 2026/06 raporunun onceki sütunundan · KAP 1644864 2026/06 onceki · TMS29 ×1.0000 (2026/06→2026/06) · PDF s.10 (TL): kışları (-) (14.020) (10.223) ‖ KAP 1405427 2024/12 cari · TMS29 ×1.5414 (2024/12→2026/06) · PDF s.13 (TL): Kira sözleşmelerinden kaynaklanan borç ödemelerine ilişkin nakit çıkışları (-) (50.048) (45.140) ‖ 2025/06 raporu KAP’ta yok,,BELGE_YOK,492.057 | 912.397 | —,2025/06 raporu KAP’ta yok → yedek: 2025/06 değeri 2026/06 raporunun onceki sütunundan · KAP 1644864 2026/06 onceki · TMS29 ×1.0000 (2026/06→2026/06) · PDF s.10 (TL): Alınan temettü 6 371.026.518 492.056.579 ‖ KAP 1405427 2024/12 cari · TMS29 ×1.5414 (2024/12→2026/06) · PDF s.13 (TL): Alınan temettü 3 591.927.179 582.153.530 ‖ 2025/06 raporu KAP’ta yok,BELGE_YOK,53.60899999999999,0.0,0.034,FCF_HLD,962.753,1016.328,,,,,,
ECZYT,Holding,2025/09,,BELGE_YOK,— | 3.864 | —,2025/09 raporu KAP’ta yok ‖ KAP 1405427 2024/12 cari · TMS29 ×1.5414 (2024/12→2026/06) · PDF s.13 (TL): A. İşletme faaliyetlerinden nakit akışları 2.506.995 766.281.757 ‖ 2025/09 raporu KAP’ta yok,,BELGE_YOK,— | 0.000 | —,2025/09 raporu KAP’ta yok ‖ KAP 1405427 2024/12 cari ‖ 2025/09 raporu KAP’ta yok,,BELGE_YOK,— | 0.000 | —,2025/09 raporu KAP’ta yok ‖ KAP 1405427 2024/12 cari ‖ 2025/09 raporu KAP’ta yok,,BELGE_YOK,— | -0.077 | —,2025/09 raporu KAP’ta yok ‖ KAP 1405427 2024/12 cari · TMS29 ×1.5414 (2024/12→2026/06) · PDF s.13 (TL): Kira sözleşmelerinden kaynaklanan borç ödemelerine ilişkin nakit çıkışları (-) (50.048) (45.140) ‖ 2025/09 raporu KAP’ta yok,,BELGE_YOK,— | 912.397 | —,2025/09 raporu KAP’ta yok ‖ KAP 1405427 2024/12 cari · TMS29 ×1.5414 (2024/12→2026/06) · PDF s.13 (TL): Alınan temettü 3 591.927.179 582.153.530 ‖ 2025/09 raporu KAP’ta yok,BELGE_YOK,195.891,0.0,0.033,FCF_HLD,780.6510000000001,976.509,,,,,,
ECZYT,Holding,2025/12,135.754,TEYITLI,135.754,KAP 1564747 2025/12 cari · TMS29 ×1.1776 (2025/12→2026/06) · PDF s.13 (TL): A. İşletme faaliyetlerinden nakit akışları 115.280.487 3.281.479,0.0,TEYITLI,0.000,KAP 1564747 2025/12 cari,0.0,TEYITLI,0.000,KAP 1564747 2025/12 cari,-0.045,TEYITLI,-0.045,KAP 1564747 2025/12 cari · TMS29 ×1.1776 (2025/12→2026/06) · PDF s.13 (TL): Kira sözleşmelerinden kaynaklanan borç ödemelerine ilişkin nakit çıkışları (-) (38.337) (65.509),780.63,TEYITLI,780.630,KAP 1564747 2025/12 cari · TMS29 ×1.1776 (2025/12→2026/06) · PDF s.13 (TL): Alınan temettü 3 662.899.471 774.791.242,TEYITLI,135.754,0.0,0.045,FCF_HLD,780.63,916.3389999999999,0.0,0.0,0.045,,916.339,
ECZYT,Holding,2026/03,59.489,TEYITLI,15.456 | 135.754 | 91.722,KAP 1603695 2026/03 cari · TMS29 ×1.0701 (2026/03→2026/06) · PDF s.8 (TL): İşletme faaliyetlerinden nakit akışları 14.443.540 85.713.198 ‖ KAP 1564747 2025/12 cari · TMS29 ×1.1776 (2025/12→2026/06) · PDF s.13 (TL): A. İşletme faaliyetlerinden nakit akışları 115.280.487 3.281.479 ‖ KAP 1603695 2026/03 onceki · TMS29 ×1.0701 (2026/03→2026/06) · PDF s.8 (TL): İşletme faaliyetlerinden nakit akışları 14.443.540 85.713.198,0.0,TEYITLI,0.000 | 0.000 | 0.000,KAP 1603695 2026/03 cari ‖ KAP 1564747 2025/12 cari ‖ KAP 1603695 2026/03 onceki,0.0,TEYITLI,0.000 | 0.000 | 0.000,KAP 1603695 2026/03 cari ‖ KAP 1564747 2025/12 cari ‖ KAP 1603695 2026/03 onceki,-0.055,TEYITLI,-0.017 | -0.045 | -0.007,KAP 1603695 2026/03 cari · TMS29 ×1.0701 (2026/03→2026/06) · PDF s.8 (TL): Kira sözleşmelerinden kaynaklanan borç ödemelerine ilişkin nakit çıkışları (-) (15.749) (6.112) ‖ KAP 1564747 2025/12 cari · TMS29 ×1.1776 (2025/12→2026/06) · PDF s.13 (TL): Kira sözleşmelerinden kaynaklanan borç ödemelerine ilişkin nakit çıkışları (-) (38.337) (65.509) ‖ KAP 1603695 2026/03 onceki · TMS29 ×1.0701 (2026/03→2026/06) · PDF s.8 (TL): Kira sözleşmelerinden kaynaklanan borç ödemelerine ilişkin nakit çıkışları (-) (15.749) (6.112),780.63,TEYITLI,0.000 | 780.630 | 0.000,KAP 1603695 2026/03 cari ‖ KAP 1564747 2025/12 cari · TMS29 ×1.1776 (2025/12→2026/06) · PDF s.13 (TL): Alınan temettü 3 662.899.471 774.791.242 ‖ KAP 1603695 2026/03 onceki,TEYITLI,59.48599999999999,,0.055,FCF_HLD,,,0.003,0.0,0.055,,840.064,
ECZYT,Holding,2026/06,-7.433,TEYITLI,12.073 | 135.754 | 155.260,KAP 1644864 2026/06 cari · TMS29 ×1.0000 (2026/06→2026/06) · PDF s.10 (TL): İşletme faaliyetlerinden nakit akışları 12.072.924 155.260.212 ‖ KAP 1564747 2025/12 cari · TMS29 ×1.1776 (2025/12→2026/06) · PDF s.13 (TL): A. İşletme faaliyetlerinden nakit akışları 115.280.487 3.281.479 ‖ KAP 1644864 2026/06 onceki · TMS29 ×1.0000 (2026/06→2026/06) · PDF s.10 (TL): İşletme faaliyetlerinden nakit akışları 12.072.924 155.260.212,0.0,TEYITLI,0.000 | 0.000 | 0.000,KAP 1644864 2026/06 cari ‖ KAP 1564747 2025/12 cari ‖ KAP 1644864 2026/06 onceki,0.0,TEYITLI,0.000 | 0.000 | 0.000,KAP 1644864 2026/06 cari ‖ KAP 1564747 2025/12 cari ‖ KAP 1644864 2026/06 onceki,-0.049,TEYITLI,-0.014 | -0.045 | -0.010,KAP 1644864 2026/06 cari · TMS29 ×1.0000 (2026/06→2026/06) · PDF s.10 (TL): kışları (-) (14.020) (10.223) ‖ KAP 1564747 2025/12 cari · TMS29 ×1.1776 (2025/12→2026/06) · PDF s.13 (TL): Kira sözleşmelerinden kaynaklanan borç ödemelerine ilişkin nakit çıkışları (-) (38.337) (65.509) ‖ KAP 1644864 2026/06 onceki · TMS29 ×1.0000 (2026/06→2026/06) · PDF s.10 (TL): kışları (-) (14.020) (10.223),659.6,TEYITLI,371.027 | 780.630 | 492.057,KAP 1644864 2026/06 cari · TMS29 ×1.0000 (2026/06→2026/06) · PDF s.10 (TL): Alınan temettü 6 371.026.518 492.056.579 ‖ KAP 1564747 2025/12 cari · TMS29 ×1.1776 (2025/12→2026/06) · PDF s.13 (TL): Alınan temettü 3 662.899.471 774.791.242 ‖ KAP 1644864 2026/06 onceki · TMS29 ×1.0000 (2026/06→2026/06) · PDF s.10 (TL): Alınan temettü 6 371.026.518 492.056.579,TEYITLI,-7.432999999999993,,0.04899999999999999,FCF_HLD,,,-0.0,0.0,0.049,,652.118,
EUHOL,Holding,2025/03,,BELGE_YOK,— | — | —,2025/03 raporu KAP’ta yok ‖ 2024/12 raporu KAP’ta yok ‖ 2025/03 raporu KAP’ta yok,,BELGE_YOK,— | — | —,2025/03 raporu KAP’ta yok ‖ 2024/12 raporu KAP’ta yok ‖ 2025/03 raporu KAP’ta yok,,BELGE_YOK,— | — | —,2025/03 raporu KAP’ta yok ‖ 2024/12 raporu KAP’ta yok ‖ 2025/03 raporu KAP’ta yok,,BELGE_YOK,— | — | —,2025/03 raporu KAP’ta yok ‖ 2024/12 raporu KAP’ta yok ‖ 2025/03 raporu KAP’ta yok,,BELGE_YOK,— | — | —,2025/03 raporu KAP’ta yok ‖ 2024/12 raporu KAP’ta yok ‖ 2025/03 raporu KAP’ta yok,BELGE_YOK,-0.8140000000000001,0.0,0.0,FCF_STD,,-0.8140000000000001,,,,,,
EUHOL,Holding,2025/06,,BELGE_YOK,— | — | —,2025/06 raporu KAP’ta yok ‖ 2024/12 raporu KAP’ta yok ‖ 2025/06 raporu KAP’ta yok,,BELGE_YOK,— | — | —,2025/06 raporu KAP’ta yok ‖ 2024/12 raporu KAP’ta yok ‖ 2025/06 raporu KAP’ta yok,,BELGE_YOK,— | — | —,2025/06 raporu KAP’ta yok ‖ 2024/12 raporu KAP’ta yok ‖ 2025/06 raporu KAP’ta yok,,BELGE_YOK,— | — | —,2025/06 raporu KAP’ta yok ‖ 2024/12 raporu KAP’ta yok ‖ 2025/06 raporu KAP’ta yok,,BELGE_YOK,— | — | —,2025/06 raporu KAP’ta yok ‖ 2024/12 raporu KAP’ta yok ‖ 2025/06 raporu KAP’ta yok,BELGE_YOK,-3.155,0.0,0.0,FCF_STD,,-3.155,,,,,,
EUHOL,Holding,2025/09,,BELGE_YOK,— | — | —,2025/09 raporu KAP’ta yok ‖ 2024/12 raporu KAP’ta yok ‖ 2025/09 raporu KAP’ta yok,,BELGE_YOK,— | — | —,2025/09 raporu KAP’ta yok ‖ 2024/12 raporu KAP’ta yok ‖ 2025/09 raporu KAP’ta yok,,BELGE_YOK,— | — | —,2025/09 raporu KAP’ta yok ‖ 2024/12 raporu KAP’ta yok ‖ 2025/09 raporu KAP’ta yok,,BELGE_YOK,— | — | —,2025/09 raporu KAP’ta yok ‖ 2024/12 raporu KAP’ta yok ‖ 2025/09 raporu KAP’ta yok,,BELGE_YOK,— | — | —,2025/09 raporu KAP’ta yok ‖ 2024/12 raporu KAP’ta yok ‖ 2025/09 raporu KAP’ta yok,BELGE_YOK,24.319,25.864,0.0,FCF_STD,,-1.545000000000002,,,,,,
EUHOL,Holding,2025/12,,BELGE_YOK,—,2025/12 raporu KAP’ta yok,,BELGE_YOK,—,2025/12 raporu KAP’ta yok,,BELGE_YOK,—,2025/12 raporu KAP’ta yok,,BELGE_YOK,—,2025/12 raporu KAP’ta yok,,BELGE_YOK,—,2025/12 raporu KAP’ta yok,BELGE_YOK,-3704.497,0.0,0.0,FCF_STD,,-3704.497,,,,,,
EUHOL,Holding,2026/03,,BELGE_YOK,— | — | —,2026/03 raporu KAP’ta yok ‖ 2025/12 raporu KAP’ta yok ‖ 2026/03 raporu KAP’ta yok,,BELGE_YOK,— | — | —,2026/03 raporu KAP’ta yok ‖ 2025/12 raporu KAP’ta yok ‖ 2026/03 raporu KAP’ta yok,,BELGE_YOK,— | — | —,2026/03 raporu KAP’ta yok ‖ 2025/12 raporu KAP’ta yok ‖ 2026/03 raporu KAP’ta yok,,BELGE_YOK,— | — | —,2026/03 raporu KAP’ta yok ‖ 2025/12 raporu KAP’ta yok ‖ 2026/03 raporu KAP’ta yok,,BELGE_YOK,— | — | —,2026/03 raporu KAP’ta yok ‖ 2025/12 raporu KAP’ta yok ‖ 2026/03 raporu KAP’ta yok,BELGE_YOK,-3690.319,0.0,0.0,FCF_STD,,-3690.319,,,,,,
EUHOL,Holding,2026/06,,BELGE_YOK,— | — | —,2026/06 raporu KAP’ta yok ‖ 2025/12 raporu KAP’ta yok ‖ 2026/06 raporu KAP’ta yok,,BELGE_YOK,— | — | —,2026/06 raporu KAP’ta yok ‖ 2025/12 raporu KAP’ta yok ‖ 2026/06 raporu KAP’ta yok,,BELGE_YOK,— | — | —,2026/06 raporu KAP’ta yok ‖ 2025/12 raporu KAP’ta yok ‖ 2026/06 raporu KAP’ta yok,,BELGE_YOK,— | — | —,2026/06 raporu KAP’ta yok ‖ 2025/12 raporu KAP’ta yok ‖ 2026/06 raporu KAP’ta yok,,BELGE_YOK,— | — | —,2026/06 raporu KAP’ta yok ‖ 2025/12 raporu KAP’ta yok ‖ 2026/06 raporu KAP’ta yok,BELGE_YOK,-3653.08,0.0,0.0,FCF_STD,,-3653.08,,,,,,
GLYHO,Holding,2025/03,,BELGE_YOK,— | — | —,2025/03 raporu KAP’ta yok ‖ 2024/12 raporu KAP’ta yok ‖ 2025/03 raporu KAP’ta yok,,BELGE_YOK,— | — | —,2025/03 raporu KAP’ta yok ‖ 2024/12 raporu KAP’ta yok ‖ 2025/03 raporu KAP’ta yok,,BELGE_YOK,— | — | —,2025/03 raporu KAP’ta yok ‖ 2024/12 raporu KAP’ta yok ‖ 2025/03 raporu KAP’ta yok,,BELGE_YOK,— | — | —,2025/03 raporu KAP’ta yok ‖ 2024/12 raporu KAP’ta yok ‖ 2025/03 raporu KAP’ta yok,,BELGE_YOK,— | — | —,2025/03 raporu KAP’ta yok ‖ 2024/12 raporu KAP’ta yok ‖ 2025/03 raporu KAP’ta yok,BELGE_YOK,11757.535,11972.656,565.891,FCF_STD,,-781.0119999999973,,,,,,
GLYHO,Holding,2025/06,,BELGE_YOK,7004.735 | — | —,"2025/06 INDIRILMEDI  → yedek: 2025/06 değeri 2026/06 raporunun onceki sütunundan · KAP 1642551 2026/06 onceki · TMS29 ×1.0000 (2026/06→2026/06) · XBRL standart elemanında yok, PDF satırından okundu (TL): İşletme Faaliyetlerinden Nakit Akışları 5.865.927.536 7.004.734.899 ‖ 2024/12 raporu KAP’ta yok ‖ 2025/06 INDIRILMEDI ",,BELGE_YOK,-5354.428 | — | —,"2025/06 INDIRILMEDI  → yedek: 2025/06 değeri 2026/06 raporunun onceki sütunundan · KAP 1642551 2026/06 onceki · TMS29 ×1.0000 (2026/06→2026/06) · XBRL standart elemanında yok, PDF satırından okundu (TL): Maddi Duran Varlık Alımından Kaynaklanan Nakit Çıkışları 14 (4.416.189.081) (1.331.788.011) || Maddi Olmayan Duran Varlık Alımından Kaynaklanan Nakit Çıkışları 16 (1.881.373.583) (4.022.640.469) ‖ 2024/12 raporu KAP’ta yok ‖ 2025/06 INDIRILMEDI ",,BELGE_YOK,-304.006 | — | —,"2025/06 INDIRILMEDI  → yedek: 2025/06 değeri 2026/06 raporunun onceki sütunundan · KAP 1642551 2026/06 onceki · TMS29 ×1.0000 (2026/06→2026/06) · XBRL standart elemanında yok, PDF satırından okundu (TL): Yatırım Amaçlı Gayrimenkul Alımından Kaynaklanan Nakit Çıkışları (247.435.587) (304.006.344) ‖ 2024/12 raporu KAP’ta yok ‖ 2025/06 INDIRILMEDI ",,BELGE_YOK,-492.268 | — | —,"2025/06 INDIRILMEDI  → yedek: 2025/06 değeri 2026/06 raporunun onceki sütunundan · KAP 1642551 2026/06 onceki · TMS29 ×1.0000 (2026/06→2026/06) · XBRL standart elemanında yok, PDF satırından okundu (TL): Kira Sözleşmelerinden Kaynaklanan Borç Ödemelerine İlişkin Nakit Çıkışları 8 (246.628.310) (492.267.560) ‖ 2024/12 raporu KAP’ta yok ‖ 2025/06 INDIRILMEDI ",,BELGE_YOK,0.000 | — | —,2025/06 INDIRILMEDI  → yedek: 2025/06 değeri 2026/06 raporunun onceki sütunundan · KAP 1642551 2026/06 onceki · TMS29 ×1.0000 (2026/06→2026/06) · Evo PDF: nakit akışta kalem satırı yok → 0 ‖ 2024/12 raporu KAP’ta yok ‖ 2025/06 INDIRILMEDI ,BELGE_YOK,13970.785,10939.936,681.795,FCF_STD,,2349.054,,,,,,
GLYHO,Holding,2025/09,,BELGE_YOK,— | — | —,2025/09 raporu KAP’ta yok ‖ 2024/12 raporu KAP’ta yok ‖ 2025/09 raporu KAP’ta yok,,BELGE_YOK,— | — | —,2025/09 raporu KAP’ta yok ‖ 2024/12 raporu KAP’ta yok ‖ 2025/09 raporu KAP’ta yok,,BELGE_YOK,— | — | —,2025/09 raporu KAP’ta yok ‖ 2024/12 raporu KAP’ta yok ‖ 2025/09 raporu KAP’ta yok,,BELGE_YOK,— | — | —,2025/09 raporu KAP’ta yok ‖ 2024/12 raporu KAP’ta yok ‖ 2025/09 raporu KAP’ta yok,,BELGE_YOK,— | — | —,2025/09 raporu KAP’ta yok ‖ 2024/12 raporu KAP’ta yok ‖ 2025/09 raporu KAP’ta yok,BELGE_YOK,13690.989,12257.923,692.316,FCF_STD,,740.7499999999989,,,,,,
GLYHO,Holding,2025/12,,BELGE_YOK,—,2025/12 INDIRILMEDI ,,BELGE_YOK,—,2025/12 INDIRILMEDI ,,BELGE_YOK,—,2025/12 INDIRILMEDI ,,BELGE_YOK,—,2025/12 INDIRILMEDI ,,BELGE_YOK,—,2025/12 INDIRILMEDI ,BELGE_YOK,12433.389,12164.649,701.894,FCF_STD,,-433.1540000000002,,,,,,
GLYHO,Holding,2026/03,,BELGE_YOK,— | — | —,2026/03 raporu KAP’ta yok ‖ 2025/12 INDIRILMEDI  ‖ 2026/03 raporu KAP’ta yok,,BELGE_YOK,— | — | —,2026/03 raporu KAP’ta yok ‖ 2025/12 INDIRILMEDI  ‖ 2026/03 raporu KAP’ta yok,,BELGE_YOK,— | — | —,2026/03 raporu KAP’ta yok ‖ 2025/12 INDIRILMEDI  ‖ 2026/03 raporu KAP’ta yok,,BELGE_YOK,— | — | —,2026/03 raporu KAP’ta yok ‖ 2025/12 INDIRILMEDI  ‖ 2026/03 raporu KAP’ta yok,,BELGE_YOK,— | — | —,2026/03 raporu KAP’ta yok ‖ 2025/12 INDIRILMEDI  ‖ 2026/03 raporu KAP’ta yok,BELGE_YOK,13598.496,12693.594,1049.457,FCF_STD,,-144.5549999999982,,,,,,
GLYHO,Holding,2026/06,,BELGE_YOK,5865.928 | — | 7004.735,"KAP 1642551 2026/06 cari · TMS29 ×1.0000 (2026/06→2026/06) · XBRL standart elemanında yok, PDF satırından okundu (TL): İşletme Faaliyetlerinden Nakit Akışları 5.865.927.536 7.004.734.899 ‖ 2025/12 INDIRILMEDI  ‖ KAP 1642551 2026/06 onceki · TMS29 ×1.0000 (2026/06→2026/06) · XBRL standart elemanında yok, PDF satırından okundu (TL): İşletme Faaliyetlerinden Nakit Akışları 5.865.927.536 7.004.734.899",,BELGE_YOK,-6297.563 | — | -5354.428,"KAP 1642551 2026/06 cari · TMS29 ×1.0000 (2026/06→2026/06) · XBRL standart elemanında yok, PDF satırından okundu (TL): Maddi Duran Varlık Alımından Kaynaklanan Nakit Çıkışları 14 (4.416.189.081) (1.331.788.011) || Maddi Olmayan Duran Varlık Alımından Kaynaklanan Nakit Çıkışları 16 (1.881.373.583) (4.022.640.469) ‖ 2025/12 INDIRILMEDI  ‖ KAP 1642551 2026/06 onceki · TMS29 ×1.0000 (2026/06→2026/06) · XBRL standart elemanında yok, PDF satırından okundu (TL): Maddi Duran Varlık Alımından Kaynaklanan Nakit Çıkışları 14 (4.416.189.081) (1.331.788.011) || Maddi Olmayan Duran Varlık Alımından Kaynaklanan Nakit Çıkışları 16 (1.881.373.583) (4.022.640.469)",,BELGE_YOK,-247.436 | — | -304.006,"KAP 1642551 2026/06 cari · TMS29 ×1.0000 (2026/06→2026/06) · XBRL standart elemanında yok, PDF satırından okundu (TL): Yatırım Amaçlı Gayrimenkul Alımından Kaynaklanan Nakit Çıkışları (247.435.587) (304.006.344) ‖ 2025/12 INDIRILMEDI  ‖ KAP 1642551 2026/06 onceki · TMS29 ×1.0000 (2026/06→2026/06) · XBRL standart elemanında yok, PDF satırından okundu (TL): Yatırım Amaçlı Gayrimenkul Alımından Kaynaklanan Nakit Çıkışları (247.435.587) (304.006.344)",,BELGE_YOK,-246.628 | — | -492.268,"KAP 1642551 2026/06 cari · TMS29 ×1.0000 (2026/06→2026/06) · XBRL standart elemanında yok, PDF satırından okundu (TL): Kira Sözleşmelerinden Kaynaklanan Borç Ödemelerine İlişkin Nakit Çıkışları 8 (246.628.310) (492.267.560) ‖ 2025/12 INDIRILMEDI  ‖ KAP 1642551 2026/06 onceki · TMS29 ×1.0000 (2026/06→2026/06) · XBRL standart elemanında yok, PDF satırından okundu (TL): Kira Sözleşmelerinden Kaynaklanan Borç Ödemelerine İlişkin Nakit Çıkışları 8 (246.628.310) (492.267.560)",,BELGE_YOK,0.000 | — | 0.000,KAP 1642551 2026/06 cari · TMS29 ×1.0000 (2026/06→2026/06) · Evo PDF: nakit akışta kalem satırı yok → 0 ‖ 2025/12 INDIRILMEDI  ‖ KAP 1642551 2026/06 onceki · TMS29 ×1.0000 (2026/06→2026/06) · Evo PDF: nakit akışta kalem satırı yok → 0,BELGE_YOK,11294.582,13051.214,456.254,FCF_STD,,-2212.886000000001,,,,,,
IEYHO,Holding,2025/03,,BELGE_YOK,45.485 | -1676.480 | —,"2025/03 INDIRILMEDI  → yedek: 2025/03 değeri 2026/03 raporunun onceki sütunundan · KAP 1605231 2026/03 onceki · TMS29 ×1.0701 (2026/03→2026/06) · XBRL standart elemanında yok, PDF satırından okundu (TL): A. İŞLETME FAALİYETLERDEN NAKİT AKIŞLARI (115.866.135) 42.505.149 ‖ KAP 1408487 2024/12 cari · TMS29 ×1.5414 (2024/12→2026/06) · XBRL standart elemanında yok, PDF satırından okundu (TL): A. İŞLETME FAALİYETLERDEN NAKİT AKIŞLARI (1.087.634.610) 795.132.799 ‖ 2025/03 INDIRILMEDI ",,BELGE_YOK,-55.145 | -915.807 | —,"2025/03 INDIRILMEDI  → yedek: 2025/03 değeri 2026/03 raporunun onceki sütunundan · KAP 1605231 2026/03 onceki · TMS29 ×1.0701 (2026/03→2026/06) · XBRL standart elemanında yok, PDF satırından okundu (TL): Nakit Çıkışları 13 (4.049.412) (51.532.454) ‖ KAP 1408487 2024/12 cari · TMS29 ×1.5414 (2024/12→2026/06) · XBRL standart elemanında yok, PDF satırından okundu (TL): Çıkışları 14,15 (594.139.736) (146.566.823) ‖ 2025/03 INDIRILMEDI ",,BELGE_YOK,0.000 | 0.000 | —,2025/03 INDIRILMEDI  → yedek: 2025/03 değeri 2026/03 raporunun onceki sütunundan · KAP 1605231 2026/03 onceki · TMS29 ×1.0701 (2026/03→2026/06) · Evo PDF: nakit akışta kalem satırı yok → 0 ‖ KAP 1408487 2024/12 cari · TMS29 ×1.5414 (2024/12→2026/06) · Evo PDF: nakit akışta kalem satırı yok → 0 ‖ 2025/03 INDIRILMEDI ,,BELGE_YOK,0.000 | 0.000 | —,2025/03 INDIRILMEDI  → yedek: 2025/03 değeri 2026/03 raporunun onceki sütunundan · KAP 1605231 2026/03 onceki · TMS29 ×1.0701 (2026/03→2026/06) · Evo PDF: nakit akışta kalem satırı yok → 0 ‖ KAP 1408487 2024/12 cari · TMS29 ×1.5414 (2024/12→2026/06) · Evo PDF: nakit akışta kalem satırı yok → 0 ‖ 2025/03 INDIRILMEDI ,,BELGE_YOK,0.000 | 0.000 | —,2025/03 INDIRILMEDI  → yedek: 2025/03 değeri 2026/03 raporunun onceki sütunundan · KAP 1605231 2026/03 onceki · TMS29 ×1.0701 (2026/03→2026/06) · Evo PDF: nakit akışta kalem satırı yok → 0 ‖ KAP 1408487 2024/12 cari · TMS29 ×1.5414 (2024/12→2026/06) · Evo PDF: nakit akışta kalem satırı yok → 0 ‖ 2025/03 INDIRILMEDI ,BELGE_YOK,-612.7729999999998,642.849,0.0,FCF_STD,,-1255.622,,,,,,
IEYHO,Holding,2025/06,,BELGE_YOK,— | -1676.480 | —,"2025/06 raporu KAP’ta yok ‖ KAP 1408487 2024/12 cari · TMS29 ×1.5414 (2024/12→2026/06) · XBRL standart elemanında yok, PDF satırından okundu (TL): A. İŞLETME FAALİYETLERDEN NAKİT AKIŞLARI (1.087.634.610) 795.132.799 ‖ 2025/06 raporu KAP’ta yok",,BELGE_YOK,— | -915.807 | —,"2025/06 raporu KAP’ta yok ‖ KAP 1408487 2024/12 cari · TMS29 ×1.5414 (2024/12→2026/06) · XBRL standart elemanında yok, PDF satırından okundu (TL): Çıkışları 14,15 (594.139.736) (146.566.823) ‖ 2025/06 raporu KAP’ta yok",,BELGE_YOK,— | 0.000 | —,2025/06 raporu KAP’ta yok ‖ KAP 1408487 2024/12 cari · TMS29 ×1.5414 (2024/12→2026/06) · Evo PDF: nakit akışta kalem satırı yok → 0 ‖ 2025/06 raporu KAP’ta yok,,BELGE_YOK,— | 0.000 | —,2025/06 raporu KAP’ta yok ‖ KAP 1408487 2024/12 cari · TMS29 ×1.5414 (2024/12→2026/06) · Evo PDF: nakit akışta kalem satırı yok → 0 ‖ 2025/06 raporu KAP’ta yok,,BELGE_YOK,— | 0.000 | —,2025/06 raporu KAP’ta yok ‖ KAP 1408487 2024/12 cari · TMS29 ×1.5414 (2024/12→2026/06) · Evo PDF: nakit akışta kalem satırı yok → 0 ‖ 2025/06 raporu KAP’ta yok,BELGE_YOK,-766.0219999999997,520.422,0.0,FCF_STD,,-1286.444,,,,,,
IEYHO,Holding,2025/09,,BELGE_YOK,— | -1676.480 | —,"2025/09 raporu KAP’ta yok ‖ KAP 1408487 2024/12 cari · TMS29 ×1.5414 (2024/12→2026/06) · XBRL standart elemanında yok, PDF satırından okundu (TL): A. İŞLETME FAALİYETLERDEN NAKİT AKIŞLARI (1.087.634.610) 795.132.799 ‖ 2025/09 raporu KAP’ta yok",,BELGE_YOK,— | -915.807 | —,"2025/09 raporu KAP’ta yok ‖ KAP 1408487 2024/12 cari · TMS29 ×1.5414 (2024/12→2026/06) · XBRL standart elemanında yok, PDF satırından okundu (TL): Çıkışları 14,15 (594.139.736) (146.566.823) ‖ 2025/09 raporu KAP’ta yok",,BELGE_YOK,— | 0.000 | —,2025/09 raporu KAP’ta yok ‖ KAP 1408487 2024/12 cari · TMS29 ×1.5414 (2024/12→2026/06) · Evo PDF: nakit akışta kalem satırı yok → 0 ‖ 2025/09 raporu KAP’ta yok,,BELGE_YOK,— | 0.000 | —,2025/09 raporu KAP’ta yok ‖ KAP 1408487 2024/12 cari · TMS29 ×1.5414 (2024/12→2026/06) · Evo PDF: nakit akışta kalem satırı yok → 0 ‖ 2025/09 raporu KAP’ta yok,,BELGE_YOK,— | 0.000 | —,2025/09 raporu KAP’ta yok ‖ KAP 1408487 2024/12 cari · TMS29 ×1.5414 (2024/12→2026/06) · Evo PDF: nakit akışta kalem satırı yok → 0 ‖ 2025/09 raporu KAP’ta yok,BELGE_YOK,-748.1880000000001,409.7729999999999,0.0,FCF_STD,,-1157.961,,,,,,
IEYHO,Holding,2025/12,455.559,PDF_OKUNDU,455.559,"KAP 1574219 2025/12 cari · TMS29 ×1.1776 (2025/12→2026/06) · XBRL standart elemanında yok, PDF satırından okundu (TL): A. İŞLETME FAALİYETLERDEN NAKİT AKIŞLARI 386.854.079 (1.423.630.263)",-76.731,PDF_OKUNDU,-76.731,"KAP 1574219 2025/12 cari · TMS29 ×1.1776 (2025/12→2026/06) · XBRL standart elemanında yok, PDF satırından okundu (TL): Çıkışları 14,15 (65.158.689) (777.683.334)",0.0,PDF_OKUNDU,0.000,KAP 1574219 2025/12 cari · TMS29 ×1.1776 (2025/12→2026/06) · Evo PDF: nakit akışta kalem satırı yok → 0,0.0,PDF_OKUNDU,0.000,KAP 1574219 2025/12 cari · TMS29 ×1.1776 (2025/12→2026/06) · Evo PDF: nakit akışta kalem satırı yok → 0,0.0,PDF_OKUNDU,0.000,KAP 1574219 2025/12 cari · TMS29 ×1.1776 (2025/12→2026/06) · Evo PDF: nakit akışta kalem satırı yok → 0,PDF_OKUNDU,455.559,76.731,0.0,FCF_STD,,378.828,0.0,76.731,0.0,,378.828,
IEYHO,Holding,2026/03,286.086,PDF_OKUNDU,-123.988 | 455.559 | 45.485,"KAP 1605231 2026/03 cari · TMS29 ×1.0701 (2026/03→2026/06) · XBRL standart elemanında yok, PDF satırından okundu (TL): A. İŞLETME FAALİYETLERDEN NAKİT AKIŞLARI (115.866.135) 42.505.149 ‖ KAP 1574219 2025/12 cari · TMS29 ×1.1776 (2025/12→2026/06) · XBRL standart elemanında yok, PDF satırından okundu (TL): A. İŞLETME FAALİYETLERDEN NAKİT AKIŞLARI 386.854.079 (1.423.630.263) ‖ KAP 1605231 2026/03 onceki · TMS29 ×1.0701 (2026/03→2026/06) · XBRL standart elemanında yok, PDF satırından okundu (TL): A. İŞLETME FAALİYETLERDEN NAKİT AKIŞLARI (115.866.135) 42.505.149",-25.919,PDF_OKUNDU,-4.333 | -76.731 | -55.145,"KAP 1605231 2026/03 cari · TMS29 ×1.0701 (2026/03→2026/06) · XBRL standart elemanında yok, PDF satırından okundu (TL): Nakit Çıkışları 13 (4.049.412) (51.532.454) ‖ KAP 1574219 2025/12 cari · TMS29 ×1.1776 (2025/12→2026/06) · XBRL standart elemanında yok, PDF satırından okundu (TL): Çıkışları 14,15 (65.158.689) (777.683.334) ‖ KAP 1605231 2026/03 onceki · TMS29 ×1.0701 (2026/03→2026/06) · XBRL standart elemanında yok, PDF satırından okundu (TL): Nakit Çıkışları 13 (4.049.412) (51.532.454)",0.0,PDF_OKUNDU,0.000 | 0.000 | 0.000,KAP 1605231 2026/03 cari · TMS29 ×1.0701 (2026/03→2026/06) · Evo PDF: nakit akışta kalem satırı yok → 0 ‖ KAP 1574219 2025/12 cari · TMS29 ×1.1776 (2025/12→2026/06) · Evo PDF: nakit akışta kalem satırı yok → 0 ‖ KAP 1605231 2026/03 onceki · TMS29 ×1.0701 (2026/03→2026/06) · Evo PDF: nakit akışta kalem satırı yok → 0,0.0,PDF_OKUNDU,0.000 | 0.000 | 0.000,KAP 1605231 2026/03 cari · TMS29 ×1.0701 (2026/03→2026/06) · Evo PDF: nakit akışta kalem satırı yok → 0 ‖ KAP 1574219 2025/12 cari · TMS29 ×1.1776 (2025/12→2026/06) · Evo PDF: nakit akışta kalem satırı yok → 0 ‖ KAP 1605231 2026/03 onceki · TMS29 ×1.0701 (2026/03→2026/06) · Evo PDF: nakit akışta kalem satırı yok → 0,0.0,PDF_OKUNDU,0.000 | 0.000 | 0.000,KAP 1605231 2026/03 cari · TMS29 ×1.0701 (2026/03→2026/06) · Evo PDF: nakit akışta kalem satırı yok → 0 ‖ KAP 1574219 2025/12 cari · TMS29 ×1.1776 (2025/12→2026/06) · Evo PDF: nakit akışta kalem satırı yok → 0 ‖ KAP 1605231 2026/03 onceki · TMS29 ×1.0701 (2026/03→2026/06) · Evo PDF: nakit akışta kalem satırı yok → 0,PDF_OKUNDU,286.081,25.91699999999999,0.0,FCF_STD,,260.164,0.005,25.919,0.0,,260.167,
IEYHO,Holding,2026/06,,BELGE_YOK,— | 455.559 | —,"2026/06 raporu KAP’ta yok ‖ KAP 1574219 2025/12 cari · TMS29 ×1.1776 (2025/12→2026/06) · XBRL standart elemanında yok, PDF satırından okundu (TL): A. İŞLETME FAALİYETLERDEN NAKİT AKIŞLARI 386.854.079 (1.423.630.263) ‖ 2026/06 raporu KAP’ta yok",,BELGE_YOK,— | -76.731 | —,"2026/06 raporu KAP’ta yok ‖ KAP 1574219 2025/12 cari · TMS29 ×1.1776 (2025/12→2026/06) · XBRL standart elemanında yok, PDF satırından okundu (TL): Çıkışları 14,15 (65.158.689) (777.683.334) ‖ 2026/06 raporu KAP’ta yok",,BELGE_YOK,— | 0.000 | —,2026/06 raporu KAP’ta yok ‖ KAP 1574219 2025/12 cari · TMS29 ×1.1776 (2025/12→2026/06) · Evo PDF: nakit akışta kalem satırı yok → 0 ‖ 2026/06 raporu KAP’ta yok,,BELGE_YOK,— | 0.000 | —,2026/06 raporu KAP’ta yok ‖ KAP 1574219 2025/12 cari · TMS29 ×1.1776 (2025/12→2026/06) · Evo PDF: nakit akışta kalem satırı yok → 0 ‖ 2026/06 raporu KAP’ta yok,,BELGE_YOK,— | 0.000 | —,2026/06 raporu KAP’ta yok ‖ KAP 1574219 2025/12 cari · TMS29 ×1.1776 (2025/12→2026/06) · Evo PDF: nakit akışta kalem satırı yok → 0 ‖ 2026/06 raporu KAP’ta yok,BELGE_YOK,1170.573,0.0,0.0,FCF_STD,,1170.573,,,,,,
IHLAS,Holding,2025/03,,BELGE_YOK,— | — | —,2025/03 raporu KAP’ta yok ‖ 2024/12 raporu KAP’ta yok ‖ 2025/03 raporu KAP’ta yok,,BELGE_YOK,— | — | —,2025/03 raporu KAP’ta yok ‖ 2024/12 raporu KAP’ta yok ‖ 2025/03 raporu KAP’ta yok,,BELGE_YOK,— | — | —,2025/03 raporu KAP’ta yok ‖ 2024/12 raporu KAP’ta yok ‖ 2025/03 raporu KAP’ta yok,,BELGE_YOK,— | — | —,2025/03 raporu KAP’ta yok ‖ 2024/12 raporu KAP’ta yok ‖ 2025/03 raporu KAP’ta yok,,BELGE_YOK,— | — | —,2025/03 raporu KAP’ta yok ‖ 2024/12 raporu KAP’ta yok ‖ 2025/03 raporu KAP’ta yok,BELGE_YOK,-169.372,337.301,0.0,FCF_STD,,-506.673,,,,,,
IHLAS,Holding,2025/06,,BELGE_YOK,— | — | —,2025/06 raporu KAP’ta yok ‖ 2024/12 raporu KAP’ta yok ‖ 2025/06 raporu KAP’ta yok,,BELGE_YOK,— | — | —,2025/06 raporu KAP’ta yok ‖ 2024/12 raporu KAP’ta yok ‖ 2025/06 raporu KAP’ta yok,,BELGE_YOK,— | — | —,2025/06 raporu KAP’ta yok ‖ 2024/12 raporu KAP’ta yok ‖ 2025/06 raporu KAP’ta yok,,BELGE_YOK,— | — | —,2025/06 raporu KAP’ta yok ‖ 2024/12 raporu KAP’ta yok ‖ 2025/06 raporu KAP’ta yok,,BELGE_YOK,— | — | —,2025/06 raporu KAP’ta yok ‖ 2024/12 raporu KAP’ta yok ‖ 2025/06 raporu KAP’ta yok,BELGE_YOK,-401.532,346.6659999999999,0.0,FCF_STD,,-748.198,,,,,,
IHLAS,Holding,2025/09,,BELGE_YOK,— | — | —,2025/09 raporu KAP’ta yok ‖ 2024/12 raporu KAP’ta yok ‖ 2025/09 raporu KAP’ta yok,,BELGE_YOK,— | — | —,2025/09 raporu KAP’ta yok ‖ 2024/12 raporu KAP’ta yok ‖ 2025/09 raporu KAP’ta yok,,BELGE_YOK,— | — | —,2025/09 raporu KAP’ta yok ‖ 2024/12 raporu KAP’ta yok ‖ 2025/09 raporu KAP’ta yok,,BELGE_YOK,— | — | —,2025/09 raporu KAP’ta yok ‖ 2024/12 raporu KAP’ta yok ‖ 2025/09 raporu KAP’ta yok,,BELGE_YOK,— | — | —,2025/09 raporu KAP’ta yok ‖ 2024/12 raporu KAP’ta yok ‖ 2025/09 raporu KAP’ta yok,BELGE_YOK,-521.248,364.0389999999999,0.0,FCF_STD,,-885.287,,,,,,
IHLAS,Holding,2025/12,,BELGE_YOK,—,2025/12 raporu KAP’ta yok,,BELGE_YOK,—,2025/12 raporu KAP’ta yok,,BELGE_YOK,—,2025/12 raporu KAP’ta yok,,BELGE_YOK,—,2025/12 raporu KAP’ta yok,,BELGE_YOK,—,2025/12 raporu KAP’ta yok,BELGE_YOK,-182.955,489.314,0.0,FCF_STD,,-672.269,,,,,,
IHLAS,Holding,2026/03,,BELGE_YOK,— | — | —,2026/03 raporu KAP’ta yok ‖ 2025/12 raporu KAP’ta yok ‖ 2026/03 raporu KAP’ta yok,,BELGE_YOK,— | — | —,2026/03 raporu KAP’ta yok ‖ 2025/12 raporu KAP’ta yok ‖ 2026/03 raporu KAP’ta yok,,BELGE_YOK,— | — | —,2026/03 raporu KAP’ta yok ‖ 2025/12 raporu KAP’ta yok ‖ 2026/03 raporu KAP’ta yok,,BELGE_YOK,— | — | —,2026/03 raporu KAP’ta yok ‖ 2025/12 raporu KAP’ta yok ‖ 2026/03 raporu KAP’ta yok,,BELGE_YOK,— | — | —,2026/03 raporu KAP’ta yok ‖ 2025/12 raporu KAP’ta yok ‖ 2026/03 raporu KAP’ta yok,BELGE_YOK,-588.0600000000001,487.6119999999999,0.0,FCF_STD,,-1075.672,,,,,,
IHLAS,Holding,2026/06,,BELGE_YOK,— | — | —,2026/06 raporu KAP’ta yok ‖ 2025/12 raporu KAP’ta yok ‖ 2026/06 raporu KAP’ta yok,,BELGE_YOK,— | — | —,2026/06 raporu KAP’ta yok ‖ 2025/12 raporu KAP’ta yok ‖ 2026/06 raporu KAP’ta yok,,BELGE_YOK,— | — | —,2026/06 raporu KAP’ta yok ‖ 2025/12 raporu KAP’ta yok ‖ 2026/06 raporu KAP’ta yok,,BELGE_YOK,— | — | —,2026/06 raporu KAP’ta yok ‖ 2025/12 raporu KAP’ta yok ‖ 2026/06 raporu KAP’ta yok,,BELGE_YOK,— | — | —,2026/06 raporu KAP’ta yok ‖ 2025/12 raporu KAP’ta yok ‖ 2026/06 raporu KAP’ta yok,BELGE_YOK,-267.832,520.1830000000001,0.0,FCF_STD,,-788.0150000000001,,,,,,
IHYAY,Holding,2025/03,,BELGE_YOK,— | -25.896 | —,2025/03 raporu KAP’ta yok ‖ 2024/12 raporu KAP’ta yok → yedek: 2024/12 değeri 2025/12 raporunun onceki sütunundan · KAP 1565855 2025/12 onceki · TMS29 ×1.1776 (2025/12→2026/06) · PDF s.17 (TL): İşletme faaliyetlerinden sağlanan net nakit akışları (A) 225.401.100 (21.990.072) ‖ 2025/03 raporu KAP’ta yok,,BELGE_YOK,— | -138.213 | —,2025/03 raporu KAP’ta yok ‖ 2024/12 raporu KAP’ta yok → yedek: 2024/12 değeri 2025/12 raporunun onceki sütunundan · KAP 1565855 2025/12 onceki · TMS29 ×1.1776 (2025/12→2026/06) · PDF s.18 (TL): Maddi duran varlık alımlarından kaynaklanan nakit çıkışları 14 (88.208.127) (106.551.355) + çıkışları 15 (12.673.001) (10.816.751) ‖ 2025/03 raporu KAP’ta yok,,BELGE_YOK,— | 0.000 | —,2025/03 raporu KAP’ta yok ‖ 2024/12 raporu KAP’ta yok → yedek: 2024/12 değeri 2025/12 raporunun onceki sütunundan · KAP 1565855 2025/12 onceki ‖ 2025/03 raporu KAP’ta yok,,BELGE_YOK,— | 0.000 | —,2025/03 raporu KAP’ta yok ‖ 2024/12 raporu KAP’ta yok → yedek: 2024/12 değeri 2025/12 raporunun onceki sütunundan · KAP 1565855 2025/12 onceki ‖ 2025/03 raporu KAP’ta yok,,BELGE_YOK,— | 0.000 | —,2025/03 raporu KAP’ta yok ‖ 2024/12 raporu KAP’ta yok → yedek: 2024/12 değeri 2025/12 raporunun onceki sütunundan · KAP 1565855 2025/12 onceki ‖ 2025/03 raporu KAP’ta yok,BELGE_YOK,-2.919999999999987,79.38499999999999,0.0,FCF_STD,,-82.30499999999998,,,,,,
IHYAY,Holding,2025/06,,BELGE_YOK,64.275 | -25.896 | —,2025/06 raporu KAP’ta yok → yedek: 2025/06 değeri 2026/06 raporunun onceki sütunundan · KAP 1652803 2026/06 onceki · TMS29 ×1.0000 (2026/06→2026/06) · PDF s.11 (TL): İşletme faaliyetlerinden sağlanan net nakit akışları (A) (478.914.368) 64.275.073 ‖ 2024/12 raporu KAP’ta yok → yedek: 2024/12 değeri 2025/12 raporunun onceki sütunundan · KAP 1565855 2025/12 onceki · TMS29 ×1.1776 (2025/12→2026/06) · PDF s.17 (TL): İşletme faaliyetlerinden sağlanan net nakit akışları (A) 225.401.100 (21.990.072) ‖ 2025/06 raporu KAP’ta yok,,BELGE_YOK,-49.072 | -138.213 | —,2025/06 raporu KAP’ta yok → yedek: 2025/06 değeri 2026/06 raporunun onceki sütunundan · KAP 1652803 2026/06 onceki · TMS29 ×1.0000 (2026/06→2026/06) · PDF s.12 (TL): Maddi duran varlık alımlarından kaynaklanan nakit çıkışları 9 (64.072.958) (38.219.479) + çıkışları (1.051.040) (10.852.612) ‖ 2024/12 raporu KAP’ta yok → yedek: 2024/12 değeri 2025/12 raporunun onceki sütunundan · KAP 1565855 2025/12 onceki · TMS29 ×1.1776 (2025/12→2026/06) · PDF s.18 (TL): Maddi duran varlık alımlarından kaynaklanan nakit çıkışları 14 (88.208.127) (106.551.355) + çıkışları 15 (12.673.001) (10.816.751) ‖ 2025/06 raporu KAP’ta yok,,BELGE_YOK,0.000 | 0.000 | —,2025/06 raporu KAP’ta yok → yedek: 2025/06 değeri 2026/06 raporunun onceki sütunundan · KAP 1652803 2026/06 onceki · TMS29 ×1.0000 (2026/06→2026/06) ‖ 2024/12 raporu KAP’ta yok → yedek: 2024/12 değeri 2025/12 raporunun onceki sütunundan · KAP 1565855 2025/12 onceki ‖ 2025/06 raporu KAP’ta yok,,BELGE_YOK,0.000 | 0.000 | —,2025/06 raporu KAP’ta yok → yedek: 2025/06 değeri 2026/06 raporunun onceki sütunundan · KAP 1652803 2026/06 onceki ‖ 2024/12 raporu KAP’ta yok → yedek: 2024/12 değeri 2025/12 raporunun onceki sütunundan · KAP 1565855 2025/12 onceki ‖ 2025/06 raporu KAP’ta yok,,BELGE_YOK,0.000 | 0.000 | —,2025/06 raporu KAP’ta yok → yedek: 2025/06 değeri 2026/06 raporunun onceki sütunundan · KAP 1652803 2026/06 onceki ‖ 2024/12 raporu KAP’ta yok → yedek: 2024/12 değeri 2025/12 raporunun onceki sütunundan · KAP 1565855 2025/12 onceki ‖ 2025/06 raporu KAP’ta yok,BELGE_YOK,38.77100000000001,84.943,0.0,FCF_STD,,-46.17199999999999,,,,,,
IHYAY,Holding,2025/09,,BELGE_YOK,— | -25.896 | —,2025/09 raporu KAP’ta yok ‖ 2024/12 raporu KAP’ta yok → yedek: 2024/12 değeri 2025/12 raporunun onceki sütunundan · KAP 1565855 2025/12 onceki · TMS29 ×1.1776 (2025/12→2026/06) · PDF s.17 (TL): İşletme faaliyetlerinden sağlanan net nakit akışları (A) 225.401.100 (21.990.072) ‖ 2025/09 raporu KAP’ta yok,,BELGE_YOK,— | -138.213 | —,2025/09 raporu KAP’ta yok ‖ 2024/12 raporu KAP’ta yok → yedek: 2024/12 değeri 2025/12 raporunun onceki sütunundan · KAP 1565855 2025/12 onceki · TMS29 ×1.1776 (2025/12→2026/06) · PDF s.18 (TL): Maddi duran varlık alımlarından kaynaklanan nakit çıkışları 14 (88.208.127) (106.551.355) + çıkışları 15 (12.673.001) (10.816.751) ‖ 2025/09 raporu KAP’ta yok,,BELGE_YOK,— | 0.000 | —,2025/09 raporu KAP’ta yok ‖ 2024/12 raporu KAP’ta yok → yedek: 2024/12 değeri 2025/12 raporunun onceki sütunundan · KAP 1565855 2025/12 onceki ‖ 2025/09 raporu KAP’ta yok,,BELGE_YOK,— | 0.000 | —,2025/09 raporu KAP’ta yok ‖ 2024/12 raporu KAP’ta yok → yedek: 2024/12 değeri 2025/12 raporunun onceki sütunundan · KAP 1565855 2025/12 onceki ‖ 2025/09 raporu KAP’ta yok,,BELGE_YOK,— | 0.000 | —,2025/09 raporu KAP’ta yok ‖ 2024/12 raporu KAP’ta yok → yedek: 2024/12 değeri 2025/12 raporunun onceki sütunundan · KAP 1565855 2025/12 onceki ‖ 2025/09 raporu KAP’ta yok,BELGE_YOK,160.933,100.437,0.0,FCF_STD,,60.49599999999998,,,,,,
IHYAY,Holding,2025/12,265.432,TEYITLI,265.432,KAP 1565855 2025/12 cari · TMS29 ×1.1776 (2025/12→2026/06) · PDF s.17 (TL): İşletme faaliyetlerinden sağlanan net nakit akışları (A) 225.401.100 (21.990.072),-118.798,TEYITLI,-118.798,KAP 1565855 2025/12 cari · TMS29 ×1.1776 (2025/12→2026/06) · PDF s.18 (TL): Maddi duran varlık alımlarından kaynaklanan nakit çıkışları 14 (88.208.127) (106.551.355) + çıkışları 15 (12.673.001) (10.816.751),0.0,TEYITLI,0.000,KAP 1565855 2025/12 cari,0.0,TEYITLI,0.000,KAP 1565855 2025/12 cari,0.0,TEYITLI,0.000,KAP 1565855 2025/12 cari,TEYITLI,265.432,118.798,0.0,FCF_STD,,146.634,0.0,118.798,0.0,,146.634,
IHYAY,Holding,2026/03,,BELGE_YOK,— | 265.432 | —,2026/03 raporu KAP’ta yok ‖ KAP 1565855 2025/12 cari · TMS29 ×1.1776 (2025/12→2026/06) · PDF s.17 (TL): İşletme faaliyetlerinden sağlanan net nakit akışları (A) 225.401.100 (21.990.072) ‖ 2026/03 raporu KAP’ta yok,,BELGE_YOK,— | -118.798 | —,2026/03 raporu KAP’ta yok ‖ KAP 1565855 2025/12 cari · TMS29 ×1.1776 (2025/12→2026/06) · PDF s.18 (TL): Maddi duran varlık alımlarından kaynaklanan nakit çıkışları 14 (88.208.127) (106.551.355) + çıkışları 15 (12.673.001) (10.816.751) ‖ 2026/03 raporu KAP’ta yok,,BELGE_YOK,— | 0.000 | —,2026/03 raporu KAP’ta yok ‖ KAP 1565855 2025/12 cari ‖ 2026/03 raporu KAP’ta yok,,BELGE_YOK,— | 0.000 | —,2026/03 raporu KAP’ta yok ‖ KAP 1565855 2025/12 cari ‖ 2026/03 raporu KAP’ta yok,,BELGE_YOK,— | 0.000 | —,2026/03 raporu KAP’ta yok ‖ KAP 1565855 2025/12 cari ‖ 2026/03 raporu KAP’ta yok,BELGE_YOK,287.147,129.357,0.0,FCF_STD,,157.79,,,,,,
IHYAY,Holding,2026/06,-277.757,TEYITLI,-478.914 | 265.432 | 64.275,KAP 1652803 2026/06 cari · TMS29 ×1.0000 (2026/06→2026/06) · PDF s.11 (TL): İşletme faaliyetlerinden sağlanan net nakit akışları (A) (478.914.368) 64.275.073 ‖ KAP 1565855 2025/12 cari · TMS29 ×1.1776 (2025/12→2026/06) · PDF s.17 (TL): İşletme faaliyetlerinden sağlanan net nakit akışları (A) 225.401.100 (21.990.072) ‖ KAP 1652803 2026/06 onceki · TMS29 ×1.0000 (2026/06→2026/06) · PDF s.11 (TL): İşletme faaliyetlerinden sağlanan net nakit akışları (A) (478.914.368) 64.275.073,-134.85,TEYITLI,-65.124 | -118.798 | -49.072,KAP 1652803 2026/06 cari · TMS29 ×1.0000 (2026/06→2026/06) · PDF s.12 (TL): Maddi duran varlık alımlarından kaynaklanan nakit çıkışları 9 (64.072.958) (38.219.479) + çıkışları (1.051.040) (10.852.612) ‖ KAP 1565855 2025/12 cari · TMS29 ×1.1776 (2025/12→2026/06) · PDF s.18 (TL): Maddi duran varlık alımlarından kaynaklanan nakit çıkışları 14 (88.208.127) (106.551.355) + çıkışları 15 (12.673.001) (10.816.751) ‖ KAP 1652803 2026/06 onceki · TMS29 ×1.0000 (2026/06→2026/06) · PDF s.12 (TL): Maddi duran varlık alımlarından kaynaklanan nakit çıkışları 9 (64.072.958) (38.219.479) + çıkışları (1.051.040) (10.852.612),-1.685,TEYITLI,-1.685 | 0.000 | 0.000,KAP 1652803 2026/06 cari · TMS29 ×1.0000 (2026/06→2026/06) · PDF s.12 (TL): Yatırım amaçlı gayrimenkul alımından kaynaklanan nakit çıkışları (1.684.707) - ‖ KAP 1565855 2025/12 cari ‖ KAP 1652803 2026/06 onceki · TMS29 ×1.0000 (2026/06→2026/06),0.0,TEYITLI,0.000 | 0.000 | 0.000,KAP 1652803 2026/06 cari ‖ KAP 1565855 2025/12 cari ‖ KAP 1652803 2026/06 onceki,0.0,TEYITLI,0.000 | 0.000 | 0.000,KAP 1652803 2026/06 cari ‖ KAP 1565855 2025/12 cari ‖ KAP 1652803 2026/06 onceki,TEYITLI,-277.7569999999999,,0.0,FCF_HLD,0.0,,-0.0,136.535,0.0,,-414.292,
INVES,Holding,2025/03,-6535.322,TEYITLI,-5511.367 | -392.733 | 631.222,KAP 1432231 2025/03 cari · TMS29 ×1.4004 (2025/03→2026/06) · PDF s.7 (TL): (3.935.566.305) 450.743.923 ‖ KAP 1396818 2024/12 cari · TMS29 ×1.5414 (2024/12→2026/06) · PDF s.12 (TL): (254.789.954) (546.030.444) ‖ KAP 1432231 2025/03 onceki · TMS29 ×1.4004 (2025/03→2026/06) · PDF s.7 (TL): (3.935.566.305) 450.743.923,-0.195,TEYITLI,-0.051 | -0.223 | -0.079,KAP 1432231 2025/03 cari · TMS29 ×1.4004 (2025/03→2026/06) · PDF s.7 (TL): kaynaklanan nakit çıkışları (36.502) (56.451) ‖ KAP 1396818 2024/12 cari · TMS29 ×1.5414 (2024/12→2026/06) · PDF s.12 (TL): kaynaklanan nakit çıkışları (144.438) (30.464) ‖ KAP 1432231 2025/03 onceki · TMS29 ×1.4004 (2025/03→2026/06) · PDF s.7 (TL): kaynaklanan nakit çıkışları (36.502) (56.451),0.0,TEYITLI,0.000 | 0.000 | 0.000,KAP 1432231 2025/03 cari ‖ KAP 1396818 2024/12 cari ‖ KAP 1432231 2025/03 onceki,0.0,TEYITLI,0.000 | 0.000 | 0.000,KAP 1432231 2025/03 cari ‖ KAP 1396818 2024/12 cari ‖ KAP 1432231 2025/03 onceki,21.577,TEYITLI,0.000 | 21.577 | 0.000,KAP 1432231 2025/03 cari ‖ KAP 1396818 2024/12 cari · TMS29 ×1.5414 (2024/12→2026/06) · PDF s.12 (TL): - Alınan temettüler 13.998.590 19.945.106 ‖ KAP 1432231 2025/03 onceki,TEYITLI,-834.821,,0.0,FCF_HLD,,,-5700.501,0.195,0.0,,-6513.94,
INVES,Holding,2025/06,271.797,TEYITLI,-298.734 | -392.733 | -963.264,KAP 1476329 2025/06 cari · TMS29 ×1.3211 (2025/06→2026/06) · PDF s.8 (TL): (226.124.840) (729.137.965) ‖ KAP 1396818 2024/12 cari · TMS29 ×1.5414 (2024/12→2026/06) · PDF s.12 (TL): (254.789.954) (546.030.444) ‖ KAP 1476329 2025/06 onceki · TMS29 ×1.3211 (2025/06→2026/06) · PDF s.8 (TL): (226.124.840) (729.137.965),-0.104,TEYITLI,-0.051 | -0.223 | -0.170,KAP 1476329 2025/06 cari · TMS29 ×1.3211 (2025/06→2026/06) · PDF s.8 (TL): kaynaklanan nakit çıkışları 8 (38.694) (128.473) ‖ KAP 1396818 2024/12 cari · TMS29 ×1.5414 (2024/12→2026/06) · PDF s.12 (TL): kaynaklanan nakit çıkışları (144.438) (30.464) ‖ KAP 1476329 2025/06 onceki · TMS29 ×1.3211 (2025/06→2026/06) · PDF s.8 (TL): kaynaklanan nakit çıkışları 8 (38.694) (128.473),0.0,TEYITLI,0.000 | 0.000 | 0.000,KAP 1476329 2025/06 cari ‖ KAP 1396818 2024/12 cari ‖ KAP 1476329 2025/06 onceki,0.0,TEYITLI,0.000 | 0.000 | 0.000,KAP 1476329 2025/06 cari ‖ KAP 1396818 2024/12 cari ‖ KAP 1476329 2025/06 onceki,8.011,TEYITLI,0.000 | 21.577 | 13.567,KAP 1476329 2025/06 cari · TMS29 ×1.3211 (2025/06→2026/06) ‖ KAP 1396818 2024/12 cari · TMS29 ×1.5414 (2024/12→2026/06) · PDF s.12 (TL): - Alınan temettüler 13.998.590 19.945.106 ‖ KAP 1476329 2025/06 onceki · TMS29 ×1.3211 (2025/06→2026/06) · PDF s.8 (TL): - Alınan kar payları - 10.269.108,TEYITLI,286.963,,0.0,FCF_HLD,,,-15.166,0.104,0.0,,279.704,
INVES,Holding,2025/09,-360.341,TEYITLI,-256.784 | -392.733 | -289.176,KAP 1509374 2025/09 cari · TMS29 ×1.2289 (2025/09→2026/06) · PDF s.7 (TL): (208.954.421) (235.312.748) ‖ KAP 1396818 2024/12 cari · TMS29 ×1.5414 (2024/12→2026/06) · PDF s.12 (TL): (254.789.954) (546.030.444) ‖ KAP 1509374 2025/09 onceki · TMS29 ×1.2289 (2025/09→2026/06) · PDF s.7 (TL): (208.954.421) (235.312.748),-0.167,TEYITLI,-0.114 | -0.223 | -0.170,KAP 1509374 2025/09 cari · TMS29 ×1.2289 (2025/09→2026/06) · PDF s.7 (TL): kaynaklanan nakit çıkışları 8 (92.736) (138.115) ‖ KAP 1396818 2024/12 cari · TMS29 ×1.5414 (2024/12→2026/06) · PDF s.12 (TL): kaynaklanan nakit çıkışları (144.438) (30.464) ‖ KAP 1509374 2025/09 onceki · TMS29 ×1.2289 (2025/09→2026/06) · PDF s.7 (TL): kaynaklanan nakit çıkışları 8 (92.736) (138.115),0.0,TEYITLI,0.000 | 0.000 | 0.000,KAP 1509374 2025/09 cari ‖ KAP 1396818 2024/12 cari ‖ KAP 1509374 2025/09 onceki,0.0,TEYITLI,0.000 | 0.000 | 0.000,KAP 1509374 2025/09 cari ‖ KAP 1396818 2024/12 cari ‖ KAP 1509374 2025/09 onceki,23.813,TEYITLI,4.397 | 21.577 | 2.161,KAP 1509374 2025/09 cari · TMS29 ×1.2289 (2025/09→2026/06) · PDF s.7 (TL): - Alınan kar payları 3.577.610 1.758.840 ‖ KAP 1396818 2024/12 cari · TMS29 ×1.5414 (2024/12→2026/06) · PDF s.12 (TL): - Alınan temettüler 13.998.590 19.945.106 ‖ KAP 1509374 2025/09 onceki · TMS29 ×1.2289 (2025/09→2026/06) · PDF s.7 (TL): - Alınan kar payları 3.577.610 1.758.840,TEYITLI,-345.1790000000001,,0.0,FCF_HLD,,,-15.162,0.167,0.0,,-336.695,
INVES,Holding,2025/12,-287.095,TEYITLI,-287.095,KAP 1564639 2025/12 cari · TMS29 ×1.1776 (2025/12→2026/06) · PDF s.12 (TL): (243.796.346) (320.627.593),-0.114,TEYITLI,-0.114,KAP 1564639 2025/12 cari · TMS29 ×1.1776 (2025/12→2026/06) · PDF s.12 (TL): kaynaklanan nakit çıkışları (96.774) (171.751),0.0,TEYITLI,0.000,KAP 1564639 2025/12 cari,0.0,TEYITLI,0.000,KAP 1564639 2025/12 cari,4.258,TEYITLI,4.258,KAP 1564639 2025/12 cari · TMS29 ×1.1776 (2025/12→2026/06) · PDF s.12 (TL): - Alınan temettüler 3.616.121 18.323.080,TEYITLI,-287.094,0.114,0.0,FCF_HLD,4.258,-282.95,-0.001,0.114,0.0,,-282.951,
INVES,Holding,2026/03,-410.715,TEYITLI,50.374 | -287.095 | 173.995,KAP 1600014 2026/03 cari · TMS29 ×1.0701 (2026/03→2026/06) · PDF s.7 (TL): 47.074.225 162.596.717 ‖ KAP 1564639 2025/12 cari · TMS29 ×1.1776 (2025/12→2026/06) · PDF s.12 (TL): (243.796.346) (320.627.593) ‖ KAP 1600014 2026/03 onceki · TMS29 ×1.0701 (2026/03→2026/06) · PDF s.7 (TL): 47.074.225 162.596.717,-0.063,PDF_OKUNDU,0.000 | -0.114 | -0.051,"KAP 1600014 2026/03 cari · TMS29 ×1.0701 (2026/03→2026/06) · XBRL standart elemanında yok, PDF satırından okundu (TL): kaynaklanan nakit çıkışları - (47.769) ‖ KAP 1564639 2025/12 cari · TMS29 ×1.1776 (2025/12→2026/06) · PDF s.12 (TL): kaynaklanan nakit çıkışları (96.774) (171.751) ‖ KAP 1600014 2026/03 onceki · TMS29 ×1.0701 (2026/03→2026/06) · XBRL standart elemanında yok, PDF satırından okundu (TL): kaynaklanan nakit çıkışları - (47.769)",0.0,TEYITLI,0.000 | 0.000 | 0.000,KAP 1600014 2026/03 cari ‖ KAP 1564639 2025/12 cari ‖ KAP 1600014 2026/03 onceki,0.0,TEYITLI,0.000 | 0.000 | 0.000,KAP 1600014 2026/03 cari ‖ KAP 1564639 2025/12 cari ‖ KAP 1600014 2026/03 onceki,4.258,TEYITLI,0.000 | 4.258 | 0.000,KAP 1600014 2026/03 cari ‖ KAP 1564639 2025/12 cari · TMS29 ×1.1776 (2025/12→2026/06) · PDF s.12 (TL): - Alınan temettüler 3.616.121 18.323.080 ‖ KAP 1600014 2026/03 onceki,PDF_OKUNDU,-410.718,,0.0,FCF_HLD,,,0.003,0.063,0.0,,-406.52,
INVES,Holding,2026/06,-16.622,TEYITLI,-28.263 | -287.095 | -298.735,KAP 1647352 2026/06 cari · TMS29 ×1.0000 (2026/06→2026/06) · PDF s.9 (TL): (28.262.619) (298.734.985) ‖ KAP 1564639 2025/12 cari · TMS29 ×1.1776 (2025/12→2026/06) · PDF s.12 (TL): (243.796.346) (320.627.593) ‖ KAP 1647352 2026/06 onceki · TMS29 ×1.0000 (2026/06→2026/06) · PDF s.9 (TL): (28.262.619) (298.734.985),-0.063,TEYITLI,0.000 | -0.114 | -0.051,"KAP 1647352 2026/06 cari · TMS29 ×1.0000 (2026/06→2026/06) ‖ KAP 1564639 2025/12 cari · TMS29 ×1.1776 (2025/12→2026/06) · PDF s.12 (TL): kaynaklanan nakit çıkışları (96.774) (171.751) ‖ KAP 1647352 2026/06 onceki · TMS29 ×1.0000 (2026/06→2026/06) · PDF s.9 (TL): kaynaklanan nakit çıkışları 8,9 - (51.119)",0.0,TEYITLI,0.000 | 0.000 | 0.000,KAP 1647352 2026/06 cari ‖ KAP 1564639 2025/12 cari ‖ KAP 1647352 2026/06 onceki,0.0,TEYITLI,0.000 | 0.000 | 0.000,KAP 1647352 2026/06 cari ‖ KAP 1564639 2025/12 cari ‖ KAP 1647352 2026/06 onceki,4.258,TEYITLI,0.000 | 4.258 | 0.000,KAP 1647352 2026/06 cari ‖ KAP 1564639 2025/12 cari · TMS29 ×1.1776 (2025/12→2026/06) · PDF s.12 (TL): - Alınan temettüler 3.616.121 18.323.080 ‖ KAP 1647352 2026/06 onceki,TEYITLI,-16.62199999999996,,0.0,FCF_HLD,,,-0.0,0.063,0.0,,-12.427,
ISBIR,Holding,2025/03,,BELGE_YOK,— | 1311.071 | —,"2025/03 raporu KAP’ta yok ‖ KAP 1404332 2024/12 cari · TMS29 ×1.5414 (2024/12→2026/06) · PDF s.14 (TL): A. İşletme faaliyetlerinden nakit akışları, net 850.571.452 1.405.048.692 ‖ 2025/03 raporu KAP’ta yok",,BELGE_YOK,— | -701.773 | —,2025/03 raporu KAP’ta yok ‖ KAP 1404332 2024/12 cari · TMS29 ×1.5414 (2024/12→2026/06) · PDF s.14 (TL): Maddi ve maddi olmayan duran varlıkların alımından kaynaklanan nakit çıkışları (455.283.160) (217.999.289) ‖ 2025/03 raporu KAP’ta yok,,BELGE_YOK,— | -26.388 | —,2025/03 raporu KAP’ta yok ‖ KAP 1404332 2024/12 cari · TMS29 ×1.5414 (2024/12→2026/06) · PDF s.14 (TL): Yatırım amaçlı gayrimenkul alımları (17.119.473) - ‖ 2025/03 raporu KAP’ta yok,,BELGE_YOK,— | 0.000 | —,2025/03 raporu KAP’ta yok ‖ KAP 1404332 2024/12 cari ‖ 2025/03 raporu KAP’ta yok,,BELGE_YOK,— | 0.000 | —,2025/03 raporu KAP’ta yok ‖ KAP 1404332 2024/12 cari ‖ 2025/03 raporu KAP’ta yok,BELGE_YOK,,,,FCF_HLD,,,,,,,,
ISBIR,Holding,2025/06,-730.834,TEYITLI,-556.651 | 1311.071 | 1485.253,"KAP 1474999 2025/06 cari · TMS29 ×1.3211 (2025/06→2026/06) · PDF s.7 (TL): A. İşletme faaliyetlerinden nakit akışları (421.354.529) 1.124.254.789 ‖ KAP 1404332 2024/12 cari · TMS29 ×1.5414 (2024/12→2026/06) · PDF s.14 (TL): A. İşletme faaliyetlerinden nakit akışları, net 850.571.452 1.405.048.692 ‖ KAP 1474999 2025/06 onceki · TMS29 ×1.3211 (2025/06→2026/06) · PDF s.7 (TL): A. İşletme faaliyetlerinden nakit akışları (421.354.529) 1.124.254.789",-512.876,TEYITLI,-293.907 | -701.773 | -482.804,KAP 1474999 2025/06 cari · TMS29 ×1.3211 (2025/06→2026/06) · PDF s.7 (TL): Maddi ve maddi olmayan duran varlık alımları 9 (222.471.321) (365.456.316) ‖ KAP 1404332 2024/12 cari · TMS29 ×1.5414 (2024/12→2026/06) · PDF s.14 (TL): Maddi ve maddi olmayan duran varlıkların alımından kaynaklanan nakit çıkışları (455.283.160) (217.999.289) ‖ KAP 1474999 2025/06 onceki · TMS29 ×1.3211 (2025/06→2026/06) · PDF s.7 (TL): Maddi ve maddi olmayan duran varlık alımları 9 (222.471.321) (365.456.316),-26.388,TEYITLI,0.000 | -26.388 | 0.000,KAP 1474999 2025/06 cari ‖ KAP 1404332 2024/12 cari · TMS29 ×1.5414 (2024/12→2026/06) · PDF s.14 (TL): Yatırım amaçlı gayrimenkul alımları (17.119.473) - ‖ KAP 1474999 2025/06 onceki,0.0,TEYITLI,0.000 | 0.000 | 0.000,KAP 1474999 2025/06 cari ‖ KAP 1404332 2024/12 cari ‖ KAP 1474999 2025/06 onceki,0.0,TEYITLI,0.000 | 0.000 | 0.000,KAP 1474999 2025/06 cari ‖ KAP 1404332 2024/12 cari ‖ KAP 1474999 2025/06 onceki,TEYITLI,,,0.0,FCF_HLD,0.0,,,539.264,0.0,,-1270.098,
ISBIR,Holding,2025/09,,BELGE_YOK,— | 1311.071 | —,"2025/09 raporu KAP’ta yok ‖ KAP 1404332 2024/12 cari · TMS29 ×1.5414 (2024/12→2026/06) · PDF s.14 (TL): A. İşletme faaliyetlerinden nakit akışları, net 850.571.452 1.405.048.692 ‖ 2025/09 raporu KAP’ta yok",,BELGE_YOK,— | -701.773 | —,2025/09 raporu KAP’ta yok ‖ KAP 1404332 2024/12 cari · TMS29 ×1.5414 (2024/12→2026/06) · PDF s.14 (TL): Maddi ve maddi olmayan duran varlıkların alımından kaynaklanan nakit çıkışları (455.283.160) (217.999.289) ‖ 2025/09 raporu KAP’ta yok,,BELGE_YOK,— | -26.388 | —,2025/09 raporu KAP’ta yok ‖ KAP 1404332 2024/12 cari · TMS29 ×1.5414 (2024/12→2026/06) · PDF s.14 (TL): Yatırım amaçlı gayrimenkul alımları (17.119.473) - ‖ 2025/09 raporu KAP’ta yok,,BELGE_YOK,— | 0.000 | —,2025/09 raporu KAP’ta yok ‖ KAP 1404332 2024/12 cari ‖ 2025/09 raporu KAP’ta yok,,BELGE_YOK,— | 0.000 | —,2025/09 raporu KAP’ta yok ‖ KAP 1404332 2024/12 cari ‖ 2025/09 raporu KAP’ta yok,BELGE_YOK,,,,FCF_HLD,,,,,,,,
ISBIR,Holding,2025/12,333.128,TEYITLI,333.128,"KAP 1567580 2025/12 cari · TMS29 ×1.1776 (2025/12→2026/06) · PDF s.14 (TL): A. İşletme faaliyetlerinden nakit akışları, net 282.887.619 1.760.645.082",-710.449,TEYITLI,-710.449,KAP 1567580 2025/12 cari · TMS29 ×1.1776 (2025/12→2026/06) · PDF s.14 (TL): Maddi ve maddi olmayan duran varlıkların alımından kaynaklanan nakit çıkışları (603.302.407) (595.930.729),0.0,TEYITLI,0.000,KAP 1567580 2025/12 cari,0.0,TEYITLI,0.000,KAP 1567580 2025/12 cari,0.0,TEYITLI,0.000,KAP 1567580 2025/12 cari,TEYITLI,333.128,710.448,0.0,FCF_HLD,0.0,-377.32,0.0,710.449,0.0,,-377.321,
ISBIR,Holding,2026/03,,BELGE_YOK,— | 333.128 | —,"2026/03 raporu KAP’ta yok ‖ KAP 1567580 2025/12 cari · TMS29 ×1.1776 (2025/12→2026/06) · PDF s.14 (TL): A. İşletme faaliyetlerinden nakit akışları, net 282.887.619 1.760.645.082 ‖ 2026/03 raporu KAP’ta yok",,BELGE_YOK,— | -710.449 | —,2026/03 raporu KAP’ta yok ‖ KAP 1567580 2025/12 cari · TMS29 ×1.1776 (2025/12→2026/06) · PDF s.14 (TL): Maddi ve maddi olmayan duran varlıkların alımından kaynaklanan nakit çıkışları (603.302.407) (595.930.729) ‖ 2026/03 raporu KAP’ta yok,,BELGE_YOK,— | 0.000 | —,2026/03 raporu KAP’ta yok ‖ KAP 1567580 2025/12 cari ‖ 2026/03 raporu KAP’ta yok,,BELGE_YOK,— | 0.000 | —,2026/03 raporu KAP’ta yok ‖ KAP 1567580 2025/12 cari ‖ 2026/03 raporu KAP’ta yok,,BELGE_YOK,— | 0.000 | —,2026/03 raporu KAP’ta yok ‖ KAP 1567580 2025/12 cari ‖ 2026/03 raporu KAP’ta yok,BELGE_YOK,,,,FCF_HLD,,,,,,,,
ISBIR,Holding,2026/06,274.086,TEYITLI,-140.320 | 333.128 | -81.278,"KAP 1644686 2026/06 cari · TMS29 ×1.0000 (2026/06→2026/06) · PDF s.7 (TL): A. İşletme faaliyetlerinden nakit akışları, net (140.320.027) (81.277.689) ‖ KAP 1567580 2025/12 cari · TMS29 ×1.1776 (2025/12→2026/06) · PDF s.14 (TL): A. İşletme faaliyetlerinden nakit akışları, net 282.887.619 1.760.645.082 ‖ KAP 1644686 2026/06 onceki · TMS29 ×1.0000 (2026/06→2026/06) · PDF s.7 (TL): A. İşletme faaliyetlerinden nakit akışları, net (140.320.027) (81.277.689)",-919.409,TEYITLI,-502.865 | -710.449 | -293.905,KAP 1644686 2026/06 cari · TMS29 ×1.0000 (2026/06→2026/06) · PDF s.7 (TL): Maddi ve maddi olmayan duran varlıkların alımından kaynaklanan nakit çıkışları (502.864.787) (293.904.717) ‖ KAP 1567580 2025/12 cari · TMS29 ×1.1776 (2025/12→2026/06) · PDF s.14 (TL): Maddi ve maddi olmayan duran varlıkların alımından kaynaklanan nakit çıkışları (603.302.407) (595.930.729) ‖ KAP 1644686 2026/06 onceki · TMS29 ×1.0000 (2026/06→2026/06) · PDF s.7 (TL): Maddi ve maddi olmayan duran varlıkların alımından kaynaklanan nakit çıkışları (502.864.787) (293.904.717),0.0,TEYITLI,0.000 | 0.000 | 0.000,KAP 1644686 2026/06 cari ‖ KAP 1567580 2025/12 cari ‖ KAP 1644686 2026/06 onceki,0.0,TEYITLI,0.000 | 0.000 | 0.000,KAP 1644686 2026/06 cari ‖ KAP 1567580 2025/12 cari ‖ KAP 1644686 2026/06 onceki,0.0,TEYITLI,0.000 | 0.000 | 0.000,KAP 1644686 2026/06 cari ‖ KAP 1567580 2025/12 cari ‖ KAP 1644686 2026/06 onceki,TEYITLI,,,0.0,FCF_HLD,0.0,,,919.409,0.0,,-645.323,
IZINV,Holding,2025/03,,BELGE_YOK,— | — | —,2025/03 raporu KAP’ta yok ‖ 2024/12 raporu KAP’ta yok ‖ 2025/03 raporu KAP’ta yok,,BELGE_YOK,— | — | —,2025/03 raporu KAP’ta yok ‖ 2024/12 raporu KAP’ta yok ‖ 2025/03 raporu KAP’ta yok,,BELGE_YOK,— | — | —,2025/03 raporu KAP’ta yok ‖ 2024/12 raporu KAP’ta yok ‖ 2025/03 raporu KAP’ta yok,,BELGE_YOK,— | — | —,2025/03 raporu KAP’ta yok ‖ 2024/12 raporu KAP’ta yok ‖ 2025/03 raporu KAP’ta yok,,BELGE_YOK,— | — | —,2025/03 raporu KAP’ta yok ‖ 2024/12 raporu KAP’ta yok ‖ 2025/03 raporu KAP’ta yok,BELGE_YOK,-199.047,6.670999999999999,0.0,FCF_STD,,-205.718,,,,,,
IZINV,Holding,2025/06,,BELGE_YOK,— | — | —,2025/06 raporu KAP’ta yok ‖ 2024/12 raporu KAP’ta yok ‖ 2025/06 raporu KAP’ta yok,,BELGE_YOK,— | — | —,2025/06 raporu KAP’ta yok ‖ 2024/12 raporu KAP’ta yok ‖ 2025/06 raporu KAP’ta yok,,BELGE_YOK,— | — | —,2025/06 raporu KAP’ta yok ‖ 2024/12 raporu KAP’ta yok ‖ 2025/06 raporu KAP’ta yok,,BELGE_YOK,— | — | —,2025/06 raporu KAP’ta yok ‖ 2024/12 raporu KAP’ta yok ‖ 2025/06 raporu KAP’ta yok,,BELGE_YOK,— | — | —,2025/06 raporu KAP’ta yok ‖ 2024/12 raporu KAP’ta yok ‖ 2025/06 raporu KAP’ta yok,BELGE_YOK,-146.507,5.76,0.0,FCF_STD,,-152.267,,,,,,
IZINV,Holding,2025/09,,BELGE_YOK,— | — | —,2025/09 raporu KAP’ta yok ‖ 2024/12 raporu KAP’ta yok ‖ 2025/09 raporu KAP’ta yok,,BELGE_YOK,— | — | —,2025/09 raporu KAP’ta yok ‖ 2024/12 raporu KAP’ta yok ‖ 2025/09 raporu KAP’ta yok,,BELGE_YOK,— | — | —,2025/09 raporu KAP’ta yok ‖ 2024/12 raporu KAP’ta yok ‖ 2025/09 raporu KAP’ta yok,,BELGE_YOK,— | — | —,2025/09 raporu KAP’ta yok ‖ 2024/12 raporu KAP’ta yok ‖ 2025/09 raporu KAP’ta yok,,BELGE_YOK,— | — | —,2025/09 raporu KAP’ta yok ‖ 2024/12 raporu KAP’ta yok ‖ 2025/09 raporu KAP’ta yok,BELGE_YOK,46.92600000000002,5.713,0.0,FCF_STD,,41.21300000000002,,,,,,
IZINV,Holding,2025/12,,BELGE_YOK,—,2025/12 raporu KAP’ta yok,,BELGE_YOK,—,2025/12 raporu KAP’ta yok,,BELGE_YOK,—,2025/12 raporu KAP’ta yok,,BELGE_YOK,—,2025/12 raporu KAP’ta yok,,BELGE_YOK,—,2025/12 raporu KAP’ta yok,BELGE_YOK,-24.788,0.016,0.0,FCF_STD,,-24.804,,,,,,
IZINV,Holding,2026/03,,BELGE_YOK,— | — | —,2026/03 raporu KAP’ta yok ‖ 2025/12 raporu KAP’ta yok ‖ 2026/03 raporu KAP’ta yok,,BELGE_YOK,— | — | —,2026/03 raporu KAP’ta yok ‖ 2025/12 raporu KAP’ta yok ‖ 2026/03 raporu KAP’ta yok,,BELGE_YOK,— | — | —,2026/03 raporu KAP’ta yok ‖ 2025/12 raporu KAP’ta yok ‖ 2026/03 raporu KAP’ta yok,,BELGE_YOK,— | — | —,2026/03 raporu KAP’ta yok ‖ 2025/12 raporu KAP’ta yok ‖ 2026/03 raporu KAP’ta yok,,BELGE_YOK,— | — | —,2026/03 raporu KAP’ta yok ‖ 2025/12 raporu KAP’ta yok ‖ 2026/03 raporu KAP’ta yok,BELGE_YOK,-21.746,0.0,0.0,FCF_STD,,-21.746,,,,,,
IZINV,Holding,2026/06,,BELGE_YOK,— | — | —,2026/06 raporu KAP’ta yok ‖ 2025/12 raporu KAP’ta yok ‖ 2026/06 raporu KAP’ta yok,,BELGE_YOK,— | — | —,2026/06 raporu KAP’ta yok ‖ 2025/12 raporu KAP’ta yok ‖ 2026/06 raporu KAP’ta yok,,BELGE_YOK,— | — | —,2026/06 raporu KAP’ta yok ‖ 2025/12 raporu KAP’ta yok ‖ 2026/06 raporu KAP’ta yok,,BELGE_YOK,— | — | —,2026/06 raporu KAP’ta yok ‖ 2025/12 raporu KAP’ta yok ‖ 2026/06 raporu KAP’ta yok,,BELGE_YOK,— | — | —,2026/06 raporu KAP’ta yok ‖ 2025/12 raporu KAP’ta yok ‖ 2026/06 raporu KAP’ta yok,BELGE_YOK,-34.82700000000001,0.0,0.0,FCF_STD,,-34.82700000000001,,,,,,
KCHOL,Holding,2025/03,,BELGE_YOK,— | — | —,2025/03 INDIRILMEDI  ‖ 2024/12 INDIRILMEDI  ‖ 2025/03 INDIRILMEDI ,,BELGE_YOK,— | — | —,2025/03 INDIRILMEDI  ‖ 2024/12 INDIRILMEDI  ‖ 2025/03 INDIRILMEDI ,,BELGE_YOK,— | — | —,2025/03 INDIRILMEDI  ‖ 2024/12 INDIRILMEDI  ‖ 2025/03 INDIRILMEDI ,,BELGE_YOK,— | — | —,2025/03 INDIRILMEDI  ‖ 2024/12 INDIRILMEDI  ‖ 2025/03 INDIRILMEDI ,,BELGE_YOK,— | — | —,2025/03 INDIRILMEDI  ‖ 2024/12 INDIRILMEDI  ‖ 2025/03 INDIRILMEDI ,BELGE_YOK,274138.89,146387.556,12264.842,FCF_HLD,472.797,115959.289,,,,,,
KCHOL,Holding,2025/06,,BELGE_YOK,— | — | —,2025/06 INDIRILMEDI  ‖ 2024/12 INDIRILMEDI  ‖ 2025/06 INDIRILMEDI ,,BELGE_YOK,— | — | —,2025/06 INDIRILMEDI  ‖ 2024/12 INDIRILMEDI  ‖ 2025/06 INDIRILMEDI ,,BELGE_YOK,— | — | —,2025/06 INDIRILMEDI  ‖ 2024/12 INDIRILMEDI  ‖ 2025/06 INDIRILMEDI ,,BELGE_YOK,— | — | —,2025/06 INDIRILMEDI  ‖ 2024/12 INDIRILMEDI  ‖ 2025/06 INDIRILMEDI ,,BELGE_YOK,— | — | —,2025/06 INDIRILMEDI  ‖ 2024/12 INDIRILMEDI  ‖ 2025/06 INDIRILMEDI ,BELGE_YOK,32314.81299999999,138611.684,13492.787,FCF_HLD,478.881,-119310.777,,,,,,
KCHOL,Holding,2025/09,,BELGE_YOK,— | — | —,2025/09 raporu KAP’ta yok ‖ 2024/12 INDIRILMEDI  ‖ 2025/09 raporu KAP’ta yok,,BELGE_YOK,— | — | —,2025/09 raporu KAP’ta yok ‖ 2024/12 INDIRILMEDI  ‖ 2025/09 raporu KAP’ta yok,,BELGE_YOK,— | — | —,2025/09 raporu KAP’ta yok ‖ 2024/12 INDIRILMEDI  ‖ 2025/09 raporu KAP’ta yok,,BELGE_YOK,— | — | —,2025/09 raporu KAP’ta yok ‖ 2024/12 INDIRILMEDI  ‖ 2025/09 raporu KAP’ta yok,,BELGE_YOK,— | — | —,2025/09 raporu KAP’ta yok ‖ 2024/12 INDIRILMEDI  ‖ 2025/09 raporu KAP’ta yok,BELGE_YOK,-18428.08299999998,138470.43,12092.312,FCF_HLD,476.2729999999999,-168514.552,,,,,,
KCHOL,Holding,2025/12,,BELGE_YOK,—,2025/12 INDIRILMEDI ,,BELGE_YOK,—,2025/12 INDIRILMEDI ,,BELGE_YOK,—,2025/12 INDIRILMEDI ,,BELGE_YOK,—,2025/12 INDIRILMEDI ,,BELGE_YOK,—,2025/12 INDIRILMEDI ,BELGE_YOK,-120063.29,121182.009,11942.032,FCF_HLD,471.04,-252716.291,,,,,,
KCHOL,Holding,2026/03,,BELGE_YOK,— | — | —,2026/03 INDIRILMEDI  ‖ 2025/12 INDIRILMEDI  ‖ 2026/03 INDIRILMEDI ,,BELGE_YOK,— | — | —,2026/03 INDIRILMEDI  ‖ 2025/12 INDIRILMEDI  ‖ 2026/03 INDIRILMEDI ,,BELGE_YOK,— | — | —,2026/03 INDIRILMEDI  ‖ 2025/12 INDIRILMEDI  ‖ 2026/03 INDIRILMEDI ,,BELGE_YOK,— | — | —,2026/03 INDIRILMEDI  ‖ 2025/12 INDIRILMEDI  ‖ 2026/03 INDIRILMEDI ,,BELGE_YOK,— | — | —,2026/03 INDIRILMEDI  ‖ 2025/12 INDIRILMEDI  ‖ 2026/03 INDIRILMEDI ,BELGE_YOK,-19606.59999999999,117157.235,11786.863,FCF_HLD,490.302,-148060.396,,,,,,
KCHOL,Holding,2026/06,,BELGE_YOK,— | — | —,2026/06 INDIRILMEDI  ‖ 2025/12 INDIRILMEDI  ‖ 2026/06 INDIRILMEDI ,,BELGE_YOK,— | — | —,2026/06 INDIRILMEDI  ‖ 2025/12 INDIRILMEDI  ‖ 2026/06 INDIRILMEDI ,,BELGE_YOK,— | — | —,2026/06 INDIRILMEDI  ‖ 2025/12 INDIRILMEDI  ‖ 2026/06 INDIRILMEDI ,,BELGE_YOK,— | — | —,2026/06 INDIRILMEDI  ‖ 2025/12 INDIRILMEDI  ‖ 2026/06 INDIRILMEDI ,,BELGE_YOK,— | — | —,2026/06 INDIRILMEDI  ‖ 2025/12 INDIRILMEDI  ‖ 2026/06 INDIRILMEDI ,BELGE_YOK,-62367.28999999999,118577.009,11917.032,FCF_HLD,451.04,-192410.291,,,,,,
KERVN,Holding,2025/03,,BELGE_YOK,— | — | —,2025/03 raporu KAP’ta yok ‖ 2024/12 raporu KAP’ta yok ‖ 2025/03 raporu KAP’ta yok,,BELGE_YOK,— | — | —,2025/03 raporu KAP’ta yok ‖ 2024/12 raporu KAP’ta yok ‖ 2025/03 raporu KAP’ta yok,,BELGE_YOK,— | — | —,2025/03 raporu KAP’ta yok ‖ 2024/12 raporu KAP’ta yok ‖ 2025/03 raporu KAP’ta yok,,BELGE_YOK,— | — | —,2025/03 raporu KAP’ta yok ‖ 2024/12 raporu KAP’ta yok ‖ 2025/03 raporu KAP’ta yok,,BELGE_YOK,— | — | —,2025/03 raporu KAP’ta yok ‖ 2024/12 raporu KAP’ta yok ‖ 2025/03 raporu KAP’ta yok,BELGE_YOK,3138.369,3006.03,0.0,FCF_STD,,132.3389999999997,,,,,,
KERVN,Holding,2025/06,,BELGE_YOK,— | — | —,2025/06 raporu KAP’ta yok ‖ 2024/12 raporu KAP’ta yok ‖ 2025/06 raporu KAP’ta yok,,BELGE_YOK,— | — | —,2025/06 raporu KAP’ta yok ‖ 2024/12 raporu KAP’ta yok ‖ 2025/06 raporu KAP’ta yok,,BELGE_YOK,— | — | —,2025/06 raporu KAP’ta yok ‖ 2024/12 raporu KAP’ta yok ‖ 2025/06 raporu KAP’ta yok,,BELGE_YOK,— | — | —,2025/06 raporu KAP’ta yok ‖ 2024/12 raporu KAP’ta yok ‖ 2025/06 raporu KAP’ta yok,,BELGE_YOK,— | — | —,2025/06 raporu KAP’ta yok ‖ 2024/12 raporu KAP’ta yok ‖ 2025/06 raporu KAP’ta yok,BELGE_YOK,2804.975,3002.922,0.0,FCF_STD,,-197.9469999999997,,,,,,
KERVN,Holding,2025/09,,BELGE_YOK,— | — | —,2025/09 raporu KAP’ta yok ‖ 2024/12 raporu KAP’ta yok ‖ 2025/09 raporu KAP’ta yok,,BELGE_YOK,— | — | —,2025/09 raporu KAP’ta yok ‖ 2024/12 raporu KAP’ta yok ‖ 2025/09 raporu KAP’ta yok,,BELGE_YOK,— | — | —,2025/09 raporu KAP’ta yok ‖ 2024/12 raporu KAP’ta yok ‖ 2025/09 raporu KAP’ta yok,,BELGE_YOK,— | — | —,2025/09 raporu KAP’ta yok ‖ 2024/12 raporu KAP’ta yok ‖ 2025/09 raporu KAP’ta yok,,BELGE_YOK,— | — | —,2025/09 raporu KAP’ta yok ‖ 2024/12 raporu KAP’ta yok ‖ 2025/09 raporu KAP’ta yok,BELGE_YOK,1990.364,3013.561,0.0,FCF_STD,,-1023.197,,,,,,
KERVN,Holding,2025/12,,BELGE_YOK,—,2025/12 raporu KAP’ta yok,,BELGE_YOK,—,2025/12 raporu KAP’ta yok,,BELGE_YOK,—,2025/12 raporu KAP’ta yok,,BELGE_YOK,—,2025/12 raporu KAP’ta yok,,BELGE_YOK,—,2025/12 raporu KAP’ta yok,BELGE_YOK,-1351.941,55.615,0.0,FCF_STD,,-1407.556,,,,,,
KERVN,Holding,2026/03,,BELGE_YOK,— | — | —,2026/03 raporu KAP’ta yok ‖ 2025/12 raporu KAP’ta yok ‖ 2026/03 raporu KAP’ta yok,,BELGE_YOK,— | — | —,2026/03 raporu KAP’ta yok ‖ 2025/12 raporu KAP’ta yok ‖ 2026/03 raporu KAP’ta yok,,BELGE_YOK,— | — | —,2026/03 raporu KAP’ta yok ‖ 2025/12 raporu KAP’ta yok ‖ 2026/03 raporu KAP’ta yok,,BELGE_YOK,— | — | —,2026/03 raporu KAP’ta yok ‖ 2025/12 raporu KAP’ta yok ‖ 2026/03 raporu KAP’ta yok,,BELGE_YOK,— | — | —,2026/03 raporu KAP’ta yok ‖ 2025/12 raporu KAP’ta yok ‖ 2026/03 raporu KAP’ta yok,BELGE_YOK,950.3989999999998,15.972,0.0,FCF_STD,,934.4269999999998,,,,,,
KERVN,Holding,2026/06,,BELGE_YOK,— | — | —,2026/06 raporu KAP’ta yok ‖ 2025/12 raporu KAP’ta yok ‖ 2026/06 raporu KAP’ta yok,,BELGE_YOK,— | — | —,2026/06 raporu KAP’ta yok ‖ 2025/12 raporu KAP’ta yok ‖ 2026/06 raporu KAP’ta yok,,BELGE_YOK,— | — | —,2026/06 raporu KAP’ta yok ‖ 2025/12 raporu KAP’ta yok ‖ 2026/06 raporu KAP’ta yok,,BELGE_YOK,— | — | —,2026/06 raporu KAP’ta yok ‖ 2025/12 raporu KAP’ta yok ‖ 2026/06 raporu KAP’ta yok,,BELGE_YOK,— | — | —,2026/06 raporu KAP’ta yok ‖ 2025/12 raporu KAP’ta yok ‖ 2026/06 raporu KAP’ta yok,BELGE_YOK,-160.759,17.107,0.0,FCF_STD,,-177.866,,,,,,
KLRHO,Holding,2025/03,245.181,PDF_OKUNDU,-685.385 | 1321.268 | 390.702,"KAP 1456557 2025/03 cari · TMS29 ×1.4004 (2025/03→2026/06) · PDF s.9 (TL): Faaliyetlerden kaynaklanan net nakit akışları (489.421) 278.993 ‖ KAP 1424641 2024/12 cari · TMS29 ×1.5414 (2024/12→2026/06) · Evo chunk 158451 (KLRHO 2024/12, bin TL): belge 'Faaliyetlerden kaynaklanan net nakit akışı' 857.187 bin TL; XBRL 778.140 bin farklı; özdeşlik 857.187 − 1.211.055 + 439.933 = 86.065 tuttu ‖ KAP 1456557 2025/03 onceki · TMS29 ×1.4004 (2025/03→2026/06) · PDF s.9 (TL): Faaliyetlerden kaynaklanan net nakit akışları (489.421) 278.993",-1763.193,TEYITLI,-53.312 | -2683.907 | -974.026,"KAP 1456557 2025/03 cari · TMS29 ×1.4004 (2025/03→2026/06) · PDF s.9 (TL): Maddi duran varlık alımından kaynaklanan nakit çıkışları 14 (35.735) (695.484) + Maddi olmayan duran varlık alımından kaynaklanan nakit çıkışları 15 (2.334) (50) ‖ KAP 1424641 2024/12 cari · TMS29 ×1.5414 (2024/12→2026/06) · Evo chunk 158451 (KLRHO 2024/12, bin TL): TEYITLI (1.740.789 + 425 bin) ‖ KAP 1456557 2025/03 onceki · TMS29 ×1.4004 (2025/03→2026/06) · PDF s.9 (TL): Maddi duran varlık alımından kaynaklanan nakit çıkışları 14 (35.735) (695.484) + Maddi olmayan duran varlık alımından kaynaklanan nakit çıkışları 15 (2.334) (50)",0.0,TEYITLI,0.000 | 0.000 | 0.000,"KAP 1456557 2025/03 cari ‖ KAP 1424641 2024/12 cari · Evo chunk 158451 (KLRHO 2024/12, bin TL): TEYITLI (--) ‖ KAP 1456557 2025/03 onceki",0.0,TEYITLI,0.000 | 0.000 | 0.000,"KAP 1456557 2025/03 cari ‖ KAP 1424641 2024/12 cari · Evo chunk 158451 (KLRHO 2024/12, bin TL): TEYITLI (kira satırı yok) ‖ KAP 1456557 2025/03 onceki",204.972,ELLE,0.000 | 204.972 | 0.000,KAP 1456557 2025/03 cari ‖ KAP 1424641 2024/12 cari · TMS29 ×1.5414 (2024/12→2026/06) · PDF_YOK ‖ KAP 1456557 2025/03 onceki,PDF_OKUNDU,294.9460000000001,,0.0,FCF_HLD,,,-49.765,1763.193,0.0,,-1313.04,
KLRHO,Holding,2025/06,860.371,PDF_OKUNDU,230.027 | 1321.268 | 690.925,"KAP 1482577 2025/06 cari · TMS29 ×1.3211 (2025/06→2026/06) · PDF s.10 (TL): Faaliyetlerden kaynaklanan nakit akışı 174.116 522.992 ‖ KAP 1424641 2024/12 cari · TMS29 ×1.5414 (2024/12→2026/06) · Evo chunk 158451 (KLRHO 2024/12, bin TL): belge 'Faaliyetlerden kaynaklanan net nakit akışı' 857.187 bin TL; XBRL 778.140 bin farklı; özdeşlik 857.187 − 1.211.055 + 439.933 = 86.065 tuttu ‖ KAP 1482577 2025/06 onceki · TMS29 ×1.3211 (2025/06→2026/06) · PDF s.10 (TL): Faaliyetlerden kaynaklanan nakit akışı 174.116 522.992",-690.959,TEYITLI,-149.237 | -2683.907 | -2142.185,"KAP 1482577 2025/06 cari · TMS29 ×1.3211 (2025/06→2026/06) · PDF s.10 (TL): Maddi duran varlık alımından kaynaklanan nakit çıkışları 14 (111.578) (1.621.441) + Maddi olmayan duran varlık alımından kaynaklanan nakit çıkışları 15 (1.386) (75) ‖ KAP 1424641 2024/12 cari · TMS29 ×1.5414 (2024/12→2026/06) · Evo chunk 158451 (KLRHO 2024/12, bin TL): TEYITLI (1.740.789 + 425 bin) ‖ KAP 1482577 2025/06 onceki · TMS29 ×1.3211 (2025/06→2026/06) · PDF s.10 (TL): Maddi duran varlık alımından kaynaklanan nakit çıkışları 14 (111.578) (1.621.441) + Maddi olmayan duran varlık alımından kaynaklanan nakit çıkışları 15 (1.386) (75)",0.0,TEYITLI,0.000 | 0.000 | 0.000,"KAP 1482577 2025/06 cari ‖ KAP 1424641 2024/12 cari · Evo chunk 158451 (KLRHO 2024/12, bin TL): TEYITLI (--) ‖ KAP 1482577 2025/06 onceki",0.0,TEYITLI,0.000 | 0.000 | 0.000,"KAP 1482577 2025/06 cari ‖ KAP 1424641 2024/12 cari · Evo chunk 158451 (KLRHO 2024/12, bin TL): TEYITLI (kira satırı yok) ‖ KAP 1482577 2025/06 onceki",284.238,ELLE,79.266 | 204.972 | 0.000,KAP 1482577 2025/06 cari · TMS29 ×1.3211 (2025/06→2026/06) · PDF s.10 (TL): Alınan temettüler 12 60.000 -- ‖ KAP 1424641 2024/12 cari · TMS29 ×1.5414 (2024/12→2026/06) · PDF_YOK ‖ KAP 1482577 2025/06 onceki,PDF_OKUNDU,910.1600000000002,,0.0,FCF_HLD,,,-49.789,690.959,0.0,,453.65,
KLRHO,Holding,2025/09,1566.929,PDF_OKUNDU,635.555 | 1321.268 | 389.894,"KAP 1519245 2025/09 cari · TMS29 ×1.2289 (2025/09→2026/06) · PDF s.9 (TL): Faaliyetlerden kaynaklanan net nakit akışları 517.174 317.271 ‖ KAP 1424641 2024/12 cari · TMS29 ×1.5414 (2024/12→2026/06) · Evo chunk 158451 (KLRHO 2024/12, bin TL): belge 'Faaliyetlerden kaynaklanan net nakit akışı' 857.187 bin TL; XBRL 778.140 bin farklı; özdeşlik 857.187 − 1.211.055 + 439.933 = 86.065 tuttu ‖ KAP 1519245 2025/09 onceki · TMS29 ×1.2289 (2025/09→2026/06) · PDF s.9 (TL): Faaliyetlerden kaynaklanan net nakit akışları 517.174 317.271",-1097.181,TEYITLI,-567.211 | -2683.907 | -2153.937,"KAP 1519245 2025/09 cari · TMS29 ×1.2289 (2025/09→2026/06) · PDF s.9 (TL): Maddi duran varlık alımından kaynaklanan nakit çıkışları 14 (457.200) (1.752.660) + Maddi olmayan duran varlık alımından kaynaklanan nakit çıkışları 15 (4.360) (76) ‖ KAP 1424641 2024/12 cari · TMS29 ×1.5414 (2024/12→2026/06) · Evo chunk 158451 (KLRHO 2024/12, bin TL): TEYITLI (1.740.789 + 425 bin) ‖ KAP 1519245 2025/09 onceki · TMS29 ×1.2289 (2025/09→2026/06) · PDF s.9 (TL): Maddi duran varlık alımından kaynaklanan nakit çıkışları 14 (457.200) (1.752.660) + Maddi olmayan duran varlık alımından kaynaklanan nakit çıkışları 15 (4.360) (76)",0.0,TEYITLI,0.000 | 0.000 | 0.000,"KAP 1519245 2025/09 cari ‖ KAP 1424641 2024/12 cari · Evo chunk 158451 (KLRHO 2024/12, bin TL): TEYITLI (--) ‖ KAP 1519245 2025/09 onceki",0.0,TEYITLI,0.000 | 0.000 | 0.000,"KAP 1519245 2025/09 cari ‖ KAP 1424641 2024/12 cari · Evo chunk 158451 (KLRHO 2024/12, bin TL): TEYITLI (kira satırı yok) ‖ KAP 1519245 2025/09 onceki",355.327,ELLE,358.517 | 204.972 | 208.162,KAP 1519245 2025/09 cari · TMS29 ×1.2289 (2025/09→2026/06) · PDF s.9 (TL): Alınan temettüler 12 291.738 169.389 ‖ KAP 1424641 2024/12 cari · TMS29 ×1.5414 (2024/12→2026/06) · PDF_YOK ‖ KAP 1519245 2025/09 onceki · TMS29 ×1.2289 (2025/09→2026/06) · PDF s.9 (TL): Alınan temettüler 12 291.738 169.389,PDF_OKUNDU,1616.722,,0.0,FCF_HLD,,,-49.793,1097.181,0.0,,825.075,
KLRHO,Holding,2025/12,-1086.328,TEYITLI,-1086.328,KAP 1594488 2025/12 cari · TMS29 ×1.1776 (2025/12→2026/06) · PDF s.15 (TL): Esas faaliyetlerden kaynaklanan nakit akışları (922.493) 1.164.288,-1696.706,TEYITLI,-1696.706,KAP 1594488 2025/12 cari · TMS29 ×1.1776 (2025/12→2026/06) · PDF s.15 (TL): Maddi duran varlık alımından kaynaklanan nakit çıkışları 14 (1.419.634) (2.278.557) + Maddi olmayan duran varlık alımından kaynaklanan nakit çıkışları 15 (21.183) (557),0.0,TEYITLI,0.000,KAP 1594488 2025/12 cari,0.0,TEYITLI,0.000,KAP 1594488 2025/12 cari,438.558,TEYITLI,438.558,KAP 1594488 2025/12 cari · TMS29 ×1.1776 (2025/12→2026/06) · PDF s.15 (TL): Alınan temettüler 12 372.417 174.058,TEYITLI,-1086.327,,0.0,FCF_HLD,,,-0.001,1696.706,0.0,,-2344.476,
KLRHO,Holding,2026/03,-458.534,TEYITLI,-57.584 | -1086.328 | -685.378,KAP 1619494 2026/03 cari · TMS29 ×1.0701 (2026/03→2026/06) · PDF s.9 (TL): Faaliyetlerden kaynaklanan net nakit akışları (53.812) (640.480) ‖ KAP 1594488 2025/12 cari · TMS29 ×1.1776 (2025/12→2026/06) · PDF s.15 (TL): Esas faaliyetlerden kaynaklanan nakit akışları (922.493) 1.164.288 ‖ KAP 1619494 2026/03 onceki · TMS29 ×1.0701 (2026/03→2026/06) · PDF s.9 (TL): Faaliyetlerden kaynaklanan net nakit akışları (53.812) (640.480),-1823.758,TEYITLI,-180.363 | -1696.706 | -53.311,KAP 1619494 2026/03 cari · TMS29 ×1.0701 (2026/03→2026/06) · PDF s.9 (TL): Maddi duran varlık alımından kaynaklanan nakit çıkışları 14 (168.534) (46.765) + Maddi duran varlık alımından kaynaklanan nakit çıkışları 14 (168.534) (46.765) ‖ KAP 1594488 2025/12 cari · TMS29 ×1.1776 (2025/12→2026/06) · PDF s.15 (TL): Maddi duran varlık alımından kaynaklanan nakit çıkışları 14 (1.419.634) (2.278.557) + Maddi olmayan duran varlık alımından kaynaklanan nakit çıkışları 15 (21.183) (557) ‖ KAP 1619494 2026/03 onceki · TMS29 ×1.0701 (2026/03→2026/06) · PDF s.9 (TL): Maddi duran varlık alımından kaynaklanan nakit çıkışları 14 (168.534) (46.765) + Maddi olmayan duran varlık alımından kaynaklanan nakit çıkışları 15 (14) (3.054),0.0,TEYITLI,0.000 | 0.000 | 0.000,KAP 1619494 2026/03 cari ‖ KAP 1594488 2025/12 cari ‖ KAP 1619494 2026/03 onceki,0.0,TEYITLI,0.000 | 0.000 | 0.000,KAP 1619494 2026/03 cari ‖ KAP 1594488 2025/12 cari ‖ KAP 1619494 2026/03 onceki,438.558,TEYITLI,0.000 | 438.558 | 0.000,KAP 1619494 2026/03 cari ‖ KAP 1594488 2025/12 cari · TMS29 ×1.1776 (2025/12→2026/06) · PDF s.15 (TL): Alınan temettüler 12 372.417 174.058 ‖ KAP 1619494 2026/03 onceki,TEYITLI,-458.514,,0.0,FCF_HLD,,,-0.02,1823.758,0.0,,-1843.734,
KLRHO,Holding,2026/06,-1746.263,TEYITLI,-429.911 | -1086.328 | 230.024,KAP 1652408 2026/06 cari · TMS29 ×1.0000 (2026/06→2026/06) · PDF s.10 (TL): Faaliyetlerden kaynaklanan net nakit akışları (429.911) 230.024 ‖ KAP 1594488 2025/12 cari · TMS29 ×1.1776 (2025/12→2026/06) · PDF s.15 (TL): Esas faaliyetlerden kaynaklanan nakit akışları (922.493) 1.164.288 ‖ KAP 1652408 2026/06 onceki · TMS29 ×1.0000 (2026/06→2026/06) · PDF s.10 (TL): Faaliyetlerden kaynaklanan net nakit akışları (429.911) 230.024,-1860.197,TEYITLI,-312.727 | -1696.706 | -149.236,KAP 1652408 2026/06 cari · TMS29 ×1.0000 (2026/06→2026/06) · PDF s.10 (TL): Maddi duran varlık alımından kaynaklanan nakit çıkışları 14 (312.642) (147.404) + Maddi olmayan duran varlık alımından kaynaklanan nakit çıkışları 15 (85) (1.832) ‖ KAP 1594488 2025/12 cari · TMS29 ×1.1776 (2025/12→2026/06) · PDF s.15 (TL): Maddi duran varlık alımından kaynaklanan nakit çıkışları 14 (1.419.634) (2.278.557) + Maddi olmayan duran varlık alımından kaynaklanan nakit çıkışları 15 (21.183) (557) ‖ KAP 1652408 2026/06 onceki · TMS29 ×1.0000 (2026/06→2026/06) · PDF s.10 (TL): Maddi duran varlık alımından kaynaklanan nakit çıkışları 14 (312.642) (147.404) + Maddi olmayan duran varlık alımından kaynaklanan nakit çıkışları 15 (85) (1.832),0.0,TEYITLI,0.000 | 0.000 | 0.000,KAP 1652408 2026/06 cari ‖ KAP 1594488 2025/12 cari ‖ KAP 1652408 2026/06 onceki,0.0,TEYITLI,0.000 | 0.000 | 0.000,KAP 1652408 2026/06 cari ‖ KAP 1594488 2025/12 cari ‖ KAP 1652408 2026/06 onceki,658.227,TEYITLI,298.934 | 438.558 | 79.265,KAP 1652408 2026/06 cari · TMS29 ×1.0000 (2026/06→2026/06) · PDF s.10 (TL): Alınan temettüler 12 298.934 79.265 ‖ KAP 1594488 2025/12 cari · TMS29 ×1.1776 (2025/12→2026/06) · PDF s.15 (TL): Alınan temettüler 12 372.417 174.058 ‖ KAP 1652408 2026/06 onceki · TMS29 ×1.0000 (2026/06→2026/06) · PDF s.10 (TL): Alınan temettüler 12 298.934 79.265,TEYITLI,-1746.262,,0.0,FCF_HLD,,,-0.001,1860.197,0.0,,-2948.233,
LRSHO,Holding,2025/03,,BELGE_YOK,651.129 | 661.652 | —,"2025/03 INDIRILMEDI  → yedek: 2025/03 değeri 2026/03 raporunun onceki sütunundan · KAP 1605648 2026/03 onceki · TMS29 ×1.0701 (2026/03→2026/06) · XBRL standart elemanında yok, PDF satırından okundu (bin TL): İŞLETME FAALİYETLERİNDEN NAKİT AKIŞLARI 5.404 608.475 ‖ KAP 1402800 2024/12 cari · TMS29 ×1.5414 (2024/12→2026/06) · XBRL standart elemanında yok, PDF satırından okundu (bin TL): İŞLETME FAALİYETLERİNDEN NAKİT AKIŞLARI 429.254 (625.790) ‖ 2025/03 INDIRILMEDI ",,BELGE_YOK,-269.157 | -1505.678 | —,"2025/03 INDIRILMEDI  → yedek: 2025/03 değeri 2026/03 raporunun onceki sütunundan · KAP 1605648 2026/03 onceki · TMS29 ×1.0701 (2026/03→2026/06) · XBRL standart elemanında yok, PDF satırından okundu (bin TL): Maddi ve maddi olmayan duran varlıkların alımından kaynaklanan nakit çıkışları (164.492) (251.525) ‖ KAP 1402800 2024/12 cari · TMS29 ×1.5414 (2024/12→2026/06) · XBRL standart elemanında yok, PDF satırından okundu (bin TL): Maddi ve maddi olmayan duran varlık alımından kaynaklanan nakit çıkışları 14-15 (976.825) (845.683) ‖ 2025/03 INDIRILMEDI ",,BELGE_YOK,0.000 | 0.000 | —,"2025/03 INDIRILMEDI  → yedek: 2025/03 değeri 2026/03 raporunun onceki sütunundan · KAP 1605648 2026/03 onceki · TMS29 ×1.0701 (2026/03→2026/06) · XBRL standart elemanında yok, PDF satırından okundu (bin TL): Yatırım amaçlı gayrimenkul alımından kaynaklanan nakit çıkışları (2.153) - ‖ KAP 1402800 2024/12 cari · TMS29 ×1.5414 (2024/12→2026/06) · Evo PDF: nakit akışta kalem satırı yok → 0 ‖ 2025/03 INDIRILMEDI ",,BELGE_YOK,-313.891 | -101.050 | —,"2025/03 INDIRILMEDI  → yedek: 2025/03 değeri 2026/03 raporunun onceki sütunundan · KAP 1605648 2026/03 onceki · TMS29 ×1.0701 (2026/03→2026/06) · aynı cari tutar şirketin başka bir dönem raporunda da var (kopya şüphesi) ‖ KAP 1402800 2024/12 cari · TMS29 ×1.5414 (2024/12→2026/06) · XBRL standart elemanında yok, PDF satırından okundu (bin TL): Kira sözleşmelerinden kaynaklanan borç ödemelerine ilişkin nakit çıkışları (65.557) (109.503) ‖ 2025/03 INDIRILMEDI ",,BELGE_YOK,0.000 | 0.000 | —,2025/03 INDIRILMEDI  → yedek: 2025/03 değeri 2026/03 raporunun onceki sütunundan · KAP 1605648 2026/03 onceki · TMS29 ×1.0701 (2026/03→2026/06) · Evo PDF: nakit akışta kalem satırı yok → 0 ‖ KAP 1402800 2024/12 cari · TMS29 ×1.5414 (2024/12→2026/06) · Evo PDF: nakit akışta kalem satırı yok → 0 ‖ 2025/03 INDIRILMEDI ,BELGE_YOK,2432.776,1237.417,358.4810000000001,FCF_HLD,0.0,836.8779999999999,,,,,,
LRSHO,Holding,2025/06,,BELGE_YOK,1306.978 | 661.652 | —,"2025/06 INDIRILMEDI  → yedek: 2025/06 değeri 2026/06 raporunun onceki sütunundan · KAP 1652980 2026/06 onceki · TMS29 ×1.0000 (2026/06→2026/06) · XBRL standart elemanında yok, PDF satırından okundu (bin TL): İŞLETME FAALİYETLERİNDEN NAKİT AKIŞLARI 165.171 1.306.978 ‖ KAP 1402800 2024/12 cari · TMS29 ×1.5414 (2024/12→2026/06) · XBRL standart elemanında yok, PDF satırından okundu (bin TL): İŞLETME FAALİYETLERİNDEN NAKİT AKIŞLARI 429.254 (625.790) ‖ 2025/06 INDIRILMEDI ",,BELGE_YOK,-848.121 | -1505.678 | —,"2025/06 INDIRILMEDI  → yedek: 2025/06 değeri 2026/06 raporunun onceki sütunundan · KAP 1652980 2026/06 onceki · TMS29 ×1.0000 (2026/06→2026/06) · XBRL standart elemanında yok, PDF satırından okundu (bin TL): Maddi ve maddi olmayan duran varlıkların alımından kaynaklanan nakit çıkışları (435.598) (848.121) ‖ KAP 1402800 2024/12 cari · TMS29 ×1.5414 (2024/12→2026/06) · XBRL standart elemanında yok, PDF satırından okundu (bin TL): Maddi ve maddi olmayan duran varlık alımından kaynaklanan nakit çıkışları 14-15 (976.825) (845.683) ‖ 2025/06 INDIRILMEDI ",,BELGE_YOK,0.000 | 0.000 | —,"2025/06 INDIRILMEDI  → yedek: 2025/06 değeri 2026/06 raporunun onceki sütunundan · KAP 1652980 2026/06 onceki · TMS29 ×1.0000 (2026/06→2026/06) · XBRL standart elemanında yok, PDF satırından okundu (bin TL): Yatırım amaçlı gayrimenkul alımından kaynaklanan nakit çıkışları (3.072) - ‖ KAP 1402800 2024/12 cari · TMS29 ×1.5414 (2024/12→2026/06) · Evo PDF: nakit akışta kalem satırı yok → 0 ‖ 2025/06 INDIRILMEDI ",,BELGE_YOK,-539.285 | -101.050 | —,"2025/06 INDIRILMEDI  → yedek: 2025/06 değeri 2026/06 raporunun onceki sütunundan · KAP 1652980 2026/06 onceki · TMS29 ×1.0000 (2026/06→2026/06) · XBRL standart elemanında yok, PDF satırından okundu (bin TL): Kira sözleşmelerinden kaynaklanan borç ödemelerine ilişkin nakit çıkışları (302.937) (539.285) ‖ KAP 1402800 2024/12 cari · TMS29 ×1.5414 (2024/12→2026/06) · XBRL standart elemanında yok, PDF satırından okundu (bin TL): Kira sözleşmelerinden kaynaklanan borç ödemelerine ilişkin nakit çıkışları (65.557) (109.503) ‖ 2025/06 INDIRILMEDI ",,BELGE_YOK,0.000 | 0.000 | —,2025/06 INDIRILMEDI  → yedek: 2025/06 değeri 2026/06 raporunun onceki sütunundan · KAP 1652980 2026/06 onceki · TMS29 ×1.0000 (2026/06→2026/06) · Evo PDF: nakit akışta kalem satırı yok → 0 ‖ KAP 1402800 2024/12 cari · TMS29 ×1.5414 (2024/12→2026/06) · Evo PDF: nakit akışta kalem satırı yok → 0 ‖ 2025/06 INDIRILMEDI ,BELGE_YOK,2721.363,1639.201,549.2389999999999,FCF_HLD,0.0,532.9230000000006,,,,,,
LRSHO,Holding,2025/09,,BELGE_YOK,— | 661.652 | —,"2025/09 raporu KAP’ta yok ‖ KAP 1402800 2024/12 cari · TMS29 ×1.5414 (2024/12→2026/06) · XBRL standart elemanında yok, PDF satırından okundu (bin TL): İŞLETME FAALİYETLERİNDEN NAKİT AKIŞLARI 429.254 (625.790) ‖ 2025/09 raporu KAP’ta yok",,BELGE_YOK,— | -1505.678 | —,"2025/09 raporu KAP’ta yok ‖ KAP 1402800 2024/12 cari · TMS29 ×1.5414 (2024/12→2026/06) · XBRL standart elemanında yok, PDF satırından okundu (bin TL): Maddi ve maddi olmayan duran varlık alımından kaynaklanan nakit çıkışları 14-15 (976.825) (845.683) ‖ 2025/09 raporu KAP’ta yok",,BELGE_YOK,— | 0.000 | —,2025/09 raporu KAP’ta yok ‖ KAP 1402800 2024/12 cari · TMS29 ×1.5414 (2024/12→2026/06) · Evo PDF: nakit akışta kalem satırı yok → 0 ‖ 2025/09 raporu KAP’ta yok,,BELGE_YOK,— | -101.050 | —,"2025/09 raporu KAP’ta yok ‖ KAP 1402800 2024/12 cari · TMS29 ×1.5414 (2024/12→2026/06) · XBRL standart elemanında yok, PDF satırından okundu (bin TL): Kira sözleşmelerinden kaynaklanan borç ödemelerine ilişkin nakit çıkışları (65.557) (109.503) ‖ 2025/09 raporu KAP’ta yok",,BELGE_YOK,— | 0.000 | —,2025/09 raporu KAP’ta yok ‖ KAP 1402800 2024/12 cari · TMS29 ×1.5414 (2024/12→2026/06) · Evo PDF: nakit akışta kalem satırı yok → 0 ‖ 2025/09 raporu KAP’ta yok,BELGE_YOK,3217.041,2502.309,565.8739999999999,FCF_HLD,0.0,148.8580000000001,,,,,,
LRSHO,Holding,2025/12,1061.109,PDF_OKUNDU,1061.109,"KAP 1571320 2025/12 cari · TMS29 ×1.1776 (2025/12→2026/06) · XBRL standart elemanında yok, PDF satırından okundu (bin TL): İŞLETME FAALİYETLERİNDEN NAKİT AKIŞLARI 901.078 565.183",-600.517,PDF_OKUNDU,-600.517,"KAP 1571320 2025/12 cari · TMS29 ×1.1776 (2025/12→2026/06) · XBRL standart elemanında yok, PDF satırından okundu (bin TL): Maddi ve maddi olmayan duran varlıkların alımından kaynaklanan nakit çıkışları 14-15 (509.950) (932.973)",-345.668,PDF_OKUNDU,-345.668,"KAP 1571320 2025/12 cari · TMS29 ×1.1776 (2025/12→2026/06) · XBRL standart elemanında yok, PDF satırından okundu (bin TL): Yatırım amaçlı gayrimenkul alımından kaynaklanan nakit çıkışları 13 (293.536) (183.446)",-105.533,ELLE,-105.533,KAP 1571320 2025/12 cari · TMS29 ×1.1776 (2025/12→2026/06) · aynı cari tutar şirketin başka bir dönem raporunda da var (kopya şüphesi),0.0,PDF_OKUNDU,0.000,KAP 1571320 2025/12 cari · TMS29 ×1.1776 (2025/12→2026/06) · Evo PDF: nakit akışta kalem satırı yok → 0,ELLE,1061.109,946.1850000000001,105.533,FCF_HLD,0.0,9.390999999999863,0.0,946.185,105.533,,9.391,
LRSHO,Holding,2026/03,415.763,PDF_OKUNDU,5.783 | 1061.109 | 651.129,"KAP 1605648 2026/03 cari · TMS29 ×1.0701 (2026/03→2026/06) · XBRL standart elemanında yok, PDF satırından okundu (bin TL): İŞLETME FAALİYETLERİNDEN NAKİT AKIŞLARI 5.404 608.475 ‖ KAP 1571320 2025/12 cari · TMS29 ×1.1776 (2025/12→2026/06) · XBRL standart elemanında yok, PDF satırından okundu (bin TL): İŞLETME FAALİYETLERİNDEN NAKİT AKIŞLARI 901.078 565.183 ‖ KAP 1605648 2026/03 onceki · TMS29 ×1.0701 (2026/03→2026/06) · XBRL standart elemanında yok, PDF satırından okundu (bin TL): İŞLETME FAALİYETLERİNDEN NAKİT AKIŞLARI 5.404 608.475",-507.383,PDF_OKUNDU,-176.023 | -600.517 | -269.157,"KAP 1605648 2026/03 cari · TMS29 ×1.0701 (2026/03→2026/06) · XBRL standart elemanında yok, PDF satırından okundu (bin TL): Maddi ve maddi olmayan duran varlıkların alımından kaynaklanan nakit çıkışları (164.492) (251.525) ‖ KAP 1571320 2025/12 cari · TMS29 ×1.1776 (2025/12→2026/06) · XBRL standart elemanında yok, PDF satırından okundu (bin TL): Maddi ve maddi olmayan duran varlıkların alımından kaynaklanan nakit çıkışları 14-15 (509.950) (932.973) ‖ KAP 1605648 2026/03 onceki · TMS29 ×1.0701 (2026/03→2026/06) · XBRL standart elemanında yok, PDF satırından okundu (bin TL): Maddi ve maddi olmayan duran varlıkların alımından kaynaklanan nakit çıkışları (164.492) (251.525)",-347.972,PDF_OKUNDU,-2.304 | -345.668 | 0.000,"KAP 1605648 2026/03 cari · TMS29 ×1.0701 (2026/03→2026/06) · XBRL standart elemanında yok, PDF satırından okundu (bin TL): Yatırım amaçlı gayrimenkul alımından kaynaklanan nakit çıkışları (2.153) - ‖ KAP 1571320 2025/12 cari · TMS29 ×1.1776 (2025/12→2026/06) · XBRL standart elemanında yok, PDF satırından okundu (bin TL): Yatırım amaçlı gayrimenkul alımından kaynaklanan nakit çıkışları 13 (293.536) (183.446) ‖ KAP 1605648 2026/03 onceki · TMS29 ×1.0701 (2026/03→2026/06) · XBRL standart elemanında yok, PDF satırından okundu (bin TL): Yatırım amaçlı gayrimenkul alımından kaynaklanan nakit çıkışları (2.153) -",112.459,ELLE,-95.899 | -105.533 | -313.891,KAP 1605648 2026/03 cari · TMS29 ×1.0701 (2026/03→2026/06) · aynı cari tutar şirketin başka bir dönem raporunda da var (kopya şüphesi) ‖ KAP 1571320 2025/12 cari · TMS29 ×1.1776 (2025/12→2026/06) · aynı cari tutar şirketin başka bir dönem raporunda da var (kopya şüphesi) ‖ KAP 1605648 2026/03 onceki · TMS29 ×1.0701 (2026/03→2026/06) · aynı cari tutar şirketin başka bir dönem raporunda da var (kopya şüphesi),0.0,PDF_OKUNDU,0.000 | 0.000 | 0.000,KAP 1605648 2026/03 cari · TMS29 ×1.0701 (2026/03→2026/06) · Evo PDF: nakit akışta kalem satırı yok → 0 ‖ KAP 1571320 2025/12 cari · TMS29 ×1.1776 (2025/12→2026/06) · Evo PDF: nakit akışta kalem satırı yok → 0 ‖ KAP 1605648 2026/03 onceki · TMS29 ×1.0701 (2026/03→2026/06) · Evo PDF: nakit akışta kalem satırı yok → 0,ELLE,415.7419999999998,855.3520000000001,0.0,FCF_HLD,0.0,-439.6100000000002,0.021,855.355,0.0,KIRA TTM +112.459 (pozitif) → 0,-439.592,
LRSHO,Holding,2026/06,-80.698,PDF_OKUNDU,165.171 | 1061.109 | 1306.978,"KAP 1652980 2026/06 cari · TMS29 ×1.0000 (2026/06→2026/06) · XBRL standart elemanında yok, PDF satırından okundu (bin TL): İŞLETME FAALİYETLERİNDEN NAKİT AKIŞLARI 165.171 1.306.978 ‖ KAP 1571320 2025/12 cari · TMS29 ×1.1776 (2025/12→2026/06) · XBRL standart elemanında yok, PDF satırından okundu (bin TL): İŞLETME FAALİYETLERİNDEN NAKİT AKIŞLARI 901.078 565.183 ‖ KAP 1652980 2026/06 onceki · TMS29 ×1.0000 (2026/06→2026/06) · XBRL standart elemanında yok, PDF satırından okundu (bin TL): İŞLETME FAALİYETLERİNDEN NAKİT AKIŞLARI 165.171 1.306.978",-187.994,PDF_OKUNDU,-435.598 | -600.517 | -848.121,"KAP 1652980 2026/06 cari · TMS29 ×1.0000 (2026/06→2026/06) · XBRL standart elemanında yok, PDF satırından okundu (bin TL): Maddi ve maddi olmayan duran varlıkların alımından kaynaklanan nakit çıkışları (435.598) (848.121) ‖ KAP 1571320 2025/12 cari · TMS29 ×1.1776 (2025/12→2026/06) · XBRL standart elemanında yok, PDF satırından okundu (bin TL): Maddi ve maddi olmayan duran varlıkların alımından kaynaklanan nakit çıkışları 14-15 (509.950) (932.973) ‖ KAP 1652980 2026/06 onceki · TMS29 ×1.0000 (2026/06→2026/06) · XBRL standart elemanında yok, PDF satırından okundu (bin TL): Maddi ve maddi olmayan duran varlıkların alımından kaynaklanan nakit çıkışları (435.598) (848.121)",-348.74,PDF_OKUNDU,-3.072 | -345.668 | 0.000,"KAP 1652980 2026/06 cari · TMS29 ×1.0000 (2026/06→2026/06) · XBRL standart elemanında yok, PDF satırından okundu (bin TL): Yatırım amaçlı gayrimenkul alımından kaynaklanan nakit çıkışları (3.072) - ‖ KAP 1571320 2025/12 cari · TMS29 ×1.1776 (2025/12→2026/06) · XBRL standart elemanında yok, PDF satırından okundu (bin TL): Yatırım amaçlı gayrimenkul alımından kaynaklanan nakit çıkışları 13 (293.536) (183.446) ‖ KAP 1652980 2026/06 onceki · TMS29 ×1.0000 (2026/06→2026/06) · XBRL standart elemanında yok, PDF satırından okundu (bin TL): Yatırım amaçlı gayrimenkul alımından kaynaklanan nakit çıkışları (3.072) -",130.815,ELLE,-302.937 | -105.533 | -539.285,"KAP 1652980 2026/06 cari · TMS29 ×1.0000 (2026/06→2026/06) · XBRL standart elemanında yok, PDF satırından okundu (bin TL): Kira sözleşmelerinden kaynaklanan borç ödemelerine ilişkin nakit çıkışları (302.937) (539.285) ‖ KAP 1571320 2025/12 cari · TMS29 ×1.1776 (2025/12→2026/06) · aynı cari tutar şirketin başka bir dönem raporunda da var (kopya şüphesi) ‖ KAP 1652980 2026/06 onceki · TMS29 ×1.0000 (2026/06→2026/06) · XBRL standart elemanında yok, PDF satırından okundu (bin TL): Kira sözleşmelerinden kaynaklanan borç ödemelerine ilişkin nakit çıkışları (302.937) (539.285)",0.0,PDF_OKUNDU,0.000 | 0.000 | 0.000,KAP 1652980 2026/06 cari · TMS29 ×1.0000 (2026/06→2026/06) · Evo PDF: nakit akışta kalem satırı yok → 0 ‖ KAP 1571320 2025/12 cari · TMS29 ×1.1776 (2025/12→2026/06) · Evo PDF: nakit akışta kalem satırı yok → 0 ‖ KAP 1652980 2026/06 onceki · TMS29 ×1.0000 (2026/06→2026/06) · Evo PDF: nakit akışta kalem satırı yok → 0,ELLE,-80.69800000000009,536.734,0.0,FCF_HLD,0.0,-617.4320000000001,0.0,536.734,0.0,KIRA TTM +130.815 (pozitif) → 0,-617.432,
MARKA,Holding,2025/03,28.565,TEYITLI,18.352 | 11.078 | 0.865,KAP 1438187 2025/03 cari · TMS29 ×1.4004 (2025/03→2026/06) · PDF s.8 (TL): A. İşletme Faaliyetlerinden Kaynaklanan Nakit Akışları 13.105.184 618.004 ‖ KAP 1404599 2024/12 cari · TMS29 ×1.5414 (2024/12→2026/06) · PDF s.8 (TL): A. İşletme Faaliyetlerinden Kaynaklanan Nakit Akışları 7.187.216 3.279.746 ‖ KAP 1438187 2025/03 onceki · TMS29 ×1.4004 (2025/03→2026/06) · PDF s.8 (TL): A. İşletme Faaliyetlerinden Kaynaklanan Nakit Akışları 13.105.184 618.004,-29.949,TEYITLI,-17.654 | -12.295 | 0.000,KAP 1438187 2025/03 cari · TMS29 ×1.4004 (2025/03→2026/06) · PDF s.8 (TL): Maddi ve Maddi Olmayan Duran Varlıkların Alımından Kaynaklanan Nakit Çıkışları (12.606.530) - ‖ KAP 1404599 2024/12 cari · TMS29 ×1.5414 (2024/12→2026/06) · PDF s.8 (TL): Maddi ve Maddi Olmayan Duran Varlıkların Alımından Kaynaklanan Nakit Çıkışları (7.976.299) (3.884.583) ‖ KAP 1438187 2025/03 onceki · TMS29 ×1.4004 (2025/03→2026/06),0.0,TEYITLI,0.000 | 0.000 | 0.000,KAP 1438187 2025/03 cari ‖ KAP 1404599 2024/12 cari ‖ KAP 1438187 2025/03 onceki,0.0,TEYITLI,0.000 | 0.000 | 0.000,KAP 1438187 2025/03 cari ‖ KAP 1404599 2024/12 cari ‖ KAP 1438187 2025/03 onceki,0.0,TEYITLI,0.000 | 0.000 | 0.000,KAP 1438187 2025/03 cari ‖ KAP 1404599 2024/12 cari ‖ KAP 1438187 2025/03 onceki,TEYITLI,,,,FCF_HLD,,,,29.949,0.0,,-1.384,
MARKA,Holding,2025/06,11.915,TEYITLI,0.154 | 11.078 | -0.683,KAP 1480102 2025/06 cari · TMS29 ×1.3211 (2025/06→2026/06) · PDF s.9 (TL): A. İşletme Faaliyetlerinden Kaynaklanan Nakit Akışları 116.456 (517.030) ‖ KAP 1404599 2024/12 cari · TMS29 ×1.5414 (2024/12→2026/06) · PDF s.8 (TL): A. İşletme Faaliyetlerinden Kaynaklanan Nakit Akışları 7.187.216 3.279.746 ‖ KAP 1480102 2025/06 onceki · TMS29 ×1.3211 (2025/06→2026/06) · PDF s.9 (TL): A. İşletme Faaliyetlerinden Kaynaklanan Nakit Akışları 116.456 (517.030),-12.295,TEYITLI,0.000 | -12.295 | 0.000,KAP 1480102 2025/06 cari · TMS29 ×1.3211 (2025/06→2026/06) ‖ KAP 1404599 2024/12 cari · TMS29 ×1.5414 (2024/12→2026/06) · PDF s.8 (TL): Maddi ve Maddi Olmayan Duran Varlıkların Alımından Kaynaklanan Nakit Çıkışları (7.976.299) (3.884.583) ‖ KAP 1480102 2025/06 onceki · TMS29 ×1.3211 (2025/06→2026/06),0.0,TEYITLI,0.000 | 0.000 | 0.000,KAP 1480102 2025/06 cari ‖ KAP 1404599 2024/12 cari ‖ KAP 1480102 2025/06 onceki,0.0,TEYITLI,0.000 | 0.000 | 0.000,KAP 1480102 2025/06 cari ‖ KAP 1404599 2024/12 cari ‖ KAP 1480102 2025/06 onceki,0.0,TEYITLI,0.000 | 0.000 | 0.000,KAP 1480102 2025/06 cari ‖ KAP 1404599 2024/12 cari ‖ KAP 1480102 2025/06 onceki,TEYITLI,,,,FCF_HLD,,,,12.295,0.0,,-0.38,
MARKA,Holding,2025/09,-7.644,TEYITLI,-1.767 | 11.078 | 16.955,KAP 1515107 2025/09 cari · TMS29 ×1.2289 (2025/09→2026/06) · PDF s.8 (TL): A. İşletme Faaliyetlerinden Kaynaklanan Nakit Akışları (1.437.776) 13.797.193 ‖ KAP 1404599 2024/12 cari · TMS29 ×1.5414 (2024/12→2026/06) · PDF s.8 (TL): A. İşletme Faaliyetlerinden Kaynaklanan Nakit Akışları 7.187.216 3.279.746 ‖ KAP 1515107 2025/09 onceki · TMS29 ×1.2289 (2025/09→2026/06) · PDF s.8 (TL): A. İşletme Faaliyetlerinden Kaynaklanan Nakit Akışları (1.437.776) 13.797.193,6.325,TEYITLI,0.000 | -12.295 | -18.620,KAP 1515107 2025/09 cari · TMS29 ×1.2289 (2025/09→2026/06) ‖ KAP 1404599 2024/12 cari · TMS29 ×1.5414 (2024/12→2026/06) · PDF s.8 (TL): Maddi ve Maddi Olmayan Duran Varlıkların Alımından Kaynaklanan Nakit Çıkışları (7.976.299) (3.884.583) ‖ KAP 1515107 2025/09 onceki · TMS29 ×1.2289 (2025/09→2026/06) · PDF s.8 (TL): B. Yatırım Faaliyetlerinden Kaynaklanan Nakit Akışları - (15.151.458),0.0,TEYITLI,0.000 | 0.000 | 0.000,KAP 1515107 2025/09 cari ‖ KAP 1404599 2024/12 cari ‖ KAP 1515107 2025/09 onceki,0.0,TEYITLI,0.000 | 0.000 | 0.000,KAP 1515107 2025/09 cari ‖ KAP 1404599 2024/12 cari ‖ KAP 1515107 2025/09 onceki,0.0,TEYITLI,0.000 | 0.000 | 0.000,KAP 1515107 2025/09 cari ‖ KAP 1404599 2024/12 cari ‖ KAP 1515107 2025/09 onceki,TEYITLI,,,,FCF_HLD,,,,0.0,0.0,MDV+MODV TTM +6.325 (pozitif) → 0,-7.644,
MARKA,Holding,2025/12,-1.759,TEYITLI,-1.759,KAP 1597844 2025/12 cari · TMS29 ×1.1776 (2025/12→2026/06) · PDF s.8 (TL): A. İşletme Faaliyetlerinden Kaynaklanan Nakit Akışları (1.493.434) 9.407.515,0.0,TEYITLI,0.000,KAP 1597844 2025/12 cari · TMS29 ×1.1776 (2025/12→2026/06),0.0,TEYITLI,0.000,KAP 1597844 2025/12 cari,0.0,TEYITLI,0.000,KAP 1597844 2025/12 cari,0.0,TEYITLI,0.000,KAP 1597844 2025/12 cari,TEYITLI,-1.493434,0.0,0.0,FCF_HLD,0.0,-1.493434,-0.266,0.0,0.0,,-1.759,
MARKA,Holding,2026/03,-20.436,TEYITLI,0.000 | -1.759 | 18.677,KAP 1616494 2026/03 cari · TMS29 ×1.0701 (2026/03→2026/06) · PDF s.7 (TL): A. İşletme Faaliyetlerinden Kaynaklanan Nakit Akışları 221 17.453.738 ‖ KAP 1597844 2025/12 cari · TMS29 ×1.1776 (2025/12→2026/06) · PDF s.8 (TL): A. İşletme Faaliyetlerinden Kaynaklanan Nakit Akışları (1.493.434) 9.407.515 ‖ KAP 1616494 2026/03 onceki · TMS29 ×1.0701 (2026/03→2026/06) · PDF s.7 (TL): A. İşletme Faaliyetlerinden Kaynaklanan Nakit Akışları 221 17.453.738,17.654,TEYITLI,0.000 | 0.000 | -17.654,KAP 1616494 2026/03 cari · TMS29 ×1.0701 (2026/03→2026/06) ‖ KAP 1597844 2025/12 cari · TMS29 ×1.1776 (2025/12→2026/06) ‖ KAP 1616494 2026/03 onceki · TMS29 ×1.0701 (2026/03→2026/06) · PDF s.7 (TL): Maddi ve Maddi Olmayan Duran Varlıkların Alımından Kaynaklanan Nakit Çıkışları - (16.497.898),0.0,TEYITLI,0.000 | 0.000 | 0.000,KAP 1616494 2026/03 cari ‖ KAP 1597844 2025/12 cari ‖ KAP 1616494 2026/03 onceki,0.0,TEYITLI,0.000 | 0.000 | 0.000,KAP 1616494 2026/03 cari ‖ KAP 1597844 2025/12 cari ‖ KAP 1616494 2026/03 onceki,0.0,TEYITLI,0.000 | 0.000 | 0.000,KAP 1616494 2026/03 cari ‖ KAP 1597844 2025/12 cari ‖ KAP 1616494 2026/03 onceki,TEYITLI,,,,FCF_HLD,,,,0.0,0.0,MDV+MODV TTM +17.654 (pozitif) → 0,-20.436,
MARKA,Holding,2026/06,-2.418,TEYITLI,-0.001 | -1.759 | 0.659,KAP 1652385 2026/06 cari · TMS29 ×1.0000 (2026/06→2026/06) · PDF s.9 (TL): A. İşletme Faaliyetlerinden Kaynaklanan Nakit Akışları (763) 659.063 ‖ KAP 1597844 2025/12 cari · TMS29 ×1.1776 (2025/12→2026/06) · PDF s.8 (TL): A. İşletme Faaliyetlerinden Kaynaklanan Nakit Akışları (1.493.434) 9.407.515 ‖ KAP 1652385 2026/06 onceki · TMS29 ×1.0000 (2026/06→2026/06) · PDF s.9 (TL): A. İşletme Faaliyetlerinden Kaynaklanan Nakit Akışları (763) 659.063,0.0,TEYITLI,0.000 | 0.000 | 0.000,KAP 1652385 2026/06 cari · TMS29 ×1.0000 (2026/06→2026/06) ‖ KAP 1597844 2025/12 cari · TMS29 ×1.1776 (2025/12→2026/06) ‖ KAP 1652385 2026/06 onceki · TMS29 ×1.0000 (2026/06→2026/06),0.0,TEYITLI,0.000 | 0.000 | 0.000,KAP 1652385 2026/06 cari ‖ KAP 1597844 2025/12 cari ‖ KAP 1652385 2026/06 onceki,0.0,TEYITLI,0.000 | 0.000 | 0.000,KAP 1652385 2026/06 cari ‖ KAP 1597844 2025/12 cari ‖ KAP 1652385 2026/06 onceki,0.0,TEYITLI,0.000 | 0.000 | 0.000,KAP 1652385 2026/06 cari ‖ KAP 1597844 2025/12 cari ‖ KAP 1652385 2026/06 onceki,TEYITLI,,,,FCF_HLD,,,,0.0,0.0,,-2.418,
MARMR,Holding,2025/03,,BELGE_YOK,0.000 | 0.000 | —,2025/03 raporu KAP’ta yok → yedek: 2025/03 değeri 2026/03 raporunun onceki sütunundan · KAP 1598983 2026/03 onceki ‖ 2024/12 raporu KAP’ta yok → yedek: 2024/12 değeri 2025/12 raporunun onceki sütunundan · KAP 1570772 2025/12 onceki ‖ 2025/03 raporu KAP’ta yok,,BELGE_YOK,0.000 | 0.000 | —,"2025/03 raporu KAP’ta yok → yedek: 2025/03 değeri 2026/03 raporunun onceki sütunundan · KAP 1598983 2026/03 onceki · elle karar (PDF): tek sütunlu tablo (karşılaştırmalı dönem yok; şirketin 2025/12 raporu da tek sütun); B bölümü ve MODV alım satırı ""-"" → 0; önceki dönem nakit akışı raporlanmamış → 0 ‖ 2024/12 raporu KAP’ta yok → yedek: 2024/12 değeri 2025/12 raporunun onceki sütunundan · KAP 1570772 2025/12 onceki ‖ 2025/03 raporu KAP’ta yok",,BELGE_YOK,0.000 | 0.000 | —,2025/03 raporu KAP’ta yok → yedek: 2025/03 değeri 2026/03 raporunun onceki sütunundan · KAP 1598983 2026/03 onceki ‖ 2024/12 raporu KAP’ta yok → yedek: 2024/12 değeri 2025/12 raporunun onceki sütunundan · KAP 1570772 2025/12 onceki ‖ 2025/03 raporu KAP’ta yok,,BELGE_YOK,0.000 | 0.000 | —,2025/03 raporu KAP’ta yok → yedek: 2025/03 değeri 2026/03 raporunun onceki sütunundan · KAP 1598983 2026/03 onceki ‖ 2024/12 raporu KAP’ta yok → yedek: 2024/12 değeri 2025/12 raporunun onceki sütunundan · KAP 1570772 2025/12 onceki ‖ 2025/03 raporu KAP’ta yok,,BELGE_YOK,0.000 | 0.000 | —,2025/03 raporu KAP’ta yok → yedek: 2025/03 değeri 2026/03 raporunun onceki sütunundan · KAP 1598983 2026/03 onceki ‖ 2024/12 raporu KAP’ta yok → yedek: 2024/12 değeri 2025/12 raporunun onceki sütunundan · KAP 1570772 2025/12 onceki ‖ 2025/03 raporu KAP’ta yok,BELGE_YOK,,,,FCF_HLD,,,,,,,,
MARMR,Holding,2025/06,,BELGE_YOK,0.000 | 0.000 | —,2025/06 raporu KAP’ta yok → yedek: 2025/06 değeri 2026/06 raporunun onceki sütunundan · KAP 1647216 2026/06 onceki ‖ 2024/12 raporu KAP’ta yok → yedek: 2024/12 değeri 2025/12 raporunun onceki sütunundan · KAP 1570772 2025/12 onceki ‖ 2025/06 raporu KAP’ta yok,,BELGE_YOK,0.000 | 0.000 | —,2025/06 raporu KAP’ta yok → yedek: 2025/06 değeri 2026/06 raporunun onceki sütunundan · KAP 1647216 2026/06 onceki ‖ 2024/12 raporu KAP’ta yok → yedek: 2024/12 değeri 2025/12 raporunun onceki sütunundan · KAP 1570772 2025/12 onceki ‖ 2025/06 raporu KAP’ta yok,,BELGE_YOK,0.000 | 0.000 | —,2025/06 raporu KAP’ta yok → yedek: 2025/06 değeri 2026/06 raporunun onceki sütunundan · KAP 1647216 2026/06 onceki ‖ 2024/12 raporu KAP’ta yok → yedek: 2024/12 değeri 2025/12 raporunun onceki sütunundan · KAP 1570772 2025/12 onceki ‖ 2025/06 raporu KAP’ta yok,,BELGE_YOK,0.000 | 0.000 | —,2025/06 raporu KAP’ta yok → yedek: 2025/06 değeri 2026/06 raporunun onceki sütunundan · KAP 1647216 2026/06 onceki ‖ 2024/12 raporu KAP’ta yok → yedek: 2024/12 değeri 2025/12 raporunun onceki sütunundan · KAP 1570772 2025/12 onceki ‖ 2025/06 raporu KAP’ta yok,,BELGE_YOK,0.000 | 0.000 | —,2025/06 raporu KAP’ta yok → yedek: 2025/06 değeri 2026/06 raporunun onceki sütunundan · KAP 1647216 2026/06 onceki ‖ 2024/12 raporu KAP’ta yok → yedek: 2024/12 değeri 2025/12 raporunun onceki sütunundan · KAP 1570772 2025/12 onceki ‖ 2025/06 raporu KAP’ta yok,BELGE_YOK,,,,FCF_HLD,,,,,,,,
MARMR,Holding,2025/09,0.0,ELLE,0.000 | 0.000 | 0.000,KAP 1514946 2025/09 cari · TMS29 ×1.2289 (2025/09→2026/06) · PDF_YOK ‖ 2024/12 raporu KAP’ta yok → yedek: 2024/12 değeri 2025/12 raporunun onceki sütunundan · KAP 1570772 2025/12 onceki ‖ KAP 1514946 2025/09 onceki · TMS29 ×1.2289 (2025/09→2026/06) · PDF_YOK,,ELLE,— | 0.000 | —,KAP 1514946 2025/09 cari · PDF_YOK ‖ 2024/12 raporu KAP’ta yok → yedek: 2024/12 değeri 2025/12 raporunun onceki sütunundan · KAP 1570772 2025/12 onceki ‖ KAP 1514946 2025/09 onceki · PDF_YOK,,ELLE,— | 0.000 | —,KAP 1514946 2025/09 cari · PDF_YOK ‖ 2024/12 raporu KAP’ta yok → yedek: 2024/12 değeri 2025/12 raporunun onceki sütunundan · KAP 1570772 2025/12 onceki ‖ KAP 1514946 2025/09 onceki · PDF_YOK,,ELLE,— | 0.000 | —,KAP 1514946 2025/09 cari · PDF_YOK ‖ 2024/12 raporu KAP’ta yok → yedek: 2024/12 değeri 2025/12 raporunun onceki sütunundan · KAP 1570772 2025/12 onceki ‖ KAP 1514946 2025/09 onceki · PDF_YOK,,ELLE,— | 0.000 | —,KAP 1514946 2025/09 cari · PDF_YOK ‖ 2024/12 raporu KAP’ta yok → yedek: 2024/12 değeri 2025/12 raporunun onceki sütunundan · KAP 1570772 2025/12 onceki ‖ KAP 1514946 2025/09 onceki · PDF_YOK,ELLE,,,,FCF_HLD,,,,,,,,
MARMR,Holding,2025/12,4.051,TEYITLI,4.051,KAP 1570772 2025/12 cari · TMS29 ×1.1776 (2025/12→2026/06) · PDF s.14 (TL): A. İşletme faaliyetlerinden nakit akışları 3.440.279,-0.013,TEYITLI,-0.013,KAP 1570772 2025/12 cari · TMS29 ×1.1776 (2025/12→2026/06) · PDF s.14 (TL): Maddi olmayan duran varlıkların alımından kaynaklanan nakit çıkışları (11.112),0.0,TEYITLI,0.000,KAP 1570772 2025/12 cari,0.0,TEYITLI,0.000,KAP 1570772 2025/12 cari,0.0,TEYITLI,0.000,KAP 1570772 2025/12 cari,TEYITLI,4.051,0.013,0.0,FCF_STD,,4.038,0.0,0.013,0.0,,4.038,
MARMR,Holding,2026/03,2.93,TEYITLI,-1.121 | 4.051 | 0.000,KAP 1598983 2026/03 cari · TMS29 ×1.0701 (2026/03→2026/06) · PDF s.6 (TL): A. İşletme faaliyetlerinden nakit akışları (1.047.514) ‖ KAP 1570772 2025/12 cari · TMS29 ×1.1776 (2025/12→2026/06) · PDF s.14 (TL): A. İşletme faaliyetlerinden nakit akışları 3.440.279 ‖ KAP 1598983 2026/03 onceki,-0.013,PDF_OKUNDU,0.000 | -0.013 | 0.000,"KAP 1598983 2026/03 cari · elle karar (PDF): tek sütunlu tablo (karşılaştırmalı dönem yok; şirketin 2025/12 raporu da tek sütun); B bölümü ve MODV alım satırı ""-"" → 0; önceki dönem nakit akışı raporlanmamış → 0 ‖ KAP 1570772 2025/12 cari · TMS29 ×1.1776 (2025/12→2026/06) · PDF s.14 (TL): Maddi olmayan duran varlıkların alımından kaynaklanan nakit çıkışları (11.112) ‖ KAP 1598983 2026/03 onceki · elle karar (PDF): tek sütunlu tablo (karşılaştırmalı dönem yok; şirketin 2025/12 raporu da tek sütun); B bölümü ve MODV alım satırı ""-"" → 0; önceki dönem nakit akışı raporlanmamış → 0",0.0,TEYITLI,0.000 | 0.000 | 0.000,KAP 1598983 2026/03 cari ‖ KAP 1570772 2025/12 cari ‖ KAP 1598983 2026/03 onceki,0.0,TEYITLI,0.000 | 0.000 | 0.000,KAP 1598983 2026/03 cari ‖ KAP 1570772 2025/12 cari ‖ KAP 1598983 2026/03 onceki,0.0,TEYITLI,0.000 | 0.000 | 0.000,KAP 1598983 2026/03 cari ‖ KAP 1570772 2025/12 cari ‖ KAP 1598983 2026/03 onceki,PDF_OKUNDU,,,,FCF_HLD,,,,0.013,0.0,,2.917,
MARMR,Holding,2026/06,1.063,TEYITLI,-2.989 | 4.051 | 0.000,KAP 1647216 2026/06 cari · TMS29 ×1.0000 (2026/06→2026/06) · PDF s.7 (TL): A. İşletme faaliyetlerinden nakit akışları (2.988.685) ‖ KAP 1570772 2025/12 cari · TMS29 ×1.1776 (2025/12→2026/06) · PDF s.14 (TL): A. İşletme faaliyetlerinden nakit akışları 3.440.279 ‖ KAP 1647216 2026/06 onceki,-0.156,TEYITLI,-0.143 | -0.013 | 0.000,KAP 1647216 2026/06 cari · TMS29 ×1.0000 (2026/06→2026/06) · PDF s.7 (TL): Maddi duran varlıkların alımından kaynaklanan nakit çıkışları (143.141) ‖ KAP 1570772 2025/12 cari · TMS29 ×1.1776 (2025/12→2026/06) · PDF s.14 (TL): Maddi olmayan duran varlıkların alımından kaynaklanan nakit çıkışları (11.112) ‖ KAP 1647216 2026/06 onceki,0.0,TEYITLI,0.000 | 0.000 | 0.000,KAP 1647216 2026/06 cari ‖ KAP 1570772 2025/12 cari ‖ KAP 1647216 2026/06 onceki,0.0,TEYITLI,0.000 | 0.000 | 0.000,KAP 1647216 2026/06 cari ‖ KAP 1570772 2025/12 cari ‖ KAP 1647216 2026/06 onceki,0.0,TEYITLI,0.000 | 0.000 | 0.000,KAP 1647216 2026/06 cari ‖ KAP 1570772 2025/12 cari ‖ KAP 1647216 2026/06 onceki,TEYITLI,,,,FCF_HLD,,,,0.156,0.0,,0.907,
METRO,Holding,2025/03,,BELGE_YOK,— | — | —,2025/03 raporu KAP’ta yok ‖ 2024/12 raporu KAP’ta yok ‖ 2025/03 raporu KAP’ta yok,,BELGE_YOK,— | — | —,2025/03 raporu KAP’ta yok ‖ 2024/12 raporu KAP’ta yok ‖ 2025/03 raporu KAP’ta yok,,BELGE_YOK,— | — | —,2025/03 raporu KAP’ta yok ‖ 2024/12 raporu KAP’ta yok ‖ 2025/03 raporu KAP’ta yok,,BELGE_YOK,— | — | —,2025/03 raporu KAP’ta yok ‖ 2024/12 raporu KAP’ta yok ‖ 2025/03 raporu KAP’ta yok,,BELGE_YOK,— | — | —,2025/03 raporu KAP’ta yok ‖ 2024/12 raporu KAP’ta yok ‖ 2025/03 raporu KAP’ta yok,BELGE_YOK,-6.614000000000001,0.4630000000000001,0.0,FCF_STD,,-7.077000000000001,,,,,,
METRO,Holding,2025/06,,BELGE_YOK,— | — | —,2025/06 raporu KAP’ta yok ‖ 2024/12 raporu KAP’ta yok ‖ 2025/06 raporu KAP’ta yok,,BELGE_YOK,— | — | —,2025/06 raporu KAP’ta yok ‖ 2024/12 raporu KAP’ta yok ‖ 2025/06 raporu KAP’ta yok,,BELGE_YOK,— | — | —,2025/06 raporu KAP’ta yok ‖ 2024/12 raporu KAP’ta yok ‖ 2025/06 raporu KAP’ta yok,,BELGE_YOK,— | — | —,2025/06 raporu KAP’ta yok ‖ 2024/12 raporu KAP’ta yok ‖ 2025/06 raporu KAP’ta yok,,BELGE_YOK,— | — | —,2025/06 raporu KAP’ta yok ‖ 2024/12 raporu KAP’ta yok ‖ 2025/06 raporu KAP’ta yok,BELGE_YOK,-7.034,0.427,0.0,FCF_STD,,-7.461,,,,,,
METRO,Holding,2025/09,,BELGE_YOK,— | — | —,2025/09 raporu KAP’ta yok ‖ 2024/12 raporu KAP’ta yok ‖ 2025/09 raporu KAP’ta yok,,BELGE_YOK,— | — | —,2025/09 raporu KAP’ta yok ‖ 2024/12 raporu KAP’ta yok ‖ 2025/09 raporu KAP’ta yok,,BELGE_YOK,— | — | —,2025/09 raporu KAP’ta yok ‖ 2024/12 raporu KAP’ta yok ‖ 2025/09 raporu KAP’ta yok,,BELGE_YOK,— | — | —,2025/09 raporu KAP’ta yok ‖ 2024/12 raporu KAP’ta yok ‖ 2025/09 raporu KAP’ta yok,,BELGE_YOK,— | — | —,2025/09 raporu KAP’ta yok ‖ 2024/12 raporu KAP’ta yok ‖ 2025/09 raporu KAP’ta yok,BELGE_YOK,-9.837,0.3180000000000001,0.0,FCF_STD,,-10.155,,,,,,
METRO,Holding,2025/12,,BELGE_YOK,—,2025/12 raporu KAP’ta yok,,BELGE_YOK,—,2025/12 raporu KAP’ta yok,,BELGE_YOK,—,2025/12 raporu KAP’ta yok,,BELGE_YOK,—,2025/12 raporu KAP’ta yok,,BELGE_YOK,—,2025/12 raporu KAP’ta yok,BELGE_YOK,38.937,0.05,0.0,FCF_STD,,38.887,,,,,,
METRO,Holding,2026/03,,BELGE_YOK,— | — | —,2026/03 raporu KAP’ta yok ‖ 2025/12 raporu KAP’ta yok ‖ 2026/03 raporu KAP’ta yok,,BELGE_YOK,— | — | —,2026/03 raporu KAP’ta yok ‖ 2025/12 raporu KAP’ta yok ‖ 2026/03 raporu KAP’ta yok,,BELGE_YOK,— | — | —,2026/03 raporu KAP’ta yok ‖ 2025/12 raporu KAP’ta yok ‖ 2026/03 raporu KAP’ta yok,,BELGE_YOK,— | — | —,2026/03 raporu KAP’ta yok ‖ 2025/12 raporu KAP’ta yok ‖ 2026/03 raporu KAP’ta yok,,BELGE_YOK,— | — | —,2026/03 raporu KAP’ta yok ‖ 2025/12 raporu KAP’ta yok ‖ 2026/03 raporu KAP’ta yok,BELGE_YOK,63.75699999999999,2.633,0.0,FCF_STD,,61.12399999999999,,,,,,
METRO,Holding,2026/06,,BELGE_YOK,— | — | —,2026/06 raporu KAP’ta yok ‖ 2025/12 raporu KAP’ta yok ‖ 2026/06 raporu KAP’ta yok,,BELGE_YOK,— | — | —,2026/06 raporu KAP’ta yok ‖ 2025/12 raporu KAP’ta yok ‖ 2026/06 raporu KAP’ta yok,,BELGE_YOK,— | — | —,2026/06 raporu KAP’ta yok ‖ 2025/12 raporu KAP’ta yok ‖ 2026/06 raporu KAP’ta yok,,BELGE_YOK,— | — | —,2026/06 raporu KAP’ta yok ‖ 2025/12 raporu KAP’ta yok ‖ 2026/06 raporu KAP’ta yok,,BELGE_YOK,— | — | —,2026/06 raporu KAP’ta yok ‖ 2025/12 raporu KAP’ta yok ‖ 2026/06 raporu KAP’ta yok,BELGE_YOK,52.023,2.614,0.0,FCF_STD,,49.40900000000001,,,,,,
MMCAS,Holding,2025/03,9.944,TEYITLI,-2.867 | 13.696 | 0.884,KAP 1575795 2025/03 cari · TMS29 ×1.4004 (2025/03→2026/06) · PDF s.8 (TL): İŞLETME FAALİYETLERİNDEN NAKİT AKIŞLARI (2.047.260) 631.419 ‖ KAP 1575792 2024/12 cari · TMS29 ×1.5414 (2024/12→2026/06) · PDF s.7 (TL): A. İŞLETME FAALİYETLERDEN NAKİT AKIŞLARI 8.885.190 (696.896) ‖ KAP 1575795 2025/03 onceki · TMS29 ×1.4004 (2025/03→2026/06) · PDF s.8 (TL): İŞLETME FAALİYETLERİNDEN NAKİT AKIŞLARI (2.047.260) 631.419,-2.53,TEYITLI,0.000 | -2.530 | 0.000,KAP 1575795 2025/03 cari · TMS29 ×1.4004 (2025/03→2026/06) ‖ KAP 1575792 2024/12 cari · TMS29 ×1.5414 (2024/12→2026/06) · PDF s.7 (TL): Maddi duran varlık alımından kaynaklanan nakit çıkışları (-) 13 (60.721) (72.549) + Maddi olmayan duran varlık alımından kaynaklanan nakit çıkışları (-) 14 (1.580.653) - ‖ KAP 1575795 2025/03 onceki · TMS29 ×1.4004 (2025/03→2026/06),0.0,TEYITLI,0.000 | 0.000 | 0.000,KAP 1575795 2025/03 cari ‖ KAP 1575792 2024/12 cari ‖ KAP 1575795 2025/03 onceki,0.0,TEYITLI,0.000 | 0.000 | 0.000,KAP 1575795 2025/03 cari ‖ KAP 1575792 2024/12 cari ‖ KAP 1575795 2025/03 onceki,0.0,TEYITLI,0.000 | 0.000 | 0.000,KAP 1575795 2025/03 cari ‖ KAP 1575792 2024/12 cari ‖ KAP 1575795 2025/03 onceki,TEYITLI,5.299,,0.0,FCF_HLD,0.0,,4.645,2.53,0.0,,7.414,
MMCAS,Holding,2025/06,9.191,PDF_OKUNDU,-4.017 | 13.696 | 0.488,KAP 1572689 2025/06 cari · TMS29 ×1.3211 (2025/06→2026/06) · PDF s.8 (TL): İŞLETME FAALİYETLERİNDEN NAKİT AKIŞLARI (3.040.566) 369.353 ‖ KAP 1575792 2024/12 cari · TMS29 ×1.5414 (2024/12→2026/06) · PDF s.7 (TL): A. İŞLETME FAALİYETLERDEN NAKİT AKIŞLARI 8.885.190 (696.896) ‖ KAP 1572689 2025/06 onceki · TMS29 ×1.3211 (2025/06→2026/06) · elle karar (PDF): belgedeki CFO karşılaştırmalı sütunu; özdeşlik sağlanıyor,-2.53,TEYITLI,0.000 | -2.530 | 0.000,KAP 1572689 2025/06 cari · TMS29 ×1.3211 (2025/06→2026/06) ‖ KAP 1575792 2024/12 cari · TMS29 ×1.5414 (2024/12→2026/06) · PDF s.7 (TL): Maddi duran varlık alımından kaynaklanan nakit çıkışları (-) 13 (60.721) (72.549) + Maddi olmayan duran varlık alımından kaynaklanan nakit çıkışları (-) 14 (1.580.653) - ‖ KAP 1572689 2025/06 onceki · TMS29 ×1.3211 (2025/06→2026/06),0.0,TEYITLI,0.000 | 0.000 | 0.000,KAP 1572689 2025/06 cari ‖ KAP 1575792 2024/12 cari ‖ KAP 1572689 2025/06 onceki,0.0,TEYITLI,0.000 | 0.000 | 0.000,KAP 1572689 2025/06 cari ‖ KAP 1575792 2024/12 cari ‖ KAP 1572689 2025/06 onceki,0.0,TEYITLI,0.000 | 0.000 | 0.000,KAP 1572689 2025/06 cari ‖ KAP 1575792 2024/12 cari ‖ KAP 1572689 2025/06 onceki,PDF_OKUNDU,4.077,,0.0,FCF_HLD,0.0,,5.114,2.53,0.0,,6.661,
MMCAS,Holding,2025/09,7.527,TEYITLI,-1.830 | 13.696 | 4.339,KAP 1572690 2025/09 cari · TMS29 ×1.2289 (2025/09→2026/06) · PDF s.8 (TL): İŞLETME FAALİYETLERİNDEN NAKİT AKIŞLARI (1.488.788) 3.530.629 ‖ KAP 1575792 2024/12 cari · TMS29 ×1.5414 (2024/12→2026/06) · PDF s.7 (TL): A. İŞLETME FAALİYETLERDEN NAKİT AKIŞLARI 8.885.190 (696.896) ‖ KAP 1572690 2025/09 onceki · TMS29 ×1.2289 (2025/09→2026/06) · PDF s.8 (TL): İŞLETME FAALİYETLERİNDEN NAKİT AKIŞLARI (1.488.788) 3.530.629,-2.365,TEYITLI,0.000 | -2.530 | -0.166,KAP 1572690 2025/09 cari · TMS29 ×1.2289 (2025/09→2026/06) ‖ KAP 1575792 2024/12 cari · TMS29 ×1.5414 (2024/12→2026/06) · PDF s.7 (TL): Maddi duran varlık alımından kaynaklanan nakit çıkışları (-) 13 (60.721) (72.549) + Maddi olmayan duran varlık alımından kaynaklanan nakit çıkışları (-) 14 (1.580.653) - ‖ KAP 1572690 2025/09 onceki · TMS29 ×1.2289 (2025/09→2026/06) · PDF s.8 (TL): AKIŞLARI - (134.675),0.0,TEYITLI,0.000 | 0.000 | 0.000,KAP 1572690 2025/09 cari ‖ KAP 1575792 2024/12 cari ‖ KAP 1572690 2025/09 onceki,0.0,TEYITLI,0.000 | 0.000 | 0.000,KAP 1572690 2025/09 cari ‖ KAP 1575792 2024/12 cari ‖ KAP 1572690 2025/09 onceki,0.0,TEYITLI,0.000 | 0.000 | 0.000,KAP 1572690 2025/09 cari ‖ KAP 1575792 2024/12 cari ‖ KAP 1572690 2025/09 onceki,TEYITLI,2.881,,0.0,FCF_HLD,0.0,,4.646,2.365,0.0,,5.162,
MMCAS,Holding,2025/12,,BELGE_YOK,—,2025/12 raporu KAP’ta yok,,BELGE_YOK,—,2025/12 raporu KAP’ta yok,,BELGE_YOK,—,2025/12 raporu KAP’ta yok,,BELGE_YOK,—,2025/12 raporu KAP’ta yok,,BELGE_YOK,—,2025/12 raporu KAP’ta yok,BELGE_YOK,-4.715,0.0,0.0,FCF_STD,,-4.715,,,,,,
MMCAS,Holding,2026/03,,BELGE_YOK,— | — | -2.867,2026/03 raporu KAP’ta yok ‖ 2025/12 raporu KAP’ta yok ‖ 2026/03 raporu KAP’ta yok → yedek: 2026/03 değeri 2025/03 raporunun cari sütunundan · KAP 1575795 2025/03 cari · TMS29 ×1.4004 (2025/03→2026/06) · PDF s.8 (TL): İŞLETME FAALİYETLERİNDEN NAKİT AKIŞLARI (2.047.260) 631.419,,BELGE_YOK,— | — | 0.000,2026/03 raporu KAP’ta yok ‖ 2025/12 raporu KAP’ta yok ‖ 2026/03 raporu KAP’ta yok → yedek: 2026/03 değeri 2025/03 raporunun cari sütunundan · KAP 1575795 2025/03 cari · TMS29 ×1.4004 (2025/03→2026/06),,BELGE_YOK,— | — | 0.000,2026/03 raporu KAP’ta yok ‖ 2025/12 raporu KAP’ta yok ‖ 2026/03 raporu KAP’ta yok → yedek: 2026/03 değeri 2025/03 raporunun cari sütunundan · KAP 1575795 2025/03 cari,,BELGE_YOK,— | — | 0.000,2026/03 raporu KAP’ta yok ‖ 2025/12 raporu KAP’ta yok ‖ 2026/03 raporu KAP’ta yok → yedek: 2026/03 değeri 2025/03 raporunun cari sütunundan · KAP 1575795 2025/03 cari,,BELGE_YOK,— | — | 0.000,2026/03 raporu KAP’ta yok ‖ 2025/12 raporu KAP’ta yok ‖ 2026/03 raporu KAP’ta yok → yedek: 2026/03 değeri 2025/03 raporunun cari sütunundan · KAP 1575795 2025/03 cari,BELGE_YOK,-2.992999999999999,0.0,0.0,FCF_STD,,-2.992999999999999,,,,,,
MMCAS,Holding,2026/06,,BELGE_YOK,— | — | -4.017,2026/06 raporu KAP’ta yok ‖ 2025/12 raporu KAP’ta yok ‖ 2026/06 raporu KAP’ta yok → yedek: 2026/06 değeri 2025/06 raporunun cari sütunundan · KAP 1572689 2025/06 cari · TMS29 ×1.3211 (2025/06→2026/06) · PDF s.8 (TL): İŞLETME FAALİYETLERİNDEN NAKİT AKIŞLARI (3.040.566) 369.353,,BELGE_YOK,— | — | 0.000,2026/06 raporu KAP’ta yok ‖ 2025/12 raporu KAP’ta yok ‖ 2026/06 raporu KAP’ta yok → yedek: 2026/06 değeri 2025/06 raporunun cari sütunundan · KAP 1572689 2025/06 cari · TMS29 ×1.3211 (2025/06→2026/06),,BELGE_YOK,— | — | 0.000,2026/06 raporu KAP’ta yok ‖ 2025/12 raporu KAP’ta yok ‖ 2026/06 raporu KAP’ta yok → yedek: 2026/06 değeri 2025/06 raporunun cari sütunundan · KAP 1572689 2025/06 cari,,BELGE_YOK,— | — | 0.000,2026/06 raporu KAP’ta yok ‖ 2025/12 raporu KAP’ta yok ‖ 2026/06 raporu KAP’ta yok → yedek: 2026/06 değeri 2025/06 raporunun cari sütunundan · KAP 1572689 2025/06 cari,,BELGE_YOK,— | — | 0.000,2026/06 raporu KAP’ta yok ‖ 2025/12 raporu KAP’ta yok ‖ 2026/06 raporu KAP’ta yok → yedek: 2026/06 değeri 2025/06 raporunun cari sütunundan · KAP 1572689 2025/06 cari,BELGE_YOK,-17.886,0.0,0.0,FCF_STD,,-17.886,,,,,,
MZHLD,Holding,2025/03,,BELGE_YOK,-98.521 | 90.212 | —,2025/03 INDIRILMEDI  → yedek: 2025/03 değeri 2026/03 raporunun onceki sütunundan · KAP 1605443 2026/03 onceki · TMS29 ×1.0701 (2026/03→2026/06) · PDF s.7 (TL): İŞLETME FAALİYETLERİNDEN NAKİT AKIŞLARI (69.081.001) (92.067.261) ‖ KAP 1405264 2024/12 cari · TMS29 ×1.5414 (2024/12→2026/06) · PDF s.12 (TL): İŞLETME FAALİYETLERİNDEN NAKİT AKIŞLARI 58.525.950 (152.456.237) ‖ 2025/03 INDIRILMEDI ,,BELGE_YOK,-3.549 | -66.377 | —,"2025/03 INDIRILMEDI  → yedek: 2025/03 değeri 2026/03 raporunun onceki sütunundan · KAP 1605443 2026/03 onceki · TMS29 ×1.0701 (2026/03→2026/06) · PDF s.7 (TL): Maddi Duran Varlıkların Alımından Kaynaklanan Nakit Çıkışları (-) 13,15 (11.516.966) (3.316.079) ‖ KAP 1405264 2024/12 cari · TMS29 ×1.5414 (2024/12→2026/06) · PDF s.12 (TL): Maddi Duran Varlıkların Alımından Kaynaklanan Nakit Çıkışları (-) 13,15 (43.063.090) (74.181.238) ‖ 2025/03 INDIRILMEDI ",,BELGE_YOK,0.000 | 0.000 | —,2025/03 INDIRILMEDI  → yedek: 2025/03 değeri 2026/03 raporunun onceki sütunundan · KAP 1605443 2026/03 onceki ‖ KAP 1405264 2024/12 cari ‖ 2025/03 INDIRILMEDI ,,BELGE_YOK,0.000 | -60.754 | —,2025/03 INDIRILMEDI  → yedek: 2025/03 değeri 2026/03 raporunun onceki sütunundan · KAP 1605443 2026/03 onceki · TMS29 ×1.0701 (2026/03→2026/06) ‖ KAP 1405264 2024/12 cari · TMS29 ×1.5414 (2024/12→2026/06) · PDF s.12 (TL): Kiralama Yükümlülükleriyle İlgili Nakit Çıkışları (-) 14 (39.414.961) (4.151.236) ‖ 2025/03 INDIRILMEDI ,,BELGE_YOK,0.000 | 0.000 | —,2025/03 INDIRILMEDI  → yedek: 2025/03 değeri 2026/03 raporunun onceki sütunundan · KAP 1605443 2026/03 onceki ‖ KAP 1405264 2024/12 cari ‖ 2025/03 INDIRILMEDI ,BELGE_YOK,-129.531,0.0,39.414961,FCF_STD,,-168.945961,,,,,,
MZHLD,Holding,2025/06,-72.668,TEYITLI,-105.183 | 90.212 | 57.697,KAP 1480344 2025/06 cari · TMS29 ×1.3211 (2025/06→2026/06) · PDF s.9 (TL): İŞLETME FAALİYETLERİNDEN NAKİT AKIŞLARI (79.617.468) 43.673.435 ‖ KAP 1405264 2024/12 cari · TMS29 ×1.5414 (2024/12→2026/06) · PDF s.12 (TL): İŞLETME FAALİYETLERİNDEN NAKİT AKIŞLARI 58.525.950 (152.456.237) ‖ KAP 1480344 2025/06 onceki · TMS29 ×1.3211 (2025/06→2026/06) · PDF s.9 (TL): İŞLETME FAALİYETLERİNDEN NAKİT AKIŞLARI (79.617.468) 43.673.435,80.243,TEYITLI,-8.062 | -66.377 | -154.683,"KAP 1480344 2025/06 cari · TMS29 ×1.3211 (2025/06→2026/06) · PDF s.9 (TL): Maddi Duran Varlıkların Alımından Kaynaklanan Nakit Çıkışları (-) 13,15 (5.855.471) (116.751.033) + Maddi Olmayan Duran Varlıkların Alımından Kaynaklanan Nakit Çıkışları (-) (247.204) (335.284) ‖ KAP 1405264 2024/12 cari · TMS29 ×1.5414 (2024/12→2026/06) · PDF s.12 (TL): Maddi Duran Varlıkların Alımından Kaynaklanan Nakit Çıkışları (-) 13,15 (43.063.090) (74.181.238) ‖ KAP 1480344 2025/06 onceki · TMS29 ×1.3211 (2025/06→2026/06) · PDF s.9 (TL): Maddi Duran Varlıkların Alımından Kaynaklanan Nakit Çıkışları (-) 13,15 (5.855.471) (116.751.033) + Maddi Olmayan Duran Varlıkların Alımından Kaynaklanan Nakit Çıkışları (-) (247.204) (335.284)",0.0,TEYITLI,0.000 | 0.000 | 0.000,KAP 1480344 2025/06 cari ‖ KAP 1405264 2024/12 cari ‖ KAP 1480344 2025/06 onceki,-60.754,TEYITLI,0.000 | -60.754 | 0.000,KAP 1480344 2025/06 cari ‖ KAP 1405264 2024/12 cari · TMS29 ×1.5414 (2024/12→2026/06) · PDF s.12 (TL): Kiralama Yükümlülükleriyle İlgili Nakit Çıkışları (-) 14 (39.414.961) (4.151.236) ‖ KAP 1480344 2025/06 onceki,0.0,TEYITLI,0.000 | 0.000 | 0.000,KAP 1480344 2025/06 cari ‖ KAP 1405264 2024/12 cari ‖ KAP 1480344 2025/06 onceki,TEYITLI,-72.67,,,FCF_HLD,0.0,,0.002,0.0,60.754,MDV+MODV TTM +80.243 (pozitif) → 0,-133.422,
MZHLD,Holding,2025/09,-147.579,TEYITLI,-180.896 | 90.212 | 56.895,KAP 1513541 2025/09 cari · TMS29 ×1.2289 (2025/09→2026/06) · PDF s.7 (TL): İŞLETME FAALİYETLERİNDEN NAKİT AKIŞLARI (147.201.423) 46.297.329 ‖ KAP 1405264 2024/12 cari · TMS29 ×1.5414 (2024/12→2026/06) · PDF s.12 (TL): İŞLETME FAALİYETLERİNDEN NAKİT AKIŞLARI 58.525.950 (152.456.237) ‖ KAP 1513541 2025/09 onceki · TMS29 ×1.2289 (2025/09→2026/06) · PDF s.7 (TL): İŞLETME FAALİYETLERİNDEN NAKİT AKIŞLARI (147.201.423) 46.297.329,34.312,TEYITLI,-61.881 | -66.377 | -162.571,"KAP 1513541 2025/09 cari · TMS29 ×1.2289 (2025/09→2026/06) · PDF s.7 (TL): Maddi Duran Varlıkların Alımından Kaynaklanan Nakit Çıkışları (-) 13,15 (50.089.398) (131.929.218) + Maddi Olmayan Duran Varlıkların Alımından Kaynaklanan Nakit Çıkışları (-) 13,15 (265.754) (360.654) ‖ KAP 1405264 2024/12 cari · TMS29 ×1.5414 (2024/12→2026/06) · PDF s.12 (TL): Maddi Duran Varlıkların Alımından Kaynaklanan Nakit Çıkışları (-) 13,15 (43.063.090) (74.181.238) ‖ KAP 1513541 2025/09 onceki · TMS29 ×1.2289 (2025/09→2026/06) · PDF s.7 (TL): Maddi Duran Varlıkların Alımından Kaynaklanan Nakit Çıkışları (-) 13,15 (50.089.398) (131.929.218) + Maddi Olmayan Duran Varlıkların Alımından Kaynaklanan Nakit Çıkışları (-) 13,15 (265.754) (360.654)",0.0,TEYITLI,0.000 | 0.000 | 0.000,KAP 1513541 2025/09 cari ‖ KAP 1405264 2024/12 cari ‖ KAP 1513541 2025/09 onceki,-60.754,TEYITLI,0.000 | -60.754 | 0.000,KAP 1513541 2025/09 cari ‖ KAP 1405264 2024/12 cari · TMS29 ×1.5414 (2024/12→2026/06) · PDF s.12 (TL): Kiralama Yükümlülükleriyle İlgili Nakit Çıkışları (-) 14 (39.414.961) (4.151.236) ‖ KAP 1513541 2025/09 onceki,0.0,TEYITLI,0.000 | 0.000 | 0.000,KAP 1513541 2025/09 cari ‖ KAP 1405264 2024/12 cari ‖ KAP 1513541 2025/09 onceki,TEYITLI,-147.577,,,FCF_HLD,0.0,,-0.002,0.0,60.754,MDV+MODV TTM +34.312 (pozitif) → 0,-208.333,
MZHLD,Holding,2025/12,-159.446,TEYITLI,-159.446,KAP 1570905 2025/12 cari · TMS29 ×1.1776 (2025/12→2026/06) · PDF s.12 (TL): İŞLETME FAALİYETLERİNDEN NAKİT AKIŞLARI (135.398.864) 76.605.980,-94.458,TEYITLI,-94.458,"KAP 1570905 2025/12 cari · TMS29 ×1.1776 (2025/12→2026/06) · PDF s.12 (TL): Maddi Duran Varlıkların Alımından Kaynaklanan Nakit Çıkışları (-) 13,15 (79.935.012) (55.890.628) + Maddi Olmayan Duran Varlıkların Alımından Kaynaklanan Nakit Çıkışları (-) 13,15 (277.329) (475.653)",0.0,TEYITLI,0.000,KAP 1570905 2025/12 cari,-37.667,TEYITLI,-37.667,KAP 1570905 2025/12 cari · TMS29 ×1.1776 (2025/12→2026/06) · PDF s.12 (TL): Kiralama Yükümlülükleriyle İlgili Nakit Çıkışları (-) (31.986.378) (51.591.160),0.0,TEYITLI,0.000,KAP 1570905 2025/12 cari,TEYITLI,-159.446,94.458,37.667,FCF_HLD,0.0,-291.571,0.0,94.458,37.667,,-291.571,
MZHLD,Holding,2026/03,-134.848,TEYITLI,-73.924 | -159.446 | -98.521,KAP 1605443 2026/03 cari · TMS29 ×1.0701 (2026/03→2026/06) · PDF s.7 (TL): İŞLETME FAALİYETLERİNDEN NAKİT AKIŞLARI (69.081.001) (92.067.261) ‖ KAP 1570905 2025/12 cari · TMS29 ×1.1776 (2025/12→2026/06) · PDF s.12 (TL): İŞLETME FAALİYETLERİNDEN NAKİT AKIŞLARI (135.398.864) 76.605.980 ‖ KAP 1605443 2026/03 onceki · TMS29 ×1.0701 (2026/03→2026/06) · PDF s.7 (TL): İŞLETME FAALİYETLERİNDEN NAKİT AKIŞLARI (69.081.001) (92.067.261),-103.234,TEYITLI,-12.324 | -94.458 | -3.549,"KAP 1605443 2026/03 cari · TMS29 ×1.0701 (2026/03→2026/06) · PDF s.7 (TL): Maddi Duran Varlıkların Alımından Kaynaklanan Nakit Çıkışları (-) 13,15 (11.516.966) (3.316.079) ‖ KAP 1570905 2025/12 cari · TMS29 ×1.1776 (2025/12→2026/06) · PDF s.12 (TL): Maddi Duran Varlıkların Alımından Kaynaklanan Nakit Çıkışları (-) 13,15 (79.935.012) (55.890.628) + Maddi Olmayan Duran Varlıkların Alımından Kaynaklanan Nakit Çıkışları (-) 13,15 (277.329) (475.653) ‖ KAP 1605443 2026/03 onceki · TMS29 ×1.0701 (2026/03→2026/06) · PDF s.7 (TL): Maddi Duran Varlıkların Alımından Kaynaklanan Nakit Çıkışları (-) 13,15 (11.516.966) (3.316.079)",0.0,TEYITLI,0.000 | 0.000 | 0.000,KAP 1605443 2026/03 cari ‖ KAP 1570905 2025/12 cari ‖ KAP 1605443 2026/03 onceki,-38.371,TEYITLI,-0.704 | -37.667 | 0.000,KAP 1605443 2026/03 cari · TMS29 ×1.0701 (2026/03→2026/06) · PDF s.7 (TL): Kiralama Yükümlülükleriyle İlgili Nakit Çıkışları (-) (657.884) -- ‖ KAP 1570905 2025/12 cari · TMS29 ×1.1776 (2025/12→2026/06) · PDF s.12 (TL): Kiralama Yükümlülükleriyle İlgili Nakit Çıkışları (-) (31.986.378) (51.591.160) ‖ KAP 1605443 2026/03 onceki · TMS29 ×1.0701 (2026/03→2026/06),0.0,TEYITLI,0.000 | 0.000 | 0.000,KAP 1605443 2026/03 cari ‖ KAP 1570905 2025/12 cari ‖ KAP 1605443 2026/03 onceki,TEYITLI,-134.848,,,FCF_HLD,0.0,,0.0,103.234,38.371,,-276.453,
MZHLD,Holding,2026/06,-189.888,TEYITLI,-135.627 | -159.446 | -105.184,KAP 1653042 2026/06 cari · TMS29 ×1.0000 (2026/06→2026/06) · PDF s.9 (TL): İŞLETME FAALİYETLERİNDEN NAKİT AKIŞLARI (135.626.602) (105.184.420) ‖ KAP 1570905 2025/12 cari · TMS29 ×1.1776 (2025/12→2026/06) · PDF s.12 (TL): İŞLETME FAALİYETLERİNDEN NAKİT AKIŞLARI (135.398.864) 76.605.980 ‖ KAP 1653042 2026/06 onceki · TMS29 ×1.0000 (2026/06→2026/06) · PDF s.9 (TL): İŞLETME FAALİYETLERİNDEN NAKİT AKIŞLARI (135.626.602) (105.184.420),-108.055,TEYITLI,-21.659 | -94.458 | -8.062,"KAP 1653042 2026/06 cari · TMS29 ×1.0000 (2026/06→2026/06) · PDF s.9 (TL): Maddi Duran Varlıkların Alımından Kaynaklanan Nakit Çıkışları (-) 13 (21.658.996) (7.735.794) ‖ KAP 1570905 2025/12 cari · TMS29 ×1.1776 (2025/12→2026/06) · PDF s.12 (TL): Maddi Duran Varlıkların Alımından Kaynaklanan Nakit Çıkışları (-) 13,15 (79.935.012) (55.890.628) + Maddi Olmayan Duran Varlıkların Alımından Kaynaklanan Nakit Çıkışları (-) 13,15 (277.329) (475.653) ‖ KAP 1653042 2026/06 onceki · TMS29 ×1.0000 (2026/06→2026/06) · PDF s.9 (TL): Maddi Duran Varlıkların Alımından Kaynaklanan Nakit Çıkışları (-) 13 (21.658.996) (7.735.794) + Maddi Olmayan Duran Varlıkların Alımından Kaynaklanan Nakit Çıkışları (-) 15 -- (326.587)",-0.289,TEYITLI,-0.289 | 0.000 | 0.000,KAP 1653042 2026/06 cari · TMS29 ×1.0000 (2026/06→2026/06) · PDF s.9 (TL): Yatırım Amaçlı Gayrimenkul Alımından Kaynaklanan Nakit Çıkışları (-) 12 (289.064) -- ‖ KAP 1570905 2025/12 cari ‖ KAP 1653042 2026/06 onceki,-37.667,TEYITLI,0.000 | -37.667 | 0.000,KAP 1653042 2026/06 cari ‖ KAP 1570905 2025/12 cari · TMS29 ×1.1776 (2025/12→2026/06) · PDF s.12 (TL): Kiralama Yükümlülükleriyle İlgili Nakit Çıkışları (-) (31.986.378) (51.591.160) ‖ KAP 1653042 2026/06 onceki,0.0,TEYITLI,0.000 | 0.000 | 0.000,KAP 1653042 2026/06 cari ‖ KAP 1570905 2025/12 cari ‖ KAP 1653042 2026/06 onceki,TEYITLI,-189.889,,,FCF_HLD,0.0,,0.001,108.344,37.667,,-335.899,
NTHOL,Holding,2025/03,13844.28,TEYITLI,2000.540 | 15976.283 | 4132.543,KAP 1438225 2025/03 cari · TMS29 ×1.4004 (2025/03→2026/06) · PDF s.8 (TL): A. İŞLETME FAALİYETLERDEN NAKİT AKIŞLARI 1.428.549 2.950.973 ‖ KAP 1405442 2024/12 cari · TMS29 ×1.5414 (2024/12→2026/06) · PDF s.15 (TL): A. İŞLETME FAALİYETLERDEN NAKİT AKIŞLARI 10.364.787 5.523.316 ‖ KAP 1438225 2025/03 onceki · TMS29 ×1.4004 (2025/03→2026/06) · PDF s.8 (TL): A. İŞLETME FAALİYETLERDEN NAKİT AKIŞLARI 1.428.549 2.950.973,-7772.062,TEYITLI,-2070.990 | -14309.653 | -8608.581,KAP 1438225 2025/03 cari · TMS29 ×1.4004 (2025/03→2026/06) · PDF s.9 (TL): Kaynaklanan Nakit Çıkışları (1.478.856) (6.147.230) ‖ KAP 1405442 2024/12 cari · TMS29 ×1.5414 (2024/12→2026/06) · PDF s.16 (TL): Nakit Çıkışları (9.283.543) (3.422.814) ‖ KAP 1438225 2025/03 onceki · TMS29 ×1.4004 (2025/03→2026/06) · PDF s.9 (TL): Kaynaklanan Nakit Çıkışları (1.478.856) (6.147.230),-1347.711,TEYITLI,0.000 | -1347.711 | 0.000,KAP 1438225 2025/03 cari ‖ KAP 1405442 2024/12 cari · TMS29 ×1.5414 (2024/12→2026/06) · PDF s.16 (TL): Yatırım Amaçlı Gayrimenkul Alımından Kaynaklanan Nakit Çıkışları (874.342) (154.482) ‖ KAP 1438225 2025/03 onceki,0.0,TEYITLI,0.000 | 0.000 | 0.000,KAP 1438225 2025/03 cari ‖ KAP 1405442 2024/12 cari ‖ KAP 1438225 2025/03 onceki,0.0,TEYITLI,0.000 | 0.000 | 0.000,KAP 1438225 2025/03 cari ‖ KAP 1405442 2024/12 cari ‖ KAP 1438225 2025/03 onceki,TEYITLI,10701.699,,0.0,FCF_HLD,0.0,,3142.581,9119.773,0.0,,4724.507,
NTHOL,Holding,2025/06,14338.129,TEYITLI,3940.840 | 15976.283 | 5578.993,KAP 1481043 2025/06 cari · TMS29 ×1.3211 (2025/06→2026/06) · PDF s.10 (TL): A. İŞLETME FAALİYETLERDEN NAKİT AKIŞLARI 2.982.999 4.222.991 ‖ KAP 1405442 2024/12 cari · TMS29 ×1.5414 (2024/12→2026/06) · PDF s.15 (TL): A. İŞLETME FAALİYETLERDEN NAKİT AKIŞLARI 10.364.787 5.523.316 ‖ KAP 1481043 2025/06 onceki · TMS29 ×1.3211 (2025/06→2026/06) · PDF s.10 (TL): A. İŞLETME FAALİYETLERDEN NAKİT AKIŞLARI 2.982.999 4.222.991,-7805.02,TEYITLI,-3925.435 | -14309.653 | -10430.067,KAP 1481043 2025/06 cari · TMS29 ×1.3211 (2025/06→2026/06) · PDF s.11 (TL): Kaynaklanan Nakit Çıkışları (2.971.338) (7.894.987) ‖ KAP 1405442 2024/12 cari · TMS29 ×1.5414 (2024/12→2026/06) · PDF s.16 (TL): Nakit Çıkışları (9.283.543) (3.422.814) ‖ KAP 1481043 2025/06 onceki · TMS29 ×1.3211 (2025/06→2026/06) · PDF s.11 (TL): Kaynaklanan Nakit Çıkışları (2.971.338) (7.894.987),-1374.512,TEYITLI,-26.801 | -1347.711 | 0.000,KAP 1481043 2025/06 cari · TMS29 ×1.3211 (2025/06→2026/06) · PDF s.11 (TL): Çıkışları (20.287) - ‖ KAP 1405442 2024/12 cari · TMS29 ×1.5414 (2024/12→2026/06) · PDF s.16 (TL): Yatırım Amaçlı Gayrimenkul Alımından Kaynaklanan Nakit Çıkışları (874.342) (154.482) ‖ KAP 1481043 2025/06 onceki · TMS29 ×1.3211 (2025/06→2026/06),0.0,TEYITLI,0.000 | 0.000 | 0.000,KAP 1481043 2025/06 cari ‖ KAP 1405442 2024/12 cari ‖ KAP 1481043 2025/06 onceki,0.0,TEYITLI,0.000 | 0.000 | 0.000,KAP 1481043 2025/06 cari ‖ KAP 1405442 2024/12 cari ‖ KAP 1481043 2025/06 onceki,TEYITLI,11259.926,,0.0,FCF_HLD,0.0,,3078.203,9179.532,0.0,,5158.597,
NTHOL,Holding,2025/09,13401.147,TEYITLI,6268.895 | 15976.283 | 8844.031,KAP 1514656 2025/09 cari · TMS29 ×1.2289 (2025/09→2026/06) · PDF s.8 (TL): A. İŞLETME FAALİYETLERDEN NAKİT AKIŞLARI 5.101.225 7.196.705 ‖ KAP 1405442 2024/12 cari · TMS29 ×1.5414 (2024/12→2026/06) · PDF s.15 (TL): A. İŞLETME FAALİYETLERDEN NAKİT AKIŞLARI 10.364.787 5.523.316 ‖ KAP 1514656 2025/09 onceki · TMS29 ×1.2289 (2025/09→2026/06) · PDF s.8 (TL): A. İŞLETME FAALİYETLERDEN NAKİT AKIŞLARI 5.101.225 7.196.705,-7496.087,TEYITLI,-5650.861 | -14309.653 | -12464.427,KAP 1514656 2025/09 cari · TMS29 ×1.2289 (2025/09→2026/06) · PDF s.9 (TL): Kaynaklanan Nakit Çıkışları (4.598.308) (10.142.751) ‖ KAP 1405442 2024/12 cari · TMS29 ×1.5414 (2024/12→2026/06) · PDF s.16 (TL): Nakit Çıkışları (9.283.543) (3.422.814) ‖ KAP 1514656 2025/09 onceki · TMS29 ×1.2289 (2025/09→2026/06) · PDF s.9 (TL): Kaynaklanan Nakit Çıkışları (4.598.308) (10.142.751),-1379.703,TEYITLI,-31.992 | -1347.711 | 0.000,KAP 1514656 2025/09 cari · TMS29 ×1.2289 (2025/09→2026/06) · PDF s.9 (TL): Çıkışları (26.033) - ‖ KAP 1405442 2024/12 cari · TMS29 ×1.5414 (2024/12→2026/06) · PDF s.16 (TL): Yatırım Amaçlı Gayrimenkul Alımından Kaynaklanan Nakit Çıkışları (874.342) (154.482) ‖ KAP 1514656 2025/09 onceki,0.0,TEYITLI,0.000 | 0.000 | 0.000,KAP 1514656 2025/09 cari ‖ KAP 1405442 2024/12 cari ‖ KAP 1514656 2025/09 onceki,0.0,TEYITLI,0.000 | 0.000 | 0.000,KAP 1514656 2025/09 cari ‖ KAP 1405442 2024/12 cari ‖ KAP 1514656 2025/09 onceki,TEYITLI,10215.618,,0.0,FCF_HLD,0.0,,3185.529,8875.79,0.0,,4525.357,
NTHOL,Holding,2025/12,2986.228,PDF_OKUNDU,2986.228,"KAP 1569220 2025/12 cari · TMS29 ×1.1776 (2025/12→2026/06) · XBRL standart elemanında yok, PDF satırından okundu (bin TL): A. İŞLETME FAALİYETLERDEN NAKİT AKIŞLARI 2.535.859 10.861.697",-1162.278,PDF_OKUNDU,-1162.278,"KAP 1569220 2025/12 cari · TMS29 ×1.1776 (2025/12→2026/06) · XBRL standart elemanında yok, PDF satırından okundu (bin TL): Kaynaklanan Nakit Çıkışları (986.989) (12.721.036)",-838.118,PDF_OKUNDU,-838.118,"KAP 1569220 2025/12 cari · TMS29 ×1.1776 (2025/12→2026/06) · XBRL standart elemanında yok, PDF satırından okundu (bin TL): Çıkışları (711.717) (574.859)",0.0,PDF_OKUNDU,0.000,KAP 1569220 2025/12 cari · TMS29 ×1.1776 (2025/12→2026/06) · Evo PDF: nakit akışta kalem satırı yok → 0,0.0,PDF_OKUNDU,0.000,KAP 1569220 2025/12 cari · TMS29 ×1.1776 (2025/12→2026/06) · Evo PDF: nakit akışta kalem satırı yok → 0,PDF_OKUNDU,2986.225,2000.394,0.0,FCF_STD,,985.8309999999999,0.003,2000.396,0.0,,985.832,
NTHOL,Holding,2026/03,,BELGE_YOK,— | 2986.228 | 2000.540,"2026/03 INDIRILMEDI  ‖ KAP 1569220 2025/12 cari · TMS29 ×1.1776 (2025/12→2026/06) · XBRL standart elemanında yok, PDF satırından okundu (bin TL): A. İŞLETME FAALİYETLERDEN NAKİT AKIŞLARI 2.535.859 10.861.697 ‖ 2026/03 INDIRILMEDI  → yedek: 2026/03 değeri 2025/03 raporunun cari sütunundan · KAP 1438225 2025/03 cari · TMS29 ×1.4004 (2025/03→2026/06) · PDF s.8 (TL): A. İŞLETME FAALİYETLERDEN NAKİT AKIŞLARI 1.428.549 2.950.973",,BELGE_YOK,— | -1162.278 | -2070.990,"2026/03 INDIRILMEDI  ‖ KAP 1569220 2025/12 cari · TMS29 ×1.1776 (2025/12→2026/06) · XBRL standart elemanında yok, PDF satırından okundu (bin TL): Kaynaklanan Nakit Çıkışları (986.989) (12.721.036) ‖ 2026/03 INDIRILMEDI  → yedek: 2026/03 değeri 2025/03 raporunun cari sütunundan · KAP 1438225 2025/03 cari · TMS29 ×1.4004 (2025/03→2026/06) · PDF s.9 (TL): Kaynaklanan Nakit Çıkışları (1.478.856) (6.147.230)",,BELGE_YOK,— | -838.118 | 0.000,"2026/03 INDIRILMEDI  ‖ KAP 1569220 2025/12 cari · TMS29 ×1.1776 (2025/12→2026/06) · XBRL standart elemanında yok, PDF satırından okundu (bin TL): Çıkışları (711.717) (574.859) ‖ 2026/03 INDIRILMEDI  → yedek: 2026/03 değeri 2025/03 raporunun cari sütunundan · KAP 1438225 2025/03 cari",,BELGE_YOK,— | 0.000 | 0.000,2026/03 INDIRILMEDI  ‖ KAP 1569220 2025/12 cari · TMS29 ×1.1776 (2025/12→2026/06) · Evo PDF: nakit akışta kalem satırı yok → 0 ‖ 2026/03 INDIRILMEDI  → yedek: 2026/03 değeri 2025/03 raporunun cari sütunundan · KAP 1438225 2025/03 cari,,BELGE_YOK,— | 0.000 | 0.000,2026/03 INDIRILMEDI  ‖ KAP 1569220 2025/12 cari · TMS29 ×1.1776 (2025/12→2026/06) · Evo PDF: nakit akışta kalem satırı yok → 0 ‖ 2026/03 INDIRILMEDI  → yedek: 2026/03 değeri 2025/03 raporunun cari sütunundan · KAP 1438225 2025/03 cari,BELGE_YOK,2585.546,1442.178,0.0,FCF_STD,,1143.368,,,,,,
NTHOL,Holding,2026/06,20.208,PDF_OKUNDU,1082.203 | 2986.228 | 4048.223,"KAP 1652912 2026/06 cari · TMS29 ×1.0000 (2026/06→2026/06) · XBRL standart elemanında yok, PDF satırından okundu (bin TL): A. İŞLETME FAALİYETLERDEN NAKİT AKIŞLARI 1.082.203 4.048.223 ‖ KAP 1569220 2025/12 cari · TMS29 ×1.1776 (2025/12→2026/06) · XBRL standart elemanında yok, PDF satırından okundu (bin TL): A. İŞLETME FAALİYETLERDEN NAKİT AKIŞLARI 2.535.859 10.861.697 ‖ KAP 1652912 2026/06 onceki · TMS29 ×1.0000 (2026/06→2026/06) · XBRL standart elemanında yok, PDF satırından okundu (bin TL): A. İŞLETME FAALİYETLERDEN NAKİT AKIŞLARI 1.082.203 4.048.223",-578.867,PDF_OKUNDU,-3341.994 | -1162.278 | -3925.405,"KAP 1652912 2026/06 cari · TMS29 ×1.0000 (2026/06→2026/06) · XBRL standart elemanında yok, PDF satırından okundu (bin TL): Kaynaklanan Nakit Çıkışları (3.341.994) (3.925.405) ‖ KAP 1569220 2025/12 cari · TMS29 ×1.1776 (2025/12→2026/06) · XBRL standart elemanında yok, PDF satırından okundu (bin TL): Kaynaklanan Nakit Çıkışları (986.989) (12.721.036) ‖ KAP 1652912 2026/06 onceki · TMS29 ×1.0000 (2026/06→2026/06) · XBRL standart elemanında yok, PDF satırından okundu (bin TL): Kaynaklanan Nakit Çıkışları (3.341.994) (3.925.405)",-833.149,PDF_OKUNDU,-21.832 | -838.118 | -26.801,"KAP 1652912 2026/06 cari · TMS29 ×1.0000 (2026/06→2026/06) · XBRL standart elemanında yok, PDF satırından okundu (bin TL): Çıkışları (21.832) (26.801) ‖ KAP 1569220 2025/12 cari · TMS29 ×1.1776 (2025/12→2026/06) · XBRL standart elemanında yok, PDF satırından okundu (bin TL): Çıkışları (711.717) (574.859) ‖ KAP 1652912 2026/06 onceki · TMS29 ×1.0000 (2026/06→2026/06) · XBRL standart elemanında yok, PDF satırından okundu (bin TL): Çıkışları (21.832) (26.801)",0.0,PDF_OKUNDU,0.000 | 0.000 | 0.000,KAP 1652912 2026/06 cari · TMS29 ×1.0000 (2026/06→2026/06) · Evo PDF: nakit akışta kalem satırı yok → 0 ‖ KAP 1569220 2025/12 cari · TMS29 ×1.1776 (2025/12→2026/06) · Evo PDF: nakit akışta kalem satırı yok → 0 ‖ KAP 1652912 2026/06 onceki · TMS29 ×1.0000 (2026/06→2026/06) · Evo PDF: nakit akışta kalem satırı yok → 0,0.0,PDF_OKUNDU,0.000 | 0.000 | 0.000,KAP 1652912 2026/06 cari · TMS29 ×1.0000 (2026/06→2026/06) · Evo PDF: nakit akışta kalem satırı yok → 0 ‖ KAP 1569220 2025/12 cari · TMS29 ×1.1776 (2025/12→2026/06) · Evo PDF: nakit akışta kalem satırı yok → 0 ‖ KAP 1652912 2026/06 onceki · TMS29 ×1.0000 (2026/06→2026/06) · Evo PDF: nakit akışta kalem satırı yok → 0,PDF_OKUNDU,20.20499999999993,1412.014,0.0,FCF_STD,,-1391.809,0.003,1412.016,0.0,,-1391.808,
OSTIM,Holding,2025/03,-46.513,PDF_OKUNDU,-27.768 | -39.666 | -20.920,KAP 1436924 2025/03 cari · TMS29 ×1.4004 (2025/03→2026/06) · PDF s.7 (TL): A. İşletme Faaliyetlerinden Nakit Akımları (19.828.320) (14.938.751) ‖ KAP 1404420 2024/12 cari · TMS29 ×1.5414 (2024/12→2026/06) · elle karar (PDF): belgede A başlık satırı (25.733.792) / 212.571.084; A+B+C = kur etkisi öncesi net artış (3.683.002) / 43.888.211 ✓; XBRL 11.940.282/342.846.992 uyuşmuyor ‖ KAP 1436924 2025/03 onceki · TMS29 ×1.4004 (2025/03→2026/06) · PDF s.7 (TL): A. İşletme Faaliyetlerinden Nakit Akımları (19.828.320) (14.938.751),-70.877,TEYITLI,0.888 | -71.765 | 0.000,"KAP 1436924 2025/03 cari · TMS29 ×1.4004 (2025/03→2026/06) · PDF s.7 (TL): Maddi ve Maddi Olmayan Duran Varlıkların Alımından Kaynaklanan Nakit Çıkışları 10,11 634.118 - ‖ KAP 1404420 2024/12 cari · TMS29 ×1.5414 (2024/12→2026/06) · PDF s.12 (TL): (46.558.356) (24.010.306) ‖ KAP 1436924 2025/03 onceki",0.0,TEYITLI,0.000 | 0.000 | 0.000,KAP 1436924 2025/03 cari ‖ KAP 1404420 2024/12 cari ‖ KAP 1436924 2025/03 onceki,0.0,TEYITLI,0.000 | 0.000 | 0.000,KAP 1436924 2025/03 cari ‖ KAP 1404420 2024/12 cari ‖ KAP 1436924 2025/03 onceki,0.0,TEYITLI,0.000 | 0.000 | 0.000,KAP 1436924 2025/03 cari ‖ KAP 1404420 2024/12 cari ‖ KAP 1436924 2025/03 onceki,PDF_OKUNDU,11.557,,0.0,FCF_HLD,0.0,,-58.07,70.877,0.0,,-117.39,
OSTIM,Holding,2025/06,,BELGE_YOK,— | -39.666 | —,2025/06 raporu KAP’ta yok ‖ KAP 1404420 2024/12 cari · TMS29 ×1.5414 (2024/12→2026/06) · elle karar (PDF): belgede A başlık satırı (25.733.792) / 212.571.084; A+B+C = kur etkisi öncesi net artış (3.683.002) / 43.888.211 ✓; XBRL 11.940.282/342.846.992 uyuşmuyor ‖ 2025/06 raporu KAP’ta yok,,BELGE_YOK,— | -71.765 | —,2025/06 raporu KAP’ta yok ‖ KAP 1404420 2024/12 cari · TMS29 ×1.5414 (2024/12→2026/06) · PDF s.12 (TL): (46.558.356) (24.010.306) ‖ 2025/06 raporu KAP’ta yok,,BELGE_YOK,— | 0.000 | —,2025/06 raporu KAP’ta yok ‖ KAP 1404420 2024/12 cari ‖ 2025/06 raporu KAP’ta yok,,BELGE_YOK,— | 0.000 | —,2025/06 raporu KAP’ta yok ‖ KAP 1404420 2024/12 cari ‖ 2025/06 raporu KAP’ta yok,,BELGE_YOK,— | 0.000 | —,2025/06 raporu KAP’ta yok ‖ KAP 1404420 2024/12 cari ‖ 2025/06 raporu KAP’ta yok,BELGE_YOK,88.156,63.172,0.0,FCF_STD,,24.984,,,,,,
OSTIM,Holding,2025/09,,BELGE_YOK,— | -39.666 | —,2025/09 raporu KAP’ta yok ‖ KAP 1404420 2024/12 cari · TMS29 ×1.5414 (2024/12→2026/06) · elle karar (PDF): belgede A başlık satırı (25.733.792) / 212.571.084; A+B+C = kur etkisi öncesi net artış (3.683.002) / 43.888.211 ✓; XBRL 11.940.282/342.846.992 uyuşmuyor ‖ 2025/09 raporu KAP’ta yok,,BELGE_YOK,— | -71.765 | —,2025/09 raporu KAP’ta yok ‖ KAP 1404420 2024/12 cari · TMS29 ×1.5414 (2024/12→2026/06) · PDF s.12 (TL): (46.558.356) (24.010.306) ‖ 2025/09 raporu KAP’ta yok,,BELGE_YOK,— | 0.000 | —,2025/09 raporu KAP’ta yok ‖ KAP 1404420 2024/12 cari ‖ 2025/09 raporu KAP’ta yok,,BELGE_YOK,— | 0.000 | —,2025/09 raporu KAP’ta yok ‖ KAP 1404420 2024/12 cari ‖ 2025/09 raporu KAP’ta yok,,BELGE_YOK,— | 0.000 | —,2025/09 raporu KAP’ta yok ‖ KAP 1404420 2024/12 cari ‖ 2025/09 raporu KAP’ta yok,BELGE_YOK,100.222,7.978999999999985,0.0,FCF_STD,,92.243,,,,,,
OSTIM,Holding,2025/12,,BELGE_YOK,—,2025/12 raporu KAP’ta yok,,BELGE_YOK,—,2025/12 raporu KAP’ta yok,,BELGE_YOK,—,2025/12 raporu KAP’ta yok,,BELGE_YOK,—,2025/12 raporu KAP’ta yok,,BELGE_YOK,—,2025/12 raporu KAP’ta yok,BELGE_YOK,-1.182,9.923,0.0,FCF_STD,,-11.105,,,,,,
OSTIM,Holding,2026/03,,BELGE_YOK,— | — | -27.768,2026/03 raporu KAP’ta yok ‖ 2025/12 raporu KAP’ta yok ‖ 2026/03 raporu KAP’ta yok → yedek: 2026/03 değeri 2025/03 raporunun cari sütunundan · KAP 1436924 2025/03 cari · TMS29 ×1.4004 (2025/03→2026/06) · PDF s.7 (TL): A. İşletme Faaliyetlerinden Nakit Akımları (19.828.320) (14.938.751),,BELGE_YOK,— | — | 0.888,"2026/03 raporu KAP’ta yok ‖ 2025/12 raporu KAP’ta yok ‖ 2026/03 raporu KAP’ta yok → yedek: 2026/03 değeri 2025/03 raporunun cari sütunundan · KAP 1436924 2025/03 cari · TMS29 ×1.4004 (2025/03→2026/06) · PDF s.7 (TL): Maddi ve Maddi Olmayan Duran Varlıkların Alımından Kaynaklanan Nakit Çıkışları 10,11 634.118 -",,BELGE_YOK,— | — | 0.000,2026/03 raporu KAP’ta yok ‖ 2025/12 raporu KAP’ta yok ‖ 2026/03 raporu KAP’ta yok → yedek: 2026/03 değeri 2025/03 raporunun cari sütunundan · KAP 1436924 2025/03 cari,,BELGE_YOK,— | — | 0.000,2026/03 raporu KAP’ta yok ‖ 2025/12 raporu KAP’ta yok ‖ 2026/03 raporu KAP’ta yok → yedek: 2026/03 değeri 2025/03 raporunun cari sütunundan · KAP 1436924 2025/03 cari,,BELGE_YOK,— | — | 0.000,2026/03 raporu KAP’ta yok ‖ 2025/12 raporu KAP’ta yok ‖ 2026/03 raporu KAP’ta yok → yedek: 2026/03 değeri 2025/03 raporunun cari sütunundan · KAP 1436924 2025/03 cari,BELGE_YOK,22.705,10.827,0.0,FCF_STD,,11.878,,,,,,
OSTIM,Holding,2026/06,,BELGE_YOK,— | — | —,2026/06 raporu KAP’ta yok ‖ 2025/12 raporu KAP’ta yok ‖ 2026/06 raporu KAP’ta yok,,BELGE_YOK,— | — | —,2026/06 raporu KAP’ta yok ‖ 2025/12 raporu KAP’ta yok ‖ 2026/06 raporu KAP’ta yok,,BELGE_YOK,— | — | —,2026/06 raporu KAP’ta yok ‖ 2025/12 raporu KAP’ta yok ‖ 2026/06 raporu KAP’ta yok,,BELGE_YOK,— | — | —,2026/06 raporu KAP’ta yok ‖ 2025/12 raporu KAP’ta yok ‖ 2026/06 raporu KAP’ta yok,,BELGE_YOK,— | — | —,2026/06 raporu KAP’ta yok ‖ 2025/12 raporu KAP’ta yok ‖ 2026/06 raporu KAP’ta yok,BELGE_YOK,-0.4539999999999971,7.579000000000001,0.0,FCF_STD,,-8.032999999999998,,,,,,
OTTO,Holding,2025/03,,BELGE_YOK,— | — | —,2025/03 raporu KAP’ta yok ‖ 2024/12 INDIRILMEDI  ‖ 2025/03 raporu KAP’ta yok,,BELGE_YOK,— | — | —,2025/03 raporu KAP’ta yok ‖ 2024/12 INDIRILMEDI  ‖ 2025/03 raporu KAP’ta yok,,BELGE_YOK,— | — | —,2025/03 raporu KAP’ta yok ‖ 2024/12 INDIRILMEDI  ‖ 2025/03 raporu KAP’ta yok,,BELGE_YOK,— | — | —,2025/03 raporu KAP’ta yok ‖ 2024/12 INDIRILMEDI  ‖ 2025/03 raporu KAP’ta yok,,BELGE_YOK,— | — | —,2025/03 raporu KAP’ta yok ‖ 2024/12 INDIRILMEDI  ‖ 2025/03 raporu KAP’ta yok,BELGE_YOK,218.342,147.438,0.0,FCF_STD,,70.904,,,,,,
OTTO,Holding,2025/06,,BELGE_YOK,— | — | —,2025/06 raporu KAP’ta yok ‖ 2024/12 INDIRILMEDI  ‖ 2025/06 raporu KAP’ta yok,,BELGE_YOK,— | — | —,2025/06 raporu KAP’ta yok ‖ 2024/12 INDIRILMEDI  ‖ 2025/06 raporu KAP’ta yok,,BELGE_YOK,— | — | —,2025/06 raporu KAP’ta yok ‖ 2024/12 INDIRILMEDI  ‖ 2025/06 raporu KAP’ta yok,,BELGE_YOK,— | — | —,2025/06 raporu KAP’ta yok ‖ 2024/12 INDIRILMEDI  ‖ 2025/06 raporu KAP’ta yok,,BELGE_YOK,— | — | —,2025/06 raporu KAP’ta yok ‖ 2024/12 INDIRILMEDI  ‖ 2025/06 raporu KAP’ta yok,BELGE_YOK,177.889,127.519,0.0,FCF_STD,,50.37000000000002,,,,,,
OTTO,Holding,2025/09,,BELGE_YOK,— | — | —,2025/09 NAKIT_AKIS_YOK PDF’te nakit akış sayfası bulunamadı ‖ 2024/12 INDIRILMEDI  ‖ 2025/09 NAKIT_AKIS_YOK PDF’te nakit akış sayfası bulunamadı,,BELGE_YOK,— | — | —,2025/09 NAKIT_AKIS_YOK PDF’te nakit akış sayfası bulunamadı ‖ 2024/12 INDIRILMEDI  ‖ 2025/09 NAKIT_AKIS_YOK PDF’te nakit akış sayfası bulunamadı,,BELGE_YOK,— | — | —,2025/09 NAKIT_AKIS_YOK PDF’te nakit akış sayfası bulunamadı ‖ 2024/12 INDIRILMEDI  ‖ 2025/09 NAKIT_AKIS_YOK PDF’te nakit akış sayfası bulunamadı,,BELGE_YOK,— | — | —,2025/09 NAKIT_AKIS_YOK PDF’te nakit akış sayfası bulunamadı ‖ 2024/12 INDIRILMEDI  ‖ 2025/09 NAKIT_AKIS_YOK PDF’te nakit akış sayfası bulunamadı,,BELGE_YOK,— | — | —,2025/09 NAKIT_AKIS_YOK PDF’te nakit akış sayfası bulunamadı ‖ 2024/12 INDIRILMEDI  ‖ 2025/09 NAKIT_AKIS_YOK PDF’te nakit akış sayfası bulunamadı,BELGE_YOK,38.10900000000001,0.0,0.0,FCF_STD,,38.10900000000001,,,,,,
OTTO,Holding,2025/12,,BELGE_YOK,—,2025/12 INDIRILMEDI ,,BELGE_YOK,—,2025/12 INDIRILMEDI ,,BELGE_YOK,—,2025/12 INDIRILMEDI ,,BELGE_YOK,—,2025/12 INDIRILMEDI ,,BELGE_YOK,—,2025/12 INDIRILMEDI ,BELGE_YOK,-1.822,21.193,0.0,FCF_STD,,-23.015,,,,,,
OTTO,Holding,2026/03,,BELGE_YOK,— | — | —,2026/03 raporu KAP’ta yok ‖ 2025/12 INDIRILMEDI  ‖ 2026/03 raporu KAP’ta yok,,BELGE_YOK,— | — | —,2026/03 raporu KAP’ta yok ‖ 2025/12 INDIRILMEDI  ‖ 2026/03 raporu KAP’ta yok,,BELGE_YOK,— | — | —,2026/03 raporu KAP’ta yok ‖ 2025/12 INDIRILMEDI  ‖ 2026/03 raporu KAP’ta yok,,BELGE_YOK,— | — | —,2026/03 raporu KAP’ta yok ‖ 2025/12 INDIRILMEDI  ‖ 2026/03 raporu KAP’ta yok,,BELGE_YOK,— | — | —,2026/03 raporu KAP’ta yok ‖ 2025/12 INDIRILMEDI  ‖ 2026/03 raporu KAP’ta yok,BELGE_YOK,-60.489,13.815,0.0,FCF_STD,,-74.304,,,,,,
OTTO,Holding,2026/06,,BELGE_YOK,— | — | —,2026/06 raporu KAP’ta yok ‖ 2025/12 INDIRILMEDI  ‖ 2026/06 raporu KAP’ta yok,,BELGE_YOK,— | — | —,2026/06 raporu KAP’ta yok ‖ 2025/12 INDIRILMEDI  ‖ 2026/06 raporu KAP’ta yok,,BELGE_YOK,— | — | —,2026/06 raporu KAP’ta yok ‖ 2025/12 INDIRILMEDI  ‖ 2026/06 raporu KAP’ta yok,,BELGE_YOK,— | — | —,2026/06 raporu KAP’ta yok ‖ 2025/12 INDIRILMEDI  ‖ 2026/06 raporu KAP’ta yok,,BELGE_YOK,— | — | —,2026/06 raporu KAP’ta yok ‖ 2025/12 INDIRILMEDI  ‖ 2026/06 raporu KAP’ta yok,BELGE_YOK,-36.633,16.033,0.0,FCF_STD,,-52.666,,,,,,
PAHOL,Holding,2025/03,,BELGE_YOK,28.616 | 112.887 | —,2025/03 raporu KAP’ta yok → yedek: 2025/03 değeri 2026/03 raporunun onceki sütunundan · KAP 1599861 2026/03 onceki · TMS29 ×1.0701 (2026/03→2026/06) · PDF s.7 (TL): Faaliyetlerden Elde Edilen Nakit Akışları (647.223.053) 26.741.870 ‖ 2024/12 raporu KAP’ta yok → yedek: 2024/12 değeri 2025/12 raporunun onceki sütunundan · KAP 1564699 2025/12 onceki · TMS29 ×1.1776 (2025/12→2026/06) · PDF s.12 (TL): Faaliyetlerden Elde Edilen Nakit Akışları (687.911.678) 95.861.498 ‖ 2025/03 raporu KAP’ta yok,,BELGE_YOK,-1.710 | -29.456 | —,2025/03 raporu KAP’ta yok → yedek: 2025/03 değeri 2026/03 raporunun onceki sütunundan · KAP 1599861 2026/03 onceki · TMS29 ×1.0701 (2026/03→2026/06) · PDF s.7 (TL): Maddi ve Maddi Olmayan Alımından Nakit Çıkışları 8 (4.217.403) (1.597.561) ‖ 2024/12 raporu KAP’ta yok → yedek: 2024/12 değeri 2025/12 raporunun onceki sütunundan · KAP 1564699 2025/12 onceki · TMS29 ×1.1776 (2025/12→2026/06) · PDF s.12 (TL): Maddi ve Maddi Olmayan Alımından Nakit Çıkışları 8 (9.350.164) (25.013.466) ‖ 2025/03 raporu KAP’ta yok,,BELGE_YOK,0.000 | 0.000 | —,2025/03 raporu KAP’ta yok → yedek: 2025/03 değeri 2026/03 raporunun onceki sütunundan · KAP 1599861 2026/03 onceki ‖ 2024/12 raporu KAP’ta yok → yedek: 2024/12 değeri 2025/12 raporunun onceki sütunundan · KAP 1564699 2025/12 onceki ‖ 2025/03 raporu KAP’ta yok,,BELGE_YOK,0.000 | 0.000 | —,2025/03 raporu KAP’ta yok → yedek: 2025/03 değeri 2026/03 raporunun onceki sütunundan · KAP 1599861 2026/03 onceki ‖ 2024/12 raporu KAP’ta yok → yedek: 2024/12 değeri 2025/12 raporunun onceki sütunundan · KAP 1564699 2025/12 onceki ‖ 2025/03 raporu KAP’ta yok,,BELGE_YOK,0.000 | 21.665 | —,2025/03 raporu KAP’ta yok → yedek: 2025/03 değeri 2026/03 raporunun onceki sütunundan · KAP 1599861 2026/03 onceki ‖ 2024/12 raporu KAP’ta yok → yedek: 2024/12 değeri 2025/12 raporunun onceki sütunundan · KAP 1564699 2025/12 onceki · TMS29 ×1.1776 (2025/12→2026/06) · PDF s.12 (TL): Alınan Temettüler 16 7.603.944 18.397.727 ‖ 2025/03 raporu KAP’ta yok,BELGE_YOK,,,,FCF_HLD,,,,,,,,
PAHOL,Holding,2025/06,170.659,IZAHNAME,60.281 | 93.461 | 24.563,"İzahname KAP 1513627 (EK 3 - Pasifik Holding 31.12.2023 31.12.2024 ve 30.06.2025 dönemi BDR.pdf, s.13); sap (2025, 6); ×1.3211; okundu: Faaliyetlerden Elde Edilen Nakit Akışları 60.280.847 93.461.204 24.562.703 (12.726.319) ‖ Evo farkı elle incelendi: Evo 2025/06 86.39 ≠ belge 79.6; belge A+B+C = net değişim özdeşliğini sağlıyor → belge",-2.431,IZAHNAME,-1.668 | -22.296 | -22.124,"İzahname KAP 1513627 (EK 3 - Pasifik Holding 31.12.2023 31.12.2024 ve 30.06.2025 dönemi BDR.pdf, s.13); sap (2025, 6); ×1.3211; okundu: Maddi ve Maddi Olmayan Alımından Nakit Çıkışları 8 (1.667.975) (22.296.337) (22.124.332) - ‖ Evo farkı elle incelendi: Evo 2023/12 15.64 ≠ belge 0.0; belge A+B+C = net değişim özdeşliğini sağlıyor → belge",0.0,IZAHNAME,0.000 | 0.000 | 0.000,"İzahname KAP 1513627 (EK 3 - Pasifik Holding 31.12.2023 31.12.2024 ve 30.06.2025 dönemi BDR.pdf, s.13); sap (2025, 6); ×1.3211; satır yok → 0: ",0.0,IZAHNAME,0.000 | 0.000 | 0.000,"İzahname KAP 1513627 (EK 3 - Pasifik Holding 31.12.2023 31.12.2024 ve 30.06.2025 dönemi BDR.pdf, s.13); sap (2025, 6); ×1.3211; satır yok → 0: ",,BELGE_YOK,0.000 | 21.665 | —,2025/06 raporu KAP’ta yok → yedek: 2025/06 değeri 2026/06 raporunun onceki sütunundan · KAP 1643167 2026/06 onceki ‖ 2024/12 raporu KAP’ta yok → yedek: 2024/12 değeri 2025/12 raporunun onceki sütunundan · KAP 1564699 2025/12 onceki · TMS29 ×1.1776 (2025/12→2026/06) · PDF s.12 (TL): Alınan Temettüler 16 7.603.944 18.397.727 ‖ 2025/06 raporu KAP’ta yok,IZAHNAME,166.825,,0.0,FCF_HLD,,,3.834,2.431,0.0,,,
PAHOL,Holding,2025/09,388.384,TEYITLI,177.083 | 112.887 | -98.415,KAP 1524136 2025/09 cari · TMS29 ×1.2289 (2025/09→2026/06) · PDF s.7 (TL): Faaliyetlerden Elde Edilen Nakit Akışları 144.098.419 (80.083.867) ‖ 2024/12 raporu KAP’ta yok → yedek: 2024/12 değeri 2025/12 raporunun onceki sütunundan · KAP 1564699 2025/12 onceki · TMS29 ×1.1776 (2025/12→2026/06) · PDF s.12 (TL): Faaliyetlerden Elde Edilen Nakit Akışları (687.911.678) 95.861.498 ‖ KAP 1524136 2025/09 onceki · TMS29 ×1.2289 (2025/09→2026/06) · PDF s.7 (TL): Faaliyetlerden Elde Edilen Nakit Akışları 144.098.419 (80.083.867),-6.535,TEYITLI,-5.919 | -29.456 | -28.840,KAP 1524136 2025/09 cari · TMS29 ×1.2289 (2025/09→2026/06) · PDF s.7 (TL): Maddi ve Maddi Olmayan Alımından Nakit Çıkışları 7 (4.816.648) (23.467.785) ‖ 2024/12 raporu KAP’ta yok → yedek: 2024/12 değeri 2025/12 raporunun onceki sütunundan · KAP 1564699 2025/12 onceki · TMS29 ×1.1776 (2025/12→2026/06) · PDF s.12 (TL): Maddi ve Maddi Olmayan Alımından Nakit Çıkışları 8 (9.350.164) (25.013.466) ‖ KAP 1524136 2025/09 onceki · TMS29 ×1.2289 (2025/09→2026/06) · PDF s.7 (TL): Maddi ve Maddi Olmayan Alımından Nakit Çıkışları 7 (4.816.648) (23.467.785),0.0,TEYITLI,0.000 | 0.000 | 0.000,KAP 1524136 2025/09 cari ‖ 2024/12 raporu KAP’ta yok → yedek: 2024/12 değeri 2025/12 raporunun onceki sütunundan · KAP 1564699 2025/12 onceki ‖ KAP 1524136 2025/09 onceki,0.0,TEYITLI,0.000 | 0.000 | 0.000,KAP 1524136 2025/09 cari ‖ 2024/12 raporu KAP’ta yok → yedek: 2024/12 değeri 2025/12 raporunun onceki sütunundan · KAP 1564699 2025/12 onceki ‖ KAP 1524136 2025/09 onceki,21.665,TEYITLI,0.000 | 21.665 | 0.000,KAP 1524136 2025/09 cari ‖ 2024/12 raporu KAP’ta yok → yedek: 2024/12 değeri 2025/12 raporunun onceki sütunundan · KAP 1564699 2025/12 onceki · TMS29 ×1.1776 (2025/12→2026/06) · PDF s.12 (TL): Alınan Temettüler 16 7.603.944 18.397.727 ‖ KAP 1524136 2025/09 onceki,TEYITLI,388.381,,0.0,FCF_HLD,,,0.003,6.535,0.0,,403.514,
PAHOL,Holding,2025/12,-810.085,TEYITLI,-810.085,KAP 1564699 2025/12 cari · TMS29 ×1.1776 (2025/12→2026/06) · PDF s.12 (TL): Faaliyetlerden Elde Edilen Nakit Akışları (687.911.678) 95.861.498,-11.011,TEYITLI,-11.011,KAP 1564699 2025/12 cari · TMS29 ×1.1776 (2025/12→2026/06) · PDF s.12 (TL): Maddi ve Maddi Olmayan Alımından Nakit Çıkışları 8 (9.350.164) (25.013.466),0.0,TEYITLI,0.000,KAP 1564699 2025/12 cari,0.0,TEYITLI,0.000,KAP 1564699 2025/12 cari,8.954,TEYITLI,8.954,KAP 1564699 2025/12 cari · TMS29 ×1.1776 (2025/12→2026/06) · PDF s.12 (TL): Alınan Temettüler 16 7.603.944 18.397.727,TEYITLI,-810.084,11.011,0.0,FCF_HLD,8.954,-812.141,-0.001,11.011,0.0,,-812.142,
PAHOL,Holding,2026/03,-1531.295,TEYITLI,-692.593 | -810.085 | 28.616,KAP 1599861 2026/03 cari · TMS29 ×1.0701 (2026/03→2026/06) · PDF s.7 (TL): Faaliyetlerden Elde Edilen Nakit Akışları (647.223.053) 26.741.870 ‖ KAP 1564699 2025/12 cari · TMS29 ×1.1776 (2025/12→2026/06) · PDF s.12 (TL): Faaliyetlerden Elde Edilen Nakit Akışları (687.911.678) 95.861.498 ‖ KAP 1599861 2026/03 onceki · TMS29 ×1.0701 (2026/03→2026/06) · PDF s.7 (TL): Faaliyetlerden Elde Edilen Nakit Akışları (647.223.053) 26.741.870,-13.814,TEYITLI,-4.513 | -11.011 | -1.710,KAP 1599861 2026/03 cari · TMS29 ×1.0701 (2026/03→2026/06) · PDF s.7 (TL): Maddi ve Maddi Olmayan Alımından Nakit Çıkışları 8 (4.217.403) (1.597.561) ‖ KAP 1564699 2025/12 cari · TMS29 ×1.1776 (2025/12→2026/06) · PDF s.12 (TL): Maddi ve Maddi Olmayan Alımından Nakit Çıkışları 8 (9.350.164) (25.013.466) ‖ KAP 1599861 2026/03 onceki · TMS29 ×1.0701 (2026/03→2026/06) · PDF s.7 (TL): Maddi ve Maddi Olmayan Alımından Nakit Çıkışları 8 (4.217.403) (1.597.561),0.0,TEYITLI,0.000 | 0.000 | 0.000,KAP 1599861 2026/03 cari ‖ KAP 1564699 2025/12 cari ‖ KAP 1599861 2026/03 onceki,0.0,TEYITLI,0.000 | 0.000 | 0.000,KAP 1599861 2026/03 cari ‖ KAP 1564699 2025/12 cari ‖ KAP 1599861 2026/03 onceki,8.954,TEYITLI,0.000 | 8.954 | 0.000,KAP 1599861 2026/03 cari ‖ KAP 1564699 2025/12 cari · TMS29 ×1.1776 (2025/12→2026/06) · PDF s.12 (TL): Alınan Temettüler 16 7.603.944 18.397.727 ‖ KAP 1599861 2026/03 onceki,TEYITLI,-1531.316,,0.0,FCF_HLD,,,0.021,13.814,0.0,,-1536.155,
PAHOL,Holding,2026/06,-1023.731,TEYITLI,-127.257 | -810.085 | 86.389,KAP 1643167 2026/06 cari · TMS29 ×1.0000 (2026/06→2026/06) · PDF s.8 (TL): Faaliyetlerden Elde Edilen Nakit Akışları (127.256.692) 86.389.493 ‖ KAP 1564699 2025/12 cari · TMS29 ×1.1776 (2025/12→2026/06) · PDF s.12 (TL): Faaliyetlerden Elde Edilen Nakit Akışları (687.911.678) 95.861.498 ‖ KAP 1643167 2026/06 onceki · TMS29 ×1.0000 (2026/06→2026/06) · PDF s.8 (TL): Faaliyetlerden Elde Edilen Nakit Akışları (127.256.692) 86.389.493,-15.703,TEYITLI,-6.896 | -11.011 | -2.204,KAP 1643167 2026/06 cari · TMS29 ×1.0000 (2026/06→2026/06) · PDF s.8 (TL): Maddi ve Maddi Olmayan Alımından Nakit Çıkışları 8 (6.895.803) (2.203.546) ‖ KAP 1564699 2025/12 cari · TMS29 ×1.1776 (2025/12→2026/06) · PDF s.12 (TL): Maddi ve Maddi Olmayan Alımından Nakit Çıkışları 8 (9.350.164) (25.013.466) ‖ KAP 1643167 2026/06 onceki · TMS29 ×1.0000 (2026/06→2026/06) · PDF s.8 (TL): Maddi ve Maddi Olmayan Alımından Nakit Çıkışları 8 (6.895.803) (2.203.546),-589.046,TEYITLI,-589.046 | 0.000 | 0.000,KAP 1643167 2026/06 cari · TMS29 ×1.0000 (2026/06→2026/06) · PDF s.8 (TL): Yatırım Amaçlı Gayrimenkul Alımından Kaynaklanan Nakit Çıkışları (589.046.352) ‖ KAP 1564699 2025/12 cari ‖ KAP 1643167 2026/06 onceki · TMS29 ×1.0000 (2026/06→2026/06),0.0,TEYITLI,0.000 | 0.000 | 0.000,KAP 1643167 2026/06 cari ‖ KAP 1564699 2025/12 cari ‖ KAP 1643167 2026/06 onceki,8.954,TEYITLI,0.000 | 8.954 | 0.000,KAP 1643167 2026/06 cari ‖ KAP 1564699 2025/12 cari · TMS29 ×1.1776 (2025/12→2026/06) · PDF s.12 (TL): Alınan Temettüler 16 7.603.944 18.397.727 ‖ KAP 1643167 2026/06 onceki,TEYITLI,-1023.73,,0.0,FCF_HLD,,,-0.001,604.749,0.0,,-1619.526,
POLHO,Holding,2025/03,,BELGE_YOK,— | — | —,2025/03 raporu KAP’ta yok ‖ 2024/12 INDIRILMEDI  ‖ 2025/03 raporu KAP’ta yok,,BELGE_YOK,— | — | —,2025/03 raporu KAP’ta yok ‖ 2024/12 INDIRILMEDI  ‖ 2025/03 raporu KAP’ta yok,,BELGE_YOK,— | — | —,2025/03 raporu KAP’ta yok ‖ 2024/12 INDIRILMEDI  ‖ 2025/03 raporu KAP’ta yok,,BELGE_YOK,— | — | —,2025/03 raporu KAP’ta yok ‖ 2024/12 INDIRILMEDI  ‖ 2025/03 raporu KAP’ta yok,,BELGE_YOK,— | — | —,2025/03 raporu KAP’ta yok ‖ 2024/12 INDIRILMEDI  ‖ 2025/03 raporu KAP’ta yok,BELGE_YOK,-206.4440000000001,1199.503,49.61500000000001,FCF_STD,,-1455.562,,,,,,
POLHO,Holding,2025/06,,BELGE_YOK,— | — | —,2025/06 raporu KAP’ta yok ‖ 2024/12 INDIRILMEDI  ‖ 2025/06 raporu KAP’ta yok,,BELGE_YOK,— | — | —,2025/06 raporu KAP’ta yok ‖ 2024/12 INDIRILMEDI  ‖ 2025/06 raporu KAP’ta yok,,BELGE_YOK,— | — | —,2025/06 raporu KAP’ta yok ‖ 2024/12 INDIRILMEDI  ‖ 2025/06 raporu KAP’ta yok,,BELGE_YOK,— | — | —,2025/06 raporu KAP’ta yok ‖ 2024/12 INDIRILMEDI  ‖ 2025/06 raporu KAP’ta yok,,BELGE_YOK,— | — | —,2025/06 raporu KAP’ta yok ‖ 2024/12 INDIRILMEDI  ‖ 2025/06 raporu KAP’ta yok,BELGE_YOK,830.52,1068.34,48.61299999999999,FCF_STD,,-286.4330000000002,,,,,,
POLHO,Holding,2025/09,,BELGE_YOK,— | — | —,2025/09 INDIRILMEDI  ‖ 2024/12 INDIRILMEDI  ‖ 2025/09 INDIRILMEDI ,,BELGE_YOK,— | — | —,2025/09 INDIRILMEDI  ‖ 2024/12 INDIRILMEDI  ‖ 2025/09 INDIRILMEDI ,,BELGE_YOK,— | — | —,2025/09 INDIRILMEDI  ‖ 2024/12 INDIRILMEDI  ‖ 2025/09 INDIRILMEDI ,,BELGE_YOK,— | — | —,2025/09 INDIRILMEDI  ‖ 2024/12 INDIRILMEDI  ‖ 2025/09 INDIRILMEDI ,,BELGE_YOK,— | — | —,2025/09 INDIRILMEDI  ‖ 2024/12 INDIRILMEDI  ‖ 2025/09 INDIRILMEDI ,BELGE_YOK,1112.327,1186.878,36.45200000000001,FCF_STD,,-111.0030000000004,,,,,,
POLHO,Holding,2025/12,,BELGE_YOK,—,2025/12 INDIRILMEDI ,,BELGE_YOK,—,2025/12 INDIRILMEDI ,,BELGE_YOK,—,2025/12 INDIRILMEDI ,,BELGE_YOK,—,2025/12 INDIRILMEDI ,,BELGE_YOK,—,2025/12 INDIRILMEDI ,BELGE_YOK,416.904,925.227,141.631,FCF_STD,,-649.954,,,,,,
POLHO,Holding,2026/03,,BELGE_YOK,— | — | —,2026/03 raporu KAP’ta yok ‖ 2025/12 INDIRILMEDI  ‖ 2026/03 raporu KAP’ta yok,,BELGE_YOK,— | — | —,2026/03 raporu KAP’ta yok ‖ 2025/12 INDIRILMEDI  ‖ 2026/03 raporu KAP’ta yok,,BELGE_YOK,— | — | —,2026/03 raporu KAP’ta yok ‖ 2025/12 INDIRILMEDI  ‖ 2026/03 raporu KAP’ta yok,,BELGE_YOK,— | — | —,2026/03 raporu KAP’ta yok ‖ 2025/12 INDIRILMEDI  ‖ 2026/03 raporu KAP’ta yok,,BELGE_YOK,— | — | —,2026/03 raporu KAP’ta yok ‖ 2025/12 INDIRILMEDI  ‖ 2026/03 raporu KAP’ta yok,BELGE_YOK,1111.498,819.279,135.8,FCF_STD,,156.419,,,,,,
POLHO,Holding,2026/06,,BELGE_YOK,— | — | —,2026/06 raporu KAP’ta yok ‖ 2025/12 INDIRILMEDI  ‖ 2026/06 raporu KAP’ta yok,,BELGE_YOK,— | — | —,2026/06 raporu KAP’ta yok ‖ 2025/12 INDIRILMEDI  ‖ 2026/06 raporu KAP’ta yok,,BELGE_YOK,— | — | —,2026/06 raporu KAP’ta yok ‖ 2025/12 INDIRILMEDI  ‖ 2026/06 raporu KAP’ta yok,,BELGE_YOK,— | — | —,2026/06 raporu KAP’ta yok ‖ 2025/12 INDIRILMEDI  ‖ 2026/06 raporu KAP’ta yok,,BELGE_YOK,— | — | —,2026/06 raporu KAP’ta yok ‖ 2025/12 INDIRILMEDI  ‖ 2026/06 raporu KAP’ta yok,BELGE_YOK,1094.479,759.517,165.053,FCF_STD,,169.909,,,,,,
SAHOL,Holding,2025/03,,BELGE_YOK,— | — | —,2025/03 INDIRILMEDI  ‖ 2024/12 INDIRILMEDI  ‖ 2025/03 INDIRILMEDI ,,BELGE_YOK,— | — | —,2025/03 INDIRILMEDI  ‖ 2024/12 INDIRILMEDI  ‖ 2025/03 INDIRILMEDI ,,BELGE_YOK,— | — | —,2025/03 INDIRILMEDI  ‖ 2024/12 INDIRILMEDI  ‖ 2025/03 INDIRILMEDI ,,BELGE_YOK,— | — | —,2025/03 INDIRILMEDI  ‖ 2024/12 INDIRILMEDI  ‖ 2025/03 INDIRILMEDI ,,BELGE_YOK,— | — | —,2025/03 INDIRILMEDI  ‖ 2024/12 INDIRILMEDI  ‖ 2025/03 INDIRILMEDI ,BELGE_YOK,353241.227,42889.109,5876.233,FCF_HLD,9608.26,314084.145,,,,,,
SAHOL,Holding,2025/06,,BELGE_YOK,— | — | —,2025/06 INDIRILMEDI  ‖ 2024/12 INDIRILMEDI  ‖ 2025/06 INDIRILMEDI ,,BELGE_YOK,— | — | —,2025/06 INDIRILMEDI  ‖ 2024/12 INDIRILMEDI  ‖ 2025/06 INDIRILMEDI ,,BELGE_YOK,— | — | —,2025/06 INDIRILMEDI  ‖ 2024/12 INDIRILMEDI  ‖ 2025/06 INDIRILMEDI ,,BELGE_YOK,— | — | —,2025/06 INDIRILMEDI  ‖ 2024/12 INDIRILMEDI  ‖ 2025/06 INDIRILMEDI ,,BELGE_YOK,— | — | —,2025/06 INDIRILMEDI  ‖ 2024/12 INDIRILMEDI  ‖ 2025/06 INDIRILMEDI ,BELGE_YOK,364325.316,43297.57399999999,6449.209000000001,FCF_HLD,5272.501,319851.034,,,,,,
SAHOL,Holding,2025/09,,BELGE_YOK,— | — | —,2025/09 INDIRILMEDI  ‖ 2024/12 INDIRILMEDI  ‖ 2025/09 INDIRILMEDI ,,BELGE_YOK,— | — | —,2025/09 INDIRILMEDI  ‖ 2024/12 INDIRILMEDI  ‖ 2025/09 INDIRILMEDI ,,BELGE_YOK,— | — | —,2025/09 INDIRILMEDI  ‖ 2024/12 INDIRILMEDI  ‖ 2025/09 INDIRILMEDI ,,BELGE_YOK,— | — | —,2025/09 INDIRILMEDI  ‖ 2024/12 INDIRILMEDI  ‖ 2025/09 INDIRILMEDI ,,BELGE_YOK,— | — | —,2025/09 INDIRILMEDI  ‖ 2024/12 INDIRILMEDI  ‖ 2025/09 INDIRILMEDI ,BELGE_YOK,199056.127,39765.147,6292.741,FCF_HLD,5199.905000000001,158198.144,,,,,,
SAHOL,Holding,2025/12,,BELGE_YOK,—,2025/12 INDIRILMEDI ,,BELGE_YOK,—,2025/12 INDIRILMEDI ,,BELGE_YOK,—,2025/12 INDIRILMEDI ,,BELGE_YOK,—,2025/12 INDIRILMEDI ,,BELGE_YOK,—,2025/12 INDIRILMEDI ,BELGE_YOK,102721.2,41716.504,6578.269,FCF_HLD,5251.759,59678.18599999999,,,,,,
SAHOL,Holding,2026/03,,BELGE_YOK,— | — | —,2026/03 INDIRILMEDI  ‖ 2025/12 INDIRILMEDI  ‖ 2026/03 INDIRILMEDI ,,BELGE_YOK,— | — | —,2026/03 INDIRILMEDI  ‖ 2025/12 INDIRILMEDI  ‖ 2026/03 INDIRILMEDI ,,BELGE_YOK,— | — | —,2026/03 INDIRILMEDI  ‖ 2025/12 INDIRILMEDI  ‖ 2026/03 INDIRILMEDI ,,BELGE_YOK,— | — | —,2026/03 INDIRILMEDI  ‖ 2025/12 INDIRILMEDI  ‖ 2026/03 INDIRILMEDI ,,BELGE_YOK,— | — | —,2026/03 INDIRILMEDI  ‖ 2025/12 INDIRILMEDI  ‖ 2026/03 INDIRILMEDI ,BELGE_YOK,-24740.183,43202.583,6754.716,FCF_HLD,905.0789999999997,-73792.403,,,,,,
SAHOL,Holding,2026/06,,BELGE_YOK,— | — | —,2026/06 INDIRILMEDI  ‖ 2025/12 INDIRILMEDI  ‖ 2026/06 INDIRILMEDI ,,BELGE_YOK,— | — | —,2026/06 INDIRILMEDI  ‖ 2025/12 INDIRILMEDI  ‖ 2026/06 INDIRILMEDI ,,BELGE_YOK,— | — | —,2026/06 INDIRILMEDI  ‖ 2025/12 INDIRILMEDI  ‖ 2026/06 INDIRILMEDI ,,BELGE_YOK,— | — | —,2026/06 INDIRILMEDI  ‖ 2025/12 INDIRILMEDI  ‖ 2026/06 INDIRILMEDI ,,BELGE_YOK,— | — | —,2026/06 INDIRILMEDI  ‖ 2025/12 INDIRILMEDI  ‖ 2026/06 INDIRILMEDI ,BELGE_YOK,-6620.391999999993,41122.603,5520.632000000001,FCF_HLD,3918.561,-49345.06599999999,,,,,,
TEHOL,Holding,2025/03,,BELGE_YOK,-94.074 | 378.298 | —,"2025/03 INDIRILMEDI  → yedek: 2025/03 değeri 2026/03 raporunun onceki sütunundan · KAP 1603783 2026/03 onceki · TMS29 ×1.0701 (2026/03→2026/06) · PDF s.9 (TL): A. ESAS FAALİYETLERDEN NAKİT AKIŞLARI 1.028.907.979 (87.911.667) ‖ KAP 1398933 2024/12 cari · TMS29 ×1.5414 (2024/12→2026/06) · XBRL standart elemanında yok, PDF satırından okundu (TL): A. İşletme Faaliyetlerinden Nakit Akışları 245.425.128 -61.841.402 ‖ 2025/03 INDIRILMEDI ",,BELGE_YOK,-15.954 | -390.700 | —,"2025/03 INDIRILMEDI  → yedek: 2025/03 değeri 2026/03 raporunun onceki sütunundan · KAP 1603783 2026/03 onceki · TMS29 ×1.0701 (2026/03→2026/06) · PDF s.10 (TL): (2.727.354.179) (14.908.612) ‖ KAP 1398933 2024/12 cari · TMS29 ×1.5414 (2024/12→2026/06) · XBRL standart elemanında yok, PDF satırından okundu (TL): Maddi ve maddi olmayan duran varlıkların alımından kaynaklanan nakit çıkışları [13] -253.470.766 -156.667.219 ‖ 2025/03 INDIRILMEDI ",,BELGE_YOK,0.000 | 0.000 | —,2025/03 INDIRILMEDI  → yedek: 2025/03 değeri 2026/03 raporunun onceki sütunundan · KAP 1603783 2026/03 onceki ‖ KAP 1398933 2024/12 cari · TMS29 ×1.5414 (2024/12→2026/06) · Evo PDF: nakit akışta kalem satırı yok → 0 ‖ 2025/03 INDIRILMEDI ,,BELGE_YOK,-213.521 | -130.388 | —,"2025/03 INDIRILMEDI  → yedek: 2025/03 değeri 2026/03 raporunun onceki sütunundan · KAP 1603783 2026/03 onceki · TMS29 ×1.0701 (2026/03→2026/06) · PDF s.10 (TL): 16 (208.735.331) (199.533.603) ‖ KAP 1398933 2024/12 cari · TMS29 ×1.5414 (2024/12→2026/06) · XBRL standart elemanında yok, PDF satırından okundu (TL): Finansal kiralama sözleşmelerinden kaynaklanan borç ödemelerine ilişkin nakit çıkışları [6] -84.590.799 -165.964.866 ‖ 2025/03 INDIRILMEDI ",,BELGE_YOK,0.000 | 0.000 | —,2025/03 INDIRILMEDI  → yedek: 2025/03 değeri 2026/03 raporunun onceki sütunundan · KAP 1603783 2026/03 onceki ‖ KAP 1398933 2024/12 cari · TMS29 ×1.5414 (2024/12→2026/06) · Evo PDF: nakit akışta kalem satırı yok → 0 ‖ 2025/03 INDIRILMEDI ,BELGE_YOK,231.058,387.421,0.0,FCF_STD,,-156.3630000000001,,,,,,
TEHOL,Holding,2025/06,519.381,PDF_OKUNDU,-303.570 | 378.298 | -444.653,"KAP 1476210 2025/06 cari · elle karar (PDF): Evo PDF: A başlık toplamı (eksi işaretli biçim); A+B+C = net (28.320.903 / 44.795.236) ✓ ‖ KAP 1398933 2024/12 cari · TMS29 ×1.5414 (2024/12→2026/06) · XBRL standart elemanında yok, PDF satırından okundu (TL): A. İşletme Faaliyetlerinden Nakit Akışları 245.425.128 -61.841.402 ‖ KAP 1476210 2025/06 onceki · TMS29 ×1.3211 (2025/06→2026/06) · elle karar (PDF): Evo PDF: A başlık toplamı (eksi işaretli biçim); A+B+C = net (28.320.903 / 44.795.236) ✓",-392.169,PDF_OKUNDU,-19.563 | -390.700 | -18.094,"KAP 1476210 2025/06 cari · TMS29 ×1.3211 (2025/06→2026/06) · XBRL standart elemanında yok, PDF satırından okundu (TL): Maddi ve maddi olmayan duran varlıkların alımından kaynaklanan nakit çıkışları [14] -14.808.175 -13.696.466 ‖ KAP 1398933 2024/12 cari · TMS29 ×1.5414 (2024/12→2026/06) · XBRL standart elemanında yok, PDF satırından okundu (TL): Maddi ve maddi olmayan duran varlıkların alımından kaynaklanan nakit çıkışları [13] -253.470.766 -156.667.219 ‖ KAP 1476210 2025/06 onceki · TMS29 ×1.3211 (2025/06→2026/06) · XBRL standart elemanında yok, PDF satırından okundu (TL): Maddi ve maddi olmayan duran varlıkların alımından kaynaklanan nakit çıkışları [14] -14.808.175 -13.696.466",0.0,PDF_OKUNDU,0.000 | 0.000 | 0.000,KAP 1476210 2025/06 cari · TMS29 ×1.3211 (2025/06→2026/06) · Evo PDF: nakit akışta kalem satırı yok → 0 ‖ KAP 1398933 2024/12 cari · TMS29 ×1.5414 (2024/12→2026/06) · Evo PDF: nakit akışta kalem satırı yok → 0 ‖ KAP 1476210 2025/06 onceki · TMS29 ×1.3211 (2025/06→2026/06) · Evo PDF: nakit akışta kalem satırı yok → 0,9.178,PDF_OKUNDU,-333.042 | -130.388 | -472.608,"KAP 1476210 2025/06 cari · TMS29 ×1.3211 (2025/06→2026/06) · XBRL standart elemanında yok, PDF satırından okundu (TL): Finansal kiralama sözleşmelerinden kaynaklanan borç ödemelerine ilişkin nakit çıkışları [7] -252.094.143 -357.738.144 ‖ KAP 1398933 2024/12 cari · TMS29 ×1.5414 (2024/12→2026/06) · XBRL standart elemanında yok, PDF satırından okundu (TL): Finansal kiralama sözleşmelerinden kaynaklanan borç ödemelerine ilişkin nakit çıkışları [6] -84.590.799 -165.964.866 ‖ KAP 1476210 2025/06 onceki · TMS29 ×1.3211 (2025/06→2026/06) · XBRL standart elemanında yok, PDF satırından okundu (TL): Finansal kiralama sözleşmelerinden kaynaklanan borç ödemelerine ilişkin nakit çıkışları [7] -252.094.143 -357.738.144",0.0,PDF_OKUNDU,0.000 | 0.000 | 0.000,KAP 1476210 2025/06 cari · TMS29 ×1.3211 (2025/06→2026/06) · Evo PDF: nakit akışta kalem satırı yok → 0 ‖ KAP 1398933 2024/12 cari · TMS29 ×1.5414 (2024/12→2026/06) · Evo PDF: nakit akışta kalem satırı yok → 0 ‖ KAP 1476210 2025/06 onceki · TMS29 ×1.3211 (2025/06→2026/06) · Evo PDF: nakit akışta kalem satırı yok → 0,PDF_OKUNDU,309.274,392.165,0.0,FCF_STD,,-82.89099999999999,210.107,392.169,0.0,KIRA TTM +9.178 (pozitif) → 0,127.212,
TEHOL,Holding,2025/09,718.044,PDF_OKUNDU,215.496 | 378.298 | -124.250,"KAP 1513601 2025/09 cari · TMS29 ×1.2289 (2025/09→2026/06) · XBRL standart elemanında yok, PDF satırından okundu (TL): A. İşletme Faaliyetlerinden Nakit Akışları 175.356.812 -101.106.446 ‖ KAP 1398933 2024/12 cari · TMS29 ×1.5414 (2024/12→2026/06) · XBRL standart elemanında yok, PDF satırından okundu (TL): A. İşletme Faaliyetlerinden Nakit Akışları 245.425.128 -61.841.402 ‖ KAP 1513601 2025/09 onceki · TMS29 ×1.2289 (2025/09→2026/06) · XBRL standart elemanında yok, PDF satırından okundu (TL): A. İşletme Faaliyetlerinden Nakit Akışları 175.356.812 -101.106.446",-2812.836,PDF_OKUNDU,-2486.404 | -390.700 | -64.268,"KAP 1513601 2025/09 cari · TMS29 ×1.2289 (2025/09→2026/06) · XBRL standart elemanında yok, PDF satırından okundu (TL): Maddi ve maddi olmayan duran varlıkların alımından kaynaklanan nakit çıkışları [14] -2.023.276.201 -52.296.775 ‖ KAP 1398933 2024/12 cari · TMS29 ×1.5414 (2024/12→2026/06) · XBRL standart elemanında yok, PDF satırından okundu (TL): Maddi ve maddi olmayan duran varlıkların alımından kaynaklanan nakit çıkışları [13] -253.470.766 -156.667.219 ‖ KAP 1513601 2025/09 onceki · TMS29 ×1.2289 (2025/09→2026/06) · XBRL standart elemanında yok, PDF satırından okundu (TL): Maddi ve maddi olmayan duran varlıkların alımından kaynaklanan nakit çıkışları [14] -2.023.276.201 -52.296.775",0.0,PDF_OKUNDU,0.000 | 0.000 | 0.000,KAP 1513601 2025/09 cari · TMS29 ×1.2289 (2025/09→2026/06) · Evo PDF: nakit akışta kalem satırı yok → 0 ‖ KAP 1398933 2024/12 cari · TMS29 ×1.5414 (2024/12→2026/06) · Evo PDF: nakit akışta kalem satırı yok → 0 ‖ KAP 1513601 2025/09 onceki · TMS29 ×1.2289 (2025/09→2026/06) · Evo PDF: nakit akışta kalem satırı yok → 0,-536.768,PDF_OKUNDU,-159.093 | -130.388 | 247.287,"KAP 1513601 2025/09 cari · TMS29 ×1.2289 (2025/09→2026/06) · XBRL standart elemanında yok, PDF satırından okundu (TL): Finansal kiralama sözleşmelerinden kaynaklanan borç ödemelerine ilişkin nakit [7] -129.459.388 201.226.561 ‖ KAP 1398933 2024/12 cari · TMS29 ×1.5414 (2024/12→2026/06) · XBRL standart elemanında yok, PDF satırından okundu (TL): Finansal kiralama sözleşmelerinden kaynaklanan borç ödemelerine ilişkin nakit çıkışları [6] -84.590.799 -165.964.866 ‖ KAP 1513601 2025/09 onceki · TMS29 ×1.2289 (2025/09→2026/06) · XBRL standart elemanında yok, PDF satırından okundu (TL): Finansal kiralama sözleşmelerinden kaynaklanan borç ödemelerine ilişkin nakit [7] -129.459.388 201.226.561",0.0,PDF_OKUNDU,0.000 | 0.000 | 0.000,KAP 1513601 2025/09 cari · TMS29 ×1.2289 (2025/09→2026/06) · Evo PDF: nakit akışta kalem satırı yok → 0 ‖ KAP 1398933 2024/12 cari · TMS29 ×1.5414 (2024/12→2026/06) · Evo PDF: nakit akışta kalem satırı yok → 0 ‖ KAP 1513601 2025/09 onceki · TMS29 ×1.2289 (2025/09→2026/06) · Evo PDF: nakit akışta kalem satırı yok → 0,PDF_OKUNDU,507.928,2812.805,293.339,FCF_STD,,-2598.216,210.116,2812.836,536.768,,-2631.56,
TEHOL,Holding,2025/12,2766.043,TEYITLI,2766.043,KAP 1567682 2025/12 cari · TMS29 ×1.1776 (2025/12→2026/06) · PDF s.13 (TL): A. İşletme Faaliyetlerinden Nakit Akışları 2.348.881.402 142.821.238,-4148.291,TEYITLI,-4148.291,KAP 1567682 2025/12 cari · TMS29 ×1.1776 (2025/12→2026/06) · PDF s.13 (TL): Maddi ve maddi olmayan duran varlıkların alımından kaynaklanan nakit çıkışları [14] -3.522.665.761 -331.773.787,0.0,TEYITLI,0.000,KAP 1567682 2025/12 cari,-177.479,TEYITLI,-177.479,KAP 1567682 2025/12 cari · TMS29 ×1.1776 (2025/12→2026/06) · PDF s.13 (TL): Finansal kiralama sözleşmelerinden kaynaklanan borç ödemelerine ilişkin nakit [7] -150.712.226 95.989.206,0.0,TEYITLI,0.000,KAP 1567682 2025/12 cari,TEYITLI,2766.041,4148.288,177.479,FCF_STD,,-1559.725999999999,0.002,4148.291,177.479,,-1559.727,
TEHOL,Holding,2026/03,3961.151,TEYITLI,1101.034 | 2766.043 | -94.074,KAP 1603783 2026/03 cari · TMS29 ×1.0701 (2026/03→2026/06) · PDF s.9 (TL): A. ESAS FAALİYETLERDEN NAKİT AKIŞLARI 1.028.907.979 (87.911.667) ‖ KAP 1567682 2025/12 cari · TMS29 ×1.1776 (2025/12→2026/06) · PDF s.13 (TL): A. İşletme Faaliyetlerinden Nakit Akışları 2.348.881.402 142.821.238 ‖ KAP 1603783 2026/03 onceki · TMS29 ×1.0701 (2026/03→2026/06) · PDF s.9 (TL): A. ESAS FAALİYETLERDEN NAKİT AKIŞLARI 1.028.907.979 (87.911.667),-7050.879,TEYITLI,-2918.542 | -4148.291 | -15.954,KAP 1603783 2026/03 cari · TMS29 ×1.0701 (2026/03→2026/06) · PDF s.10 (TL): (2.727.354.179) (14.908.612) ‖ KAP 1567682 2025/12 cari · TMS29 ×1.1776 (2025/12→2026/06) · PDF s.13 (TL): Maddi ve maddi olmayan duran varlıkların alımından kaynaklanan nakit çıkışları [14] -3.522.665.761 -331.773.787 ‖ KAP 1603783 2026/03 onceki · TMS29 ×1.0701 (2026/03→2026/06) · PDF s.10 (TL): (2.727.354.179) (14.908.612),-49.582,TEYITLI,-49.582 | 0.000 | 0.000,KAP 1603783 2026/03 cari · TMS29 ×1.0701 (2026/03→2026/06) · PDF s.10 (TL): 13 (46.334.379) -- ‖ KAP 1567682 2025/12 cari ‖ KAP 1603783 2026/03 onceki,-187.325,TEYITLI,-223.368 | -177.479 | -213.521,KAP 1603783 2026/03 cari · TMS29 ×1.0701 (2026/03→2026/06) · PDF s.10 (TL): 16 (208.735.331) (199.533.603) ‖ KAP 1567682 2025/12 cari · TMS29 ×1.1776 (2025/12→2026/06) · PDF s.13 (TL): Finansal kiralama sözleşmelerinden kaynaklanan borç ödemelerine ilişkin nakit [7] -150.712.226 95.989.206 ‖ KAP 1603783 2026/03 onceki · TMS29 ×1.0701 (2026/03→2026/06) · PDF s.10 (TL): 16 (208.735.331) (199.533.603),0.0,TEYITLI,0.000 | 0.000 | 0.000,KAP 1603783 2026/03 cari ‖ KAP 1567682 2025/12 cari ‖ KAP 1603783 2026/03 onceki,TEYITLI,3961.187,,187.3260000000001,FCF_HLD,0.0,,-0.036,7100.461,187.325,,-3326.635,
TEHOL,Holding,2026/06,5492.42,TEYITLI,2422.809 | 2766.043 | -303.568,KAP 1650721 2026/06 cari · TMS29 ×1.0000 (2026/06→2026/06) · PDF s.10 (TL): A. ESAS FAALİYETLERDEN NAKİT AKIŞLARI 2.422.809.094 (303.568.100) ‖ KAP 1567682 2025/12 cari · TMS29 ×1.1776 (2025/12→2026/06) · PDF s.13 (TL): A. İşletme Faaliyetlerinden Nakit Akışları 2.348.881.402 142.821.238 ‖ KAP 1650721 2026/06 onceki · TMS29 ×1.0000 (2026/06→2026/06) · PDF s.10 (TL): A. ESAS FAALİYETLERDEN NAKİT AKIŞLARI 2.422.809.094 (303.568.100),-7623.547,ELLE,-3494.819 | -4148.291 | -19.563,KAP 1650721 2026/06 cari · TMS29 ×1.0000 (2026/06→2026/06) · PDF_TUTMADI ‖ KAP 1567682 2025/12 cari · TMS29 ×1.1776 (2025/12→2026/06) · PDF s.13 (TL): Maddi ve maddi olmayan duran varlıkların alımından kaynaklanan nakit çıkışları [14] -3.522.665.761 -331.773.787 ‖ KAP 1650721 2026/06 onceki · TMS29 ×1.0000 (2026/06→2026/06) · PDF_TUTMADI,-55.151,ELLE,-55.151 | 0.000 | 0.000,KAP 1650721 2026/06 cari · TMS29 ×1.0000 (2026/06→2026/06) · PDF_TUTMADI ‖ KAP 1567682 2025/12 cari ‖ KAP 1650721 2026/06 onceki,121.98,TEYITLI,-33.580 | -177.479 | -333.039,KAP 1650721 2026/06 cari · TMS29 ×1.0000 (2026/06→2026/06) · PDF s.11 (TL): (33.580.038) (333.039.141) ‖ KAP 1567682 2025/12 cari · TMS29 ×1.1776 (2025/12→2026/06) · PDF s.13 (TL): Finansal kiralama sözleşmelerinden kaynaklanan borç ödemelerine ilişkin nakit [7] -150.712.226 95.989.206 ‖ KAP 1650721 2026/06 onceki · TMS29 ×1.0000 (2026/06→2026/06) · PDF s.11 (TL): (33.580.038) (333.039.141),0.0,TEYITLI,0.000 | 0.000 | 0.000,KAP 1650721 2026/06 cari ‖ KAP 1567682 2025/12 cari ‖ KAP 1650721 2026/06 onceki,ELLE,5492.418000000001,,121.98,FCF_HLD,0.0,,0.002,7678.698,0.0,KIRA TTM +121.980 (pozitif) → 0,-2186.278,
TKFEN,Holding,2025/03,,BELGE_YOK,— | — | —,2025/03 raporu KAP’ta yok ‖ 2024/12 raporu KAP’ta yok ‖ 2025/03 raporu KAP’ta yok,,BELGE_YOK,— | — | —,2025/03 raporu KAP’ta yok ‖ 2024/12 raporu KAP’ta yok ‖ 2025/03 raporu KAP’ta yok,,BELGE_YOK,— | — | —,2025/03 raporu KAP’ta yok ‖ 2024/12 raporu KAP’ta yok ‖ 2025/03 raporu KAP’ta yok,,BELGE_YOK,— | — | —,2025/03 raporu KAP’ta yok ‖ 2024/12 raporu KAP’ta yok ‖ 2025/03 raporu KAP’ta yok,,BELGE_YOK,— | — | —,2025/03 raporu KAP’ta yok ‖ 2024/12 raporu KAP’ta yok ‖ 2025/03 raporu KAP’ta yok,BELGE_YOK,-2678.802,3892.656,484.0170000000001,FCF_HLD,89.342,-6966.133000000001,,,,,,
TKFEN,Holding,2025/06,,BELGE_YOK,— | — | —,2025/06 raporu KAP’ta yok ‖ 2024/12 raporu KAP’ta yok ‖ 2025/06 raporu KAP’ta yok,,BELGE_YOK,— | — | —,2025/06 raporu KAP’ta yok ‖ 2024/12 raporu KAP’ta yok ‖ 2025/06 raporu KAP’ta yok,,BELGE_YOK,— | — | —,2025/06 raporu KAP’ta yok ‖ 2024/12 raporu KAP’ta yok ‖ 2025/06 raporu KAP’ta yok,,BELGE_YOK,— | — | —,2025/06 raporu KAP’ta yok ‖ 2024/12 raporu KAP’ta yok ‖ 2025/06 raporu KAP’ta yok,,BELGE_YOK,— | — | —,2025/06 raporu KAP’ta yok ‖ 2024/12 raporu KAP’ta yok ‖ 2025/06 raporu KAP’ta yok,BELGE_YOK,2725.823,4091.628,341.236,FCF_HLD,152.176,-1554.864999999999,,,,,,
TKFEN,Holding,2025/09,,BELGE_YOK,— | — | —,2025/09 raporu KAP’ta yok ‖ 2024/12 raporu KAP’ta yok ‖ 2025/09 raporu KAP’ta yok,,BELGE_YOK,— | — | —,2025/09 raporu KAP’ta yok ‖ 2024/12 raporu KAP’ta yok ‖ 2025/09 raporu KAP’ta yok,,BELGE_YOK,— | — | —,2025/09 raporu KAP’ta yok ‖ 2024/12 raporu KAP’ta yok ‖ 2025/09 raporu KAP’ta yok,,BELGE_YOK,— | — | —,2025/09 raporu KAP’ta yok ‖ 2024/12 raporu KAP’ta yok ‖ 2025/09 raporu KAP’ta yok,,BELGE_YOK,— | — | —,2025/09 raporu KAP’ta yok ‖ 2024/12 raporu KAP’ta yok ‖ 2025/09 raporu KAP’ta yok,BELGE_YOK,1592.549000000001,4269.842000000001,252.839,FCF_HLD,144.785,-2785.347,,,,,,
TKFEN,Holding,2025/12,,BELGE_YOK,—,2025/12 raporu KAP’ta yok,,BELGE_YOK,—,2025/12 raporu KAP’ta yok,,BELGE_YOK,—,2025/12 raporu KAP’ta yok,,BELGE_YOK,—,2025/12 raporu KAP’ta yok,,BELGE_YOK,—,2025/12 raporu KAP’ta yok,BELGE_YOK,5403.841,3367.136,256.62,FCF_HLD,154.152,1934.237000000001,,,,,,
TKFEN,Holding,2026/03,,BELGE_YOK,— | — | —,2026/03 raporu KAP’ta yok ‖ 2025/12 raporu KAP’ta yok ‖ 2026/03 raporu KAP’ta yok,,BELGE_YOK,— | — | —,2026/03 raporu KAP’ta yok ‖ 2025/12 raporu KAP’ta yok ‖ 2026/03 raporu KAP’ta yok,,BELGE_YOK,— | — | —,2026/03 raporu KAP’ta yok ‖ 2025/12 raporu KAP’ta yok ‖ 2026/03 raporu KAP’ta yok,,BELGE_YOK,— | — | —,2026/03 raporu KAP’ta yok ‖ 2025/12 raporu KAP’ta yok ‖ 2026/03 raporu KAP’ta yok,,BELGE_YOK,— | — | —,2026/03 raporu KAP’ta yok ‖ 2025/12 raporu KAP’ta yok ‖ 2026/03 raporu KAP’ta yok,BELGE_YOK,7063.296,2668.423,304.526,FCF_HLD,190.463,4280.81,,,,,,
TKFEN,Holding,2026/06,,BELGE_YOK,— | — | —,2026/06 raporu KAP’ta yok ‖ 2025/12 raporu KAP’ta yok ‖ 2026/06 raporu KAP’ta yok,,BELGE_YOK,— | — | —,2026/06 raporu KAP’ta yok ‖ 2025/12 raporu KAP’ta yok ‖ 2026/06 raporu KAP’ta yok,,BELGE_YOK,— | — | —,2026/06 raporu KAP’ta yok ‖ 2025/12 raporu KAP’ta yok ‖ 2026/06 raporu KAP’ta yok,,BELGE_YOK,— | — | —,2026/06 raporu KAP’ta yok ‖ 2025/12 raporu KAP’ta yok ‖ 2026/06 raporu KAP’ta yok,,BELGE_YOK,— | — | —,2026/06 raporu KAP’ta yok ‖ 2025/12 raporu KAP’ta yok ‖ 2026/06 raporu KAP’ta yok,BELGE_YOK,3998.012000000001,1793.031,224.294,FCF_HLD,115.486,2096.173000000001,,,,,,
TRHOL,Holding,2025/03,,BELGE_YOK,-11.405 | 47.476 | —,2025/03 raporu KAP’ta yok → yedek: 2025/03 değeri 2026/03 raporunun onceki sütunundan · KAP 1599906 2026/03 onceki · TMS29 ×1.0701 (2026/03→2026/06) · PDF s.7 (TL): A. ESAS FAALİYETLERDEN NAKİT AKIŞLARI (14.248.390) (10.657.841) ‖ KAP 1403631 2024/12 cari · TMS29 ×1.5414 (2024/12→2026/06) · PDF s.11 (TL): İşletme Faaliyetlerinden Elde Edilen Net Nakit / Kullanılan 30.800.757 (14.504.844) ‖ 2025/03 raporu KAP’ta yok,,BELGE_YOK,0.000 | -4.944 | —,2025/03 raporu KAP’ta yok → yedek: 2025/03 değeri 2026/03 raporunun onceki sütunundan · KAP 1599906 2026/03 onceki ‖ KAP 1403631 2024/12 cari · TMS29 ×1.5414 (2024/12→2026/06) · PDF s.11 (TL): Nakit Çıkışları (3.207.650) (8.372.396) ‖ 2025/03 raporu KAP’ta yok,,BELGE_YOK,0.000 | 0.000 | —,2025/03 raporu KAP’ta yok → yedek: 2025/03 değeri 2026/03 raporunun onceki sütunundan · KAP 1599906 2026/03 onceki ‖ KAP 1403631 2024/12 cari ‖ 2025/03 raporu KAP’ta yok,,BELGE_YOK,0.000 | -2.697 | —,2025/03 raporu KAP’ta yok → yedek: 2025/03 değeri 2026/03 raporunun onceki sütunundan · KAP 1599906 2026/03 onceki ‖ KAP 1403631 2024/12 cari · TMS29 ×1.5414 (2024/12→2026/06) · PDF s.11 (TL): Kiralama Yükümlülüklerinin Geri Ödenmesi 8 (1.749.972) (330.476) ‖ 2025/03 raporu KAP’ta yok,,BELGE_YOK,0.000 | 0.000 | —,2025/03 raporu KAP’ta yok → yedek: 2025/03 değeri 2026/03 raporunun onceki sütunundan · KAP 1599906 2026/03 onceki ‖ KAP 1403631 2024/12 cari ‖ 2025/03 raporu KAP’ta yok,BELGE_YOK,61.962,2.931,2.12,FCF_STD,,56.911,,,,,,
TRHOL,Holding,2025/06,,BELGE_YOK,109.943 | 47.476 | —,2025/06 raporu KAP’ta yok → yedek: 2025/06 değeri 2026/06 raporunun onceki sütunundan · KAP 1645778 2026/06 onceki · TMS29 ×1.0000 (2026/06→2026/06) · PDF s.8 (TL): A. ESAS FAALİYETLERDEN NAKİT AKIŞLARI (8.122.879) 109.943.326 ‖ KAP 1403631 2024/12 cari · TMS29 ×1.5414 (2024/12→2026/06) · PDF s.11 (TL): İşletme Faaliyetlerinden Elde Edilen Net Nakit / Kullanılan 30.800.757 (14.504.844) ‖ 2025/06 raporu KAP’ta yok,,BELGE_YOK,-0.076 | -4.944 | —,2025/06 raporu KAP’ta yok → yedek: 2025/06 değeri 2026/06 raporunun onceki sütunundan · KAP 1645778 2026/06 onceki · TMS29 ×1.0000 (2026/06→2026/06) · PDF s.9 (TL): (9.938.508) (76.169) ‖ KAP 1403631 2024/12 cari · TMS29 ×1.5414 (2024/12→2026/06) · PDF s.11 (TL): Nakit Çıkışları (3.207.650) (8.372.396) ‖ 2025/06 raporu KAP’ta yok,,BELGE_YOK,0.000 | 0.000 | —,2025/06 raporu KAP’ta yok → yedek: 2025/06 değeri 2026/06 raporunun onceki sütunundan · KAP 1645778 2026/06 onceki ‖ KAP 1403631 2024/12 cari ‖ 2025/06 raporu KAP’ta yok,,BELGE_YOK,3.048 | -2.697 | —,2025/06 raporu KAP’ta yok → yedek: 2025/06 değeri 2026/06 raporunun onceki sütunundan · KAP 1645778 2026/06 onceki · TMS29 ×1.0000 (2026/06→2026/06) · PDF s.9 (TL): Kira Sözleşmelerinden Kaynaklanan Borç Ödemelerine İlişkin Nakit Çıkışları - 3.048.014 ‖ KAP 1403631 2024/12 cari · TMS29 ×1.5414 (2024/12→2026/06) · PDF s.11 (TL): Kiralama Yükümlülüklerinin Geri Ödenmesi 8 (1.749.972) (330.476) ‖ 2025/06 raporu KAP’ta yok,,BELGE_YOK,0.000 | 0.000 | —,2025/06 raporu KAP’ta yok → yedek: 2025/06 değeri 2026/06 raporunun onceki sütunundan · KAP 1645778 2026/06 onceki ‖ KAP 1403631 2024/12 cari ‖ 2025/06 raporu KAP’ta yok,BELGE_YOK,155.376,2.104,0.0,FCF_STD,,153.272,,,,,,
TRHOL,Holding,2025/09,117.184,TEYITLI,69.161 | 47.476 | -0.547,KAP 1509456 2025/09 cari · TMS29 ×1.2289 (2025/09→2026/06) · PDF s.7 (TL): 56.278.807 (444.716) ‖ KAP 1403631 2024/12 cari · TMS29 ×1.5414 (2024/12→2026/06) · PDF s.11 (TL): İşletme Faaliyetlerinden Elde Edilen Net Nakit / Kullanılan 30.800.757 (14.504.844) ‖ KAP 1509456 2025/09 onceki · TMS29 ×1.2289 (2025/09→2026/06) · PDF s.7 (TL): 56.278.807 (444.716),-5.09,TEYITLI,-0.149 | -4.944 | -0.003,KAP 1509456 2025/09 cari · TMS29 ×1.2289 (2025/09→2026/06) · PDF s.8 (TL): (121.440) (2.817) ‖ KAP 1403631 2024/12 cari · TMS29 ×1.5414 (2024/12→2026/06) · PDF s.11 (TL): Nakit Çıkışları (3.207.650) (8.372.396) ‖ KAP 1509456 2025/09 onceki · TMS29 ×1.2289 (2025/09→2026/06) · PDF s.8 (TL): (121.440) (2.817),0.0,TEYITLI,0.000 | 0.000 | 0.000,KAP 1509456 2025/09 cari ‖ KAP 1403631 2024/12 cari ‖ KAP 1509456 2025/09 onceki,-2.602,TEYITLI,0.000 | -2.697 | -0.095,KAP 1509456 2025/09 cari ‖ KAP 1403631 2024/12 cari · TMS29 ×1.5414 (2024/12→2026/06) · PDF s.11 (TL): Kiralama Yükümlülüklerinin Geri Ödenmesi 8 (1.749.972) (330.476) ‖ KAP 1509456 2025/09 onceki · TMS29 ×1.2289 (2025/09→2026/06) · PDF s.8 (TL): - (77.553),0.0,TEYITLI,0.000 | 0.000 | 0.000,KAP 1509456 2025/09 cari ‖ KAP 1403631 2024/12 cari ‖ KAP 1509456 2025/09 onceki,TEYITLI,117.18,,,FCF_HLD,0.0,,0.004,5.09,2.602,,109.492,
TRHOL,Holding,2025/12,425.307,TEYITLI,425.307,KAP 1562955 2025/12 cari · TMS29 ×1.1776 (2025/12→2026/06) · PDF s.11 (TL): A. ESAS FAALİYETLERDEN NAKİT AKIŞLARI 361.164.520 40.315.829,-0.149,TEYITLI,-0.149,KAP 1562955 2025/12 cari · TMS29 ×1.1776 (2025/12→2026/06) · PDF s.11 (TL): (126.729) (4.198.568),0.0,TEYITLI,0.000,KAP 1562955 2025/12 cari,0.0,TEYITLI,0.000,KAP 1562955 2025/12 cari,0.0,TEYITLI,0.000,KAP 1562955 2025/12 cari,TEYITLI,425.307,,,FCF_HLD,0.0,,0.0,0.149,0.0,,425.158,
TRHOL,Holding,2026/03,421.465,TEYITLI,-15.247 | 425.307 | -11.405,KAP 1599906 2026/03 cari · TMS29 ×1.0701 (2026/03→2026/06) · PDF s.7 (TL): A. ESAS FAALİYETLERDEN NAKİT AKIŞLARI (14.248.390) (10.657.841) ‖ KAP 1562955 2025/12 cari · TMS29 ×1.1776 (2025/12→2026/06) · PDF s.11 (TL): A. ESAS FAALİYETLERDEN NAKİT AKIŞLARI 361.164.520 40.315.829 ‖ KAP 1599906 2026/03 onceki · TMS29 ×1.0701 (2026/03→2026/06) · PDF s.7 (TL): A. ESAS FAALİYETLERDEN NAKİT AKIŞLARI (14.248.390) (10.657.841),-9.835,TEYITLI,-9.686 | -0.149 | 0.000,KAP 1599906 2026/03 cari · TMS29 ×1.0701 (2026/03→2026/06) · PDF s.7 (TL): (9.051.556) -- ‖ KAP 1562955 2025/12 cari · TMS29 ×1.1776 (2025/12→2026/06) · PDF s.11 (TL): (126.729) (4.198.568) ‖ KAP 1599906 2026/03 onceki,0.0,TEYITLI,0.000 | 0.000 | 0.000,KAP 1599906 2026/03 cari ‖ KAP 1562955 2025/12 cari ‖ KAP 1599906 2026/03 onceki,0.0,TEYITLI,0.000 | 0.000 | 0.000,KAP 1599906 2026/03 cari ‖ KAP 1562955 2025/12 cari ‖ KAP 1599906 2026/03 onceki,0.0,TEYITLI,0.000 | 0.000 | 0.000,KAP 1599906 2026/03 cari ‖ KAP 1562955 2025/12 cari ‖ KAP 1599906 2026/03 onceki,TEYITLI,421.46,,,FCF_HLD,0.0,,0.005,9.835,0.0,,411.63,
TRHOL,Holding,2026/06,307.241,TEYITLI,-8.123 | 425.307 | 109.943,KAP 1645778 2026/06 cari · TMS29 ×1.0000 (2026/06→2026/06) · PDF s.8 (TL): A. ESAS FAALİYETLERDEN NAKİT AKIŞLARI (8.122.879) 109.943.326 ‖ KAP 1562955 2025/12 cari · TMS29 ×1.1776 (2025/12→2026/06) · PDF s.11 (TL): A. ESAS FAALİYETLERDEN NAKİT AKIŞLARI 361.164.520 40.315.829 ‖ KAP 1645778 2026/06 onceki · TMS29 ×1.0000 (2026/06→2026/06) · PDF s.8 (TL): A. ESAS FAALİYETLERDEN NAKİT AKIŞLARI (8.122.879) 109.943.326,-10.012,TEYITLI,-9.939 | -0.149 | -0.076,KAP 1645778 2026/06 cari · TMS29 ×1.0000 (2026/06→2026/06) · PDF s.9 (TL): (9.938.508) (76.169) ‖ KAP 1562955 2025/12 cari · TMS29 ×1.1776 (2025/12→2026/06) · PDF s.11 (TL): (126.729) (4.198.568) ‖ KAP 1645778 2026/06 onceki · TMS29 ×1.0000 (2026/06→2026/06) · PDF s.9 (TL): (9.938.508) (76.169),0.0,TEYITLI,0.000 | 0.000 | 0.000,KAP 1645778 2026/06 cari ‖ KAP 1562955 2025/12 cari ‖ KAP 1645778 2026/06 onceki,-3.048,TEYITLI,0.000 | 0.000 | 3.048,KAP 1645778 2026/06 cari ‖ KAP 1562955 2025/12 cari ‖ KAP 1645778 2026/06 onceki · TMS29 ×1.0000 (2026/06→2026/06) · PDF s.9 (TL): Kira Sözleşmelerinden Kaynaklanan Borç Ödemelerine İlişkin Nakit Çıkışları - 3.048.014,0.0,TEYITLI,0.000 | 0.000 | 0.000,KAP 1645778 2026/06 cari ‖ KAP 1562955 2025/12 cari ‖ KAP 1645778 2026/06 onceki,TEYITLI,307.239,,,FCF_HLD,0.0,,0.002,10.012,3.048,,294.181,
UFUK,Holding,2025/03,,BELGE_YOK,— | — | —,2025/03 raporu KAP’ta yok ‖ 2024/12 raporu KAP’ta yok ‖ 2025/03 raporu KAP’ta yok,,BELGE_YOK,— | — | —,2025/03 raporu KAP’ta yok ‖ 2024/12 raporu KAP’ta yok ‖ 2025/03 raporu KAP’ta yok,,BELGE_YOK,— | — | —,2025/03 raporu KAP’ta yok ‖ 2024/12 raporu KAP’ta yok ‖ 2025/03 raporu KAP’ta yok,,BELGE_YOK,— | — | —,2025/03 raporu KAP’ta yok ‖ 2024/12 raporu KAP’ta yok ‖ 2025/03 raporu KAP’ta yok,,BELGE_YOK,— | — | —,2025/03 raporu KAP’ta yok ‖ 2024/12 raporu KAP’ta yok ‖ 2025/03 raporu KAP’ta yok,BELGE_YOK,19.988,0.224,0.0,FCF_STD,,19.764,,,,,,
UFUK,Holding,2025/06,,BELGE_YOK,— | — | —,2025/06 raporu KAP’ta yok ‖ 2024/12 raporu KAP’ta yok ‖ 2025/06 raporu KAP’ta yok,,BELGE_YOK,— | — | —,2025/06 raporu KAP’ta yok ‖ 2024/12 raporu KAP’ta yok ‖ 2025/06 raporu KAP’ta yok,,BELGE_YOK,— | — | —,2025/06 raporu KAP’ta yok ‖ 2024/12 raporu KAP’ta yok ‖ 2025/06 raporu KAP’ta yok,,BELGE_YOK,— | — | —,2025/06 raporu KAP’ta yok ‖ 2024/12 raporu KAP’ta yok ‖ 2025/06 raporu KAP’ta yok,,BELGE_YOK,— | — | —,2025/06 raporu KAP’ta yok ‖ 2024/12 raporu KAP’ta yok ‖ 2025/06 raporu KAP’ta yok,BELGE_YOK,64.302,0.224,0.0,FCF_STD,,64.078,,,,,,
UFUK,Holding,2025/09,,BELGE_YOK,— | — | —,2025/09 raporu KAP’ta yok ‖ 2024/12 raporu KAP’ta yok ‖ 2025/09 raporu KAP’ta yok,,BELGE_YOK,— | — | —,2025/09 raporu KAP’ta yok ‖ 2024/12 raporu KAP’ta yok ‖ 2025/09 raporu KAP’ta yok,,BELGE_YOK,— | — | —,2025/09 raporu KAP’ta yok ‖ 2024/12 raporu KAP’ta yok ‖ 2025/09 raporu KAP’ta yok,,BELGE_YOK,— | — | —,2025/09 raporu KAP’ta yok ‖ 2024/12 raporu KAP’ta yok ‖ 2025/09 raporu KAP’ta yok,,BELGE_YOK,— | — | —,2025/09 raporu KAP’ta yok ‖ 2024/12 raporu KAP’ta yok ‖ 2025/09 raporu KAP’ta yok,BELGE_YOK,69.16799999999999,0.224,0.0,FCF_STD,,68.94399999999999,,,,,,
UFUK,Holding,2025/12,,BELGE_YOK,—,2025/12 raporu KAP’ta yok,,BELGE_YOK,—,2025/12 raporu KAP’ta yok,,BELGE_YOK,—,2025/12 raporu KAP’ta yok,,BELGE_YOK,—,2025/12 raporu KAP’ta yok,,BELGE_YOK,—,2025/12 raporu KAP’ta yok,BELGE_YOK,-113.822,0.224,0.0,FCF_STD,,-114.046,,,,,,
UFUK,Holding,2026/03,,BELGE_YOK,— | — | —,2026/03 raporu KAP’ta yok ‖ 2025/12 raporu KAP’ta yok ‖ 2026/03 raporu KAP’ta yok,,BELGE_YOK,— | — | —,2026/03 raporu KAP’ta yok ‖ 2025/12 raporu KAP’ta yok ‖ 2026/03 raporu KAP’ta yok,,BELGE_YOK,— | — | —,2026/03 raporu KAP’ta yok ‖ 2025/12 raporu KAP’ta yok ‖ 2026/03 raporu KAP’ta yok,,BELGE_YOK,— | — | —,2026/03 raporu KAP’ta yok ‖ 2025/12 raporu KAP’ta yok ‖ 2026/03 raporu KAP’ta yok,,BELGE_YOK,— | — | —,2026/03 raporu KAP’ta yok ‖ 2025/12 raporu KAP’ta yok ‖ 2026/03 raporu KAP’ta yok,BELGE_YOK,-114.847,0.0,0.0,FCF_STD,,-114.847,,,,,,
UFUK,Holding,2026/06,,BELGE_YOK,— | — | —,2026/06 raporu KAP’ta yok ‖ 2025/12 raporu KAP’ta yok ‖ 2026/06 raporu KAP’ta yok,,BELGE_YOK,— | — | —,2026/06 raporu KAP’ta yok ‖ 2025/12 raporu KAP’ta yok ‖ 2026/06 raporu KAP’ta yok,,BELGE_YOK,— | — | —,2026/06 raporu KAP’ta yok ‖ 2025/12 raporu KAP’ta yok ‖ 2026/06 raporu KAP’ta yok,,BELGE_YOK,— | — | —,2026/06 raporu KAP’ta yok ‖ 2025/12 raporu KAP’ta yok ‖ 2026/06 raporu KAP’ta yok,,BELGE_YOK,— | — | —,2026/06 raporu KAP’ta yok ‖ 2025/12 raporu KAP’ta yok ‖ 2026/06 raporu KAP’ta yok,BELGE_YOK,-109.386,0.0,0.0,FCF_STD,,-109.386,,,,,,
UNLU,Holding,2025/03,204.784,PDF_OKUNDU,220.322 | -966.158 | -950.619,KAP 1437513 2025/03 cari · elle karar (PDF): Evo PDF: A başlık toplamı; A+B+C+D+E = dönem sonu − başı (−4.515.146 / −566.892.128) ✓ ‖ KAP 1402863 2024/12 cari · elle karar (PDF): Evo PDF: A başlık toplamı; A+B+C+D+E = dönem sonu − başı (−443.005.258 / 618.228.345) ✓ ‖ KAP 1437513 2025/03 onceki · elle karar (PDF): Evo PDF: A başlık toplamı; A+B+C+D+E = dönem sonu − başı (−4.515.146 / −566.892.128) ✓,-26.115,PDF_OKUNDU,-7.590 | -23.295 | -4.771,"KAP 1437513 2025/03 cari · TMS29 ×1.4004 (2025/03→2026/06) · XBRL standart elemanında yok, PDF satırından okundu (TL): Maddi duran varlık satın alımları 15 (4.687.176) (1.123.342) || Maddi olmayan duran varlık satın alımları 16 (732.755) (2.283.436) ‖ KAP 1402863 2024/12 cari · TMS29 ×1.5414 (2024/12→2026/06) · XBRL standart elemanında yok, PDF satırından okundu (TL): Maddi duran varlık satın alımları 15 (10.832.416) (36.451.634) || Maddi olmayan duran varlık satın alımları 16 (4.280.762) (22.635.435) ‖ KAP 1437513 2025/03 onceki · TMS29 ×1.4004 (2025/03→2026/06) · XBRL standart elemanında yok, PDF satırından okundu (TL): Maddi duran varlık satın alımları 15 (4.687.176) (1.123.342) || Maddi olmayan duran varlık satın alımları 16 (732.755) (2.283.436)",0.0,PDF_OKUNDU,0.000 | 0.000 | 0.000,KAP 1437513 2025/03 cari · TMS29 ×1.4004 (2025/03→2026/06) · Evo PDF: nakit akışta kalem satırı yok → 0 ‖ KAP 1402863 2024/12 cari · TMS29 ×1.5414 (2024/12→2026/06) · Evo PDF: nakit akışta kalem satırı yok → 0 ‖ KAP 1437513 2025/03 onceki · TMS29 ×1.4004 (2025/03→2026/06) · Evo PDF: nakit akışta kalem satırı yok → 0,0.255,PDF_OKUNDU,2.454 | -6.127 | -3.929,"KAP 1437513 2025/03 cari · elle karar (PDF): Evo PDF: 'Finansal kiralama işlemlerine ilişkin nakit çıkışları' cari pozitif (belgedeki gibi) ‖ KAP 1402863 2024/12 cari · TMS29 ×1.5414 (2024/12→2026/06) · XBRL standart elemanında yok, PDF satırından okundu (TL): Finansal kiralama işlemlerine ilişkin nakit çıkışları (3.975.191) (10.857.416) ‖ KAP 1437513 2025/03 onceki · elle karar (PDF): Evo PDF: 'Finansal kiralama işlemlerine ilişkin nakit çıkışları' cari pozitif (belgedeki gibi)",5.273,PDF_OKUNDU,0.000 | 5.273 | 0.000,"KAP 1437513 2025/03 cari · TMS29 ×1.4004 (2025/03→2026/06) · Evo PDF: nakit akışta kalem satırı yok → 0 ‖ KAP 1402863 2024/12 cari · TMS29 ×1.5414 (2024/12→2026/06) · XBRL standart elemanında yok, PDF satırından okundu (TL): Alınan temettüler 24 3.421.178 1.986.720 ‖ KAP 1437513 2025/03 onceki · TMS29 ×1.4004 (2025/03→2026/06) · Evo PDF: nakit akışta kalem satırı yok → 0",PDF_OKUNDU,204.8389999999999,26.114,0.0,FCF_HLD,5.273,183.9979999999999,-0.055,26.115,0.0,KIRA TTM +0.255 (pozitif) → 0,183.942,
UNLU,Holding,2025/06,,BELGE_YOK,— | -966.158 | —,2025/06 raporu KAP’ta yok ‖ KAP 1402863 2024/12 cari · elle karar (PDF): Evo PDF: A başlık toplamı; A+B+C+D+E = dönem sonu − başı (−443.005.258 / 618.228.345) ✓ ‖ 2025/06 raporu KAP’ta yok,,BELGE_YOK,— | -23.295 | —,"2025/06 raporu KAP’ta yok ‖ KAP 1402863 2024/12 cari · TMS29 ×1.5414 (2024/12→2026/06) · XBRL standart elemanında yok, PDF satırından okundu (TL): Maddi duran varlık satın alımları 15 (10.832.416) (36.451.634) || Maddi olmayan duran varlık satın alımları 16 (4.280.762) (22.635.435) ‖ 2025/06 raporu KAP’ta yok",,BELGE_YOK,— | 0.000 | —,2025/06 raporu KAP’ta yok ‖ KAP 1402863 2024/12 cari · TMS29 ×1.5414 (2024/12→2026/06) · Evo PDF: nakit akışta kalem satırı yok → 0 ‖ 2025/06 raporu KAP’ta yok,,BELGE_YOK,— | -6.127 | —,"2025/06 raporu KAP’ta yok ‖ KAP 1402863 2024/12 cari · TMS29 ×1.5414 (2024/12→2026/06) · XBRL standart elemanında yok, PDF satırından okundu (TL): Finansal kiralama işlemlerine ilişkin nakit çıkışları (3.975.191) (10.857.416) ‖ 2025/06 raporu KAP’ta yok",,BELGE_YOK,— | 5.273 | —,"2025/06 raporu KAP’ta yok ‖ KAP 1402863 2024/12 cari · TMS29 ×1.5414 (2024/12→2026/06) · XBRL standart elemanında yok, PDF satırından okundu (TL): Alınan temettüler 24 3.421.178 1.986.720 ‖ 2025/06 raporu KAP’ta yok",BELGE_YOK,-755.4649999999999,31.803,11.312,FCF_HLD,4.488999999999999,-794.0909999999999,,,,,,
UNLU,Holding,2025/09,399.354,PDF_OKUNDU,-136.585 | -966.158 | -1502.097,KAP 1513311 2025/09 cari · elle karar (PDF): Evo PDF: A başlık toplamı; A+B+C+D+E = dönem sonu − başı (−158.600.204 / −538.888.182) ✓ ‖ KAP 1402863 2024/12 cari · elle karar (PDF): Evo PDF: A başlık toplamı; A+B+C+D+E = dönem sonu − başı (−443.005.258 / 618.228.345) ✓ ‖ KAP 1513311 2025/09 onceki · elle karar (PDF): Evo PDF: A başlık toplamı; A+B+C+D+E = dönem sonu − başı (−158.600.204 / −538.888.182) ✓,-23.915,PDF_OKUNDU,-17.168 | -23.295 | -16.548,"KAP 1513311 2025/09 cari · TMS29 ×1.2289 (2025/09→2026/06) · XBRL standart elemanında yok, PDF satırından okundu (TL): Maddi duran varlık satın alımları 15 (10.387.844) (12.770.897) || Maddi olmayan duran varlık satın alımları 16 (3.582.369) (695.082) ‖ KAP 1402863 2024/12 cari · TMS29 ×1.5414 (2024/12→2026/06) · XBRL standart elemanında yok, PDF satırından okundu (TL): Maddi duran varlık satın alımları 15 (10.832.416) (36.451.634) || Maddi olmayan duran varlık satın alımları 16 (4.280.762) (22.635.435) ‖ KAP 1513311 2025/09 onceki · TMS29 ×1.2289 (2025/09→2026/06) · XBRL standart elemanında yok, PDF satırından okundu (TL): Maddi duran varlık satın alımları 15 (10.387.844) (12.770.897) || Maddi olmayan duran varlık satın alımları 16 (3.582.369) (695.082)",0.0,PDF_OKUNDU,0.000 | 0.000 | 0.000,KAP 1513311 2025/09 cari · TMS29 ×1.2289 (2025/09→2026/06) · Evo PDF: nakit akışta kalem satırı yok → 0 ‖ KAP 1402863 2024/12 cari · TMS29 ×1.5414 (2024/12→2026/06) · Evo PDF: nakit akışta kalem satırı yok → 0 ‖ KAP 1513311 2025/09 onceki · TMS29 ×1.2289 (2025/09→2026/06) · Evo PDF: nakit akışta kalem satırı yok → 0,-13.108,PDF_OKUNDU,-10.847 | -6.127 | -3.867,"KAP 1513311 2025/09 cari · TMS29 ×1.2289 (2025/09→2026/06) · XBRL standart elemanında yok, PDF satırından okundu (TL): Finansal kiralama işlemlerine ilişkin nakit çıkışları (8.826.860) (3.146.334) ‖ KAP 1402863 2024/12 cari · TMS29 ×1.5414 (2024/12→2026/06) · XBRL standart elemanında yok, PDF satırından okundu (TL): Finansal kiralama işlemlerine ilişkin nakit çıkışları (3.975.191) (10.857.416) ‖ KAP 1513311 2025/09 onceki · TMS29 ×1.2289 (2025/09→2026/06) · XBRL standart elemanında yok, PDF satırından okundu (TL): Finansal kiralama işlemlerine ilişkin nakit çıkışları (8.826.860) (3.146.334)",4.49,PDF_OKUNDU,1.321 | 5.273 | 2.105,"KAP 1513311 2025/09 cari · TMS29 ×1.2289 (2025/09→2026/06) · XBRL standart elemanında yok, PDF satırından okundu (TL): Alınan temettüler 24 1.074.947 1.712.675 ‖ KAP 1402863 2024/12 cari · TMS29 ×1.5414 (2024/12→2026/06) · XBRL standart elemanında yok, PDF satırından okundu (TL): Alınan temettüler 24 3.421.178 1.986.720 ‖ KAP 1513311 2025/09 onceki · TMS29 ×1.2289 (2025/09→2026/06) · XBRL standart elemanında yok, PDF satırından okundu (TL): Alınan temettüler 24 1.074.947 1.712.675",PDF_OKUNDU,399.347,23.915,13.108,FCF_HLD,4.488999999999999,366.8129999999999,0.007,23.915,13.108,,366.821,
UNLU,Holding,2025/12,,BELGE_YOK,—,2025/12 INDIRILMEDI ,,BELGE_YOK,—,2025/12 INDIRILMEDI ,,BELGE_YOK,—,2025/12 INDIRILMEDI ,,BELGE_YOK,—,2025/12 INDIRILMEDI ,,BELGE_YOK,—,2025/12 INDIRILMEDI ,BELGE_YOK,-231.47,25.6,15.018,FCF_HLD,1.321,-270.7669999999999,,,,,,
UNLU,Holding,2026/03,,BELGE_YOK,— | — | 220.322,2026/03 INDIRILMEDI  ‖ 2025/12 INDIRILMEDI  ‖ 2026/03 INDIRILMEDI  → yedek: 2026/03 değeri 2025/03 raporunun cari sütunundan · KAP 1437513 2025/03 cari · elle karar (PDF): Evo PDF: A başlık toplamı; A+B+C+D+E = dönem sonu − başı (−4.515.146 / −566.892.128) ✓,,BELGE_YOK,— | — | -7.590,"2026/03 INDIRILMEDI  ‖ 2025/12 INDIRILMEDI  ‖ 2026/03 INDIRILMEDI  → yedek: 2026/03 değeri 2025/03 raporunun cari sütunundan · KAP 1437513 2025/03 cari · TMS29 ×1.4004 (2025/03→2026/06) · XBRL standart elemanında yok, PDF satırından okundu (TL): Maddi duran varlık satın alımları 15 (4.687.176) (1.123.342) || Maddi olmayan duran varlık satın alımları 16 (732.755) (2.283.436)",,BELGE_YOK,— | — | 0.000,2026/03 INDIRILMEDI  ‖ 2025/12 INDIRILMEDI  ‖ 2026/03 INDIRILMEDI  → yedek: 2026/03 değeri 2025/03 raporunun cari sütunundan · KAP 1437513 2025/03 cari · TMS29 ×1.4004 (2025/03→2026/06) · Evo PDF: nakit akışta kalem satırı yok → 0,,BELGE_YOK,— | — | 2.454,2026/03 INDIRILMEDI  ‖ 2025/12 INDIRILMEDI  ‖ 2026/03 INDIRILMEDI  → yedek: 2026/03 değeri 2025/03 raporunun cari sütunundan · KAP 1437513 2025/03 cari · elle karar (PDF): Evo PDF: 'Finansal kiralama işlemlerine ilişkin nakit çıkışları' cari pozitif (belgedeki gibi),,BELGE_YOK,— | — | 0.000,2026/03 INDIRILMEDI  ‖ 2025/12 INDIRILMEDI  ‖ 2026/03 INDIRILMEDI  → yedek: 2026/03 değeri 2025/03 raporunun cari sütunundan · KAP 1437513 2025/03 cari · TMS29 ×1.4004 (2025/03→2026/06) · Evo PDF: nakit akışta kalem satırı yok → 0,BELGE_YOK,-1241.462,24.67000000000001,20.395,FCF_HLD,4.123,-1282.404,,,,,,
UNLU,Holding,2026/06,,BELGE_YOK,— | — | —,2026/06 raporu KAP’ta yok ‖ 2025/12 INDIRILMEDI  ‖ 2026/06 raporu KAP’ta yok,,BELGE_YOK,— | — | —,2026/06 raporu KAP’ta yok ‖ 2025/12 INDIRILMEDI  ‖ 2026/06 raporu KAP’ta yok,,BELGE_YOK,— | — | —,2026/06 raporu KAP’ta yok ‖ 2025/12 INDIRILMEDI  ‖ 2026/06 raporu KAP’ta yok,,BELGE_YOK,— | — | —,2026/06 raporu KAP’ta yok ‖ 2025/12 INDIRILMEDI  ‖ 2026/06 raporu KAP’ta yok,,BELGE_YOK,— | — | —,2026/06 raporu KAP’ta yok ‖ 2025/12 INDIRILMEDI  ‖ 2026/06 raporu KAP’ta yok,BELGE_YOK,-1057.736,25.158,19.72,FCF_HLD,10.654,-1091.96,,,,,,
USHOL,Holding,2025/03,28.565,TEYITLI,18.352 | 11.078 | 0.865,KAP 1438187 2025/03 cari · TMS29 ×1.4004 (2025/03→2026/06) · PDF s.8 (TL): A. İşletme Faaliyetlerinden Kaynaklanan Nakit Akışları 13.105.184 618.004 ‖ KAP 1404599 2024/12 cari · TMS29 ×1.5414 (2024/12→2026/06) · PDF s.8 (TL): A. İşletme Faaliyetlerinden Kaynaklanan Nakit Akışları 7.187.216 3.279.746 ‖ KAP 1438187 2025/03 onceki · TMS29 ×1.4004 (2025/03→2026/06) · PDF s.8 (TL): A. İşletme Faaliyetlerinden Kaynaklanan Nakit Akışları 13.105.184 618.004,-29.949,TEYITLI,-17.654 | -12.295 | 0.000,KAP 1438187 2025/03 cari · TMS29 ×1.4004 (2025/03→2026/06) · PDF s.8 (TL): Maddi ve Maddi Olmayan Duran Varlıkların Alımından Kaynaklanan Nakit Çıkışları (12.606.530) - ‖ KAP 1404599 2024/12 cari · TMS29 ×1.5414 (2024/12→2026/06) · PDF s.8 (TL): Maddi ve Maddi Olmayan Duran Varlıkların Alımından Kaynaklanan Nakit Çıkışları (7.976.299) (3.884.583) ‖ KAP 1438187 2025/03 onceki · TMS29 ×1.4004 (2025/03→2026/06),0.0,TEYITLI,0.000 | 0.000 | 0.000,KAP 1438187 2025/03 cari ‖ KAP 1404599 2024/12 cari ‖ KAP 1438187 2025/03 onceki,0.0,TEYITLI,0.000 | 0.000 | 0.000,KAP 1438187 2025/03 cari ‖ KAP 1404599 2024/12 cari ‖ KAP 1438187 2025/03 onceki,0.0,TEYITLI,0.000 | 0.000 | 0.000,KAP 1438187 2025/03 cari ‖ KAP 1404599 2024/12 cari ‖ KAP 1438187 2025/03 onceki,TEYITLI,28.891,29.95,0.0,FCF_STD,,-1.059000000000001,-0.326,29.949,0.0,,-1.384,
USHOL,Holding,2025/06,11.915,TEYITLI,0.154 | 11.078 | -0.683,KAP 1480102 2025/06 cari · TMS29 ×1.3211 (2025/06→2026/06) · PDF s.9 (TL): A. İşletme Faaliyetlerinden Kaynaklanan Nakit Akışları 116.456 (517.030) ‖ KAP 1404599 2024/12 cari · TMS29 ×1.5414 (2024/12→2026/06) · PDF s.8 (TL): A. İşletme Faaliyetlerinden Kaynaklanan Nakit Akışları 7.187.216 3.279.746 ‖ KAP 1480102 2025/06 onceki · TMS29 ×1.3211 (2025/06→2026/06) · PDF s.9 (TL): A. İşletme Faaliyetlerinden Kaynaklanan Nakit Akışları 116.456 (517.030),-12.295,TEYITLI,0.000 | -12.295 | 0.000,KAP 1480102 2025/06 cari · TMS29 ×1.3211 (2025/06→2026/06) ‖ KAP 1404599 2024/12 cari · TMS29 ×1.5414 (2024/12→2026/06) · PDF s.8 (TL): Maddi ve Maddi Olmayan Duran Varlıkların Alımından Kaynaklanan Nakit Çıkışları (7.976.299) (3.884.583) ‖ KAP 1480102 2025/06 onceki · TMS29 ×1.3211 (2025/06→2026/06),0.0,TEYITLI,0.000 | 0.000 | 0.000,KAP 1480102 2025/06 cari ‖ KAP 1404599 2024/12 cari ‖ KAP 1480102 2025/06 onceki,0.0,TEYITLI,0.000 | 0.000 | 0.000,KAP 1480102 2025/06 cari ‖ KAP 1404599 2024/12 cari ‖ KAP 1480102 2025/06 onceki,0.0,TEYITLI,0.000 | 0.000 | 0.000,KAP 1480102 2025/06 cari ‖ KAP 1404599 2024/12 cari ‖ KAP 1480102 2025/06 onceki,TEYITLI,12.42,12.295,0.0,FCF_STD,,0.125,-0.505,12.295,0.0,,-0.38,
USHOL,Holding,2025/09,-7.644,TEYITLI,-1.767 | 11.078 | 16.955,KAP 1515107 2025/09 cari · TMS29 ×1.2289 (2025/09→2026/06) · PDF s.8 (TL): A. İşletme Faaliyetlerinden Kaynaklanan Nakit Akışları (1.437.776) 13.797.193 ‖ KAP 1404599 2024/12 cari · TMS29 ×1.5414 (2024/12→2026/06) · PDF s.8 (TL): A. İşletme Faaliyetlerinden Kaynaklanan Nakit Akışları 7.187.216 3.279.746 ‖ KAP 1515107 2025/09 onceki · TMS29 ×1.2289 (2025/09→2026/06) · PDF s.8 (TL): A. İşletme Faaliyetlerinden Kaynaklanan Nakit Akışları (1.437.776) 13.797.193,6.325,TEYITLI,0.000 | -12.295 | -18.620,KAP 1515107 2025/09 cari · TMS29 ×1.2289 (2025/09→2026/06) ‖ KAP 1404599 2024/12 cari · TMS29 ×1.5414 (2024/12→2026/06) · PDF s.8 (TL): Maddi ve Maddi Olmayan Duran Varlıkların Alımından Kaynaklanan Nakit Çıkışları (7.976.299) (3.884.583) ‖ KAP 1515107 2025/09 onceki · TMS29 ×1.2289 (2025/09→2026/06) · PDF s.8 (TL): B. Yatırım Faaliyetlerinden Kaynaklanan Nakit Akışları - (15.151.458),0.0,TEYITLI,0.000 | 0.000 | 0.000,KAP 1515107 2025/09 cari ‖ KAP 1404599 2024/12 cari ‖ KAP 1515107 2025/09 onceki,0.0,TEYITLI,0.000 | 0.000 | 0.000,KAP 1515107 2025/09 cari ‖ KAP 1404599 2024/12 cari ‖ KAP 1515107 2025/09 onceki,0.0,TEYITLI,0.000 | 0.000 | 0.000,KAP 1515107 2025/09 cari ‖ KAP 1404599 2024/12 cari ‖ KAP 1515107 2025/09 onceki,TEYITLI,-7.643999999999998,0.0,0.0,FCF_STD,,-7.643999999999998,-0.0,0.0,0.0,MDV+MODV TTM +6.325 (pozitif) → 0,-7.644,
USHOL,Holding,2025/12,-1.759,TEYITLI,-1.759,KAP 1597844 2025/12 cari · TMS29 ×1.1776 (2025/12→2026/06) · PDF s.8 (TL): A. İşletme Faaliyetlerinden Kaynaklanan Nakit Akışları (1.493.434) 9.407.515,0.0,TEYITLI,0.000,KAP 1597844 2025/12 cari · TMS29 ×1.1776 (2025/12→2026/06),0.0,TEYITLI,0.000,KAP 1597844 2025/12 cari,0.0,TEYITLI,0.000,KAP 1597844 2025/12 cari,0.0,TEYITLI,0.000,KAP 1597844 2025/12 cari,TEYITLI,-1.759,0.0,0.0,FCF_STD,,-1.759,0.0,0.0,0.0,,-1.759,
USHOL,Holding,2026/03,-20.436,TEYITLI,0.000 | -1.759 | 18.677,KAP 1616494 2026/03 cari · TMS29 ×1.0701 (2026/03→2026/06) · PDF s.7 (TL): A. İşletme Faaliyetlerinden Kaynaklanan Nakit Akışları 221 17.453.738 ‖ KAP 1597844 2025/12 cari · TMS29 ×1.1776 (2025/12→2026/06) · PDF s.8 (TL): A. İşletme Faaliyetlerinden Kaynaklanan Nakit Akışları (1.493.434) 9.407.515 ‖ KAP 1616494 2026/03 onceki · TMS29 ×1.0701 (2026/03→2026/06) · PDF s.7 (TL): A. İşletme Faaliyetlerinden Kaynaklanan Nakit Akışları 221 17.453.738,17.654,TEYITLI,0.000 | 0.000 | -17.654,KAP 1616494 2026/03 cari · TMS29 ×1.0701 (2026/03→2026/06) ‖ KAP 1597844 2025/12 cari · TMS29 ×1.1776 (2025/12→2026/06) ‖ KAP 1616494 2026/03 onceki · TMS29 ×1.0701 (2026/03→2026/06) · PDF s.7 (TL): Maddi ve Maddi Olmayan Duran Varlıkların Alımından Kaynaklanan Nakit Çıkışları - (16.497.898),0.0,TEYITLI,0.000 | 0.000 | 0.000,KAP 1616494 2026/03 cari ‖ KAP 1597844 2025/12 cari ‖ KAP 1616494 2026/03 onceki,0.0,TEYITLI,0.000 | 0.000 | 0.000,KAP 1616494 2026/03 cari ‖ KAP 1597844 2025/12 cari ‖ KAP 1616494 2026/03 onceki,0.0,TEYITLI,0.000 | 0.000 | 0.000,KAP 1616494 2026/03 cari ‖ KAP 1597844 2025/12 cari ‖ KAP 1616494 2026/03 onceki,TEYITLI,-20.437,0.0,0.0,FCF_STD,,-20.437,0.001,0.0,0.0,MDV+MODV TTM +17.654 (pozitif) → 0,-20.436,
USHOL,Holding,2026/06,-2.418,TEYITLI,-0.001 | -1.759 | 0.659,KAP 1652385 2026/06 cari · TMS29 ×1.0000 (2026/06→2026/06) · PDF s.9 (TL): A. İşletme Faaliyetlerinden Kaynaklanan Nakit Akışları (763) 659.063 ‖ KAP 1597844 2025/12 cari · TMS29 ×1.1776 (2025/12→2026/06) · PDF s.8 (TL): A. İşletme Faaliyetlerinden Kaynaklanan Nakit Akışları (1.493.434) 9.407.515 ‖ KAP 1652385 2026/06 onceki · TMS29 ×1.0000 (2026/06→2026/06) · PDF s.9 (TL): A. İşletme Faaliyetlerinden Kaynaklanan Nakit Akışları (763) 659.063,0.0,TEYITLI,0.000 | 0.000 | 0.000,KAP 1652385 2026/06 cari · TMS29 ×1.0000 (2026/06→2026/06) ‖ KAP 1597844 2025/12 cari · TMS29 ×1.1776 (2025/12→2026/06) ‖ KAP 1652385 2026/06 onceki · TMS29 ×1.0000 (2026/06→2026/06),0.0,TEYITLI,0.000 | 0.000 | 0.000,KAP 1652385 2026/06 cari ‖ KAP 1597844 2025/12 cari ‖ KAP 1652385 2026/06 onceki,0.0,TEYITLI,0.000 | 0.000 | 0.000,KAP 1652385 2026/06 cari ‖ KAP 1597844 2025/12 cari ‖ KAP 1652385 2026/06 onceki,0.0,TEYITLI,0.000 | 0.000 | 0.000,KAP 1652385 2026/06 cari ‖ KAP 1597844 2025/12 cari ‖ KAP 1652385 2026/06 onceki,TEYITLI,-2.419,0.0,0.0,FCF_STD,,-2.419,0.001,0.0,0.0,,-2.418,
VERUS,Holding,2025/03,,BELGE_YOK,— | — | —,2025/03 raporu KAP’ta yok ‖ 2024/12 raporu KAP’ta yok ‖ 2025/03 raporu KAP’ta yok,,BELGE_YOK,— | — | —,2025/03 raporu KAP’ta yok ‖ 2024/12 raporu KAP’ta yok ‖ 2025/03 raporu KAP’ta yok,,BELGE_YOK,— | — | —,2025/03 raporu KAP’ta yok ‖ 2024/12 raporu KAP’ta yok ‖ 2025/03 raporu KAP’ta yok,,BELGE_YOK,— | — | —,2025/03 raporu KAP’ta yok ‖ 2024/12 raporu KAP’ta yok ‖ 2025/03 raporu KAP’ta yok,,BELGE_YOK,— | — | —,2025/03 raporu KAP’ta yok ‖ 2024/12 raporu KAP’ta yok ‖ 2025/03 raporu KAP’ta yok,BELGE_YOK,671.498,227.566,0.0,FCF_STD,,443.932,,,,,,
VERUS,Holding,2025/06,,BELGE_YOK,— | — | —,2025/06 raporu KAP’ta yok ‖ 2024/12 raporu KAP’ta yok ‖ 2025/06 raporu KAP’ta yok,,BELGE_YOK,— | — | —,2025/06 raporu KAP’ta yok ‖ 2024/12 raporu KAP’ta yok ‖ 2025/06 raporu KAP’ta yok,,BELGE_YOK,— | — | —,2025/06 raporu KAP’ta yok ‖ 2024/12 raporu KAP’ta yok ‖ 2025/06 raporu KAP’ta yok,,BELGE_YOK,— | — | —,2025/06 raporu KAP’ta yok ‖ 2024/12 raporu KAP’ta yok ‖ 2025/06 raporu KAP’ta yok,,BELGE_YOK,— | — | —,2025/06 raporu KAP’ta yok ‖ 2024/12 raporu KAP’ta yok ‖ 2025/06 raporu KAP’ta yok,BELGE_YOK,-424.197,30.61199999999999,0.0,FCF_STD,,-454.809,,,,,,
VERUS,Holding,2025/09,,BELGE_YOK,— | — | —,2025/09 raporu KAP’ta yok ‖ 2024/12 raporu KAP’ta yok ‖ 2025/09 raporu KAP’ta yok,,BELGE_YOK,— | — | —,2025/09 raporu KAP’ta yok ‖ 2024/12 raporu KAP’ta yok ‖ 2025/09 raporu KAP’ta yok,,BELGE_YOK,— | — | —,2025/09 raporu KAP’ta yok ‖ 2024/12 raporu KAP’ta yok ‖ 2025/09 raporu KAP’ta yok,,BELGE_YOK,— | — | —,2025/09 raporu KAP’ta yok ‖ 2024/12 raporu KAP’ta yok ‖ 2025/09 raporu KAP’ta yok,,BELGE_YOK,— | — | —,2025/09 raporu KAP’ta yok ‖ 2024/12 raporu KAP’ta yok ‖ 2025/09 raporu KAP’ta yok,BELGE_YOK,-500.743,31.47499999999999,0.0,FCF_STD,,-532.218,,,,,,
VERUS,Holding,2025/12,,BELGE_YOK,—,2025/12 raporu KAP’ta yok,,BELGE_YOK,—,2025/12 raporu KAP’ta yok,,BELGE_YOK,—,2025/12 raporu KAP’ta yok,,BELGE_YOK,—,2025/12 raporu KAP’ta yok,,BELGE_YOK,—,2025/12 raporu KAP’ta yok,BELGE_YOK,-127.3,39.67,0.0,FCF_STD,,-166.97,,,,,,
VERUS,Holding,2026/03,,BELGE_YOK,— | — | —,2026/03 raporu KAP’ta yok ‖ 2025/12 raporu KAP’ta yok ‖ 2026/03 raporu KAP’ta yok,,BELGE_YOK,— | — | —,2026/03 raporu KAP’ta yok ‖ 2025/12 raporu KAP’ta yok ‖ 2026/03 raporu KAP’ta yok,,BELGE_YOK,— | — | —,2026/03 raporu KAP’ta yok ‖ 2025/12 raporu KAP’ta yok ‖ 2026/03 raporu KAP’ta yok,,BELGE_YOK,— | — | —,2026/03 raporu KAP’ta yok ‖ 2025/12 raporu KAP’ta yok ‖ 2026/03 raporu KAP’ta yok,,BELGE_YOK,— | — | —,2026/03 raporu KAP’ta yok ‖ 2025/12 raporu KAP’ta yok ‖ 2026/03 raporu KAP’ta yok,BELGE_YOK,-773.772,41.984,0.0,FCF_STD,,-815.7560000000001,,,,,,
VERUS,Holding,2026/06,,BELGE_YOK,— | — | —,2026/06 raporu KAP’ta yok ‖ 2025/12 raporu KAP’ta yok ‖ 2026/06 raporu KAP’ta yok,,BELGE_YOK,— | — | —,2026/06 raporu KAP’ta yok ‖ 2025/12 raporu KAP’ta yok ‖ 2026/06 raporu KAP’ta yok,,BELGE_YOK,— | — | —,2026/06 raporu KAP’ta yok ‖ 2025/12 raporu KAP’ta yok ‖ 2026/06 raporu KAP’ta yok,,BELGE_YOK,— | — | —,2026/06 raporu KAP’ta yok ‖ 2025/12 raporu KAP’ta yok ‖ 2026/06 raporu KAP’ta yok,,BELGE_YOK,— | — | —,2026/06 raporu KAP’ta yok ‖ 2025/12 raporu KAP’ta yok ‖ 2026/06 raporu KAP’ta yok,BELGE_YOK,-95.928,38.306,0.0,FCF_STD,,-134.234,,,,,,
YESIL,Holding,2025/03,,BELGE_YOK,— | — | —,2025/03 raporu KAP’ta yok ‖ 2024/12 raporu KAP’ta yok ‖ 2025/03 raporu KAP’ta yok,,BELGE_YOK,— | — | —,2025/03 raporu KAP’ta yok ‖ 2024/12 raporu KAP’ta yok ‖ 2025/03 raporu KAP’ta yok,,BELGE_YOK,— | — | —,2025/03 raporu KAP’ta yok ‖ 2024/12 raporu KAP’ta yok ‖ 2025/03 raporu KAP’ta yok,,BELGE_YOK,— | — | —,2025/03 raporu KAP’ta yok ‖ 2024/12 raporu KAP’ta yok ‖ 2025/03 raporu KAP’ta yok,,BELGE_YOK,— | — | —,2025/03 raporu KAP’ta yok ‖ 2024/12 raporu KAP’ta yok ‖ 2025/03 raporu KAP’ta yok,BELGE_YOK,-540.858,0.0,0.0,FCF_STD,,-540.858,,,,,,
YESIL,Holding,2025/06,,BELGE_YOK,— | — | —,2025/06 raporu KAP’ta yok ‖ 2024/12 raporu KAP’ta yok ‖ 2025/06 raporu KAP’ta yok,,BELGE_YOK,— | — | —,2025/06 raporu KAP’ta yok ‖ 2024/12 raporu KAP’ta yok ‖ 2025/06 raporu KAP’ta yok,,BELGE_YOK,— | — | —,2025/06 raporu KAP’ta yok ‖ 2024/12 raporu KAP’ta yok ‖ 2025/06 raporu KAP’ta yok,,BELGE_YOK,— | — | —,2025/06 raporu KAP’ta yok ‖ 2024/12 raporu KAP’ta yok ‖ 2025/06 raporu KAP’ta yok,,BELGE_YOK,— | — | —,2025/06 raporu KAP’ta yok ‖ 2024/12 raporu KAP’ta yok ‖ 2025/06 raporu KAP’ta yok,BELGE_YOK,-544.6229999999999,0.0,0.0,FCF_STD,,-544.6229999999999,,,,,,
YESIL,Holding,2025/09,,BELGE_YOK,— | — | —,2025/09 raporu KAP’ta yok ‖ 2024/12 raporu KAP’ta yok ‖ 2025/09 raporu KAP’ta yok,,BELGE_YOK,— | — | —,2025/09 raporu KAP’ta yok ‖ 2024/12 raporu KAP’ta yok ‖ 2025/09 raporu KAP’ta yok,,BELGE_YOK,— | — | —,2025/09 raporu KAP’ta yok ‖ 2024/12 raporu KAP’ta yok ‖ 2025/09 raporu KAP’ta yok,,BELGE_YOK,— | — | —,2025/09 raporu KAP’ta yok ‖ 2024/12 raporu KAP’ta yok ‖ 2025/09 raporu KAP’ta yok,,BELGE_YOK,— | — | —,2025/09 raporu KAP’ta yok ‖ 2024/12 raporu KAP’ta yok ‖ 2025/09 raporu KAP’ta yok,BELGE_YOK,-95.50999999999993,0.0,0.0,FCF_STD,,-95.50999999999993,,,,,,
YESIL,Holding,2025/12,,BELGE_YOK,—,2025/12 raporu KAP’ta yok,,BELGE_YOK,—,2025/12 raporu KAP’ta yok,,BELGE_YOK,—,2025/12 raporu KAP’ta yok,,BELGE_YOK,—,2025/12 raporu KAP’ta yok,,BELGE_YOK,—,2025/12 raporu KAP’ta yok,BELGE_YOK,51.152,0.0,0.0,FCF_STD,,51.152,,,,,,
YESIL,Holding,2026/03,,BELGE_YOK,— | — | —,2026/03 raporu KAP’ta yok ‖ 2025/12 raporu KAP’ta yok ‖ 2026/03 raporu KAP’ta yok,,BELGE_YOK,— | — | —,2026/03 raporu KAP’ta yok ‖ 2025/12 raporu KAP’ta yok ‖ 2026/03 raporu KAP’ta yok,,BELGE_YOK,— | — | —,2026/03 raporu KAP’ta yok ‖ 2025/12 raporu KAP’ta yok ‖ 2026/03 raporu KAP’ta yok,,BELGE_YOK,— | — | —,2026/03 raporu KAP’ta yok ‖ 2025/12 raporu KAP’ta yok ‖ 2026/03 raporu KAP’ta yok,,BELGE_YOK,— | — | —,2026/03 raporu KAP’ta yok ‖ 2025/12 raporu KAP’ta yok ‖ 2026/03 raporu KAP’ta yok,BELGE_YOK,51.338,0.0,0.0,FCF_STD,,51.338,,,,,,
YESIL,Holding,2026/06,,BELGE_YOK,— | — | —,2026/06 raporu KAP’ta yok ‖ 2025/12 raporu KAP’ta yok ‖ 2026/06 raporu KAP’ta yok,,BELGE_YOK,— | — | —,2026/06 raporu KAP’ta yok ‖ 2025/12 raporu KAP’ta yok ‖ 2026/06 raporu KAP’ta yok,,BELGE_YOK,— | — | —,2026/06 raporu KAP’ta yok ‖ 2025/12 raporu KAP’ta yok ‖ 2026/06 raporu KAP’ta yok,,BELGE_YOK,— | — | —,2026/06 raporu KAP’ta yok ‖ 2025/12 raporu KAP’ta yok ‖ 2026/06 raporu KAP’ta yok,,BELGE_YOK,— | — | —,2026/06 raporu KAP’ta yok ‖ 2025/12 raporu KAP’ta yok ‖ 2026/06 raporu KAP’ta yok,BELGE_YOK,55.111,0.0,0.0,FCF_STD,,55.111,,,,,,
