Kod,Rapor,idx,Kaynak,Etiket,Sınıf,Cari,Önceki
AEFES,2025/03,1435136,XBRL,Bağlı Ortaklıkların Kontrolünün Elde Edilmesine Yönelik Alışlara İlişkin Nakit Çıkışları,MA,0.0,-1124736.0
AEFES,2025/03,1435136,XBRL,İştiraklar ve/veya İş Ortaklıkları Pay Alımı veya Sermaye Artırımı Sebebiyle Oluşan Nakit Çıkışları,MA,0.0,-22947.0
AEFES,2025/03,1435136,XBRL,Maddi Duran Varlıkların Satışından Kaynaklanan Nakit Girişleri,SATIS,81985.0,921083.0
AEFES,2025/03,1435136,XBRL,Maddi Duran Varlık Alımından Kaynaklanan Nakit Çıkışları,CAPEX,-3938388.0,-4307524.0
AEFES,2025/03,1435136,XBRL Diğer → PDF (TL),Konsolidasyon Kapsam Değişikliğinden Kaynaklanan Düzeltmeler,MA,-26632947.0,0.0
AEFES,2024/12,1401085,XBRL,Bağlı Ortaklıkların Kontrolünün Elde Edilmesine Yönelik Alışlara İlişkin Nakit Çıkışları,MA,-816768.0,200706.0
AEFES,2024/12,1401085,XBRL,İştiraklar ve/veya İş Ortaklıkları Pay Alımı veya Sermaye Artırımı Sebebiyle Oluşan Nakit Çıkışları,MA,-18420.0,0.0
AEFES,2024/12,1401085,XBRL,Maddi Duran Varlıkların Satışından Kaynaklanan Nakit Girişleri,SATIS,1146010.0,546642.0
AEFES,2024/12,1401085,XBRL,Maddi Duran Varlık Alımından Kaynaklanan Nakit Çıkışları,CAPEX,-18970571.0,-15305826.0
AEFES,2024/12,1401085,XBRL,İlişkili Taraflara Verilen Nakit Avans ve Borçlar,AVANS,0.0,-1176234.0
AEFES,2025/06,1477177,XBRL,Bağlı Ortaklıkların Kontrolünün Elde Edilmesine Yönelik Alışlara İlişkin Nakit Çıkışları,MA,0.0,-1099855.0
AEFES,2025/06,1477177,XBRL,İştiraklar ve/veya İş Ortaklıkları Pay Alımı veya Sermaye Artırımı Sebebiyle Oluşan Nakit Çıkışları,MA,0.0,-22451.0
AEFES,2025/06,1477177,XBRL,Maddi Duran Varlıkların Satışından Kaynaklanan Nakit Girişleri,SATIS,238538.0,1429413.0
AEFES,2025/06,1477177,XBRL,Maddi Duran Varlık Alımından Kaynaklanan Nakit Çıkışları,CAPEX,-9603336.0,-10923363.0
AEFES,2025/06,1477177,XBRL Diğer → PDF (TL),Konsolidasyon Kapsam Değişikliğinden Kaynaklanan Düzeltmeler,MA,-26756633.0,0.0
AEFES,2025/09,1511858,XBRL,Bağlı Ortaklıkların Kontrolünün Elde Edilmesine Yönelik Alışlara İlişkin Nakit Çıkışları,MA,0.0,-1085562.0
AEFES,2025/09,1511858,XBRL,İştiraklar ve/veya İş Ortaklıkları Pay Alımı veya Sermaye Artırımı Sebebiyle Oluşan Nakit Çıkışları,MA,0.0,-22159.0
AEFES,2025/09,1511858,XBRL,Maddi Duran Varlıkların Satışından Kaynaklanan Nakit Girişleri,SATIS,357203.0,1841358.0
AEFES,2025/09,1511858,XBRL,Maddi Duran Varlık Alımından Kaynaklanan Nakit Çıkışları,CAPEX,-14156034.0,-17642106.0
AEFES,2025/09,1511858,XBRL Diğer → PDF (TL),Konsolidasyon Kapsam Değişikliğinden Kaynaklanan Düzeltmeler,MA,-28766826.0,0.0
AEFES,2025/12,1566776,XBRL,Bağlı Ortaklıkların Kontrolünün Elde Edilmesine Yönelik Alışlara İlişkin Nakit Çıkışları,MA,0.0,-1069084.0
AEFES,2025/12,1566776,XBRL,İştiraklar ve/veya İş Ortaklıkları Pay Alımı veya Sermaye Artırımı Sebebiyle Oluşan Nakit Çıkışları,MA,0.0,-24110.0
AEFES,2025/12,1566776,XBRL,Maddi Duran Varlıkların Satışından Kaynaklanan Nakit Girişleri,SATIS,757172.0,1500035.0
AEFES,2025/12,1566776,XBRL,Maddi Duran Varlık Alımından Kaynaklanan Nakit Çıkışları,CAPEX,-19111074.0,-24830960.0
AEFES,2025/12,1566776,XBRL Diğer → PDF (TL),Konsolidasyon Kapsam Değişikliğinden Kaynaklanan Düzeltmeler,MA,-28743917.0,0.0
AGHOL,2025/03,1436890,XBRL,Bağlı Ortaklıkların Kontrolünün Elde Edilmesine Yönelik Alışlara İlişkin Nakit Çıkışları,MA,-45500.0,-1124736.0
AGHOL,2025/03,1436890,XBRL,İştiraklar ve/veya İş Ortaklıkları Pay Alımı veya Sermaye Artırımı Sebebiyle Oluşan Nakit Çıkışları,MA,0.0,-22947.0
AGHOL,2025/03,1436890,XBRL,Maddi ve Maddi Olmayan Duran Varlıkların Satışından Kaynaklanan Nakit Girişleri,SATIS,86219.0,1176326.0
AGHOL,2025/03,1436890,XBRL,Maddi ve Maddi Olmayan Duran Varlıkların Alımından Kaynaklanan Nakit Çıkışları,CAPEX,-5874912.0,-7179642.0
AGHOL,2025/03,1436890,XBRL Diğer → PDF (TL),Konsolidasyon Kapsam Değişikliğinden Kaynaklanan Düzeltmeler,MA,-26632947.0,0.0
AGHOL,2024/12,1401791,XBRL,Bağlı Ortaklıkların Kontrolünün Kaybı Sonucunu Doğuracak Satışlara İlişkin Nakit Girişleri,MA,727068.0,0.0
AGHOL,2024/12,1401791,XBRL,Bağlı Ortaklıkların Kontrolünün Elde Edilmesine Yönelik Alışlara İlişkin Nakit Çıkışları,MA,-816768.0,200706.0
AGHOL,2024/12,1401791,XBRL,Bağlı Ortaklıklarda İlave Pay Alımlarına ilişkin Nakit Çıkışları,MA,-3302538.0,-4129297.0
AGHOL,2024/12,1401791,XBRL,İştiraklar ve/veya İş Ortaklıkları Pay Alımı veya Sermaye Artırımı Sebebiyle Oluşan Nakit Çıkışları,MA,-1129536.0,-837231.0
AGHOL,2024/12,1401791,XBRL,Maddi ve Maddi Olmayan Duran Varlıkların Satışından Kaynaklanan Nakit Girişleri,SATIS,2400644.0,2496769.0
AGHOL,2024/12,1401791,XBRL,Maddi ve Maddi Olmayan Duran Varlıkların Alımından Kaynaklanan Nakit Çıkışları,CAPEX,-30542351.0,-26727641.0
AGHOL,2024/12,1401791,XBRL,İlişkili Taraflara Verilen Nakit Avans ve Borçlar,AVANS,0.0,-1176234.0
AGHOL,2025/06,1478833,XBRL,Bağlı Ortaklıkların Kontrolünün Elde Edilmesine Yönelik Alışlara İlişkin Nakit Çıkışları,MA,0.0,-1099855.0
AGHOL,2025/06,1478833,XBRL,İştiraklar ve/veya İş Ortaklıkları Pay Alımı veya Sermaye Artırımı Sebebiyle Oluşan Nakit Çıkışları,MA,0.0,-608513.0
AGHOL,2025/06,1478833,XBRL,Maddi ve Maddi Olmayan Duran Varlıkların Satışından Kaynaklanan Nakit Girişleri,SATIS,349990.0,1609486.0
AGHOL,2025/06,1478833,XBRL,Maddi ve Maddi Olmayan Duran Varlıkların Alımından Kaynaklanan Nakit Çıkışları,CAPEX,-15021816.0,-16754033.0
AGHOL,2025/06,1478833,XBRL Diğer → PDF (TL),Konsolidasyon Kapsam Değişikliğinden Kaynaklanan Düzeltmeler,MA,-26756633.0,0.0
AGHOL,2025/09,1513507,XBRL,Bağlı Ortaklıkların Kontrolünün Kaybı Sonucunu Doğuracak Satışlara İlişkin Nakit Girişleri,MA,0.0,999822.0
AGHOL,2025/09,1513507,XBRL,Bağlı Ortaklıkların Kontrolünün Elde Edilmesine Yönelik Alışlara İlişkin Nakit Çıkışları,MA,0.0,-1085562.0
AGHOL,2025/09,1513507,XBRL,Bağlı Ortaklıklarda İlave Pay Alımlarına ilişkin Nakit Çıkışları,MA,0.0,-4348144.0
AGHOL,2025/09,1513507,XBRL,İştiraklar ve/veya İş Ortaklıkları Pay Alımı veya Sermaye Artırımı Sebebiyle Oluşan Nakit Çıkışları,MA,0.0,-652211.0
AGHOL,2025/09,1513507,XBRL,Maddi ve Maddi Olmayan Duran Varlıkların Satışından Kaynaklanan Nakit Girişleri,SATIS,517948.0,3316793.0
AGHOL,2025/09,1513507,XBRL,Maddi ve Maddi Olmayan Duran Varlıkların Alımından Kaynaklanan Nakit Çıkışları,CAPEX,-23982164.0,-27152284.0
AGHOL,2025/09,1513507,XBRL Diğer → PDF (TL),Konsolidasyon Kapsam Değişikliğinden Kaynaklanan Düzeltmeler,MA,-28766826.0,0.0
AGHOL,2025/12,1567700,XBRL,Bağlı Ortaklıkların Kontrolünün Kaybı Sonucunu Doğuracak Satışlara İlişkin Nakit Girişleri,MA,232849.0,951674.0
AGHOL,2025/12,1567700,XBRL,Bağlı Ortaklıkların Kontrolünün Elde Edilmesine Yönelik Alışlara İlişkin Nakit Çıkışları,MA,-2395995.0,-1069084.0
AGHOL,2025/12,1567700,XBRL,Bağlı Ortaklıklarda İlave Pay Alımlarına ilişkin Nakit Çıkışları,MA,0.0,-4322758.0
AGHOL,2025/12,1567700,XBRL,İştiraklar ve/veya İş Ortaklıkları Pay Alımı veya Sermaye Artırımı Sebebiyle Oluşan Nakit Çıkışları,MA,0.0,-1478472.0
AGHOL,2025/12,1567700,XBRL,Maddi ve Maddi Olmayan Duran Varlıkların Satışından Kaynaklanan Nakit Girişleri,SATIS,1060326.0,3142251.0
AGHOL,2025/12,1567700,XBRL,Maddi ve Maddi Olmayan Duran Varlıkların Alımından Kaynaklanan Nakit Çıkışları,CAPEX,-35095789.0,-39977494.0
AGHOL,2025/12,1567700,XBRL Diğer → PDF (TL),Konsolidasyon Kapsam Değişikliğinden Kaynaklanan Düzeltmeler,MA,-28743917.0,0.0
AGROT,2025/03,1437707,XBRL,Maddi Olmayan Duran Varlık Alımından Kaynaklanan Nakit Çıkışları,CAPEX,-7553196.0,-176492753.0
AGROT,2025/03,1437707,XBRL Diğer → elle (PDF/dipnot) · PDF yatırım bölümü satırları,"Finansal yatırımlar (PDF, Not 10)",FINANSAL,-21481250.0,0.0
AGROT,2025/03,1437707,XBRL Diğer → elle (PDF/dipnot) · PDF yatırım bölümü satırları,Yabancı para çevrim farkı (PDF),KUR,-7212579.0,0.0
AGROT,2024/12,1411771,XBRL,Maddi Olmayan Duran Varlıkların Satışından Kaynaklanan Nakit Girişleri,SATIS,129624322.0,0.0
AGROT,2024/12,1411771,XBRL,Maddi Duran Varlık Alımından Kaynaklanan Nakit Çıkışları,CAPEX,-349619863.0,-678809916.0
AGROT,2024/12,1411771,XBRL,Yatırım Amaçlı Gayrimenkul Alımından Kaynaklanan Nakit Çıkışları,CAPEX,0.0,-98324890.0
AGROT,2024/12,1411771,XBRL,Satış Amacıyla Elde Tutulan Duran Varlık Satışlarından Kaynaklanan Nakit Girişleri,SATIS,0.0,381192345.0
AGROT,2024/12,1411771,XBRL Diğer → elle (PDF/dipnot) · PDF yatırım bölümü; önceki sütun TTM'de kullanılmıyor,Konsolidasyondan çıkış (Grid Teknoloji) (PDF),MA / önceki: ARTIK,-185162039.0,0.0
ALCAR,2025/06,1475358,elle (PDF) · XBRL'de yatırım bölümü yok; imzalı PDF nakit akış tablosu (başka satır yok),MDV/MODV alımı,CAPEX,-16948548.0,-98610555.0
ALCAR,2025/06,1475358,elle (PDF) · XBRL'de yatırım bölümü yok; imzalı PDF nakit akış tablosu (başka satır yok),MDV/MODV satışı,SATIS,0.0,2013158.0
ALCAR,2024/12,1399526,XBRL,Maddi ve Maddi Olmayan Duran Varlıkların Satışından Kaynaklanan Nakit Girişleri,SATIS,904434301.0,8668896.0
ALCAR,2024/12,1399526,XBRL,Maddi ve Maddi Olmayan Duran Varlıkların Alımından Kaynaklanan Nakit Çıkışları,CAPEX,-148321581.0,-537725802.0
ALCAR,2024/12,1399526,XBRL,Satış Amacıyla Elde Tutulan Duran Varlık Satışlarından Kaynaklanan Nakit Girişleri,SATIS,16399166.0,0.0
ALCAR,2025/09,1508061,XBRL,Maddi ve Maddi Olmayan Duran Varlıkların Satışından Kaynaklanan Nakit Girişleri,SATIS,137639.0,31943590.0
ALCAR,2025/09,1508061,XBRL,Maddi ve Maddi Olmayan Duran Varlıkların Alımından Kaynaklanan Nakit Çıkışları,CAPEX,-27161540.0,-179840183.0
ALKIM,2025/09,1514515,XBRL,Maddi Duran Varlıkların Satışından Kaynaklanan Nakit Girişleri,SATIS,4243522.0,125707116.0
ALKIM,2025/09,1514515,XBRL,Maddi Duran Varlık Alımından Kaynaklanan Nakit Çıkışları,CAPEX,-619025876.0,-463424912.0
ALKIM,2025/09,1514515,XBRL,Maddi Olmayan Duran Varlık Alımından Kaynaklanan Nakit Çıkışları,CAPEX,-1131585.0,-885840.0
ALKIM,2025/09,1514515,XBRL,Alınan Faiz,FAIZ,24814832.0,55401864.0
ALKIM,2025/09,1514515,XBRL Diğer → PDF (TL),Diğer nakit girişleri / (çıkışları),ARTIK,0.0,-203819528.0
ALKIM,2024/09,1359697,XBRL,Maddi Duran Varlıkların Satışından Kaynaklanan Nakit Girişleri,SATIS,94308150.0,2185040.0
ALKIM,2024/09,1359697,XBRL,Maddi Duran Varlık Alımından Kaynaklanan Nakit Çıkışları,CAPEX,-347671217.0,-68639534.0
ALKIM,2024/09,1359697,XBRL,Maddi Olmayan Duran Varlık Alımından Kaynaklanan Nakit Çıkışları,CAPEX,-664576.0,-3647280.0
ALKIM,2024/09,1359697,XBRL,Verilen Nakit Avans ve Borçlar,AVANS,-152909741.0,-28570011.0
ALKIM,2024/12,1404869,XBRL,Maddi ve Maddi Olmayan Duran Varlıkların Satışından Kaynaklanan Nakit Girişleri,SATIS,76466849.0,13899048.0
ALKIM,2024/12,1404869,XBRL,Maddi Duran Varlık Alımından Kaynaklanan Nakit Çıkışları,CAPEX,-682108073.0,-188445103.0
ALKIM,2024/12,1404869,XBRL,Maddi Olmayan Duran Varlık Alımından Kaynaklanan Nakit Çıkışları,CAPEX,-1403434.0,0.0
ALKIM,2024/12,1404869,XBRL,Alınan Faiz,FAIZ,46171343.0,44573826.0
ALKIM,2024/12,1404869,XBRL Diğer → PDF (TL),Diğer finansal araçlardan nakit girişleri,FINANSAL,256358219.0,-256358219.0
ARASE,2025/03,1436943,XBRL,Maddi Duran Varlıkların Satışından Kaynaklanan Nakit Girişleri,SATIS,-2793133.0,0.0
ARASE,2025/03,1436943,XBRL Diğer → PDF (TL) · dipnot adayları: s.21: Dönem içi yatırım harcamaları (Dipnot 17) 168.090.935 65.065.121,Diğer nakit çıkışları [cari dipnot: s.21: Dönem içi yatırım harcamaları (Dipnot 17) 168.090.935 65.065.121] [önceki dipnot: s.21: Dönem içi yatırım harcamaları (Dipnot 17) 168.090.935 65.065.121],CAPEX_DIPNOT,-168090935.0,-65065121.0
ARASE,2024/12,1399475,XBRL,Maddi Duran Varlık Alımından Kaynaklanan Nakit Çıkışları,CAPEX,-10875614.0,-21830382.0
ARASE,2024/12,1399475,XBRL Diğer → PDF (TL) · dipnot adayları: s.53: Dönem içi yatırım harcamaları (Dipnot 21) 2.994.302.807 2.990.142.645,Diğer nakit çıkışları [cari dipnot: s.53: Dönem içi yatırım harcamaları (Dipnot 21) 2.994.302.807 2.990.142.645] [önceki dipnot: s.53: Dönem içi yatırım harcamaları (Dipnot 21) 2.994.302.807 2.990.142.645],CAPEX_DIPNOT,-2994302807.0,-2990142645.0
ARASE,2025/06,1477977,XBRL,Maddi Duran Varlık Alımından Kaynaklanan Nakit Çıkışları,CAPEX,-3992859.0,-371532.0
ARASE,2025/06,1477977,XBRL Diğer → PDF (TL) · dipnot adayları: s.26: Dönem içi yatırım harcamaları (Dipnot 18) 1.194.449.605 971.430.150,Diğer nakit çıkışları [cari dipnot: s.26: Dönem içi yatırım harcamaları (Dipnot 18) 1.194.449.605 971.430.150] [önceki dipnot: s.26: Dönem içi yatırım harcamaları (Dipnot 18) 1.194.449.605 971.430.150],CAPEX_DIPNOT,-1194449605.0,-971430150.0
ARASE,2025/09,1512422,elle (PDF) · XBRL'de yatırım bölümü yok; PDF + Not 17 'Dönem içi yatırım harcamaları' 2.522.530.823 / 2.644.626.186,MDV/MODV alımı,CAPEX,-5181580.0,-366705.0
ARASE,2025/09,1512422,elle (PDF) · XBRL'de yatırım bölümü yok; PDF + Not 17 'Dönem içi yatırım harcamaları' 2.522.530.823 / 2.644.626.186,Diğer nakit çıkışları (Not 17: Dönem içi yatırım harcamaları),CAPEX_DIPNOT,-2522530823.0,-2644626186.0
ARASE,2025/12,1571078,XBRL,Maddi Duran Varlık Alımından Kaynaklanan Nakit Çıkışları,CAPEX,-12071578.0,-14235345.0
ARASE,2025/12,1571078,XBRL,Maddi Olmayan Duran Varlık Alımından Kaynaklanan Nakit Çıkışları,CAPEX,-6000000.0,0.0
ARASE,2025/12,1571078,XBRL Diğer → PDF (TL) · dipnot adayları: s.57: Dönem içi yatırım harcamaları (Dipnot 21) (*) 3.773.435.469 3.919.312.661,Diğer nakit çıkışları [cari dipnot: s.57: Dönem içi yatırım harcamaları (Dipnot 21) (*) 3.773.435.469 3.919.312.661] [önceki dipnot: s.57: Dönem içi yatırım harcamaları (Dipnot 21) (*) 3.773.435.469 3.919.312.661],CAPEX_DIPNOT,-3773435469.0,-3919312661.0
ARASE,2026/03,1605551,XBRL,Maddi Duran Varlık Alımından Kaynaklanan Nakit Çıkışları,CAPEX,-7232887.0,-3655313.0
ARASE,2026/03,1605551,XBRL Diğer → PDF (TL) · dipnot adayları: s.23: Dönem içi yatırım harcamaları (Dipnot 18) (*) 153.734.832 219.977.033,Diğer nakit çıkışları [cari dipnot: s.23: Dönem içi yatırım harcamaları (Dipnot 18) (*) 153.734.832 219.977.033] [önceki dipnot: s.23: Dönem içi yatırım harcamaları (Dipnot 18) (*) 153.734.832 219.977.033],CAPEX_DIPNOT,-153734832.0,-219977033.0
ARASE,2026/06,1649752,XBRL,Maddi Duran Varlık Alımından Kaynaklanan Nakit Çıkışları,CAPEX,-13325829.0,-5274992.0
ARASE,2026/06,1649752,XBRL Diğer → PDF (TL) · dipnot adayları: s.26: Dönem içi yatırım harcamaları (Dipnot 19) (*) 1.392.117.456 1.577.995.081,Diğer nakit çıkışları [cari dipnot: s.26: Dönem içi yatırım harcamaları (Dipnot 19) (*) 1.392.117.456 1.577.995.081] [önceki dipnot: s.26: Dönem içi yatırım harcamaları (Dipnot 19) (*) 1.392.117.456 1.577.995.081],CAPEX_DIPNOT,-1392117456.0,-1577995081.0
ARSAN,2025/06,1481005,XBRL,Bağlı Ortaklıkların Kontrolünün Elde Edilmesine Yönelik Alışlara İlişkin Nakit Çıkışları,MA,0.0,-52668993.0
ARSAN,2025/06,1481005,XBRL,Maddi Duran Varlıkların Satışından Kaynaklanan Nakit Girişleri,SATIS,1789045.0,95925656.0
ARSAN,2025/06,1481005,XBRL,Maddi Duran Varlık Alımından Kaynaklanan Nakit Çıkışları,CAPEX,-64602626.0,-40231141.0
ARSAN,2025/06,1481005,XBRL,Maddi Olmayan Duran Varlık Alımından Kaynaklanan Nakit Çıkışları,CAPEX,-14613.0,0.0
ARSAN,2025/06,1481005,XBRL,Türev Araçlardan Nakit Girişleri,FINANSAL,0.0,478362715.0
ARSAN,2025/06,1481005,XBRL Diğer → elle (PDF/dipnot) · PDF: 'Diğer' satırı Dipnot 4 referanslı; tutar (172.347.824) dipnotta 'Kur Korumalı Mevduat Hesabı (KKMH)' — finansal yatırım,Diğer Nakit Girişleri (Çıkışları),FINANSAL,172347824.0,0.0
ARSAN,2025/06,1481005,XBRL,Yatırım Faaliyetlerine İlişkin Enflasyon Etkisi,ENFLASYON,11547668.0,0.0
ARSAN,2024/12,1404479,XBRL,Bağlı Ortaklıkların Kontrolünün Elde Edilmesine Yönelik Alışlara İlişkin Nakit Çıkışları,MA,-55244841.0,-106123753.0
ARSAN,2024/12,1404479,XBRL,Maddi Duran Varlıkların Satışından Kaynaklanan Nakit Girişleri,SATIS,74425856.0,701490500.0
ARSAN,2024/12,1404479,XBRL,Maddi Duran Varlık Alımından Kaynaklanan Nakit Çıkışları,CAPEX,-20607770.0,-115637828.0
ARSAN,2024/12,1404479,XBRL,Türev Araçlardan Nakit Girişleri,FINANSAL,545232554.0,0.0
ARSAN,2024/12,1404479,XBRL,Türev Araçlardan Nakit Çıkışları,FINANSAL,0.0,-269250396.0
ASTOR,2025/03,1432433,elle (PDF) · PDF: XBRL 'Diğer'/'Diğer uzun vadeli varlık alımı' = PDF 'Finansal yatırımlar / Finansal yatırımlardan kaynaklı nakit çıkışları' satırı,MDV/MODV alımı,CAPEX,-502703924.0,-1314109245.0
ASTOR,2025/03,1432433,elle (PDF) · PDF: XBRL 'Diğer'/'Diğer uzun vadeli varlık alımı' = PDF 'Finansal yatırımlar / Finansal yatırımlardan kaynaklı nakit çıkışları' satırı,MDV/MODV satışı,SATIS,557140343.0,155372792.0
ASTOR,2025/03,1432433,elle (PDF) · PDF: XBRL 'Diğer'/'Diğer uzun vadeli varlık alımı' = PDF 'Finansal yatırımlar / Finansal yatırımlardan kaynaklı nakit çıkışları' satırı,"Yatırım faaliyetlerinde kaynaklanan nakit giriş çıkışları, net (dipnot referansı yok)",ARTIK,-866173526.0,-17963531.0
ASTOR,2024/03,1289967,XBRL,Maddi Duran Varlıkların Satışından Kaynaklanan Nakit Girişleri,SATIS,112504333.0,4679989.0
ASTOR,2024/03,1289967,XBRL,Maddi Duran Varlık Alımından Kaynaklanan Nakit Çıkışları,CAPEX,-951537151.0,-124147830.0
ASTOR,2024/03,1289967,XBRL Diğer → elle (PDF/dipnot) · PDF: XBRL 'Diğer'/'Diğer uzun vadeli varlık alımı' = PDF 'Finansal yatırımlar / Finansal yatırımlardan kaynaklı nakit çıkışları' satırı,Diğer Nakit Girişleri (Çıkışları),FINANSAL,-13007266.0,7249594.0
ASTOR,2024/12,1398789,XBRL,Maddi Duran Varlıkların Satışından Kaynaklanan Nakit Girişleri,SATIS,1307434253.0,27034670.0
ASTOR,2024/12,1398789,XBRL,Maddi Duran Varlık Alımından Kaynaklanan Nakit Çıkışları,CAPEX,-3703166636.0,-2656742941.0
ASTOR,2024/12,1398789,XBRL Diğer → elle (PDF/dipnot) · PDF: XBRL 'Diğer'/'Diğer uzun vadeli varlık alımı' = PDF 'Finansal yatırımlar / Finansal yatırımlardan kaynaklı nakit çıkışları' satırı,Diğer Nakit Girişleri (Çıkışları),FINANSAL,-1789861242.0,-1270238175.0
ASTOR,2025/06,1480094,XBRL,Bağlı Ortaklıkların Kontrolünün Elde Edilmesine Yönelik Alışlara İlişkin Nakit Çıkışları,MA,-277868028.0,0.0
ASTOR,2025/06,1480094,XBRL,Maddi ve Maddi Olmayan Duran Varlıkların Satışından Kaynaklanan Nakit Girişleri,SATIS,1005107736.0,178181790.0
ASTOR,2025/06,1480094,XBRL,Maddi ve Maddi Olmayan Duran Varlıkların Alımından Kaynaklanan Nakit Çıkışları,CAPEX,-1511827378.0,-1704811225.0
ASTOR,2025/06,1480094,XBRL,Diğer Uzun Vadeli Varlık Alımından Kaynaklanan Nakit Çıkışları,FINANSAL,-1613866390.0,-930729773.0
ASTOR,2025/09,1515146,XBRL,Bağlı Ortaklıkların Kontrolünün Elde Edilmesine Yönelik Alışlara İlişkin Nakit Çıkışları,MA,-278168028.0,0.0
ASTOR,2025/09,1515146,XBRL,Maddi ve Maddi Olmayan Duran Varlıkların Satışından Kaynaklanan Nakit Girişleri,SATIS,1647063092.0,121955585.0
ASTOR,2025/09,1515146,XBRL,Maddi ve Maddi Olmayan Duran Varlıkların Alımından Kaynaklanan Nakit Çıkışları,CAPEX,-2350487918.0,-2524887423.0
ASTOR,2025/09,1515146,XBRL,Diğer Uzun Vadeli Varlık Alımından Kaynaklanan Nakit Çıkışları,FINANSAL,-3724442331.0,-654505533.0
ASTOR,2025/12,1557972,XBRL,Maddi ve Maddi Olmayan Duran Varlıkların Satışından Kaynaklanan Nakit Girişleri,SATIS,2129202012.0,1711331135.0
ASTOR,2025/12,1557972,XBRL,Maddi ve Maddi Olmayan Duran Varlıkların Alımından Kaynaklanan Nakit Çıkışları,CAPEX,-4557006067.0,-4847161034.0
ASTOR,2025/12,1557972,XBRL Diğer → elle (PDF/dipnot) · PDF: XBRL 'Diğer'/'Diğer uzun vadeli varlık alımı' = PDF 'Finansal yatırımlar / Finansal yatırımlardan kaynaklı nakit çıkışları' satırı,Diğer Nakit Girişleri (Çıkışları),FINANSAL,-4565832731.0,-2342791053.0
ASTOR,2026/03,1605802,XBRL,Maddi ve Maddi Olmayan Duran Varlıkların Satışından Kaynaklanan Nakit Girişleri,SATIS,107268298.0,866014340.0
ASTOR,2026/03,1605802,XBRL,Maddi ve Maddi Olmayan Duran Varlıkların Alımından Kaynaklanan Nakit Çıkışları,CAPEX,-1038812345.0,-657865770.0
ASTOR,2026/03,1605802,XBRL Diğer → elle (PDF/dipnot) · PDF: XBRL 'Diğer'/'Diğer uzun vadeli varlık alımı' = PDF 'Finansal yatırımlar / Finansal yatırımlardan kaynaklı nakit çıkışları' satırı,Diğer Nakit Girişleri (Çıkışları),FINANSAL,-1294688324.0,-1133521913.0
ASTOR,2026/06,1651644,XBRL,Bağlı Ortaklıkların Kontrolünün Elde Edilmesine Yönelik Alışlara İlişkin Nakit Çıkışları,MA,0.0,-367088772.0
ASTOR,2026/06,1651644,XBRL,Maddi ve Maddi Olmayan Duran Varlıkların Satışından Kaynaklanan Nakit Girişleri,SATIS,139315938.0,1327838136.0
ASTOR,2026/06,1651644,XBRL,Maddi ve Maddi Olmayan Duran Varlıkların Alımından Kaynaklanan Nakit Çıkışları,CAPEX,-3728098270.0,-1997260527.0
ASTOR,2026/06,1651644,XBRL Diğer → elle (PDF/dipnot) · PDF: XBRL 'Diğer'/'Diğer uzun vadeli varlık alımı' = PDF 'Finansal yatırımlar / Finansal yatırımlardan kaynaklı nakit çıkışları' satırı,Diğer Nakit Girişleri (Çıkışları),FINANSAL,-3682771792.0,-2132063323.0
ASUZU,2025/09,1512444,XBRL,Maddi Duran Varlıkların Satışından Kaynaklanan Nakit Girişleri,SATIS,3138874.0,29885498.0
ASUZU,2025/09,1512444,XBRL,Maddi Duran Varlık Alımından Kaynaklanan Nakit Çıkışları,CAPEX,-161666562.0,-252577501.0
ASUZU,2025/09,1512444,XBRL,Maddi Olmayan Duran Varlık Alımından Kaynaklanan Nakit Çıkışları,CAPEX,-804423244.0,-786207175.0
ASUZU,2025/09,1512444,XBRL Diğer → PDF (TL),Diğer Nakit (Çıkışları) Girişleri,ARTIK,0.0,-1536113152.0
ASUZU,2024/09,1353408,XBRL,Başka İşletmelerin veya Fonların Paylarının veya Borçlanma Araçlarının Edinimi İçin Yapılan Nakit Çıkışları,FINANSAL,0.0,-108387134.0
ASUZU,2024/09,1353408,XBRL,Maddi Duran Varlıkların Satışından Kaynaklanan Nakit Girişleri,SATIS,22419813.0,28958068.0
ASUZU,2024/09,1353408,XBRL,Maddi Duran Varlık Alımından Kaynaklanan Nakit Çıkışları,CAPEX,-189481209.0,-570807759.0
ASUZU,2024/09,1353408,XBRL,Maddi Olmayan Duran Varlık Alımından Kaynaklanan Nakit Çıkışları,CAPEX,-589805053.0,-461100258.0
ASUZU,2024/09,1353408,XBRL Diğer → PDF (TL),Diğer Nakit (Çıkışları) Girişleri,ARTIK,-1152377296.0,381026510.0
ASUZU,2024/12,1400437,XBRL,Başka İşletmelerin veya Fonların Paylarının veya Borçlanma Araçlarının Edinimi İçin Yapılan Nakit Çıkışları,FINANSAL,0.0,-153399846.0
ASUZU,2024/12,1400437,XBRL,Maddi Duran Varlıkların Satışından Kaynaklanan Nakit Girişleri,SATIS,38651333.0,90388610.0
ASUZU,2024/12,1400437,XBRL,Maddi Duran Varlık Alımından Kaynaklanan Nakit Çıkışları,CAPEX,-373636339.0,-463731242.0
ASUZU,2024/12,1400437,XBRL,Maddi Olmayan Duran Varlık Alımından Kaynaklanan Nakit Çıkışları,CAPEX,-903625712.0,-748823946.0
ASUZU,2024/12,1400437,XBRL Diğer → PDF (TL),Diğer Nakit (Çıkışları) Girişleri,ARTIK,-39633279.0,599213537.0
ATATP,2025/06,1480213,XBRL,Maddi ve Maddi Olmayan Duran Varlıkların Satışından Kaynaklanan Nakit Girişleri,SATIS,430871.0,0.0
ATATP,2025/06,1480213,XBRL,Maddi ve Maddi Olmayan Duran Varlıkların Alımından Kaynaklanan Nakit Çıkışları,CAPEX,-399692789.0,-403096096.0
ATATP,2025/06,1480213,XBRL Diğer → elle (PDF/dipnot) · PDF: 'Diğer Nakit Girişleri (Çıkışları)' satırı Dipnot 7 FİNANSAL YATIRIMLAR referanslı (GUD farkı K/Z'a yansıtılan finansal yatırımlar),Diğer Nakit Girişleri (Çıkışları),FINANSAL,-1788868920.0,0.0
ATATP,2024/12,1400486,XBRL,Maddi ve Maddi Olmayan Duran Varlıkların Satışından Kaynaklanan Nakit Girişleri,SATIS,1347980.0,14816421.0
ATATP,2024/12,1400486,XBRL,Maddi ve Maddi Olmayan Duran Varlıkların Alımından Kaynaklanan Nakit Çıkışları,CAPEX,-544962227.0,-450185821.0
ATATP,2024/12,1400486,XBRL Diğer → elle (PDF/dipnot) · PDF: 'Diğer Nakit Girişleri (Çıkışları)' satırı Dipnot 7 FİNANSAL YATIRIMLAR referanslı (GUD farkı K/Z'a yansıtılan finansal yatırımlar),Diğer Nakit Girişleri (Çıkışları),FINANSAL,-9916671.0,-10364790.0
ATATP,2025/09,1513535,XBRL,Maddi ve Maddi Olmayan Duran Varlıkların Satışından Kaynaklanan Nakit Girişleri,SATIS,5731735.0,1973876.0
ATATP,2025/09,1513535,XBRL,Maddi ve Maddi Olmayan Duran Varlıkların Alımından Kaynaklanan Nakit Çıkışları,CAPEX,-638299686.0,-529471732.0
ATATP,2025/09,1513535,XBRL Diğer → elle (PDF/dipnot) · PDF: 'Diğer Nakit Girişleri (Çıkışları)' satırı Dipnot 7 FİNANSAL YATIRIMLAR referanslı (GUD farkı K/Z'a yansıtılan finansal yatırımlar),Diğer Nakit Girişleri (Çıkışları),FINANSAL,-670764046.0,0.0
ATATP,2025/12,1566720,XBRL,Maddi ve Maddi Olmayan Duran Varlıkların Satışından Kaynaklanan Nakit Girişleri,SATIS,86659276.0,1764402.0
ATATP,2025/12,1566720,XBRL,Maddi ve Maddi Olmayan Duran Varlıkların Alımından Kaynaklanan Nakit Çıkışları,CAPEX,-909632466.0,-713313752.0
ATATP,2025/12,1566720,XBRL Diğer → elle (PDF/dipnot) · PDF: 'Diğer Nakit Girişleri (Çıkışları)' satırı Dipnot 7 FİNANSAL YATIRIMLAR referanslı (GUD farkı K/Z'a yansıtılan finansal yatırımlar),Diğer Nakit Girişleri (Çıkışları),FINANSAL,-724489562.0,-12980162.0
ATATP,2026/03,1605700,XBRL,Maddi ve Maddi Olmayan Duran Varlıkların Satışından Kaynaklanan Nakit Girişleri,SATIS,4795374.0,675918.0
ATATP,2026/03,1605700,XBRL,Maddi ve Maddi Olmayan Duran Varlıkların Alımından Kaynaklanan Nakit Çıkışları,CAPEX,-219536936.0,-269029577.0
ATATP,2026/03,1605700,XBRL Diğer → elle (PDF/dipnot) · PDF: 'Diğer Nakit Girişleri (Çıkışları)' satırı Dipnot 7 FİNANSAL YATIRIMLAR referanslı (GUD farkı K/Z'a yansıtılan finansal yatırımlar),Diğer Nakit Girişleri (Çıkışları),FINANSAL,-5248261.0,-3364902.0
ATATP,2026/06,1649714,XBRL,Maddi ve Maddi Olmayan Duran Varlıkların Satışından Kaynaklanan Nakit Girişleri,SATIS,5192282.0,569226.0
ATATP,2026/06,1649714,XBRL,Maddi ve Maddi Olmayan Duran Varlıkların Alımından Kaynaklanan Nakit Çıkışları,CAPEX,-482438321.0,-528036722.0
ATATP,2026/06,1649714,XBRL Diğer → elle (PDF/dipnot) · PDF: 'Diğer Nakit Girişleri (Çıkışları)' satırı Dipnot 7 FİNANSAL YATIRIMLAR referanslı (GUD farkı K/Z'a yansıtılan finansal yatırımlar),Diğer Nakit Girişleri (Çıkışları),FINANSAL,-5616342.0,-2363286274.0
BESLR,2025/09,1514962,XBRL,Maddi Duran Varlıkların Satışından Kaynaklanan Nakit Girişleri,SATIS,44431338.0,94578042.0
BESLR,2025/09,1514962,XBRL,Maddi Duran Varlık Alımından Kaynaklanan Nakit Çıkışları,CAPEX,-191348383.0,-199477813.0
BESLR,2025/09,1514962,XBRL,Maddi Olmayan Duran Varlık Alımından Kaynaklanan Nakit Çıkışları,CAPEX,-104104881.0,-89805901.0
BESLR,2025/09,1514962,XBRL,Alınan Faiz,FAIZ,2182340479.0,2109534838.0
BESLR,2025/09,1514962,XBRL Diğer → elle (PDF/dipnot) · PDF: XBRL 'Diğer' = 'Yatırım faaliyetlerinden elde edilen kur farkı' + 'Yatırım amaçlı gayrimenkullerden elde edilen kira geliri' satırları (ilişkili taraf alacaklarının kur farkı + kira geliri; capex değil),Diğer Nakit Girişleri (Çıkışları),KUR,974076073.0,50320345.0
BESLR,2024/12,1402666,XBRL,Bağlı Ortaklıkların Kontrolünün Elde Edilmesine Yönelik Alışlara İlişkin Nakit Çıkışları,MA,0.0,-1860362601.0
BESLR,2024/12,1402666,XBRL,Maddi Duran Varlıkların Satışından Kaynaklanan Nakit Girişleri,SATIS,63895577.0,84325999.0
BESLR,2024/12,1402666,XBRL,Maddi Duran Varlık Alımından Kaynaklanan Nakit Çıkışları,CAPEX,-352991841.0,-232639401.0
BESLR,2024/12,1402666,XBRL,Maddi Olmayan Duran Varlık Alımından Kaynaklanan Nakit Çıkışları,CAPEX,-100054660.0,-150723287.0
BESLR,2024/12,1402666,XBRL,Alınan Faiz,FAIZ,2463374042.0,1015485386.0
BESLR,2024/12,1402666,XBRL Diğer → elle (PDF/dipnot) · PDF: XBRL 'Diğer' = 'Yatırım faaliyetlerinden elde edilen kur farkı' + 'Yatırım amaçlı gayrimenkullerden elde edilen kira geliri' satırları (ilişkili taraf alacaklarının kur farkı + kira geliri; capex değil),Diğer Nakit Girişleri (Çıkışları),KUR,55367385.0,36370491.0
BESLR,2025/12,1571221,XBRL,Maddi Duran Varlıkların Satışından Kaynaklanan Nakit Girişleri,SATIS,29567916.0,83634408.0
BESLR,2025/12,1571221,XBRL,Maddi Duran Varlık Alımından Kaynaklanan Nakit Çıkışları,CAPEX,-595738809.0,-462039239.0
BESLR,2025/12,1571221,XBRL,Maddi Olmayan Duran Varlık Alımından Kaynaklanan Nakit Çıkışları,CAPEX,-140472223.0,-130963875.0
BESLR,2025/12,1571221,XBRL,Alınan Faiz,FAIZ,2897530839.0,3224367639.0
BESLR,2025/12,1571221,XBRL Diğer → elle (PDF/dipnot) · PDF: XBRL 'Diğer' = 'Yatırım faaliyetlerinden elde edilen kur farkı' + 'Yatırım amaçlı gayrimenkullerden elde edilen kira geliri' satırları (ilişkili taraf alacaklarının kur farkı + kira geliri; capex değil),Diğer Nakit Girişleri (Çıkışları),KUR,1108528950.0,72471660.0
BESLR,2026/03,1605487,XBRL,Maddi Duran Varlıkların Satışından Kaynaklanan Nakit Girişleri,SATIS,1430729.0,13824359.0
BESLR,2026/03,1605487,XBRL,Maddi Duran Varlık Alımından Kaynaklanan Nakit Çıkışları,CAPEX,-44625751.0,-8458911.0
BESLR,2026/03,1605487,XBRL,Maddi Olmayan Duran Varlık Alımından Kaynaklanan Nakit Çıkışları,CAPEX,-58690632.0,-33678157.0
BESLR,2026/03,1605487,XBRL,Alınan Faiz,FAIZ,653056470.0,1102001283.0
BESLR,2026/03,1605487,XBRL Diğer → elle (PDF/dipnot) · PDF: XBRL 'Diğer' = 'Yatırım faaliyetlerinden elde edilen kur farkı' + 'Yatırım amaçlı gayrimenkullerden elde edilen kira geliri' satırları (ilişkili taraf alacaklarının kur farkı + kira geliri; capex değil),Diğer Nakit Girişleri (Çıkışları),KUR,109010139.0,24284171.0
BESLR,2026/06,1653134,XBRL,Maddi Duran Varlıkların Satışından Kaynaklanan Nakit Girişleri,SATIS,3399837.0,28965133.0
BESLR,2026/06,1653134,XBRL,Maddi Duran Varlık Alımından Kaynaklanan Nakit Çıkışları,CAPEX,-267515361.0,-95679823.0
BESLR,2026/06,1653134,XBRL,Maddi Olmayan Duran Varlık Alımından Kaynaklanan Nakit Çıkışları,CAPEX,-78498272.0,-62698495.0
BESLR,2026/06,1653134,XBRL,Alınan Faiz,FAIZ,1188018047.0,2087449333.0
BESLR,2026/06,1653134,XBRL Diğer → elle (PDF/dipnot) · PDF: XBRL 'Diğer' = 'Yatırım faaliyetlerinden elde edilen kur farkı' + 'Yatırım amaçlı gayrimenkullerden elde edilen kira geliri' satırları (ilişkili taraf alacaklarının kur farkı + kira geliri; capex değil),Diğer Nakit Girişleri (Çıkışları),KUR,52555427.0,50531962.0
BIENY,2025/03,1437985,XBRL,Maddi Duran Varlıkların Satışından Kaynaklanan Nakit Girişleri,SATIS,6573266.0,51610203.0
BIENY,2025/03,1437985,XBRL,Maddi Olmayan Duran Varlıkların Satışından Kaynaklanan Nakit Girişleri,SATIS,49166710.0,0.0
BIENY,2025/03,1437985,XBRL,Maddi Duran Varlık Alımından Kaynaklanan Nakit Çıkışları,CAPEX,-991097143.0,-422774328.0
BIENY,2025/03,1437985,XBRL,Maddi Olmayan Duran Varlık Alımından Kaynaklanan Nakit Çıkışları,CAPEX,-3031126.0,-495046.0
BIENY,2025/03,1437985,XBRL,Alınan Faiz,FAIZ,20895517.0,23437412.0
BIENY,2025/03,1437985,XBRL Diğer → PDF (TL),Finansal yatırımlardaki değişim,FINANSAL,121075473.0,1044860909.0
BIENY,2024/12,1404729,XBRL,Maddi Duran Varlıkların Satışından Kaynaklanan Nakit Girişleri,SATIS,0.0,53236305.0
BIENY,2024/12,1404729,XBRL,Maddi Duran Varlık Alımından Kaynaklanan Nakit Çıkışları,CAPEX,-1574580058.0,-1001849501.0
BIENY,2024/12,1404729,XBRL,Maddi Olmayan Duran Varlık Alımından Kaynaklanan Nakit Çıkışları,CAPEX,-51742327.0,-9688370.0
BIENY,2024/12,1404729,XBRL Diğer → PDF (TL),Finansal yatırımlardaki değişim,FINANSAL,2452464850.0,-2403902604.0
BIENY,2025/06,1480820,XBRL,Başka İşletmelerin veya Fonların Paylarının veya Borçlanma Araçlarının Satılması Sonucu Elde Edilen Nakit Girişleri,FINANSAL,338987585.0,2065089090.0
BIENY,2025/06,1480820,XBRL,Maddi Duran Varlıkların Satışından Kaynaklanan Nakit Girişleri,SATIS,4051635.0,0.0
BIENY,2025/06,1480820,XBRL,Maddi Olmayan Duran Varlıkların Satışından Kaynaklanan Nakit Girişleri,SATIS,52079517.0,0.0
BIENY,2025/06,1480820,XBRL,Maddi Duran Varlık Alımından Kaynaklanan Nakit Çıkışları,CAPEX,-2013310795.0,-802669665.0
BIENY,2025/06,1480820,XBRL,Maddi Olmayan Duran Varlık Alımından Kaynaklanan Nakit Çıkışları,CAPEX,-3726658.0,-947419.0
BIENY,2025/06,1480820,XBRL,Alınan Faiz,FAIZ,33906949.0,37471427.0
BIENY,2025/06,1480820,XBRL Diğer → PDF (TL),Diğer nakit girişleri/çıkışları,ARTIK,0.0,-4375533.0
BIENY,2024/06,1339075,XBRL,Maddi Duran Varlık Alımından Kaynaklanan Nakit Çıkışları,CAPEX,-594355903.0,-96304479.0
BIENY,2024/06,1339075,XBRL,Maddi Olmayan Duran Varlık Alımından Kaynaklanan Nakit Çıkışları,CAPEX,-701539.0,-1165854.0
BIENY,2025/09,1514822,XBRL,Başka İşletmelerin veya Fonların Paylarının veya Borçlanma Araçlarının Satılması Sonucu Elde Edilen Nakit Girişleri,FINANSAL,405762467.0,2863463141.0
BIENY,2025/09,1514822,XBRL,Maddi Duran Varlıkların Satışından Kaynaklanan Nakit Girişleri,SATIS,-64412829.0,0.0
BIENY,2025/09,1514822,XBRL,Maddi Olmayan Duran Varlıkların Satışından Kaynaklanan Nakit Girişleri,SATIS,55987763.0,0.0
BIENY,2025/09,1514822,XBRL,Maddi Duran Varlık Alımından Kaynaklanan Nakit Çıkışları,CAPEX,-2712458617.0,-1315513971.0
BIENY,2025/09,1514822,XBRL,Maddi Olmayan Duran Varlık Alımından Kaynaklanan Nakit Çıkışları,CAPEX,-6214901.0,-2109591.0
BIENY,2025/09,1514822,XBRL,Alınan Faiz,FAIZ,44562932.0,208427126.0
BIENY,2025/09,1514822,XBRL Diğer → PDF (TL),Diğer nakit girişleri/çıkışları,ARTIK,0.0,-7677526.0
BIENY,2024/09,1356638,XBRL,Başka İşletmelerin veya Fonların Paylarının veya Borçlanma Araçlarının Satılması Sonucu Elde Edilen Nakit Girişleri,FINANSAL,0.0,6994729425.0
BIENY,2024/09,1356638,XBRL,Başka İşletmelerin veya Fonların Paylarının veya Borçlanma Araçlarının Edinimi İçin Yapılan Nakit Çıkışları,FINANSAL,0.0,-9734410993.0
BIENY,2024/09,1356638,XBRL,Maddi Duran Varlıkların Satışından Kaynaklanan Nakit Girişleri,SATIS,0.0,59965939.0
BIENY,2024/09,1356638,XBRL,Maddi Duran Varlık Alımından Kaynaklanan Nakit Çıkışları,CAPEX,-986926537.0,-708492525.0
BIENY,2024/09,1356638,XBRL,Maddi Olmayan Duran Varlık Alımından Kaynaklanan Nakit Çıkışları,CAPEX,-1582660.0,-5087839.0
BIENY,2024/09,1356638,XBRL,Alınan Faiz,FAIZ,156366459.0,74991409.0
BIENY,2024/09,1356638,XBRL Diğer → PDF (TL),Finansal yatırımlardaki değişim,FINANSAL,2148230899.0,0.0
BIENY,2024/09,1356638,XBRL Diğer → PDF (TL),Diğer nakit girişleri/(çıkışları),ARTIK,-5759843.0,122122284.0
BOBET,2025/03,1437609,XBRL,Maddi ve Maddi Olmayan Duran Varlıkların Satışından Kaynaklanan Nakit Girişleri,SATIS,243478905.0,69838030.0
BOBET,2025/03,1437609,XBRL,Maddi ve Maddi Olmayan Duran Varlıkların Alımından Kaynaklanan Nakit Çıkışları,CAPEX,-358764835.0,-243980564.0
BOBET,2025/03,1437609,XBRL Diğer → elle (PDF/dipnot) · PDF: XBRL 'Diğer' = PDF 'Finansal Yatırımlardaki Değişim' satırı,Diğer Nakit Girişleri (Çıkışları),FINANSAL,-902752322.0,-138855716.0
BOBET,2024/12,1404509,XBRL,Maddi ve Maddi Olmayan Duran Varlıkların Satışından Kaynaklanan Nakit Girişleri,SATIS,563862459.0,1200366966.0
BOBET,2024/12,1404509,XBRL,Maddi ve Maddi Olmayan Duran Varlıkların Alımından Kaynaklanan Nakit Çıkışları,CAPEX,-1656677638.0,-2894113053.0
BOBET,2024/12,1404509,XBRL Diğer → elle (PDF/dipnot) · PDF: XBRL 'Diğer' = PDF 'Finansal Yatırımlardaki Değişim' satırı,Diğer Nakit Girişleri (Çıkışları),FINANSAL,-1095085883.0,31186119.0
BOBET,2025/06,1479957,XBRL,Maddi ve Maddi Olmayan Duran Varlıkların Satışından Kaynaklanan Nakit Girişleri,SATIS,670117195.0,186887618.0
BOBET,2025/06,1479957,XBRL,Maddi ve Maddi Olmayan Duran Varlıkların Alımından Kaynaklanan Nakit Çıkışları,CAPEX,-830191521.0,-641492239.0
BOBET,2025/09,1513362,XBRL,Maddi ve Maddi Olmayan Duran Varlıkların Satışından Kaynaklanan Nakit Girişleri,SATIS,862761177.0,517806531.0
BOBET,2025/09,1513362,XBRL,Maddi ve Maddi Olmayan Duran Varlıkların Alımından Kaynaklanan Nakit Çıkışları,CAPEX,-1341258485.0,-1022060900.0
BOBET,2025/12,1571019,XBRL,Maddi ve Maddi Olmayan Duran Varlıkların Satışından Kaynaklanan Nakit Girişleri,SATIS,1577316068.0,738052702.0
BOBET,2025/12,1571019,XBRL,Maddi ve Maddi Olmayan Duran Varlıkların Alımından Kaynaklanan Nakit Çıkışları,CAPEX,-2568101999.0,-2168463933.0
BOBET,2025/12,1571019,XBRL Diğer → elle (PDF/dipnot) · PDF: XBRL 'Diğer' = PDF 'Finansal Yatırımlardaki Değişim' satırı,Diğer Nakit Girişleri (Çıkışları),FINANSAL,-2596954898.0,-1433383409.0
BOBET,2026/03,1605754,XBRL,Maddi ve Maddi Olmayan Duran Varlıkların Satışından Kaynaklanan Nakit Girişleri,SATIS,531608400.0,318629769.0
BOBET,2026/03,1605754,XBRL,Maddi ve Maddi Olmayan Duran Varlıkların Alımından Kaynaklanan Nakit Çıkışları,CAPEX,-1147864414.0,-469499226.0
BOBET,2026/06,1650427,XBRL,Maddi ve Maddi Olmayan Duran Varlıkların Satışından Kaynaklanan Nakit Girişleri,SATIS,595862549.0,885285367.0
BOBET,2026/06,1650427,XBRL,Maddi ve Maddi Olmayan Duran Varlıkların Alımından Kaynaklanan Nakit Çıkışları,CAPEX,-2067463695.0,-1096758016.0
BOBET,2026/06,1650427,XBRL,Yatırım Faaliyetlerine İlişkin Enflasyon Etkisi,ENFLASYON,-140360737.0,-1448288178.0
BRLSM,2026/03,1605905,elle (PDF) · XBRL satırları yatırım toplamını tutmuyor; imzalı PDF,MDV/MODV alımı,CAPEX,-3532374.0,-3456822.0
BRLSM,2026/03,1605905,elle (PDF) · XBRL satırları yatırım toplamını tutmuyor; imzalı PDF,MDV/MODV satımı,SATIS,-907790.0,2921092.0
BRLSM,2026/03,1605905,elle (PDF) · XBRL satırları yatırım toplamını tutmuyor; imzalı PDF,Satış amaçlı gayrimenkul satımı,SATIS,98776361.0,0.0
BRLSM,2026/03,1605905,elle (PDF) · XBRL satırları yatırım toplamını tutmuyor; imzalı PDF,Faiz gelirleri,FAIZ,14957025.0,6097742.0
BRLSM,2026/03,1605905,elle (PDF) · XBRL satırları yatırım toplamını tutmuyor; imzalı PDF,Finansal varlık alışı (Not 11),FINANSAL,-356582484.0,5461937.0
BRLSM,2025/12,1574196,elle (PDF) · XBRL'de yatırım bölümü yok; imzalı PDF,MDV/MODV alımı,CAPEX,-9367975.0,-64266473.0
BRLSM,2025/12,1574196,elle (PDF) · XBRL'de yatırım bölümü yok; imzalı PDF,MDV/MODV satımı,SATIS,-43363397.0,5527186.0
BRLSM,2025/12,1574196,elle (PDF) · XBRL'de yatırım bölümü yok; imzalı PDF,Satış amaçlı gayrimenkul alımı,ARTIK,0.0,-316752715.0
BRLSM,2025/12,1574196,elle (PDF) · XBRL'de yatırım bölümü yok; imzalı PDF,Satış amaçlı gayrimenkul satımı,SATIS,117493960.0,12832201.0
BRLSM,2025/12,1574196,elle (PDF) · XBRL'de yatırım bölümü yok; imzalı PDF,Faiz gelirleri,FAIZ,29983319.0,20002549.0
BRLSM,2025/12,1574196,elle (PDF) · XBRL'de yatırım bölümü yok; imzalı PDF,Finansal varlık satışı,FINANSAL,7057021.0,-2626967.0
CEMTS,2025/12,1559884,XBRL,İştiraklar ve/veya İş Ortaklıkları Pay Alımı veya Sermaye Artırımı Sebebiyle Oluşan Nakit Çıkışları,MA,-725266.0,-5082335.0
CEMTS,2025/12,1559884,XBRL,Maddi Duran Varlıkların Satışından Kaynaklanan Nakit Girişleri,SATIS,1833268.0,9436991.0
CEMTS,2025/12,1559884,XBRL,Maddi Duran Varlık Alımından Kaynaklanan Nakit Çıkışları,CAPEX,-257577497.0,-1915004224.0
CEMTS,2025/12,1559884,XBRL,Maddi Olmayan Duran Varlık Alımından Kaynaklanan Nakit Çıkışları,CAPEX,-26719129.0,-26813224.0
CEMTS,2025/12,1559884,XBRL,Alınan Faiz,FAIZ,244179035.0,423968630.0
CEMTS,2025/12,1559884,"XBRL Diğer → elle (PDF/dipnot) · PDF: 'Diğer' satırı Not 6 FİNANSAL YATIRIMLAR referanslı (likit fon, hisse senetleri, girişim fonları)",Diğer Nakit Girişleri (Çıkışları),FINANSAL,-250781220.0,-332195566.0
CEMTS,2026/03,1599842,XBRL,Maddi Duran Varlıkların Satışından Kaynaklanan Nakit Girişleri,SATIS,2821782.0,0.0
CEMTS,2026/03,1599842,XBRL,Maddi Duran Varlık Alımından Kaynaklanan Nakit Çıkışları,CAPEX,-22541894.0,-56038615.0
CEMTS,2026/03,1599842,XBRL,Maddi Olmayan Duran Varlık Alımından Kaynaklanan Nakit Çıkışları,CAPEX,-6796174.0,-7102778.0
CEMTS,2026/03,1599842,XBRL,Alınan Faiz,FAIZ,28893018.0,109779229.0
CEMTS,2026/03,1599842,"XBRL Diğer → elle (PDF/dipnot) · PDF: 'Diğer' satırı Not 6 FİNANSAL YATIRIMLAR referanslı (likit fon, hisse senetleri, girişim fonları)",Diğer Nakit Girişleri (Çıkışları),FINANSAL,150181796.0,99282408.0
CIMSA,2025/03,1431221,XBRL,Maddi Duran Varlıkların Satışından Kaynaklanan Nakit Girişleri,SATIS,19836.0,241933.0
CIMSA,2025/03,1431221,XBRL,Maddi Duran Varlık Alımından Kaynaklanan Nakit Çıkışları,CAPEX,-1053467.0,-594912.0
CIMSA,2025/03,1431221,XBRL,Maddi Olmayan Duran Varlık Alımından Kaynaklanan Nakit Çıkışları,CAPEX,-164641.0,-6121.0
CIMSA,2025/03,1431221,XBRL,Diğer Verilen Nakit Avans ve Borçlardan Geri Ödemeler,AVANS,-275744.0,25872.0
CIMSA,2024/12,1396902,XBRL,Bağlı Ortaklıklarda İlave Pay Alımlarına ilişkin Nakit Çıkışları,MA,-9238855.0,0.0
CIMSA,2024/12,1396902,XBRL,Maddi Duran Varlıkların Satışından Kaynaklanan Nakit Girişleri,SATIS,116507.0,6111.0
CIMSA,2024/12,1396902,XBRL,Maddi Duran Varlık Alımından Kaynaklanan Nakit Çıkışları,CAPEX,-3765354.0,-4592591.0
CIMSA,2024/12,1396902,XBRL,Maddi Olmayan Duran Varlık Alımından Kaynaklanan Nakit Çıkışları,CAPEX,-58227.0,-234476.0
CIMSA,2024/12,1396902,XBRL,Verilen Diğer Nakit Avans ve Borçlar,AVANS,243532.0,-756010.0
CIMSA,2024/12,1396902,XBRL,Alınan Temettüler,TEMETTU,102959.0,0.0
CIMSA,2024/12,1396902,XBRL Diğer → PDF (TL),Diğer nakit girişleri (çıkışları),ARTIK,-1981912.0,3115001.0
CIMSA,2025/06,1472697,XBRL,Maddi Duran Varlıkların Satışından Kaynaklanan Nakit Girişleri,SATIS,17033.0,175722.0
CIMSA,2025/06,1472697,XBRL,Maddi Duran Varlık Alımından Kaynaklanan Nakit Çıkışları,CAPEX,-2682264.0,-1920804.0
CIMSA,2025/06,1472697,XBRL,Maddi Olmayan Duran Varlık Alımından Kaynaklanan Nakit Çıkışları,CAPEX,-167845.0,-8052.0
CIMSA,2025/06,1472697,XBRL,Alınan Temettüler,TEMETTU,88039.0,118626.0
CIMSA,2025/06,1472697,XBRL Diğer → PDF (TL),Diğer nakit girişleri/(çıkışları),ARTIK,-610911.0,722767.0
CIMSA,2024/06,1325425,XBRL,Maddi Duran Varlıkların Satışından Kaynaklanan Nakit Girişleri,SATIS,130117.0,2244.0
CIMSA,2024/06,1325425,XBRL,Maddi Duran Varlık Alımından Kaynaklanan Nakit Çıkışları,CAPEX,-1342882.0,-1564204.0
CIMSA,2024/06,1325425,XBRL,Maddi Olmayan Duran Varlık Alımından Kaynaklanan Nakit Çıkışları,CAPEX,-5963.0,-744084.0
CIMSA,2024/06,1325425,XBRL,Verilen Diğer Nakit Avans ve Borçlar,AVANS,-79420.0,-618.0
CIMSA,2024/06,1325425,XBRL,Alınan Temettüler,TEMETTU,87839.0,0.0
CIMSA,2024/06,1325425,XBRL Diğer → PDF (TL),Diğer Nakit Girişleri (Çıkışları),ARTIK,535189.0,391570.0
CIMSA,2025/09,1510181,elle (PDF) · XBRL'de yatırım bölümü yok; imzalı PDF (bin TL),MDV alımı,CAPEX,-3922753000.0,-2706804000.0
CIMSA,2025/09,1510181,elle (PDF) · XBRL'de yatırım bölümü yok; imzalı PDF (bin TL),MODV alımı,CAPEX,-286539000.0,-15022000.0
CIMSA,2025/09,1510181,elle (PDF) · XBRL'de yatırım bölümü yok; imzalı PDF (bin TL),MDV satışı,SATIS,23610000.0,228094000.0
CIMSA,2025/09,1510181,elle (PDF) · XBRL'de yatırım bölümü yok; imzalı PDF (bin TL),Alınan temettü,TEMETTU,94646000.0,128287000.0
CIMSA,2025/09,1510181,elle (PDF) · XBRL'de yatırım bölümü yok; imzalı PDF (bin TL),MDV alımı için verilen avanslardaki değişim (GEM: avans capex ile netleştirilmez — CIMSA vakası),AVANS,274379000.0,148027000.0
CIMSA,2025/09,1510181,elle (PDF) · XBRL'de yatırım bölümü yok; imzalı PDF (bin TL),Diğer nakit girişleri/(çıkışları),ARTIK,-921970000.0,459699000.0
CIMSA,2024/09,1350652,XBRL,Maddi Duran Varlıkların Satışından Kaynaklanan Nakit Girişleri,SATIS,171121.0,190401.0
CIMSA,2024/09,1350652,XBRL,Maddi Duran Varlık Alımından Kaynaklanan Nakit Çıkışları,CAPEX,-2030700.0,-2216417.0
CIMSA,2024/09,1350652,XBRL,Maddi Olmayan Duran Varlık Alımından Kaynaklanan Nakit Çıkışları,CAPEX,-11270.0,-160739.0
CIMSA,2024/09,1350652,XBRL,Verilen Diğer Nakit Avans ve Borçlar,AVANS,111053.0,-765725.0
CIMSA,2024/09,1350652,XBRL,Alınan Temettüler,TEMETTU,96244.0,0.0
CIMSA,2024/09,1350652,XBRL Diğer → PDF (TL),Diğer Nakit Girişleri (Çıkışları),ARTIK,344876.0,539538.0
CWENE,2025/03,1436753,XBRL,Maddi ve Maddi Olmayan Duran Varlıkların Satışından Kaynaklanan Nakit Girişleri,SATIS,39727119.0,6509138.0
CWENE,2025/03,1436753,XBRL,Maddi ve Maddi Olmayan Duran Varlıkların Alımından Kaynaklanan Nakit Çıkışları,CAPEX,-900877016.0,-539621486.0
CWENE,2025/03,1436753,XBRL Diğer → PDF (TL),Finansal Yatırımlardaki artış azalışlar,FINANSAL,0.0,-2017695308.0
CWENE,2025/03,1436753,XBRL,Durdurulan Faaliyetlere İlişkin Net Nakit Akışları,ARTIK,771709862.0,0.0
CWENE,2024/12,1404749,XBRL,Maddi ve Maddi Olmayan Duran Varlıkların Satışından Kaynaklanan Nakit Girişleri,SATIS,147943592.0,1285937596.0
CWENE,2024/12,1404749,XBRL,Maddi ve Maddi Olmayan Duran Varlıkların Alımından Kaynaklanan Nakit Çıkışları,CAPEX,-1397201594.0,-4834208215.0
CWENE,2024/12,1404749,XBRL Diğer → PDF (TL),Finansal Yatırımlardaki artış azalışlar,FINANSAL,235149542.0,32346969.0
CWENE,2025/06,1477038,XBRL,Maddi ve Maddi Olmayan Duran Varlıkların Satışından Kaynaklanan Nakit Girişleri,SATIS,54072581.0,60082441.0
CWENE,2025/06,1477038,XBRL,Maddi ve Maddi Olmayan Duran Varlıkların Alımından Kaynaklanan Nakit Çıkışları,CAPEX,-3919752214.0,-999218959.0
CWENE,2025/06,1477038,XBRL Diğer → PDF (TL),Finansal Yatırımlardaki Artış Azalışlar,FINANSAL,0.0,-1980681805.0
CWENE,2025/06,1477038,XBRL,Durdurulan Faaliyetlere İlişkin Net Nakit Akışları,ARTIK,818063077.0,0.0
DGNMO,2025/06,1481096,XBRL,Maddi ve Maddi Olmayan Duran Varlıkların Satışından Kaynaklanan Nakit Girişleri,SATIS,14417083.0,42477930.0
DGNMO,2025/06,1481096,XBRL,Maddi Duran Varlık Alımından Kaynaklanan Nakit Çıkışları,CAPEX,-267779365.0,-480278488.0
DGNMO,2025/06,1481096,XBRL,Maddi Olmayan Duran Varlık Alımından Kaynaklanan Nakit Çıkışları,CAPEX,-6281953.0,-15477047.0
DGNMO,2025/06,1481096,XBRL,Alınan Faiz,FAIZ,2359524.0,28905449.0
DGNMO,2024/12,1405302,XBRL,Maddi Duran Varlıkların Satışından Kaynaklanan Nakit Girişleri,SATIS,66603830.0,86113515.0
DGNMO,2024/12,1405302,XBRL,Maddi Duran Varlık Alımından Kaynaklanan Nakit Çıkışları,CAPEX,-805462178.0,-949985903.0
DGNMO,2024/12,1405302,XBRL,Maddi Olmayan Duran Varlık Alımından Kaynaklanan Nakit Çıkışları,CAPEX,-82615415.0,-30848586.0
DGNMO,2024/12,1405302,XBRL,Alınan Faiz,FAIZ,11745353.0,80766072.0
DGNMO,2024/12,1405302,XBRL Diğer → elle (PDF/dipnot) · PDF: 'Finansal yatırımlardan nakit girişleri / çıkışları' satırları,Diğer Nakit Girişleri (Çıkışları),FINANSAL,364091410.0,-365132978.0
DGNMO,2025/09,1514647,XBRL,Başka İşletmelerin veya Fonların Paylarının veya Borçlanma Araçlarının Satılması Sonucu Elde Edilen Nakit Girişleri,FINANSAL,0.0,336444462.0
DGNMO,2025/09,1514647,XBRL,Maddi ve Maddi Olmayan Duran Varlıkların Satışından Kaynaklanan Nakit Girişleri,SATIS,54987811.0,70831109.0
DGNMO,2025/09,1514647,XBRL,Maddi Duran Varlık Alımından Kaynaklanan Nakit Çıkışları,CAPEX,-347684985.0,-811297660.0
DGNMO,2025/09,1514647,XBRL,Maddi Olmayan Duran Varlık Alımından Kaynaklanan Nakit Çıkışları,CAPEX,-12725330.0,-92016503.0
DGNMO,2025/09,1514647,XBRL,Alınan Faiz,FAIZ,48935515.0,104735891.0
DOFER,2025/06,1472514,XBRL,Maddi Duran Varlıkların Satışından Kaynaklanan Nakit Girişleri,SATIS,0.0,6619568.0
DOFER,2025/06,1472514,XBRL,Maddi Duran Varlık Alımından Kaynaklanan Nakit Çıkışları,CAPEX,-38978437.0,-16932509.0
DOFER,2025/06,1472514,XBRL Diğer → PDF (TL),Finansal varlıklardaki değişim,FINANSAL,-123826834.0,0.0
DOFER,2024/12,1397731,XBRL,Türev Araçlardan Nakit Girişleri,FINANSAL,79523474.0,5648540.0
DOFER,2024/12,1397731,XBRL,Türev Araçlardan Nakit Çıkışları,FINANSAL,-24403129.0,-4842544.0
DOFER,2025/09,1509260,XBRL,Maddi ve Maddi Olmayan Duran Varlıkların Satışından Kaynaklanan Nakit Girişleri,SATIS,7068153.0,3118001.0
DOFER,2025/09,1509260,XBRL,Maddi ve Maddi Olmayan Duran Varlıkların Alımından Kaynaklanan Nakit Çıkışları,CAPEX,-71243676.0,-25332824.0
DOFER,2025/09,1509260,XBRL,Türev Araçlardan Nakit Girişleri,FINANSAL,0.0,317349.0
DOFER,2025/09,1509260,XBRL,Türev Araçlardan Nakit Çıkışları,FINANSAL,0.0,-19249845.0
DOFER,2025/09,1509260,XBRL Diğer → PDF (TL),Finansal varlıklardaki değişim,FINANSAL,-123901353.0,0.0
DOFER,2025/12,1557787,XBRL,Maddi Olmayan Duran Varlıkların Satışından Kaynaklanan Nakit Girişleri,SATIS,7680392.0,0.0
DOFER,2025/12,1557787,XBRL,Maddi Olmayan Duran Varlık Alımından Kaynaklanan Nakit Çıkışları,CAPEX,-128692749.0,0.0
DOFER,2025/12,1557787,XBRL Diğer → PDF (TL),Finansal varlıklardaki değişim,FINANSAL,-114196995.0,72148303.0
DOFER,2026/03,1598831,XBRL,Maddi Duran Varlıkların Satışından Kaynaklanan Nakit Girişleri,SATIS,12866248.0,0.0
DOFER,2026/03,1598831,XBRL,Maddi Duran Varlık Alımından Kaynaklanan Nakit Çıkışları,CAPEX,-43469730.0,-3560907.0
ECILC,2025/12,1564740,elle (PDF) · XBRL'de yatırım bölümü yok; imzalı PDF (bin TL),MDV/MODV alımı,CAPEX,-330527000.0,-615823000.0
ECILC,2025/12,1564740,elle (PDF) · XBRL'de yatırım bölümü yok; imzalı PDF (bin TL),MDV/MODV satışı,SATIS,291232000.0,1066215000.0
ECILC,2025/12,1564740,elle (PDF) · XBRL'de yatırım bölümü yok; imzalı PDF (bin TL),YAGM alımı,CAPEX,0.0,-4614000.0
ECILC,2025/12,1564740,elle (PDF) · XBRL'de yatırım bölümü yok; imzalı PDF (bin TL),Alınan temettüler,TEMETTU,809671000.0,1265197000.0
ECILC,2025/12,1564740,elle (PDF) · XBRL'de yatırım bölümü yok; imzalı PDF (bin TL),Mali duran varlıkların satışına ilişkin nakit girişleri,FINANSAL,3493546000.0,123054000.0
EGEEN,2025/12,1564579,XBRL,Bağlı Ortaklıkların Kontrolünün Elde Edilmesine Yönelik Alışlara İlişkin Nakit Çıkışları,MA,0.0,-11905.0
EGEEN,2025/12,1564579,XBRL,Maddi ve Maddi Olmayan Duran Varlıkların Satışından Kaynaklanan Nakit Girişleri,SATIS,52162.0,18225.0
EGEEN,2025/12,1564579,XBRL,Maddi ve Maddi Olmayan Duran Varlıkların Alımından Kaynaklanan Nakit Çıkışları,CAPEX,-411945.0,-616439.0
EGEEN,2025/12,1564579,XBRL,Diğer Verilen Nakit Avans ve Borçlardan Geri Ödemeler,AVANS,-107864.0,-88009.0
EGEEN,2025/12,1564579,XBRL,Alınan Temettüler,TEMETTU,45489.0,81179.0
EGEEN,2025/12,1564579,XBRL,Alınan Faiz,FAIZ,282592.0,539380.0
EGEEN,2025/12,1564579,XBRL Diğer → PDF (TL),Diğer Nakit Çıkışları,ARTIK,524716.0,129720.0
EGEEN,2026/03,1605658,XBRL,Bağlı Ortaklıkların Kontrolünün Elde Edilmesine Yönelik Alışlara İlişkin Nakit Çıkışları,MA,6183.0,327.0
EGEEN,2026/03,1605658,XBRL,Maddi Duran Varlıkların Satışından Kaynaklanan Nakit Girişleri,SATIS,25898.0,57924.0
EGEEN,2026/03,1605658,XBRL,Maddi Duran Varlık Alımından Kaynaklanan Nakit Çıkışları,CAPEX,-84731.0,-130021.0
EGEEN,2026/03,1605658,XBRL,Alınan Temettüler,TEMETTU,0.0,50056.0
EGEEN,2026/03,1605658,XBRL,Alınan Faiz,FAIZ,69670.0,97476.0
EGEEN,2026/03,1605658,XBRL Diğer → PDF (TL),Diğer Nakit Girişleri (Çıkışları),ARTIK,-3270.0,-18559.0
EGEEN,2025/03,1438068,XBRL,Bağlı Ortaklıkların Kontrolünün Elde Edilmesine Yönelik Alışlara İlişkin Nakit Çıkışları,MA,250.0,0.0
EGEEN,2025/03,1438068,XBRL,Maddi Duran Varlıkların Satışından Kaynaklanan Nakit Girişleri,SATIS,44262.0,47.0
EGEEN,2025/03,1438068,XBRL,Maddi ve Maddi Olmayan Duran Varlıkların Alımından Kaynaklanan Nakit Çıkışları,CAPEX,-99355.0,-209763.0
EGEEN,2025/03,1438068,XBRL,Alınan Temettüler,TEMETTU,38250.0,0.0
EGEEN,2025/03,1438068,XBRL,Alınan Faiz,FAIZ,74486.0,105474.0
EGEEN,2025/03,1438068,XBRL Diğer → PDF (TL),Diğer Nakit Girişleri (Çıkışları),ARTIK,-14182.0,231010.0
EGEEN,2026/06,1653244,XBRL,Başka İşletmelerin veya Fonların Paylarının veya Borçlanma Araçlarının Satılması Sonucu Elde Edilen Nakit Girişleri,FINANSAL,0.0,172727.0
EGEEN,2026/06,1653244,XBRL,Başka İşletmelerin veya Fonların Paylarının veya Borçlanma Araçlarının Edinimi İçin Yapılan Nakit Çıkışları,FINANSAL,-23042.0,0.0
EGEEN,2026/06,1653244,XBRL,Maddi Duran Varlıkların Satışından Kaynaklanan Nakit Girişleri,SATIS,2707.0,48719.0
EGEEN,2026/06,1653244,XBRL,Maddi Duran Varlık Alımından Kaynaklanan Nakit Çıkışları,CAPEX,-166949.0,-298462.0
EGEEN,2026/06,1653244,XBRL,Verilen Diğer Nakit Avans ve Borçlar,AVANS,-70969.0,-23792.0
EGEEN,2026/06,1653244,XBRL,Alınan Temettüler,TEMETTU,0.0,53567.0
EGEEN,2026/06,1653244,XBRL,Alınan Faiz,FAIZ,159234.0,181769.0
ENDAE,2025/03,1438064,XBRL,Maddi Duran Varlıkların Satışından Kaynaklanan Nakit Girişleri,SATIS,0.0,773875.0
ENDAE,2025/03,1438064,XBRL,Maddi ve Maddi Olmayan Duran Varlıkların Alımından Kaynaklanan Nakit Çıkışları,CAPEX,-6270575.0,-7030935.0
ENDAE,2024/12,1404818,XBRL,Bağlı Ortaklıkların Kontrolünün Elde Edilmesine Yönelik Alışlara İlişkin Nakit Çıkışları,MA,-208312499.0,0.0
ENDAE,2024/12,1404818,XBRL,Maddi Duran Varlıkların Satışından Kaynaklanan Nakit Girişleri,SATIS,517510.0,0.0
ENDAE,2024/12,1404818,XBRL,Maddi ve Maddi Olmayan Duran Varlıkların Alımından Kaynaklanan Nakit Çıkışları,CAPEX,-40308164.0,-21228528.0
ENDAE,2024/12,1404818,XBRL,Verilen Diğer Nakit Avans ve Borçlar,AVANS,-229159278.0,-68095266.0
ENDAE,2024/12,1404818,XBRL,Alınan Faiz,FAIZ,0.0,172377312.0
ENDAE,2024/12,1404818,"XBRL Diğer → elle (PDF/dipnot) · Not 28: kur korumalı vadeli mevduat (2023 sonu 214,8 mn alım, 2024'te çözüldü); faiz gelirleri KKM'den",Diğer Nakit Girişleri (Çıkışları),FINANSAL,487266454.0,-214773028.0
ENDAE,2026/06,1652852,XBRL,Maddi ve Maddi Olmayan Duran Varlıkların Satışından Kaynaklanan Nakit Girişleri,SATIS,2024620.0,3644933.0
ENDAE,2026/06,1652852,XBRL,Maddi ve Maddi Olmayan Duran Varlıkların Alımından Kaynaklanan Nakit Çıkışları,CAPEX,-44332880.0,-362273179.0
ENDAE,2026/06,1652852,XBRL,Verilen Nakit Avans ve Borçlar,AVANS,-138570823.0,185056038.0
ENDAE,2026/06,1652852,XBRL Diğer → PDF (TL),Diğer Nakit Girişleri/Çıkışları,ARTIK,-132806856.0,-271593221.0
ENDAE,2025/06,1481062,XBRL,Maddi ve Maddi Olmayan Duran Varlıkların Satışından Kaynaklanan Nakit Girişleri,SATIS,2759000.0,544960.0
ENDAE,2025/06,1481062,XBRL,Maddi ve Maddi Olmayan Duran Varlıkların Alımından Kaynaklanan Nakit Çıkışları,CAPEX,-274219521.0,-45403179.0
ENDAE,2025/06,1481062,XBRL,Verilen Nakit Avans ve Borçlar,AVANS,140076553.0,0.0
ENDAE,2025/06,1481062,XBRL,Alınan Faiz,FAIZ,0.0,29499200.0
ENDAE,2025/06,1481062,XBRL Diğer → PDF (TL),Diğer Nakit Girişleri/Çıkışları,ARTIK,-205580118.0,376048620.0
ENDAE,2025/12,1570855,XBRL,Bağlı Ortaklıkların Kontrolünün Elde Edilmesine Yönelik Alışlara İlişkin Nakit Çıkışları,MA,0.0,-272665080.0
ENDAE,2025/12,1570855,XBRL,Maddi ve Maddi Olmayan Duran Varlıkların Satışından Kaynaklanan Nakit Girişleri,SATIS,87774.0,677381.0
ENDAE,2025/12,1570855,XBRL,Maddi ve Maddi Olmayan Duran Varlıkların Alımından Kaynaklanan Nakit Çıkışları,CAPEX,-396482113.0,-52760294.0
ENDAE,2025/12,1570855,XBRL,Verilen Nakit Avans ve Borçlar,AVANS,111662855.0,-299951915.0
ENDAE,2025/12,1570855,XBRL Diğer → PDF (TL) · dipnot adayları: s.74: Menkul kıymet satış zararları (26.707.427) -,Diğer Nakit Girişleri/Çıkışları [cari dipnot: s.74: Menkul kıymet satış zararları (26.707.427) -],FINANSAL / önceki: ARTIK,-26707427.0,637794407.0
ESEN,2025/06,1481022,XBRL,Bağlı Ortaklıkların Kontrolünün Elde Edilmesine Yönelik Alışlara İlişkin Nakit Çıkışları,MA,-298052210.0,0.0
ESEN,2025/06,1481022,XBRL,Maddi Duran Varlıkların Satışından Kaynaklanan Nakit Girişleri,SATIS,35428690.0,10519654.0
ESEN,2025/06,1481022,XBRL,Maddi Duran Varlık Alımından Kaynaklanan Nakit Çıkışları,CAPEX,-13701199.0,-23190026.0
ESEN,2025/06,1481022,XBRL,Alınan Faiz,FAIZ,23376894.0,53465459.0
ESEN,2025/06,1481022,XBRL Diğer → PDF (TL),Geri Alınan Paylar,FINANSMAN,-4810162.0,84848110.0
ESEN,2024/12,1405211,XBRL,İştiraklar ve/veya İş Ortaklıkları Pay Alımı veya Sermaye Artırımı Sebebiyle Oluşan Nakit Çıkışları,MA,0.0,-1622213414.0
ESEN,2024/12,1405211,XBRL,Maddi Duran Varlıkların Satışından Kaynaklanan Nakit Girişleri,SATIS,55536610.0,35070252.0
ESEN,2024/12,1405211,XBRL,Maddi Duran Varlık Alımından Kaynaklanan Nakit Çıkışları,CAPEX,-80273308.0,-57654939.0
ESEN,2024/12,1405211,XBRL,Türev Araçlardan Nakit Girişleri,FINANSAL,0.0,617197907.0
ESEN,2024/12,1405211,XBRL,Alınan Temettüler,TEMETTU,10499186.0,4517374.0
ESEN,2024/12,1405211,XBRL,Alınan Faiz,FAIZ,63659443.0,154236352.0
ESEN,2024/12,1405211,XBRL Diğer → PDF (TL),"Geri Alnan Paylar ve Satışlar, Net",FINANSMAN,-66138442.0,-69686522.0
ESEN,2025/09,1513649,XBRL,Bağlı Ortaklıkların Kontrolünün Elde Edilmesine Yönelik Alışlara İlişkin Nakit Çıkışları,MA,-320419186.0,0.0
ESEN,2025/09,1513649,XBRL,Maddi Duran Varlıkların Satışından Kaynaklanan Nakit Girişleri,SATIS,38277338.0,70060997.0
ESEN,2025/09,1513649,XBRL,Maddi Duran Varlık Alımından Kaynaklanan Nakit Çıkışları,CAPEX,-18601133.0,-82436502.0
ESEN,2025/09,1513649,XBRL,Alınan Faiz,FAIZ,165745903.0,29243864.0
ESEN,2025/09,1513649,XBRL Diğer → PDF (TL),Geri Alınan Paylar,FINANSMAN,6205349.0,91209461.0
ESEN,2026/03,1605836,XBRL,Bağlı Ortaklıkların Kontrolünün Elde Edilmesine Yönelik Alışlara İlişkin Nakit Çıkışları,MA,-160260616.0,-639913646.0
ESEN,2026/03,1605836,XBRL,Maddi Duran Varlıkların Satışından Kaynaklanan Nakit Girişleri,SATIS,6593449.0,37462053.0
ESEN,2026/03,1605836,XBRL,Maddi Duran Varlık Alımından Kaynaklanan Nakit Çıkışları,CAPEX,-11954158.0,-11382263.0
ESEN,2026/03,1605836,XBRL,Alınan Faiz,FAIZ,5739298.0,171666565.0
ESEN,2026/03,1605836,XBRL Diğer → PDF (TL),Geri Alınan Paylar,FINANSMAN,-89838063.0,6628883.0
ESEN,2025/12,1571334,XBRL,Bağlı Ortaklıkların Kontrolünün Elde Edilmesine Yönelik Alışlara İlişkin Nakit Çıkışları,MA,-316010247.0,0.0
ESEN,2025/12,1571334,XBRL,Maddi Duran Varlıkların Satışından Kaynaklanan Nakit Girişleri,SATIS,43829162.0,72693162.0
ESEN,2025/12,1571334,XBRL,Maddi Duran Varlık Alımından Kaynaklanan Nakit Çıkışları,CAPEX,-96799958.0,-105071602.0
ESEN,2025/12,1571334,XBRL,Alınan Temettüler,TEMETTU,0.0,13742629.0
ESEN,2025/12,1571334,XBRL,Alınan Faiz,FAIZ,145707359.0,83325327.0
ESEN,2025/12,1571334,XBRL Diğer → PDF (TL),Geri Alınan Paylar,FINANSMAN,-5396349.0,-86570147.0
GENIL,2025/09,1513711,XBRL,Maddi Duran Varlık Alımından Kaynaklanan Nakit Çıkışları,CAPEX,-494112530.0,-770745141.0
GENIL,2025/09,1513711,XBRL Diğer → elle (PDF/dipnot) · PDF: XBRL 'Diğer' = finansal yatırımlar (Not 12) + yabancı para çevrim farkı + pay geri alımı + alınan faiz satırları (hepsi kapsam dışı ✗),Diğer Nakit Girişleri (Çıkışları),FINANSAL,-191452874.0,1177109276.0
GENIL,2024/12,1400992,XBRL,Bağlı Ortaklıkların Kontrolünün Kaybı Sonucunu Doğurmayan Satışlara İlişkin Nakit Girişleri,MA,536029.0,0.0
GENIL,2024/12,1400992,XBRL,İştiraklar ve/veya İş Ortaklıkları Pay Alımı veya Sermaye Artırımı Sebebiyle Oluşan Nakit Çıkışları,MA,-31216726.0,0.0
GENIL,2024/12,1400992,XBRL,Maddi Duran Varlık Alımından Kaynaklanan Nakit Çıkışları,CAPEX,-309134971.0,-762003260.0
GENIL,2024/12,1400992,XBRL,Maddi Olmayan Duran Varlık Alımından Kaynaklanan Nakit Çıkışları,CAPEX,-282409524.0,-261368838.0
GENIL,2024/12,1400992,XBRL,Yatırım Amaçlı Gayrimenkul Satımından Kaynaklanan Nakit Girişleri,SATIS,-169821695.0,0.0
GENIL,2024/12,1400992,XBRL,Diğer Uzun Vadeli Varlıkların Satışından Kaynaklanan Nakit Girişleri,SATIS,745695558.0,-137832001.0
GENIL,2024/12,1400992,XBRL,Alınan Faiz,FAIZ,312914334.0,225581196.0
GENIL,2025/12,1563317,XBRL,Maddi Duran Varlık Alımından Kaynaklanan Nakit Çıkışları,CAPEX,-984418972.0,-774286362.0
GENIL,2025/12,1563317,XBRL,Yatırım Amaçlı Gayrimenkul Satımından Kaynaklanan Nakit Girişleri,SATIS,0.0,-222283571.0
GENIL,2025/12,1563317,XBRL,Alınan Faiz,FAIZ,545241704.0,409580857.0
GENIL,2025/12,1563317,XBRL Diğer → elle (PDF/dipnot) · PDF: XBRL 'Diğer' = finansal yatırımlar (Not 12) + yabancı para çevrim farkı + pay geri alımı + alınan faiz satırları (hepsi kapsam dışı ✗),Diğer Nakit Girişleri (Çıkışları),FINANSAL,-2317112352.0,935899600.0
GENIL,2026/03,1603827,XBRL,Bağlı Ortaklıklarda İlave Pay Alımlarına ilişkin Nakit Çıkışları,MA,-132093000.0,0.0
GENIL,2026/03,1603827,XBRL,Başka İşletmelerin veya Fonların Paylarının veya Borçlanma Araçlarının Edinimi İçin Yapılan Nakit Çıkışları,FINANSAL,0.0,-124030918.0
GENIL,2026/03,1603827,XBRL,Maddi Duran Varlıkların Satışından Kaynaklanan Nakit Girişleri,SATIS,695846.0,0.0
GENIL,2026/03,1603827,XBRL,Maddi Duran Varlık Alımından Kaynaklanan Nakit Çıkışları,CAPEX,-181695832.0,-170274077.0
GENIL,2026/03,1603827,XBRL,Maddi Olmayan Duran Varlık Alımından Kaynaklanan Nakit Çıkışları,CAPEX,-71907418.0,-76451956.0
GENIL,2026/03,1603827,XBRL Diğer → elle (PDF/dipnot) · PDF: XBRL 'Diğer' = finansal yatırımlar (Not 12) + yabancı para çevrim farkı + pay geri alımı + alınan faiz satırları (hepsi kapsam dışı ✗),Diğer Nakit Girişleri (Çıkışları),FINANSAL,0.0,-897981.0
GENIL,2026/06,1645763,XBRL,Bağlı Ortaklıklarda İlave Pay Alımlarına ilişkin Nakit Çıkışları,MA,-437238984.0,0.0
GENIL,2026/06,1645763,XBRL,Başka İşletmelerin veya Fonların Paylarının veya Borçlanma Araçlarının Edinimi İçin Yapılan Nakit Çıkışları,FINANSAL,0.0,-183637327.0
GENIL,2026/06,1645763,XBRL,Maddi Duran Varlıkların Satışından Kaynaklanan Nakit Girişleri,SATIS,25841265.0,0.0
GENIL,2026/06,1645763,XBRL,Maddi Duran Varlık Alımından Kaynaklanan Nakit Çıkışları,CAPEX,-270231506.0,-269585034.0
GENIL,2026/06,1645763,XBRL,Maddi Olmayan Duran Varlık Alımından Kaynaklanan Nakit Çıkışları,CAPEX,-72657015.0,-131319620.0
GENIL,2026/06,1645763,XBRL,Alınan Faiz,FAIZ,0.0,78350452.0
GENIL,2026/06,1645763,XBRL Diğer → elle (PDF/dipnot) · PDF: XBRL 'Diğer' = finansal yatırımlar (Not 12) + yabancı para çevrim farkı + pay geri alımı + alınan faiz satırları (hepsi kapsam dışı ✗),Diğer Nakit Girişleri (Çıkışları),FINANSAL,0.0,266204.0
GIPTA,2025/06,1471347,XBRL,Maddi Duran Varlıkların Satışından Kaynaklanan Nakit Girişleri,SATIS,43756.0,0.0
GIPTA,2025/06,1471347,XBRL,Maddi Duran Varlık Alımından Kaynaklanan Nakit Çıkışları,CAPEX,-11610123.0,-25918526.0
GIPTA,2025/06,1471347,XBRL,Maddi Olmayan Duran Varlık Alımından Kaynaklanan Nakit Çıkışları,CAPEX,-30412.0,0.0
GIPTA,2025/06,1471347,XBRL,Alınan Faiz,FAIZ,275336915.0,180160579.0
GIPTA,2025/06,1471347,XBRL Diğer → PDF (TL),Finansal yatırımlardaki değişim,FINANSAL,-45352796.0,14955469.0
GIPTA,2024/12,1396215,XBRL,Maddi Duran Varlıkların Satışından Kaynaklanan Nakit Girişleri,SATIS,8464012.0,3156201.0
GIPTA,2024/12,1396215,XBRL,Maddi Duran Varlık Alımından Kaynaklanan Nakit Çıkışları,CAPEX,-42252378.0,-123606806.0
GIPTA,2024/12,1396215,XBRL,Maddi Olmayan Duran Varlık Alımından Kaynaklanan Nakit Çıkışları,CAPEX,0.0,-28899.0
GIPTA,2024/12,1396215,XBRL,Alınan Faiz,FAIZ,338288076.0,175031794.0
GIPTA,2024/12,1396215,XBRL Diğer → PDF (TL),Finansal yatırımlardaki değişim,FINANSAL,66954498.0,-309980473.0
GIPTA,2025/09,1508706,XBRL,Maddi Duran Varlıkların Satışından Kaynaklanan Nakit Girişleri,SATIS,1579916.0,3882403.0
GIPTA,2025/09,1508706,XBRL,Maddi Duran Varlık Alımından Kaynaklanan Nakit Çıkışları,CAPEX,-32547218.0,-34164103.0
GIPTA,2025/09,1508706,XBRL,Maddi Olmayan Duran Varlık Alımından Kaynaklanan Nakit Çıkışları,CAPEX,-32695.0,0.0
GIPTA,2025/09,1508706,XBRL,Alınan Faiz,FAIZ,391823037.0,285418816.0
GIPTA,2025/09,1508706,XBRL Diğer → PDF (TL),Finansal yatırımlardaki değişim,FINANSAL,-390906112.0,126214013.0
GIPTA,2026/06,1642357,XBRL,Maddi Duran Varlıkların Satışından Kaynaklanan Nakit Girişleri,SATIS,15108458.0,57806.0
GIPTA,2026/06,1642357,XBRL,Maddi Duran Varlık Alımından Kaynaklanan Nakit Çıkışları,CAPEX,-11638946.0,-15338208.0
GIPTA,2026/06,1642357,XBRL,Maddi Olmayan Duran Varlık Alımından Kaynaklanan Nakit Çıkışları,CAPEX,0.0,-40177.0
GIPTA,2026/06,1642357,XBRL,Alınan Faiz,FAIZ,344106203.0,363749375.0
GIPTA,2026/06,1642357,XBRL Diğer → PDF (TL),Finansal yatırımlardaki değişim,FINANSAL,58592.0,-59915871.0
GIPTA,2025/12,1563044,XBRL,Başka İşletmelerin veya Fonların Paylarının veya Borçlanma Araçlarının Edinimi İçin Yapılan Nakit Çıkışları,FINANSAL,-16568560.0,0.0
GIPTA,2025/12,1563044,XBRL,Maddi Duran Varlıkların Satışından Kaynaklanan Nakit Girişleri,SATIS,169209.0,11078742.0
GIPTA,2025/12,1563044,XBRL,Maddi Duran Varlık Alımından Kaynaklanan Nakit Çıkışları,CAPEX,-37151500.0,-55305121.0
GIPTA,2025/12,1563044,XBRL,Maddi Olmayan Duran Varlık Alımından Kaynaklanan Nakit Çıkışları,CAPEX,-50618.0,0.0
GIPTA,2025/12,1563044,XBRL,Alınan Faiz,FAIZ,458370349.0,442793139.0
GIPTA,2025/12,1563044,XBRL,Katılım (Kar) Payı ve Diğer Finansal Araçlardan Nakit Girişleri,FINANSAL,128958223.0,87638301.0
GOKNR,2025/06,1480962,XBRL,Maddi Duran Varlıkların Satışından Kaynaklanan Nakit Girişleri,SATIS,-46489503.0,-243038281.0
GOKNR,2025/06,1480962,XBRL,Alınan Faiz,FAIZ,68259226.0,8280047.0
GOKNR,2025/06,1480962,XBRL Diğer → PDF (TL),Finansal yatırımlardaki değişim,FINANSAL,-1072412858.0,-213806962.0
GOKNR,2025/06,1480962,XBRL,Yatırım Faaliyetlerine İlişkin Enflasyon Etkisi,ENFLASYON,69374143.0,2371.0
GOKNR,2024/12,1405308,XBRL,Maddi ve Maddi Olmayan Duran Varlıkların Satışından Kaynaklanan Nakit Girişleri,SATIS,2418885.0,-532883.0
GOKNR,2024/12,1405308,XBRL,Maddi ve Maddi Olmayan Duran Varlıkların Alımından Kaynaklanan Nakit Çıkışları,CAPEX,-347843245.0,-278662052.0
GOKNR,2024/12,1405308,XBRL,Alınan Faiz,FAIZ,21462682.0,69829337.0
GOKNR,2024/12,1405308,XBRL Diğer → PDF (TL),Finansal yatırımlardaki değişim,FINANSAL,-416053282.0,-10251.0
GOKNR,2025/09,1514384,XBRL,Maddi Duran Varlık Alımından Kaynaklanan Nakit Çıkışları,CAPEX,-266004050.0,-390071229.0
GOKNR,2025/09,1514384,XBRL,Alınan Faiz,FAIZ,82348950.0,16824326.0
GOKNR,2025/09,1514384,XBRL Diğer → PDF (TL),Finansal yatırımlardaki değişim,FINANSAL,627644989.0,-259322174.0
GOKNR,2025/09,1514384,XBRL,Yatırım Faaliyetlerine İlişkin Enflasyon Etkisi,ENFLASYON,-105803242.0,-3394.0
GOKNR,2026/06,1665599,XBRL,Maddi Duran Varlık Alımından Kaynaklanan Nakit Çıkışları,CAPEX,-53523456.0,-61417582.0
GOKNR,2026/06,1665599,XBRL,Türev Araçlardan Nakit Girişleri,FINANSAL,125216275.0,90177704.0
GOKNR,2026/06,1665599,XBRL Diğer → PDF (TL) · dipnot adayları: s.35: Faiz geliri 252.853.584 90.177.704 141.678.915 5.832.550,Diğer nakit girişleri/(çıkışları) [cari dipnot: s.35: Faiz geliri 252.853.584 90.177.704 141.678.915 5.832.550],FAIZ / önceki: ARTIK,252853584.0,-1325120919.0
GOKNR,2025/12,1571201,XBRL,Başka İşletmelerin veya Fonların Paylarının veya Borçlanma Araçlarının Satılması Sonucu Elde Edilen Nakit Girişleri,FINANSAL,416063533.0,0.0
GOKNR,2025/12,1571201,XBRL,Başka İşletmelerin veya Fonların Paylarının veya Borçlanma Araçlarının Edinimi İçin Yapılan Nakit Çıkışları,FINANSAL,0.0,-544577705.0
GOKNR,2025/12,1571201,XBRL,Maddi ve Maddi Olmayan Duran Varlıkların Satışından Kaynaklanan Nakit Girişleri,SATIS,49030561.0,3166134.0
GOKNR,2025/12,1571201,XBRL,Maddi ve Maddi Olmayan Duran Varlıkların Alımından Kaynaklanan Nakit Çıkışları,CAPEX,-463345208.0,-455300120.0
GOKNR,2025/12,1571201,XBRL,Alınan Faiz,FAIZ,100763166.0,28093004.0
GOKNR,2025/12,1571201,XBRL,Yatırım Faaliyetlerine İlişkin Enflasyon Etkisi,ENFLASYON,128531712.0,-4126.0
GUBRF,2025/06,1479433,XBRL,Maddi ve Maddi Olmayan Duran Varlıkların Satışından Kaynaklanan Nakit Girişleri,SATIS,264223.0,18887197.0
GUBRF,2025/06,1479433,XBRL,Maddi ve Maddi Olmayan Duran Varlıkların Alımından Kaynaklanan Nakit Çıkışları,CAPEX,-697216902.0,-1139246456.0
GUBRF,2025/06,1479433,XBRL Diğer → PDF (TL),Diğer nakit çıkışları,ARTIK,908176838.0,119606962.0
GUBRF,2024/06,1337868,XBRL,Maddi ve Maddi Olmayan Duran Varlıkların Satışından Kaynaklanan Nakit Girişleri,SATIS,11151931.0,458199.0
GUBRF,2024/06,1337868,XBRL,Maddi ve Maddi Olmayan Duran Varlıkların Alımından Kaynaklanan Nakit Çıkışları,CAPEX,-1043987559.0,-791020967.0
GUBRF,2024/06,1337868,XBRL,Yatırım Amaçlı Gayrimenkul Satımından Kaynaklanan Nakit Girişleri,SATIS,124905615.0,0.0
GUBRF,2024/06,1337868,XBRL Diğer → PDF (TL),Diğer nakit çıkışları,ARTIK,78231689.0,70792305.0
GUBRF,2024/12,1415138,XBRL,Maddi ve Maddi Olmayan Duran Varlıkların Satışından Kaynaklanan Nakit Girişleri,SATIS,6992231.0,4415495.0
GUBRF,2024/12,1415138,XBRL,Maddi ve Maddi Olmayan Duran Varlıkların Alımından Kaynaklanan Nakit Çıkışları,CAPEX,-2209282777.0,-2652619481.0
GUBRF,2024/12,1415138,XBRL,Yatırım Amaçlı Gayrimenkul Satımından Kaynaklanan Nakit Girişleri,SATIS,123352158.0,0.0
GUBRF,2026/03,1616408,XBRL,Maddi ve Maddi Olmayan Duran Varlıkların Alımından Kaynaklanan Nakit Çıkışları,CAPEX,-489356200.0,-316169243.0
GUBRF,2026/03,1616408,XBRL Diğer → PDF (TL),Diğer nakit çıkışları,ARTIK,-1334436833.0,900619764.0
GUBRF,2025/03,1443388,XBRL,Maddi ve Maddi Olmayan Duran Varlıkların Alımından Kaynaklanan Nakit Çıkışları,CAPEX,-298711770.0,-587960735.0
GUBRF,2025/03,1443388,XBRL Diğer → PDF (TL),Diğer nakit giriş çıkışları,ARTIK,838433416.0,846118669.0
GUBRF,2025/12,1590412,XBRL,Maddi Duran Varlıkların Satışından Kaynaklanan Nakit Girişleri,SATIS,14210375.0,5647388.0
GUBRF,2025/12,1590412,XBRL,Maddi Duran Varlık Alımından Kaynaklanan Nakit Çıkışları,CAPEX,-1772447554.0,-2381262580.0
GUBRF,2025/12,1590412,XBRL,Yatırım Amaçlı Gayrimenkul Satımından Kaynaklanan Nakit Girişleri,SATIS,0.0,161458107.0
GUBRF,2025/12,1590412,XBRL Diğer → PDF (TL),Diğer nakit çıkışları,ARTIK,744243728.0,424749746.0
GZNMI,2025/03,1437960,XBRL,Maddi Duran Varlık Alımından Kaynaklanan Nakit Çıkışları,CAPEX,-4978868.0,-17414278.0
GZNMI,2025/03,1437960,XBRL,Maddi Olmayan Duran Varlık Alımından Kaynaklanan Nakit Çıkışları,CAPEX,0.0,-447571.0
GZNMI,2025/03,1437960,XBRL,Alınan Faiz,FAIZ,53532749.0,10716243.0
GZNMI,2025/03,1437960,XBRL Diğer → PDF (TL),Finansal yatırımlardaki değişim,FINANSAL,22420407.0,105871500.0
GZNMI,2024/12,1404703,XBRL,Bağlı Ortaklıkların Kontrolünün Elde Edilmesine Yönelik Alışlara İlişkin Nakit Çıkışları,MA,0.0,-36911599.0
GZNMI,2024/12,1404703,XBRL,Maddi Duran Varlıkların Satışından Kaynaklanan Nakit Girişleri,SATIS,1587016.0,13671850.0
GZNMI,2024/12,1404703,XBRL,Maddi Duran Varlık Alımından Kaynaklanan Nakit Çıkışları,CAPEX,-36708468.0,-78553827.0
GZNMI,2024/12,1404703,XBRL,Maddi Olmayan Duran Varlık Alımından Kaynaklanan Nakit Çıkışları,CAPEX,-658064.0,-2520678.0
GZNMI,2024/12,1404703,XBRL,Alınan Faiz,FAIZ,25182915.0,12404482.0
GZNMI,2024/12,1404703,XBRL Diğer → PDF (TL),Finansal yatırımlardaki değişim,FINANSAL,28053542.0,1059536013.0
HEKTS,2025/12,1567816,XBRL,Maddi Duran Varlıkların Satışından Kaynaklanan Nakit Girişleri,SATIS,9899368.0,4606837.0
HEKTS,2025/12,1567816,XBRL,Maddi Olmayan Duran Varlıkların Satışından Kaynaklanan Nakit Girişleri,SATIS,0.0,5405619.0
HEKTS,2025/12,1567816,XBRL,Maddi Duran Varlık Alımından Kaynaklanan Nakit Çıkışları,CAPEX,-1054093456.0,-861081199.0
HEKTS,2025/12,1567816,XBRL,Maddi Olmayan Duran Varlık Alımından Kaynaklanan Nakit Çıkışları,CAPEX,-26225789.0,-13749422.0
HEKTS,2025/12,1567816,XBRL,Yatırım Amaçlı Gayrimenkul Alımından Kaynaklanan Nakit Çıkışları,CAPEX,0.0,-68952861.0
HEKTS,2025/12,1567816,XBRL,Verilen Diğer Nakit Avans ve Borçlar,AVANS,-1074116132.0,-567816792.0
HEKTS,2025/12,1567816,XBRL (ayrışmadı) PDF satırlarıyla eşleşmedi,Diğer Nakit Girişleri (Çıkışları),ARTIK,752919571.0,1953159114.0
HEKTS,2026/03,1601440,XBRL,Bağlı Ortaklıkların Kontrolünün Kaybı Sonucunu Doğurmayan Satışlara İlişkin Nakit Girişleri,MA,1082377702.0,0.0
HEKTS,2026/03,1601440,XBRL,Maddi Duran Varlıkların Satışından Kaynaklanan Nakit Girişleri,SATIS,14742174.0,205028.0
HEKTS,2026/03,1601440,XBRL,Maddi Duran Varlık Alımından Kaynaklanan Nakit Çıkışları,CAPEX,-327737121.0,-109091814.0
HEKTS,2026/03,1601440,XBRL,Maddi Olmayan Duran Varlık Alımından Kaynaklanan Nakit Çıkışları,CAPEX,-2487411.0,-4498079.0
HEKTS,2026/03,1601440,XBRL,Verilen Diğer Nakit Avans ve Borçlar,AVANS,125133013.0,-667243223.0
HEKTS,2026/03,1601440,XBRL Diğer → PDF (TL),Diğer Nakit Girişleri/ Çıkışları,ARTIK,81341934.0,0.0
KCHOL,2025/03,1431952,XBRL,Bağlı Ortaklıkların Kontrolünün Kaybı Sonucunu Doğuracak Satışlara İlişkin Nakit Girişleri,MA,0.0,3150.0
KCHOL,2025/03,1431952,XBRL,Bağlı Ortaklıkların Kontrolünün Elde Edilmesine Yönelik Alışlara İlişkin Nakit Çıkışları,MA,-1146.0,0.0
KCHOL,2025/03,1431952,XBRL,İştiraklar ve/veya İş Ortaklıkları Pay Alımı veya Sermaye Artırımı Sebebiyle Oluşan Nakit Çıkışları,MA,-1471.0,-4555.0
KCHOL,2025/03,1431952,XBRL,Maddi ve Maddi Olmayan Duran Varlıkların Satışından Kaynaklanan Nakit Girişleri,SATIS,6398.0,12762.0
KCHOL,2025/03,1431952,XBRL,Maddi ve Maddi Olmayan Duran Varlıkların Alımından Kaynaklanan Nakit Çıkışları,CAPEX,-21031.0,-24281.0
KCHOL,2025/03,1431952,XBRL,Alınan Temettüler,TEMETTU,119.0,12.0
KCHOL,2025/03,1431952,XBRL Diğer → PDF (TL),Diğer nakit girişleri/(çıkışları),ARTIK,35167.0,-78226.0
KCHOL,2024/03,1290334,XBRL,Bağlı Ortaklıkların Kontrolünün Kaybı Sonucunu Doğuracak Satışlara İlişkin Nakit Girişleri,MA,2281.0,0.0
KCHOL,2024/03,1290334,XBRL,Bağlı Ortaklıkların Kontrolünün Elde Edilmesine Yönelik Alışlara İlişkin Nakit Çıkışları,MA,0.0,-1476.0
KCHOL,2024/03,1290334,XBRL,İştiraklar ve/veya İş Ortaklıkları Pay Alımı veya Sermaye Artırımı Sebebiyle Oluşan Nakit Çıkışları,MA,-3298.0,-364.0
KCHOL,2024/03,1290334,XBRL,Maddi ve Maddi Olmayan Duran Varlıkların Satışından Kaynaklanan Nakit Girişleri,SATIS,9241.0,1849.0
KCHOL,2024/03,1290334,XBRL,Maddi ve Maddi Olmayan Duran Varlıkların Alımından Kaynaklanan Nakit Çıkışları,CAPEX,-17582.0,-17652.0
KCHOL,2024/03,1290334,XBRL,Alınan Temettüler,TEMETTU,9.0,26.0
KCHOL,2024/03,1290334,XBRL Diğer → PDF (TL),Diğer nakit girişleri/(çıkışları),ARTIK,-56643.0,-20617.0
KCHOL,2024/12,1393799,XBRL,Bağlı Ortaklıkların Kontrolünün Kaybı Sonucunu Doğuracak Satışlara İlişkin Nakit Girişleri,MA,2862.0,0.0
KCHOL,2024/12,1393799,XBRL,Bağlı Ortaklıkların Kontrolünün Kaybı Sonucunu Doğurmayan Satışlara İlişkin Nakit Girişleri,MA,0.0,12194.0
KCHOL,2024/12,1393799,XBRL,Bağlı Ortaklıkların Kontrolünün Elde Edilmesine Yönelik Alışlara İlişkin Nakit Çıkışları,MA,3638.0,-2987.0
KCHOL,2024/12,1393799,XBRL,Bağlı Ortaklıklarda İlave Pay Alımlarına ilişkin Nakit Çıkışları,MA,0.0,-1403.0
KCHOL,2024/12,1393799,XBRL,İştiraklerin ve/veya İş Ortaklıklarının Pay Satışı veya Sermaye Azaltımı Sebebiyle Oluşan Nakit Girişleri,MA,0.0,452.0
KCHOL,2024/12,1393799,XBRL,İştiraklar ve/veya İş Ortaklıkları Pay Alımı veya Sermaye Artırımı Sebebiyle Oluşan Nakit Çıkışları,MA,-3554.0,-4689.0
KCHOL,2024/12,1393799,XBRL,Maddi ve Maddi Olmayan Duran Varlıkların Satışından Kaynaklanan Nakit Girişleri,SATIS,28888.0,22483.0
KCHOL,2024/12,1393799,XBRL,Maddi ve Maddi Olmayan Duran Varlıkların Alımından Kaynaklanan Nakit Çıkışları,CAPEX,-97925.0,-98575.0
KCHOL,2024/12,1393799,XBRL,Alınan Temettüler,TEMETTU,209.0,135.0
KCHOL,2024/12,1393799,XBRL Diğer → PDF (TL),Diğer nakit girişleri/(çıkışları),ARTIK,-55490.0,-166502.0
KCHOL,2025/12,1555903,XBRL,Bağlı Ortaklıkların Kontrolünün Kaybı Sonucunu Doğuracak Satışlara İlişkin Nakit Girişleri,MA,0.0,3746.0
KCHOL,2025/12,1555903,XBRL,Bağlı Ortaklıkların Kontrolünün Elde Edilmesine Yönelik Alışlara İlişkin Nakit Çıkışları,MA,-7993.0,4762.0
KCHOL,2025/12,1555903,XBRL,İştiraklar ve/veya İş Ortaklıkları Pay Alımı veya Sermaye Artırımı Sebebiyle Oluşan Nakit Çıkışları,MA,-5283.0,-4652.0
KCHOL,2025/12,1555903,XBRL,Maddi ve Maddi Olmayan Duran Varlıkların Satışından Kaynaklanan Nakit Girişleri,SATIS,31085.0,37812.0
KCHOL,2025/12,1555903,XBRL,Maddi ve Maddi Olmayan Duran Varlıkların Alımından Kaynaklanan Nakit Çıkışları,CAPEX,-102906.0,-128176.0
KCHOL,2025/12,1555903,XBRL,Alınan Temettüler,TEMETTU,400.0,274.0
KCHOL,2025/12,1555903,XBRL Diğer → PDF (TL),Diğer nakit girişleri/(çıkışları),ARTIK,-105986.0,-72632.0
KCHOL,2026/03,1603568,XBRL,Bağlı Ortaklıkların Kontrolünün Elde Edilmesine Yönelik Alışlara İlişkin Nakit Çıkışları,MA,0.0,-1500.0
KCHOL,2026/03,1603568,XBRL,İştiraklar ve/veya İş Ortaklıkları Pay Alımı veya Sermaye Artırımı Sebebiyle Oluşan Nakit Çıkışları,MA,-1614.0,-1925.0
KCHOL,2026/03,1603568,XBRL,Maddi ve Maddi Olmayan Duran Varlıkların Satışından Kaynaklanan Nakit Girişleri,SATIS,10260.0,8373.0
KCHOL,2026/03,1603568,XBRL,Maddi ve Maddi Olmayan Duran Varlıkların Alımından Kaynaklanan Nakit Çıkışları,CAPEX,-23761.0,-27522.0
KCHOL,2026/03,1603568,XBRL,Alınan Temettüler,TEMETTU,174.0,156.0
KCHOL,2026/03,1603568,XBRL Diğer → PDF (TL),Diğer nakit girişleri/(çıkışları),ARTIK,-26318.0,46022.0
KCHOL,2026/06,1643802,XBRL,Bağlı Ortaklıkların Kontrolünün Kaybı Sonucunu Doğuracak Satışlara İlişkin Nakit Girişleri,MA,0.0,15.0
KCHOL,2026/06,1643802,XBRL,Bağlı Ortaklıkların Kontrolünün Elde Edilmesine Yönelik Alışlara İlişkin Nakit Çıkışları,MA,-3027.0,-1605.0
KCHOL,2026/06,1643802,XBRL,İştiraklar ve/veya İş Ortaklıkları Pay Alımı veya Sermaye Artırımı Sebebiyle Oluşan Nakit Çıkışları,MA,-4094.0,-2457.0
KCHOL,2026/06,1643802,XBRL,Maddi ve Maddi Olmayan Duran Varlıkların Satışından Kaynaklanan Nakit Girişleri,SATIS,16219.0,13565.0
KCHOL,2026/06,1643802,XBRL,Maddi ve Maddi Olmayan Duran Varlıkların Alımından Kaynaklanan Nakit Çıkışları,CAPEX,-60782.0,-63387.0
KCHOL,2026/06,1643802,XBRL,Alınan Temettüler,TEMETTU,448.0,468.0
KCHOL,2026/06,1643802,XBRL Diğer → PDF (TL),Diğer nakit girişleri/(çıkışları),ARTIK,4189.0,-8598.0
KCHOL,2025/06,1470523,XBRL,Bağlı Ortaklıkların Kontrolünün Kaybı Sonucunu Doğuracak Satışlara İlişkin Nakit Girişleri,MA,11.0,3340.0
KCHOL,2025/06,1470523,XBRL,Bağlı Ortaklıkların Kontrolünün Elde Edilmesine Yönelik Alışlara İlişkin Nakit Çıkışları,MA,-1215.0,10519.0
KCHOL,2025/06,1470523,XBRL,İştiraklar ve/veya İş Ortaklıkları Pay Alımı veya Sermaye Artırımı Sebebiyle Oluşan Nakit Çıkışları,MA,-1860.0,-6625.0
KCHOL,2025/06,1470523,XBRL,Maddi ve Maddi Olmayan Duran Varlıkların Satışından Kaynaklanan Nakit Girişleri,SATIS,10268.0,15001.0
KCHOL,2025/06,1470523,XBRL,Maddi ve Maddi Olmayan Duran Varlıkların Alımından Kaynaklanan Nakit Çıkışları,CAPEX,-47981.0,-57312.0
KCHOL,2025/06,1470523,XBRL,Alınan Temettüler,TEMETTU,354.0,236.0
KCHOL,2025/06,1470523,XBRL Diğer → PDF (TL),Diğer nakit girişleri/(çıkışları),ARTIK,-6508.0,-75194.0
MAGEN,2025/03,1438091,XBRL,Maddi Duran Varlıkların Satışından Kaynaklanan Nakit Girişleri,SATIS,28625859.0,5152668.0
MAGEN,2025/03,1438091,XBRL,Maddi Duran Varlık Alımından Kaynaklanan Nakit Çıkışları,CAPEX,-8697194.0,-2706789.0
MAGEN,2025/03,1438091,XBRL,Alınan Faiz,FAIZ,5823680.0,30524772.0
MAGEN,2025/03,1438091,XBRL Diğer → PDF (TL),"Geri Alnan Paylar ve Satışlar, Net",FINANSMAN,-2499800.0,-207618084.0
MAGEN,2024/12,1405162,elle (PDF) · XBRL'de yatırım bölümü yok; imzalı PDF,İştirak pay alımı/sermaye artırımı,MA,0.0,-1622213414.0
MAGEN,2024/12,1405162,elle (PDF) · XBRL'de yatırım bölümü yok; imzalı PDF,MDV/MODV satışı,SATIS,10654887.0,30310980.0
MAGEN,2024/12,1405162,elle (PDF) · XBRL'de yatırım bölümü yok; imzalı PDF,MDV/MODV alımı,CAPEX,-62985009.0,-55455329.0
MAGEN,2024/12,1405162,elle (PDF) · XBRL'de yatırım bölümü yok; imzalı PDF,Alınan faizler,FAIZ,37327107.0,206066476.0
MAGEN,2024/12,1405162,elle (PDF) · XBRL'de yatırım bölümü yok; imzalı PDF,Finansal varlıklardaki değişim,FINANSAL,0.0,613384423.0
MAGEN,2024/12,1405162,elle (PDF) · XBRL'de yatırım bölümü yok; imzalı PDF,"Geri alınan paylar ve satışlar, net",FINANSMAN,-30394421.0,-41499807.0
MAGEN,2024/12,1405162,elle (PDF) · XBRL'de yatırım bölümü yok; imzalı PDF,Alınan temettüler,TEMETTU,10499186.0,4517374.0
MAGEN,2025/09,1513453,XBRL,Bağlı Ortaklıkların Kontrolünün Elde Edilmesine Yönelik Alışlara İlişkin Nakit Çıkışları,MA,-320419186.0,0.0
MAGEN,2025/09,1513453,XBRL,Maddi Duran Varlıkların Satışından Kaynaklanan Nakit Girişleri,SATIS,38270114.0,9835837.0
MAGEN,2025/09,1513453,XBRL,Maddi Duran Varlık Alımından Kaynaklanan Nakit Çıkışları,CAPEX,-18601134.0,-64214410.0
MAGEN,2025/09,1513453,XBRL,Alınan Faiz,FAIZ,22419932.0,25044093.0
MAGEN,2025/09,1513453,XBRL Diğer → PDF (TL),Geri Alnan Paylar,FINANSMAN,2848819.0,51937208.0
MAKIM,2026/03,1599586,XBRL,Bağlı Ortaklıkların Kontrolünün Elde Edilmesine Yönelik Alışlara İlişkin Nakit Çıkışları,MA,-612283.0,0.0
MAKIM,2026/03,1599586,XBRL,Maddi Duran Varlıkların Satışından Kaynaklanan Nakit Girişleri,SATIS,3170788.0,0.0
MAKIM,2026/03,1599586,XBRL,Maddi Duran Varlık Alımından Kaynaklanan Nakit Çıkışları,CAPEX,-11622482.0,-25090574.0
MAKIM,2026/03,1599586,XBRL,Maddi Olmayan Duran Varlık Alımından Kaynaklanan Nakit Çıkışları,CAPEX,-1254522.0,0.0
MAKIM,2026/03,1599586,XBRL,Yatırım Amaçlı Gayrimenkul Satımından Kaynaklanan Nakit Girişleri,SATIS,0.0,42163389.0
MAKIM,2026/03,1599586,XBRL Diğer → PDF (TL),Finansal varlıklardaki değişim,FINANSAL,0.0,-5506.0
MAKIM,2025/12,1563912,XBRL,Maddi Duran Varlıkların Satışından Kaynaklanan Nakit Girişleri,SATIS,5384430.0,4116135.0
MAKIM,2025/12,1563912,XBRL,Maddi Duran Varlık Alımından Kaynaklanan Nakit Çıkışları,CAPEX,-62962474.0,-372625956.0
MAKIM,2025/12,1563912,XBRL,Maddi Olmayan Duran Varlık Alımından Kaynaklanan Nakit Çıkışları,CAPEX,-13269982.0,-594399.0
MAKIM,2025/12,1563912,XBRL,Yatırım Amaçlı Gayrimenkul Satımından Kaynaklanan Nakit Girişleri,SATIS,35637986.0,0.0
MAKIM,2025/12,1563912,XBRL Diğer → PDF (TL),Finansal varlıklardaki değişim,FINANSAL,-33617679.0,3973163.0
MEGMT,2025/06,1480352,XBRL,Maddi Duran Varlıkların Satışından Kaynaklanan Nakit Girişleri,SATIS,46353153.0,17169673.0
MEGMT,2025/06,1480352,XBRL,Maddi Duran Varlık Alımından Kaynaklanan Nakit Çıkışları,CAPEX,-93295688.0,-150164663.0
MEGMT,2025/06,1480352,XBRL,Maddi Olmayan Duran Varlık Alımından Kaynaklanan Nakit Çıkışları,CAPEX,-3354720.0,0.0
MEGMT,2025/06,1480352,XBRL,Türev Araçlardan Nakit Girişleri,FINANSAL,6766546.0,0.0
MEGMT,2025/06,1480352,XBRL Diğer → PDF (TL),Diğer Uzun Vadeli Varlık Alımından Kaynaklanan Nakit Çıkışları,ARTIK,-4000878.0,128655847.0
MEGMT,2024/06,1325037,XBRL,Maddi Duran Varlıkların Satışından Kaynaklanan Nakit Girişleri,SATIS,17169673.0,39965895.0
MEGMT,2024/06,1325037,XBRL,Maddi Duran Varlık Alımından Kaynaklanan Nakit Çıkışları,CAPEX,-150164663.0,-77305780.0
MEGMT,2024/06,1325037,XBRL,Yatırım Amaçlı Gayrimenkul Satımından Kaynaklanan Nakit Girişleri,SATIS,0.0,2314815.0
MEGMT,2024/06,1325037,XBRL,Türev Araçlardan Nakit Çıkışları,FINANSAL,0.0,-21535041.0
MEGMT,2024/06,1325037,XBRL Diğer → PDF (TL),Diğer Uzun Vadeli Varlık Alımından Kaynaklanan Nakit Çıkışları,ARTIK,128655847.0,-91470168.0
MEGMT,2024/12,1400411,XBRL,Maddi Duran Varlıkların Satışından Kaynaklanan Nakit Girişleri,SATIS,-236320020.0,-354816275.0
MEGMT,2024/12,1400411,XBRL,Maddi Duran Varlık Alımından Kaynaklanan Nakit Çıkışları,CAPEX,31679693.0,63492113.0
MEGMT,2024/12,1400411,XBRL,Yatırım Amaçlı Gayrimenkul Satımından Kaynaklanan Nakit Girişleri,SATIS,0.0,-7685185.0
MEGMT,2024/12,1400411,XBRL,Diğer Uzun Vadeli Varlık Alımından Kaynaklanan Nakit Çıkışları,ARTIK,126324421.0,-62761702.0
MEGMT,2024/12,1400411,XBRL,Türev Araçlardan Nakit Çıkışları,FINANSAL,-10697587.0,-1303747.0
NATEN,2026/03,1605839,XBRL,Bağlı Ortaklıkların Kontrolünün Elde Edilmesine Yönelik Alışlara İlişkin Nakit Çıkışları,MA,-160260616.0,-639913646.0
NATEN,2026/03,1605839,XBRL,Maddi Duran Varlıkların Satışından Kaynaklanan Nakit Girişleri,SATIS,54307786.0,41535301.0
NATEN,2026/03,1605839,XBRL,Maddi Duran Varlık Alımından Kaynaklanan Nakit Çıkışları,CAPEX,-18098123.0,-12764502.0
NATEN,2026/03,1605839,XBRL,Alınan Faiz,FAIZ,7791760.0,169740032.0
NATEN,2026/03,1605839,XBRL Diğer → PDF (TL),Geri Alınan Paylar Nakit Giriş/ Çıkışları,FINANSMAN,-87315586.0,11907233.0
NATEN,2025/12,1571352,XBRL,Bağlı Ortaklıkların Kontrolünün Elde Edilmesine Yönelik Alışlara İlişkin Nakit Çıkışları,MA,-316010247.0,0.0
NATEN,2025/12,1571352,XBRL,Maddi Duran Varlıkların Satışından Kaynaklanan Nakit Girişleri,SATIS,49748710.0,131259399.0
NATEN,2025/12,1571352,XBRL,Maddi Duran Varlık Alımından Kaynaklanan Nakit Çıkışları,CAPEX,-118054348.0,-204357865.0
NATEN,2025/12,1571352,XBRL,Alınan Temettüler,TEMETTU,0.0,13742629.0
NATEN,2025/12,1571352,XBRL,Alınan Faiz,FAIZ,374463201.0,65229012.0
NATEN,2025/12,1571352,XBRL Diğer → PDF (TL),Geri Alınan Paylar Nakit Giriş/ Çıkışları,FINANSMAN,-17188488.0,-5826061.0
NETAS,2025/12,1569984,XBRL,Maddi Duran Varlıkların Satışından Kaynaklanan Nakit Girişleri,SATIS,2988859.0,2489332.0
NETAS,2025/12,1569984,XBRL,Maddi Duran Varlık Alımından Kaynaklanan Nakit Çıkışları,CAPEX,-9195137.0,-21130581.0
NETAS,2025/12,1569984,XBRL,Maddi Olmayan Duran Varlık Alımından Kaynaklanan Nakit Çıkışları,CAPEX,-2968238.0,-6981072.0
NETAS,2025/12,1569984,XBRL Diğer → PDF (TL) · dipnot adayları: s.12: Diğer Nakit Çıkışları (10.223.240) (8.336.091) ‖ s.40: Yabancı para çevrim farkları 10.223.240 7.844.059,Diğer Nakit Çıkışları [cari dipnot: s.40: Yabancı para çevrim farkları 10.223.240 7.844.059],KUR / önceki: ARTIK,-10223240.0,-8336091.0
OYAKC,2026/06,1644700,XBRL,Başka İşletmelerin veya Fonların Paylarının veya Borçlanma Araçlarının Satılması Sonucu Elde Edilen Nakit Girişleri,FINANSAL,26043.0,183710.0
OYAKC,2026/06,1644700,XBRL,Maddi Duran Varlıkların Satışından Kaynaklanan Nakit Girişleri,SATIS,9739.0,17523.0
OYAKC,2026/06,1644700,XBRL,Maddi Duran Varlık Alımından Kaynaklanan Nakit Çıkışları,CAPEX,-3493692.0,-3681754.0
OYAKC,2026/06,1644700,XBRL,Alınan Temettüler,TEMETTU,6761.0,4022.0
OYAKC,2026/06,1644700,XBRL,Alınan Faiz,FAIZ,24835.0,0.0
OYAKC,2026/06,1644700,XBRL Diğer → PDF (TL),Finansal Yatırımlardaki Artış,FINANSAL,-162105.0,-2501783.0
OYAKC,2025/12,1563017,elle (PDF) · XBRL'de yatırım bölümü yok; imzalı PDF (bin TL),MDV/MODV satışı,SATIS,16531000.0,3464000.0
OYAKC,2025/12,1563017,elle (PDF) · XBRL'de yatırım bölümü yok; imzalı PDF (bin TL),MDV/MODV alımı,CAPEX,-6993730000.0,-10092926000.0
OYAKC,2025/12,1563017,elle (PDF) · XBRL'de yatırım bölümü yok; imzalı PDF (bin TL),Finansal yatırımlardaki azalış (artış),FINANSAL,1932605000.0,-1532231000.0
OYAKC,2025/12,1563017,elle (PDF) · XBRL'de yatırım bölümü yok; imzalı PDF (bin TL),Fon/borçlanma aracı satışı,FINANSAL,299057000.0,208913000.0
OYAKC,2025/12,1563017,elle (PDF) · XBRL'de yatırım bölümü yok; imzalı PDF (bin TL),Alınan faiz,FAIZ,723814000.0,278617000.0
OYAKC,2025/12,1563017,elle (PDF) · XBRL'de yatırım bölümü yok; imzalı PDF (bin TL),Temettü geliri,TEMETTU,3415000.0,4717000.0
PGSUS,2026/03,1605480,XBRL,Başka İşletmelerin veya Fonların Paylarının veya Borçlanma Araçlarının Edinimi İçin Yapılan Nakit Çıkışları,FINANSAL,1965420.0,-3092648.0
PGSUS,2026/03,1605480,XBRL,Maddi ve Maddi Olmayan Duran Varlıkların Alımından Kaynaklanan Nakit Çıkışları,CAPEX,-444046.0,462696.0
PGSUS,2026/03,1605480,XBRL,Verilen Nakit Avans ve Borçlar,AVANS,-995300.0,-4984354.0
PGSUS,2026/03,1605480,XBRL,Alınan Faiz,FAIZ,397531.0,287478.0
PGSUS,2026/03,1605480,XBRL (ayrışmadı) PDF satırlarıyla eşleşmedi,Diğer Nakit Girişleri (Çıkışları),ARTIK,624975.0,-6695795.0
PGSUS,2025/03,1435892,XBRL,Başka İşletmelerin veya Fonların Paylarının veya Borçlanma Araçlarının Edinimi İçin Yapılan Nakit Çıkışları,FINANSAL,-3092648420.0,2021471701.0
PGSUS,2025/03,1435892,XBRL,Maddi ve Maddi Olmayan Duran Varlıkların Alımından Kaynaklanan Nakit Çıkışları,CAPEX,462696488.0,1524069908.0
PGSUS,2025/03,1435892,XBRL,Verilen Nakit Avans ve Borçlar,AVANS,-4984353813.0,-1469195292.0
PGSUS,2025/03,1435892,XBRL,Alınan Faiz,FAIZ,287477746.0,523619528.0
PGSUS,2025/03,1435892,XBRL (ayrışmadı) PDF satırlarıyla eşleşmedi,Diğer Nakit Girişleri (Çıkışları),ARTIK,-6695795136.0,4473687609.0
PGSUS,2025/12,1566087,XBRL,Başka İşletmelerin veya Fonların Paylarının veya Borçlanma Araçlarının Edinimi İçin Yapılan Nakit Çıkışları,FINANSAL,-2300670644.0,-1683149797.0
PGSUS,2025/12,1566087,XBRL,Maddi ve Maddi Olmayan Duran Varlıkların Alımından Kaynaklanan Nakit Çıkışları,CAPEX,-2298775160.0,2568003128.0
PGSUS,2025/12,1566087,XBRL,Verilen Nakit Avans ve Borçlar,AVANS,-12085950310.0,-3892511506.0
PGSUS,2025/12,1566087,XBRL,Alınan Faiz,FAIZ,2133004714.0,1411412149.0
PGSUS,2025/12,1566087,XBRL (ayrışmadı) PDF satırlarıyla eşleşmedi,Diğer Nakit Girişleri (Çıkışları),ARTIK,-1069055971.0,8294301965.0
PKART,2025/03,1432331,XBRL,Maddi ve Maddi Olmayan Duran Varlıkların Alımından Kaynaklanan Nakit Çıkışları,CAPEX,-5838046.0,-8519919.0
PKART,2025/03,1432331,XBRL Diğer → elle (PDF/dipnot) · PDF: 'Diğer' satırı Dipnot 3 NAKİT VE NAKİT BENZERLERİ referanslı (blokeli/vadeli mevduat hareketi),Diğer Nakit Girişleri (Çıkışları),FINANSAL,0.0,-206041854.0
PKART,2024/12,1399042,XBRL,Maddi ve Maddi Olmayan Duran Varlıkların Satışından Kaynaklanan Nakit Girişleri,SATIS,1113652.0,616739.0
PKART,2024/12,1399042,XBRL,Maddi ve Maddi Olmayan Duran Varlıkların Alımından Kaynaklanan Nakit Çıkışları,CAPEX,-66895785.0,-71590082.0
PKART,2024/12,1399042,XBRL Diğer → elle (PDF/dipnot) · PDF: 'Diğer' satırı Dipnot 3 NAKİT VE NAKİT BENZERLERİ referanslı (blokeli/vadeli mevduat hareketi),Diğer Nakit Girişleri (Çıkışları),FINANSAL,264669144.0,-268999299.0
PKART,2025/06,1476114,XBRL,Maddi ve Maddi Olmayan Duran Varlıkların Satışından Kaynaklanan Nakit Girişleri,SATIS,768.0,0.0
PKART,2025/06,1476114,XBRL,Maddi ve Maddi Olmayan Duran Varlıkların Alımından Kaynaklanan Nakit Çıkışları,CAPEX,-9034509.0,-37305389.0
PKART,2025/06,1476114,XBRL Diğer → elle (PDF/dipnot) · PDF: 'Diğer' satırı Dipnot 3 NAKİT VE NAKİT BENZERLERİ referanslı (blokeli/vadeli mevduat hareketi),Diğer Nakit Girişleri (Çıkışları),FINANSAL,0.0,162947845.0
PKART,2025/09,1509422,XBRL,Maddi ve Maddi Olmayan Duran Varlıkların Satışından Kaynaklanan Nakit Girişleri,SATIS,500.0,944720.0
PKART,2025/09,1509422,XBRL,Maddi ve Maddi Olmayan Duran Varlıkların Alımından Kaynaklanan Nakit Çıkışları,CAPEX,-16960843.0,-73328763.0
PKART,2025/09,1509422,XBRL Diğer → elle (PDF/dipnot) · PDF: 'Diğer' satırı Dipnot 3 NAKİT VE NAKİT BENZERLERİ referanslı (blokeli/vadeli mevduat hareketi),Diğer Nakit Girişleri (Çıkışları),FINANSAL,0.0,237386491.0
PNLSN,2025/06,1474992,XBRL,Maddi Duran Varlık Alımından Kaynaklanan Nakit Çıkışları,CAPEX,-211949874.0,-248421720.0
PNLSN,2025/06,1474992,XBRL,Türev Araçlardan Nakit Girişleri,FINANSAL,36313.0,87227.0
PNLSN,2025/06,1474992,XBRL Diğer → PDF (TL),Finansal varlıklardaki değişim,FINANSAL,271948025.0,-36908279.0
PNLSN,2024/12,1396841,XBRL,Maddi Duran Varlıkların Satışından Kaynaklanan Nakit Girişleri,SATIS,3228332.0,0.0
PNLSN,2024/12,1396841,XBRL,Maddi Duran Varlık Alımından Kaynaklanan Nakit Çıkışları,CAPEX,-298419355.0,-118652040.0
PNLSN,2024/12,1396841,XBRL,Türev Araçlardan Nakit Girişleri,FINANSAL,-238282.0,-569302.0
PNLSN,2024/12,1396841,XBRL Diğer → PDF (TL),Finansal varlıklardaki değişim,FINANSAL,20664540.0,-257960169.0
PNLSN,2025/09,1509143,XBRL,Maddi Duran Varlıkların Satışından Kaynaklanan Nakit Girişleri,SATIS,0.0,663414.0
PNLSN,2025/09,1509143,XBRL,Maddi Duran Varlık Alımından Kaynaklanan Nakit Çıkışları,CAPEX,-239451418.0,-325971413.0
PNLSN,2025/09,1509143,XBRL,Türev Araçlardan Nakit Çıkışları,FINANSAL,0.0,-224932.0
PNLSN,2025/09,1509143,XBRL Diğer → PDF (TL),Finansal varlıklardaki değişim,FINANSAL,280830360.0,17519825.0
PNLSN,2025/12,1561484,XBRL,İştiraklar ve/veya İş Ortaklıkları Pay Alımı veya Sermaye Artırımı Sebebiyle Oluşan Nakit Çıkışları,MA,-6256743.0,0.0
PNLSN,2025/12,1561484,XBRL,Maddi Duran Varlıkların Satışından Kaynaklanan Nakit Girişleri,SATIS,19736491.0,4225639.0
PNLSN,2025/12,1561484,XBRL,Maddi Duran Varlık Alımından Kaynaklanan Nakit Çıkışları,CAPEX,-196928276.0,-390608042.0
PNLSN,2026/03,1603767,XBRL,İştiraklar ve/veya İş Ortaklıkları Pay Alımı veya Sermaye Artırımı Sebebiyle Oluşan Nakit Çıkışları,MA,-8017666.0,0.0
PNLSN,2026/03,1603767,XBRL,Maddi Duran Varlıkların Satışından Kaynaklanan Nakit Girişleri,SATIS,22270288.0,0.0
PNLSN,2026/03,1603767,XBRL,Maddi Duran Varlık Alımından Kaynaklanan Nakit Çıkışları,CAPEX,-15702404.0,-47678638.0
PNLSN,2026/03,1603767,XBRL,Türev Araçlardan Nakit Girişleri,FINANSAL,0.0,13276.0
PNLSN,2026/03,1603767,XBRL Diğer → PDF (TL),Finansal varlıklardaki değişim,FINANSAL,64507119.0,87612045.0
PNLSN,2026/06,1652125,XBRL,İştiraklar ve/veya İş Ortaklıkları Pay Alımı veya Sermaye Artırımı Sebebiyle Oluşan Nakit Çıkışları,MA,-9328660.0,0.0
PNLSN,2026/06,1652125,XBRL,Maddi Duran Varlıkların Satışından Kaynaklanan Nakit Girişleri,SATIS,8866462.0,0.0
PNLSN,2026/06,1652125,XBRL,Maddi Duran Varlık Alımından Kaynaklanan Nakit Çıkışları,CAPEX,-108415972.0,-280004936.0
PNLSN,2026/06,1652125,XBRL,Türev Araçlardan Nakit Girişleri,FINANSAL,0.0,47973.0
PNLSN,2026/06,1652125,XBRL Diğer → PDF (TL),Finansal varlıklardaki değişim,FINANSAL,180412129.0,359267915.0
PRKAB,2025/09,1514444,XBRL,Maddi Duran Varlık Alımından Kaynaklanan Nakit Çıkışları,CAPEX,-33412610.0,-11457449.0
PRKAB,2025/09,1514444,XBRL,Alınan Faiz,FAIZ,83202853.0,97235295.0
PRKAB,2025/09,1514444,XBRL Diğer → PDF (TL),Diğer nakit girişleri (çıkışları),ARTIK,0.0,-190015954.0
PRKAB,2024/09,1355263,XBRL,Maddi Duran Varlık Alımından Kaynaklanan Nakit Çıkışları,CAPEX,-8595622.0,0.0
PRKAB,2024/09,1355263,XBRL,Alınan Faiz,FAIZ,72947985.0,41079321.0
PRKAB,2024/09,1355263,XBRL Diğer → PDF (TL),Diğer nakit girişleri (çıkışları),ARTIK,-142554007.0,202062520.0
PRKAB,2024/12,1400516,XBRL,Maddi Duran Varlıkların Satışından Kaynaklanan Nakit Girişleri,SATIS,1896230.0,14083.0
PRKAB,2024/12,1400516,XBRL,Maddi Duran Varlık Alımından Kaynaklanan Nakit Çıkışları,CAPEX,-38086286.0,-42135753.0
PRKAB,2024/12,1400516,XBRL,Alınan Faiz,FAIZ,115423261.0,99810800.0
PRKAB,2024/12,1400516,XBRL Diğer → elle (PDF/dipnot) · Dipnot: 'Grup'un kur korumalı mevduat hesabı yoktur (31 Aralık 2023: 85.292.626)' — KKM kapanışı,Diğer Nakit Girişleri (Çıkışları),FINANSAL,85292628.0,-85292624.0
PRKAB,2026/03,1605575,XBRL,Maddi Duran Varlıkların Satışından Kaynaklanan Nakit Girişleri,SATIS,10064970.0,0.0
PRKAB,2026/03,1605575,XBRL,Maddi Duran Varlık Alımından Kaynaklanan Nakit Çıkışları,CAPEX,0.0,-37473842.0
PRKAB,2026/03,1605575,XBRL,Alınan Faiz,FAIZ,45173030.0,0.0
PRKAB,2026/03,1605575,XBRL Diğer → PDF (TL),Diğer nakit girişleri/(çıkışları),ARTIK,0.0,-133137994.0
PRKAB,2025/03,1435031,XBRL,Maddi Duran Varlık Alımından Kaynaklanan Nakit Çıkışları,CAPEX,-28635441.0,-24085996.0
PRKAB,2025/03,1435031,XBRL,Maddi Olmayan Duran Varlık Alımından Kaynaklanan Nakit Çıkışları,CAPEX,-101736703.0,68907646.0
PRKAB,2025/12,1569177,XBRL,Maddi Duran Varlıkların Satışından Kaynaklanan Nakit Girişleri,SATIS,0.0,2482020.0
PRKAB,2025/12,1569177,XBRL,Maddi ve Maddi Olmayan Duran Varlıkların Alımından Kaynaklanan Nakit Çıkışları,CAPEX,-89437057.0,-49852027.0
PRKAB,2025/12,1569177,XBRL,Alınan Faiz,FAIZ,96466957.0,151080194.0
PRKAB,2025/12,1569177,XBRL Diğer → PDF (TL),Diğer nakit girişleri/(çıkışları),ARTIK,0.0,111641507.0
PSDTC,2025/03,1431847,XBRL,Başka İşletmelerin veya Fonların Paylarının veya Borçlanma Araçlarının Satılması Sonucu Elde Edilen Nakit Girişleri,FINANSAL,13350731.0,14533014.0
PSDTC,2025/03,1431847,XBRL,Başka İşletmelerin veya Fonların Paylarının veya Borçlanma Araçlarının Edinimi İçin Yapılan Nakit Çıkışları,FINANSAL,-16038527.0,-14589648.0
PSDTC,2025/03,1431847,XBRL,Maddi ve Maddi Olmayan Duran Varlıkların Satışından Kaynaklanan Nakit Girişleri,SATIS,0.0,693.0
PSDTC,2025/03,1431847,XBRL,Maddi ve Maddi Olmayan Duran Varlıkların Alımından Kaynaklanan Nakit Çıkışları,CAPEX,-92127.0,-16222.0
PSDTC,2025/03,1431847,XBRL Diğer → PDF (TL),"Diğer nakit girişleri, net",ARTIK,0.0,3430971.0
PSDTC,2024/03,1297840,XBRL,Başka İşletmelerin veya Fonların Paylarının veya Borçlanma Araçlarının Satılması Sonucu Elde Edilen Nakit Girişleri,FINANSAL,10523252.0,8812038.0
PSDTC,2024/03,1297840,XBRL,Başka İşletmelerin veya Fonların Paylarının veya Borçlanma Araçlarının Edinimi İçin Yapılan Nakit Çıkışları,FINANSAL,-10564260.0,-8135587.0
PSDTC,2024/03,1297840,XBRL,Maddi ve Maddi Olmayan Duran Varlıkların Satışından Kaynaklanan Nakit Girişleri,SATIS,502.0,0.0
PSDTC,2024/03,1297840,XBRL,Maddi ve Maddi Olmayan Duran Varlıkların Alımından Kaynaklanan Nakit Çıkışları,CAPEX,-11746.0,0.0
PSDTC,2024/03,1297840,XBRL Diğer → PDF (TL),"Diğer nakit girişleri, net",ARTIK,2484342.0,1393258.0
PSDTC,2024/12,1396671,XBRL,Başka İşletmelerin veya Fonların Paylarının veya Borçlanma Araçlarının Satılması Sonucu Elde Edilen Nakit Girişleri,FINANSAL,13204296.0,11057111.0
PSDTC,2024/12,1396671,XBRL,Başka İşletmelerin veya Fonların Paylarının veya Borçlanma Araçlarının Edinimi İçin Yapılan Nakit Çıkışları,FINANSAL,-11783916.0,-13204296.0
PSDTC,2024/12,1396671,XBRL,Maddi ve Maddi Olmayan Duran Varlıkların Satışından Kaynaklanan Nakit Girişleri,SATIS,15113.0,0.0
PSDTC,2024/12,1396671,XBRL,Maddi ve Maddi Olmayan Duran Varlıkların Alımından Kaynaklanan Nakit Çıkışları,CAPEX,-1089306.0,-169330.0
PSDTC,2024/12,1396671,XBRL Diğer → PDF (TL) · dipnot adayları: s.28: finansal yatırımlar (*) - 47.997.861,Diğer nakit girişleri/(çıkışları) [cari dipnot: s.28: finansal yatırımlar (*) - 47.997.861],FINANSAL / önceki: ARTIK,47997861.0,-23491463.0
PSDTC,2025/06,1471375,XBRL,Başka İşletmelerin veya Fonların Paylarının veya Borçlanma Araçlarının Satılması Sonucu Elde Edilen Nakit Girişleri,FINANSAL,14152673.0,15405971.0
PSDTC,2025/06,1471375,XBRL,Başka İşletmelerin veya Fonların Paylarının veya Borçlanma Araçlarının Edinimi İçin Yapılan Nakit Çıkışları,FINANSAL,-14149399.0,-14665759.0
PSDTC,2025/06,1471375,XBRL,Maddi ve Maddi Olmayan Duran Varlıkların Satışından Kaynaklanan Nakit Girişleri,SATIS,0.0,19438.0
PSDTC,2025/06,1471375,XBRL,Maddi ve Maddi Olmayan Duran Varlıkların Alımından Kaynaklanan Nakit Çıkışları,CAPEX,-120977.0,-1127352.0
PSDTC,2025/06,1471375,XBRL Diğer → PDF (TL),"Diğer nakit girişleri, net",ARTIK,0.0,3698456.0
PSDTC,2024/06,1334994,XBRL,Başka İşletmelerin veya Fonların Paylarının veya Borçlanma Araçlarının Satılması Sonucu Elde Edilen Nakit Girişleri,FINANSAL,11407719.0,9552680.0
PSDTC,2024/06,1334994,XBRL,Başka İşletmelerin veya Fonların Paylarının veya Borçlanma Araçlarının Edinimi İçin Yapılan Nakit Çıkışları,FINANSAL,-10859611.0,-11949368.0
PSDTC,2024/06,1334994,XBRL,Maddi ve Maddi Olmayan Duran Varlıkların Satışından Kaynaklanan Nakit Girişleri,SATIS,14393.0,0.0
PSDTC,2024/06,1334994,XBRL,Maddi ve Maddi Olmayan Duran Varlıkların Alımından Kaynaklanan Nakit Çıkışları,CAPEX,-834775.0,-125719.0
PSDTC,2024/06,1334994,XBRL Diğer → PDF (TL),"Diğer nakit girişleri, net",ARTIK,2738610.0,-27825420.0
QUAGR,2025/09,1514795,XBRL,Maddi ve Maddi Olmayan Duran Varlıkların Satışından Kaynaklanan Nakit Girişleri,SATIS,25797033.0,1670331567.0
QUAGR,2025/09,1514795,XBRL,Maddi ve Maddi Olmayan Duran Varlıkların Alımından Kaynaklanan Nakit Çıkışları,CAPEX,-112806455.0,-795785871.0
QUAGR,2025/09,1514795,XBRL,Alınan Faiz,FAIZ,493964255.0,254014442.0
QUAGR,2025/09,1514795,XBRL Diğer → PDF (TL) · dipnot adayları: s.13: Toplam satın alma bedeli (provizyonel) 109.502.627,Finansal yatırımlardaki değişim,FINANSAL,218543312.0,518351496.0
QUAGR,2025/09,1514795,XBRL Diğer → PDF (TL) · dipnot adayları: s.13: Toplam satın alma bedeli (provizyonel) 109.502.627,Diğer nakit girişleri/çıkışları,ARTIK,-109502627.0,-76731557.0
QUAGR,2024/09,1356662,XBRL,Başka İşletmelerin veya Fonların Paylarının veya Borçlanma Araçlarının Satılması Sonucu Elde Edilen Nakit Girişleri,FINANSAL,388878342.0,2601275902.0
QUAGR,2024/09,1356662,XBRL,Maddi ve Maddi Olmayan Duran Varlıkların Satışından Kaynaklanan Nakit Girişleri,SATIS,1253118345.0,16563134.0
QUAGR,2024/09,1356662,XBRL,Maddi ve Maddi Olmayan Duran Varlıkların Alımından Kaynaklanan Nakit Çıkışları,CAPEX,-597015522.0,-701933164.0
QUAGR,2024/09,1356662,XBRL,Alınan Faiz,FAIZ,190567049.0,85477513.0
QUAGR,2024/09,1356662,XBRL Diğer → PDF (TL),Diğer nakit girişleri/çıkışları,ARTIK,-68909053.0,223135074.0
QUAGR,2024/12,1404689,XBRL,Başka İşletmelerin veya Fonların Paylarının veya Borçlanma Araçlarının Satılması Sonucu Elde Edilen Nakit Girişleri,FINANSAL,841962221.0,3090309252.0
QUAGR,2024/12,1404689,XBRL,Maddi ve Maddi Olmayan Duran Varlıkların Satışından Kaynaklanan Nakit Girişleri,SATIS,32846802.0,158347625.0
QUAGR,2024/12,1404689,XBRL,Maddi ve Maddi Olmayan Duran Varlıkların Alımından Kaynaklanan Nakit Çıkışları,CAPEX,-496484106.0,-401268376.0
QUAGR,2024/12,1404689,XBRL,Alınan Faiz,FAIZ,261410642.0,93232605.0
QUAGR,2024/12,1404689,XBRL Diğer → PDF (TL),Diğer nakit girişleri/çıkışları [önceki dipnot: s.50: Türev işlemlerden gelirler - 235.471.245],ARTIK / önceki: FINANSAL,-57503710.0,235471245.0
QUAGR,2025/12,1570701,XBRL,Başka İşletmelerin veya Fonların Paylarının veya Borçlanma Araçlarının Satılması Sonucu Elde Edilen Nakit Girişleri,FINANSAL,374682056.0,1102065903.0
QUAGR,2025/12,1570701,XBRL,Maddi ve Maddi Olmayan Duran Varlıkların Satışından Kaynaklanan Nakit Girişleri,SATIS,23625563.0,42987917.0
QUAGR,2025/12,1570701,XBRL,Maddi ve Maddi Olmayan Duran Varlıkların Alımından Kaynaklanan Nakit Çıkışları,CAPEX,-150584227.0,-649831010.0
QUAGR,2025/12,1570701,XBRL,Alınan Faiz,FAIZ,340049597.0,342165618.0
QUAGR,2025/12,1570701,XBRL Diğer → PDF (TL),Diğer nakit girişleri/çıkışları,ARTIK,-191187286.0,-75266407.0
QUAGR,2026/03,1605171,XBRL,Başka İşletmelerin veya Fonların Paylarının veya Borçlanma Araçlarının Satılması Sonucu Elde Edilen Nakit Girişleri,FINANSAL,172286006.0,307843453.0
QUAGR,2026/03,1605171,XBRL,Maddi ve Maddi Olmayan Duran Varlıkların Satışından Kaynaklanan Nakit Girişleri,SATIS,-3869386.0,0.0
QUAGR,2026/03,1605171,XBRL,Maddi ve Maddi Olmayan Duran Varlıkların Alımından Kaynaklanan Nakit Çıkışları,CAPEX,-19620138.0,-39884756.0
QUAGR,2026/03,1605171,XBRL,Alınan Faiz,FAIZ,7281465.0,261865459.0
QUAGR,2026/06,1652823,XBRL,Başka İşletmelerin veya Fonların Paylarının veya Borçlanma Araçlarının Satılması Sonucu Elde Edilen Nakit Girişleri,FINANSAL,0.0,222110950.0
QUAGR,2026/06,1652823,XBRL,Başka İşletmelerin veya Fonların Paylarının veya Borçlanma Araçlarının Edinimi İçin Yapılan Nakit Çıkışları,FINANSAL,-88734633.0,0.0
QUAGR,2026/06,1652823,XBRL,Maddi Duran Varlıkların Satışından Kaynaklanan Nakit Girişleri,SATIS,202908938.0,304149.0
QUAGR,2026/06,1652823,XBRL,Maddi ve Maddi Olmayan Duran Varlıkların Alımından Kaynaklanan Nakit Çıkışları,CAPEX,-25023669.0,-87773182.0
QUAGR,2026/06,1652823,XBRL,Alınan Faiz,FAIZ,11680764.0,352630365.0
QUAGR,2026/06,1652823,XBRL (ayrışmadı) PDF nakit akışı okunamadı,Diğer Nakit Girişleri (Çıkışları),ARTIK,160520.0,-144664627.0
QUAGR,2025/06,1480835,XBRL,Bağlı Ortaklıkların Kontrolünün Elde Edilmesine Yönelik Alışlara İlişkin Nakit Çıkışları,MA,-109502627.0,0.0
QUAGR,2025/06,1480835,XBRL,Başka İşletmelerin veya Fonların Paylarının veya Borçlanma Araçlarının Satılması Sonucu Elde Edilen Nakit Girişleri,FINANSAL,168125241.0,1100070300.0
QUAGR,2025/06,1480835,XBRL,Maddi ve Maddi Olmayan Duran Varlıkların Satışından Kaynaklanan Nakit Girişleri,SATIS,230222.0,2885603.0
QUAGR,2025/06,1480835,XBRL,Maddi ve Maddi Olmayan Duran Varlıkların Alımından Kaynaklanan Nakit Çıkışları,CAPEX,-66439378.0,-286712302.0
QUAGR,2025/06,1480835,XBRL,Alınan Faiz,FAIZ,284220962.0,139879485.0
QUAGR,2025/06,1480835,XBRL Diğer → PDF (TL),Diğer nakit çıkışları,ARTIK,0.0,-69140271.0
SAHOL,2025/03,1434981,XBRL,Maddi Duran Varlıkların Satışından Kaynaklanan Nakit Girişleri,SATIS,151279.0,355638.0
SAHOL,2025/03,1434981,XBRL,Maddi Duran Varlık Alımından Kaynaklanan Nakit Çıkışları,CAPEX,-5850105.0,-6260194.0
SAHOL,2025/03,1434981,XBRL,Yatırım Amaçlı Gayrimenkul Satımından Kaynaklanan Nakit Girişleri,SATIS,861.0,1123.0
SAHOL,2025/03,1434981,XBRL,Alınan Temettüler,TEMETTU,3103816.0,0.0
SAHOL,2025/03,1434981,XBRL Diğer → PDF (TL),Tutulan Finansal Varlık Satımları/(Alımları),FINANSAL,1723901.0,-1084024.0
SAHOL,2024/12,1398985,XBRL,Bağlı Ortaklıkların Kontrolünün Elde Edilmesine Yönelik Alışlara İlişkin Nakit Çıkışları,MA,-10517287.0,0.0
SAHOL,2024/12,1398985,XBRL,İştiraklar ve/veya İş Ortaklıkları Pay Alımı veya Sermaye Artırımı Sebebiyle Oluşan Nakit Çıkışları,MA,0.0,-347617.0
SAHOL,2024/12,1398985,XBRL,Maddi Duran Varlıkların Satışından Kaynaklanan Nakit Girişleri,SATIS,892453.0,1085393.0
SAHOL,2024/12,1398985,XBRL,Maddi Duran Varlık Alımından Kaynaklanan Nakit Çıkışları,CAPEX,-28197755.0,-32046219.0
SAHOL,2024/12,1398985,XBRL,Yatırım Amaçlı Gayrimenkul Satımından Kaynaklanan Nakit Girişleri,SATIS,197521.0,0.0
SAHOL,2024/12,1398985,XBRL,Yatırım Amaçlı Gayrimenkul Alımından Kaynaklanan Nakit Çıkışları,CAPEX,0.0,-317136.0
SAHOL,2024/12,1398985,XBRL,Alınan Temettüler,TEMETTU,4435822.0,6521848.0
SAHOL,2024/12,1398985,XBRL Diğer → PDF (TL),Tutulan Finansal Varlık Satımları/(Alımları),FINANSAL,43441257.0,-15109690.0
SAHOL,2025/06,1477828,XBRL,İştiraklar ve/veya İş Ortaklıkları Pay Alımı veya Sermaye Artırımı Sebebiyle Oluşan Nakit Çıkışları,MA,-1517194.0,0.0
SAHOL,2025/06,1477828,XBRL,Maddi Duran Varlıkların Satışından Kaynaklanan Nakit Girişleri,SATIS,441704.0,481378.0
SAHOL,2025/06,1477828,XBRL,Maddi Duran Varlık Alımından Kaynaklanan Nakit Çıkışları,CAPEX,-13898949.0,-14024450.0
SAHOL,2025/06,1477828,XBRL,Yatırım Amaçlı Gayrimenkul Satımından Kaynaklanan Nakit Girişleri,SATIS,920.0,1719.0
SAHOL,2025/06,1477828,XBRL,Alınan Temettüler,TEMETTU,4459683.0,4183471.0
SAHOL,2025/06,1477828,XBRL Diğer → PDF (TL),Tutulan Finansal Varlık Satımları/(Alımları),FINANSAL,-44413774.0,17976493.0
SAHOL,2025/09,1511255,XBRL,Bağlı Ortaklıkların Kontrolünün Elde Edilmesine Yönelik Alışlara İlişkin Nakit Çıkışları,MA,0.0,-1665014.0
SAHOL,2025/09,1511255,XBRL,İştiraklar ve/veya İş Ortaklıkları Pay Alımı veya Sermaye Artırımı Sebebiyle Oluşan Nakit Çıkışları,MA,-1517194.0,0.0
SAHOL,2025/09,1511255,XBRL,Maddi Duran Varlıkların Satışından Kaynaklanan Nakit Girişleri,SATIS,1427689.0,591588.0
SAHOL,2025/09,1511255,XBRL,Maddi Duran Varlık Alımından Kaynaklanan Nakit Çıkışları,CAPEX,-21211205.0,-24220808.0
SAHOL,2025/09,1511255,XBRL,Yatırım Amaçlı Gayrimenkul Satımından Kaynaklanan Nakit Girişleri,SATIS,0.0,156138.0
SAHOL,2025/09,1511255,XBRL,Alınan Temettüler,TEMETTU,4459683.0,4509871.0
SAHOL,2025/09,1511255,XBRL (ayrışmadı) PDF satırlarıyla eşleşmedi,Diğer Nakit Girişleri (Çıkışları),ARTIK,-35025351.0,45422741.0
SAHOL,2024/09,1354473,XBRL,Bağlı Ortaklıkların Kontrolünün Elde Edilmesine Yönelik Alışlara İlişkin Nakit Çıkışları,MA,-1330719.0,0.0
SAHOL,2024/09,1354473,XBRL,Maddi Duran Varlıkların Satışından Kaynaklanan Nakit Girişleri,SATIS,441573.0,511771.0
SAHOL,2024/09,1354473,XBRL,Maddi Duran Varlık Alımından Kaynaklanan Nakit Çıkışları,CAPEX,-18170967.0,-17706711.0
SAHOL,2024/09,1354473,XBRL,Yatırım Amaçlı Gayrimenkul Satımından Kaynaklanan Nakit Girişleri,SATIS,117138.0,0.0
SAHOL,2024/09,1354473,XBRL,Yatırım Amaçlı Gayrimenkul Alımından Kaynaklanan Nakit Çıkışları,CAPEX,0.0,-298421.0
SAHOL,2024/09,1354473,XBRL,Alınan Temettüler,TEMETTU,3507844.0,4764076.0
SAHOL,2024/09,1354473,XBRL (ayrışmadı) PDF satırlarıyla eşleşmedi,Diğer Nakit Girişleri (Çıkışları),ARTIK,34077108.0,-15973722.0
SAHOL,2025/12,1566011,XBRL,Bağlı Ortaklıkların Kontrolünün Elde Edilmesine Yönelik Alışlara İlişkin Nakit Çıkışları,MA,0.0,-14281704.0
SAHOL,2025/12,1566011,XBRL,İştiraklar ve/veya İş Ortaklıkları Pay Alımı veya Sermaye Artırımı Sebebiyle Oluşan Nakit Çıkışları,MA,-1517194.0,0.0
SAHOL,2025/12,1566011,XBRL,Maddi Duran Varlıkların Satışından Kaynaklanan Nakit Girişleri,SATIS,1882777.0,1171150.0
SAHOL,2025/12,1566011,XBRL,Maddi Duran Varlık Alımından Kaynaklanan Nakit Çıkışları,CAPEX,-35425049.0,-36908662.0
SAHOL,2025/12,1566011,XBRL,Yatırım Amaçlı Gayrimenkul Satımından Kaynaklanan Nakit Girişleri,SATIS,-19627.0,258539.0
SAHOL,2025/12,1566011,XBRL,Alınan Temettüler,TEMETTU,4459717.0,4468057.0
SAHOL,2025/12,1566011,XBRL Diğer → PDF (TL),Tutulan Finansal Varlık Satımları/(Alımları),FINANSAL,-219635247.0,-216167550.0
SAHOL,2026/03,1602061,XBRL,Maddi Duran Varlıkların Satışından Kaynaklanan Nakit Girişleri,SATIS,373302.0,200973.0
SAHOL,2026/03,1602061,XBRL,Maddi Duran Varlık Alımından Kaynaklanan Nakit Çıkışları,CAPEX,-9044422.0,-7655737.0
SAHOL,2026/03,1602061,XBRL,Yatırım Amaçlı Gayrimenkul Satımından Kaynaklanan Nakit Girişleri,SATIS,67.0,1127.0
SAHOL,2026/03,1602061,XBRL,Alınan Temettüler,TEMETTU,0.0,4061809.0
SAHOL,2026/03,1602061,XBRL Diğer → PDF (TL),Tutulan Finansal Varlık Satımları/(Alımları),FINANSAL,-11902654.0,-78965975.0
SAHOL,2026/06,1648755,XBRL,İştiraklerin ve/veya İş Ortaklıklarının Pay Satışı veya Sermaye Azaltımı Sebebiyle Oluşan Nakit Girişleri,MA,19781317.0,0.0
SAHOL,2026/06,1648755,XBRL,İştiraklar ve/veya İş Ortaklıkları Pay Alımı veya Sermaye Artırımı Sebebiyle Oluşan Nakit Çıkışları,MA,-1216560.0,-2004350.0
SAHOL,2026/06,1648755,XBRL,Maddi Duran Varlıkların Satışından Kaynaklanan Nakit Girişleri,SATIS,1933313.0,586527.0
SAHOL,2026/06,1648755,XBRL,Maddi Duran Varlık Alımından Kaynaklanan Nakit Çıkışları,CAPEX,-17767858.0,-18361759.0
SAHOL,2026/06,1648755,XBRL,Yatırım Amaçlı Gayrimenkul Satımından Kaynaklanan Nakit Girişleri,SATIS,0.0,1215.0
SAHOL,2026/06,1648755,XBRL,Alınan Temettüler,TEMETTU,4204534.0,5537732.0
SAHOL,2026/06,1648755,XBRL Diğer → PDF (TL),Tutulan Finansal Varlık Satımları/(Alımları),FINANSAL,-94610358.0,-194535550.0
SAYAS,2025/06,1477724,XBRL,Maddi ve Maddi Olmayan Duran Varlıkların Satışından Kaynaklanan Nakit Girişleri,SATIS,2165968.0,1198950.0
SAYAS,2025/06,1477724,XBRL,Maddi ve Maddi Olmayan Duran Varlıkların Alımından Kaynaklanan Nakit Çıkışları,CAPEX,-137320619.0,-50753910.0
SAYAS,2025/06,1477724,XBRL Diğer → elle (PDF/dipnot) · PDF: 'Diğer' satırı Not 5 FİNANSAL YATIRIMLAR referanslı (kur korumalı mevduat),Diğer Nakit Girişleri (Çıkışları),FINANSAL,230048784.0,194130271.0
SAYAS,2024/12,1404384,XBRL,Maddi Duran Varlıkların Satışından Kaynaklanan Nakit Girişleri,SATIS,2647064.0,310112.0
SAYAS,2024/12,1404384,XBRL,Maddi Duran Varlık Alımından Kaynaklanan Nakit Çıkışları,CAPEX,-193523280.0,-92470757.0
SAYAS,2024/12,1404384,XBRL,Maddi Olmayan Duran Varlık Alımından Kaynaklanan Nakit Çıkışları,CAPEX,-367287.0,-45992.0
SAYAS,2024/12,1404384,XBRL,Alınan Faiz,FAIZ,30173654.0,11938457.0
SAYAS,2024/12,1404384,XBRL Diğer → elle (PDF/dipnot) · PDF: 'Diğer' satırı Not 5 FİNANSAL YATIRIMLAR referanslı (kur korumalı mevduat),Diğer Nakit Girişleri (Çıkışları),FINANSAL,126756084.0,-181253801.0
SAYAS,2025/09,1511280,XBRL,Maddi Duran Varlıkların Satışından Kaynaklanan Nakit Girişleri,SATIS,2267795.0,122270.0
SAYAS,2025/09,1511280,XBRL,Maddi ve Maddi Olmayan Duran Varlıkların Alımından Kaynaklanan Nakit Çıkışları,CAPEX,-153144329.0,-180314383.0
SAYAS,2025/09,1511280,XBRL Diğer → elle (PDF/dipnot) · PDF: 'Diğer' satırı Not 5 FİNANSAL YATIRIMLAR referanslı (kur korumalı mevduat),Diğer Nakit Girişleri (Çıkışları),FINANSAL,253407820.0,223280151.0
SAYAS,2025/12,1567619,XBRL,Maddi ve Maddi Olmayan Duran Varlıkların Satışından Kaynaklanan Nakit Girişleri,SATIS,4409506.0,373611.0
SAYAS,2025/12,1567619,XBRL,Maddi ve Maddi Olmayan Duran Varlıkların Alımından Kaynaklanan Nakit Çıkışları,CAPEX,-167633004.0,-253786066.0
SAYAS,2025/12,1567619,XBRL Diğer → elle (PDF/dipnot) · PDF: 'Diğer' satırı Not 5 FİNANSAL YATIRIMLAR referanslı (kur korumalı mevduat),Diğer Nakit Girişleri (Çıkışları),FINANSAL,217739791.0,249603215.0
SAYAS,2026/03,1603572,XBRL,Maddi Duran Varlıkların Satışından Kaynaklanan Nakit Girişleri,SATIS,0.0,2667728.0
SAYAS,2026/03,1603572,XBRL,Maddi ve Maddi Olmayan Duran Varlıkların Alımından Kaynaklanan Nakit Çıkışları,CAPEX,-964075.0,-162869930.0
SAYAS,2026/03,1603572,XBRL Diğer → elle (PDF/dipnot) · PDF: 'Diğer' satırı Not 5 FİNANSAL YATIRIMLAR referanslı (kur korumalı mevduat),Diğer Nakit Girişleri (Çıkışları),FINANSAL,3969240.0,22650644.0
SAYAS,2026/06,1643827,XBRL,Maddi Duran Varlıkların Satışından Kaynaklanan Nakit Girişleri,SATIS,0.0,2861435.0
SAYAS,2026/06,1643827,XBRL,Maddi ve Maddi Olmayan Duran Varlıkların Alımından Kaynaklanan Nakit Çıkışları,CAPEX,-3181359.0,-181416561.0
SAYAS,2026/06,1643827,XBRL Diğer → elle (PDF/dipnot) · PDF: 'Diğer' satırı Not 5 FİNANSAL YATIRIMLAR referanslı (kur korumalı mevduat),Diğer Nakit Girişleri (Çıkışları),FINANSAL,-38182964.0,303919423.0
SDTTR,2025/09,1515078,XBRL,Maddi Duran Varlıkların Satışından Kaynaklanan Nakit Girişleri,SATIS,71945.0,555204.0
SDTTR,2025/09,1515078,XBRL,Maddi Duran Varlık Alımından Kaynaklanan Nakit Çıkışları,CAPEX,-103218267.0,-98552587.0
SDTTR,2025/09,1515078,XBRL,Maddi Olmayan Duran Varlık Alımından Kaynaklanan Nakit Çıkışları,CAPEX,-35454168.0,-2977022.0
SDTTR,2025/09,1515078,"XBRL Diğer → elle (PDF/dipnot) · PDF: 'İşletme Birleşmesinin Etkileri (Diğer Nakit Giriş Çıkışları)' satırı, Dipnot 17-18-19 — işletme birleşmesi (M&A, FCF after M&A'da)",Diğer Nakit Girişleri (Çıkışları),MA,-251997629.0,0.0
SDTTR,2024/12,1405030,XBRL,Maddi Duran Varlıkların Satışından Kaynaklanan Nakit Girişleri,SATIS,483934.0,28126.0
SDTTR,2024/12,1405030,XBRL,Maddi Duran Varlık Alımından Kaynaklanan Nakit Çıkışları,CAPEX,-127500620.0,-25417724.0
SDTTR,2024/12,1405030,XBRL,Maddi Olmayan Duran Varlık Alımından Kaynaklanan Nakit Çıkışları,CAPEX,-25644134.0,-12290296.0
SDTTR,2025/12,1569919,XBRL,Maddi Duran Varlıkların Satışından Kaynaklanan Nakit Girişleri,SATIS,31819544.0,633432.0
SDTTR,2025/12,1569919,XBRL,Maddi Duran Varlık Alımından Kaynaklanan Nakit Çıkışları,CAPEX,-245047346.0,-166888530.0
SDTTR,2025/12,1569919,XBRL,Maddi Olmayan Duran Varlık Alımından Kaynaklanan Nakit Çıkışları,CAPEX,-104979836.0,-33566204.0
SDTTR,2025/12,1569919,XBRL Diğer → PDF (TL),İşletme Birleşmesinin Etkileri,MA,-300941626.0,0.0
SDTTR,2026/03,1600155,XBRL,Maddi Duran Varlıkların Satışından Kaynaklanan Nakit Girişleri,SATIS,0.0,59866.0
SDTTR,2026/03,1600155,XBRL,Maddi Duran Varlık Alımından Kaynaklanan Nakit Çıkışları,CAPEX,-236748737.0,-20313459.0
SDTTR,2026/03,1600155,XBRL,Maddi Olmayan Duran Varlık Alımından Kaynaklanan Nakit Çıkışları,CAPEX,-42134284.0,-16990692.0
SNPAM,2025/03,1432043,XBRL,Bağlı Ortaklıkların Kontrolünün Kaybı Sonucunu Doğurmayan Satışlara İlişkin Nakit Girişleri,MA,153127337.0,53148562.0
SNPAM,2025/03,1432043,XBRL,Maddi Duran Varlıkların Satışından Kaynaklanan Nakit Girişleri,SATIS,0.0,586541.0
SNPAM,2025/03,1432043,XBRL,Maddi Duran Varlık Alımından Kaynaklanan Nakit Çıkışları,CAPEX,-12015022.0,-30228625.0
SNPAM,2024/12,1399139,XBRL,Bağlı Ortaklıkların Kontrolünün Kaybı Sonucunu Doğurmayan Satışlara İlişkin Nakit Girişleri,MA,-202531747.0,-178092639.0
SNPAM,2024/12,1399139,XBRL,Maddi Duran Varlıkların Satışından Kaynaklanan Nakit Girişleri,SATIS,11914301.0,0.0
SNPAM,2024/12,1399139,XBRL,Maddi Duran Varlık Alımından Kaynaklanan Nakit Çıkışları,CAPEX,-54001252.0,-284393582.0
SNPAM,2024/12,1399139,XBRL,Maddi Olmayan Duran Varlık Alımından Kaynaklanan Nakit Çıkışları,CAPEX,-777329.0,0.0
SNPAM,2026/03,1599608,XBRL,Maddi Duran Varlıkların Satışından Kaynaklanan Nakit Girişleri,SATIS,638053.0,0.0
SNPAM,2026/03,1599608,XBRL,Maddi ve Maddi Olmayan Duran Varlıkların Alımından Kaynaklanan Nakit Çıkışları,CAPEX,-8492577.0,-15723804.0
SNPAM,2026/03,1599608,XBRL Diğer → PDF (TL),Finansal Yatırımlar ve Özkaynaktan Pay Alma Yöntemi ile Değerlenen Yatırımlardaki Değişim,FINANSAL,23438989.0,200394491.0
SNPAM,2025/12,1563911,XBRL,Bağlı Ortaklıkların Kontrolünün Elde Edilmesine Yönelik Alışlara İlişkin Nakit Çıkışları,MA,-299585655.0,-202531747.0
SNPAM,2025/12,1563911,XBRL,Maddi Duran Varlıkların Satışından Kaynaklanan Nakit Girişleri,SATIS,82973.0,19041942.0
SNPAM,2025/12,1563911,XBRL,Maddi Duran Varlık Alımından Kaynaklanan Nakit Çıkışları,CAPEX,-102468164.0,-70683496.0
SNPAM,2025/12,1563911,XBRL,Maddi Olmayan Duran Varlık Alımından Kaynaklanan Nakit Çıkışları,CAPEX,0.0,-1017459.0
SNPAM,2025/12,1563911,XBRL,Alınan Faiz,FAIZ,24856335.0,19380302.0
SONME,2026/03,1599636,XBRL,Maddi ve Maddi Olmayan Duran Varlıkların Alımından Kaynaklanan Nakit Çıkışları,CAPEX,-143918.0,0.0
SONME,2026/03,1599636,XBRL Diğer → elle (PDF/dipnot) · PDF yatırım bölümü satırları,Finansal yatırımlar ve özkaynak yöntemiyle değerlenen yatırımlardaki değişim / Bağlı ortaklık hisse satışından sağlanan nakit (PDF),FINANSAL / önceki: MA,23438990.0,-74725562.0
SONME,2025/12,1563984,XBRL,Bağlı Ortaklıkların Kontrolünün Elde Edilmesine Yönelik Alışlara İlişkin Nakit Çıkışları,MA,-108154220.0,-461702309.0
SONME,2025/12,1563984,XBRL,Maddi Duran Varlıkların Satışından Kaynaklanan Nakit Girişleri,SATIS,0.0,3726455.0
SONME,2025/12,1563984,XBRL,Maddi Duran Varlık Alımından Kaynaklanan Nakit Çıkışları,CAPEX,-128743.0,-1770504.0
SONME,2025/12,1563984,XBRL,Alınan Faiz,FAIZ,37174371.0,15409767.0
SONME,2026/06,1646897,XBRL,Maddi ve Maddi Olmayan Duran Varlıkların Alımından Kaynaklanan Nakit Çıkışları,CAPEX,-154013.0,-151610.0
SONME,2026/06,1646897,XBRL Diğer → PDF (TL),Finansal Yatırımlar ve Özkaynaktan Pay Alma Yöntemi ile Değerlenen Yatırımlardaki Değişim,FINANSAL,60410833.0,36920154.0
SUNTK,2025/09,1514607,XBRL,Maddi Duran Varlıkların Satışından Kaynaklanan Nakit Girişleri,SATIS,9221056.0,12808876.0
SUNTK,2025/09,1514607,XBRL,Maddi Duran Varlık Alımından Kaynaklanan Nakit Çıkışları,CAPEX,-664773805.0,-623256935.0
SUNTK,2025/09,1514607,XBRL,Maddi Olmayan Duran Varlık Alımından Kaynaklanan Nakit Çıkışları,CAPEX,-112755981.0,-110578411.0
SUNTK,2025/09,1514607,XBRL,Yatırım Amaçlı Gayrimenkul Alımından Kaynaklanan Nakit Çıkışları,CAPEX,-33705221.0,-394493.0
SUNTK,2025/09,1514607,XBRL,Diğer Uzun Vadeli Varlık Alımından Kaynaklanan Nakit Çıkışları,ARTIK,-11647090.0,0.0
SUNTK,2025/09,1514607,XBRL,Verilen Diğer Nakit Avans ve Borçlar,AVANS,-44061231.0,-165757446.0
SUNTK,2025/09,1514607,XBRL Diğer → elle (PDF/dipnot) · PDF: 'Yatırım ya da finansman faaliyetlerinden kaynaklanan nakit girişi' = dipnotta 'Menkul kıymet satış karları' (tutar birebir),Diğer Nakit Girişleri (Çıkışları),FINANSAL,396043220.0,149636699.0
SUNTK,2024/12,1401053,XBRL,Maddi Duran Varlıkların Satışından Kaynaklanan Nakit Girişleri,SATIS,27193307.0,7907985.0
SUNTK,2024/12,1401053,XBRL,Maddi Duran Varlık Alımından Kaynaklanan Nakit Çıkışları,CAPEX,-617984539.0,-461871108.0
SUNTK,2024/12,1401053,XBRL,Maddi Olmayan Duran Varlık Alımından Kaynaklanan Nakit Çıkışları,CAPEX,-118123672.0,-100800819.0
SUNTK,2024/12,1401053,XBRL,Yatırım Amaçlı Gayrimenkul Alımından Kaynaklanan Nakit Çıkışları,CAPEX,-53261148.0,0.0
SUNTK,2024/12,1401053,XBRL,Diğer Verilen Nakit Avans ve Borçlardan Geri Ödemeler,AVANS,-101701324.0,9668542.0
SUNTK,2024/12,1401053,XBRL Diğer → elle (PDF/dipnot) · PDF: 'Yatırım ya da finansman faaliyetlerinden kaynaklanan nakit girişi' = dipnotta 'Menkul kıymet satış karları' (tutar birebir),Diğer Nakit Girişleri (Çıkışları),FINANSAL,236721320.0,4923852.0
SUNTK,2025/12,1571090,XBRL,Başka İşletmelerin veya Fonların Paylarının veya Borçlanma Araçlarının Edinimi İçin Yapılan Nakit Çıkışları,FINANSAL,-10838765.0,0.0
SUNTK,2025/12,1571090,XBRL,Maddi Duran Varlıkların Satışından Kaynaklanan Nakit Girişleri,SATIS,10912507.0,35593864.0
SUNTK,2025/12,1571090,XBRL,Maddi Duran Varlık Alımından Kaynaklanan Nakit Çıkışları,CAPEX,-441401591.0,-808892324.0
SUNTK,2025/12,1571090,XBRL,Maddi Olmayan Duran Varlık Alımından Kaynaklanan Nakit Çıkışları,CAPEX,-167219912.0,-154614436.0
SUNTK,2025/12,1571090,XBRL,Yatırım Amaçlı Gayrimenkul Alımından Kaynaklanan Nakit Çıkışları,CAPEX,-485095932.0,-69714582.0
SUNTK,2025/12,1571090,XBRL,Verilen Diğer Nakit Avans ve Borçlar,AVANS,80325394.0,-133118897.0
SUNTK,2025/12,1571090,XBRL Diğer → elle (PDF/dipnot) · PDF: 'Yatırım ya da finansman faaliyetlerinden kaynaklanan nakit girişi' = dipnotta 'Menkul kıymet satış karları' (tutar birebir),Diğer Nakit Girişleri (Çıkışları),FINANSAL,617913735.0,309849270.0
SUNTK,2026/03,1603612,XBRL,Başka İşletmelerin veya Fonların Paylarının veya Borçlanma Araçlarının Edinimi İçin Yapılan Nakit Çıkışları,FINANSAL,0.0,-11926971.0
SUNTK,2026/03,1603612,XBRL,Maddi Duran Varlıkların Satışından Kaynaklanan Nakit Girişleri,SATIS,11544510.0,8704616.0
SUNTK,2026/03,1603612,XBRL,Maddi Duran Varlık Alımından Kaynaklanan Nakit Çıkışları,CAPEX,-48296344.0,-279403692.0
SUNTK,2026/03,1603612,XBRL,Maddi Olmayan Duran Varlık Alımından Kaynaklanan Nakit Çıkışları,CAPEX,-43707073.0,-41346460.0
SUNTK,2026/03,1603612,XBRL,Yatırım Amaçlı Gayrimenkul Alımından Kaynaklanan Nakit Çıkışları,CAPEX,-88824085.0,-2603011.0
SUNTK,2026/03,1603612,XBRL,Verilen Diğer Nakit Avans ve Borçlar,AVANS,-45775674.0,-18865733.0
SUNTK,2026/03,1603612,XBRL Diğer → elle (PDF/dipnot) · PDF: 'Yatırım ya da finansman faaliyetlerinden kaynaklanan nakit girişi' = dipnotta 'Menkul kıymet satış karları' (tutar birebir),Diğer Nakit Girişleri (Çıkışları),FINANSAL,166733826.0,139517171.0
SUNTK,2026/06,1651397,elle (PDF) · PDF: 'Yatırım ya da finansman faaliyetlerinden kaynaklanan nakit girişi' = dipnotta 'Menkul kıymet satış karları' (tutar birebir),MDV alımı,CAPEX,-214093091.0,-615361105.0
SUNTK,2026/06,1651397,elle (PDF) · PDF: 'Yatırım ya da finansman faaliyetlerinden kaynaklanan nakit girişi' = dipnotta 'Menkul kıymet satış karları' (tutar birebir),MODV alımı,CAPEX,-88631527.0,-92303791.0
SUNTK,2026/06,1651397,elle (PDF) · PDF: 'Yatırım ya da finansman faaliyetlerinden kaynaklanan nakit girişi' = dipnotta 'Menkul kıymet satış karları' (tutar birebir),MDV satışı,SATIS,40497973.0,10963760.0
SUNTK,2026/06,1651397,elle (PDF) · PDF: 'Yatırım ya da finansman faaliyetlerinden kaynaklanan nakit girişi' = dipnotta 'Menkul kıymet satış karları' (tutar birebir),YAGM alımı,CAPEX,-160077457.0,-34467748.0
SUNTK,2026/06,1651397,elle (PDF) · PDF: 'Yatırım ya da finansman faaliyetlerinden kaynaklanan nakit girişi' = dipnotta 'Menkul kıymet satış karları' (tutar birebir),Finansal varlık alımı,FINANSAL,0.0,-12763513.0
SUNTK,2026/06,1651397,elle (PDF) · PDF: 'Yatırım ya da finansman faaliyetlerinden kaynaklanan nakit girişi' = dipnotta 'Menkul kıymet satış karları' (tutar birebir),Yatırım ya da finansman faaliyetlerinden nakit girişi (Not 15: menkul kıymet satış karları),FINANSAL,302319567.0,301321876.0
TEZOL,2025/03,1436942,XBRL,Maddi ve Maddi Olmayan Duran Varlıkların Satışından Kaynaklanan Nakit Girişleri,SATIS,0.0,595.0
TEZOL,2025/03,1436942,XBRL,Maddi ve Maddi Olmayan Duran Varlıkların Alımından Kaynaklanan Nakit Çıkışları,CAPEX,-21098.0,-203216.0
TEZOL,2025/03,1436942,XBRL,Verilen Nakit Avans ve Borçlar,AVANS,5794.0,0.0
TEZOL,2025/03,1436942,XBRL,Alınan Faiz,FAIZ,30833.0,40766.0
TEZOL,2025/03,1436942,XBRL,Katılım (Kar) Payı ve Diğer Finansal Araçlardan Nakit Çıkışları,FINANSAL,0.0,-526774.0
TEZOL,2025/03,1436942,XBRL,Katılım (Kar) Payı ve Diğer Finansal Araçlardan Nakit Girişleri,FINANSAL,168208.0,0.0
TEZOL,2024/12,1403951,XBRL,Maddi ve Maddi Olmayan Duran Varlıkların Satışından Kaynaklanan Nakit Girişleri,SATIS,3069182.0,2858908.0
TEZOL,2024/12,1403951,XBRL,Maddi ve Maddi Olmayan Duran Varlıkların Alımından Kaynaklanan Nakit Çıkışları,CAPEX,-323650705.0,-385687677.0
TEZOL,2024/12,1403951,XBRL,Verilen Diğer Nakit Avans ve Borçlar,AVANS,239814167.0,-157484938.0
TEZOL,2024/12,1403951,XBRL,Alınan Faiz,FAIZ,126784917.0,84339172.0
TEZOL,2024/12,1403951,XBRL,Katılım (Kar) Payı ve Diğer Finansal Araçlardan Nakit Çıkışları,FINANSAL,-303058339.0,-38699600.0
TEZOL,2025/06,1480320,elle (PDF) · XBRL'de yatırım bölümü yok; imzalı PDF (bin TL),MDV/MODV alımı,CAPEX,-40068000.0,-273420000.0
TEZOL,2025/06,1480320,elle (PDF) · XBRL'de yatırım bölümü yok; imzalı PDF (bin TL),MDV/MODV satışı,SATIS,76492000.0,1430000.0
TEZOL,2025/06,1480320,elle (PDF) · XBRL'de yatırım bölümü yok; imzalı PDF (bin TL),Verilen diğer nakit avans ve borçlar,AVANS,8890000.0,252850000.0
TEZOL,2025/06,1480320,elle (PDF) · XBRL'de yatırım bölümü yok; imzalı PDF (bin TL),Alınan faiz,FAIZ,46792000.0,40027000.0
TEZOL,2025/06,1480320,elle (PDF) · XBRL'de yatırım bölümü yok; imzalı PDF (bin TL),Katılım payı ve diğer finansal araçlar,FINANSAL,158232000.0,-398448000.0
TEZOL,2025/09,1514755,XBRL,Maddi ve Maddi Olmayan Duran Varlıkların Satışından Kaynaklanan Nakit Girişleri,SATIS,76492.0,2500.0
TEZOL,2025/09,1514755,XBRL,Maddi ve Maddi Olmayan Duran Varlıkların Alımından Kaynaklanan Nakit Çıkışları,CAPEX,-54566.0,-363795.0
TEZOL,2025/09,1514755,XBRL,Verilen Diğer Nakit Avans ve Borçlar,AVANS,14661.0,128105.0
TEZOL,2025/09,1514755,XBRL,Alınan Faiz,FAIZ,162808.0,70364.0
TEZOL,2025/09,1514755,XBRL,Katılım (Kar) Payı ve Diğer Finansal Araçlardan Nakit Çıkışları,FINANSAL,0.0,-103047.0
TEZOL,2025/09,1514755,XBRL,Katılım (Kar) Payı ve Diğer Finansal Araçlardan Nakit Girişleri,FINANSAL,330985.0,0.0
TEZOL,2025/12,1569184,XBRL,Maddi ve Maddi Olmayan Duran Varlıkların Satışından Kaynaklanan Nakit Girişleri,SATIS,46899.0,4017.0
TEZOL,2025/12,1569184,XBRL,Maddi ve Maddi Olmayan Duran Varlıkların Alımından Kaynaklanan Nakit Çıkışları,CAPEX,-87351.0,-423632.0
TEZOL,2025/12,1569184,XBRL,Verilen Diğer Nakit Avans ve Borçlar,AVANS,-21924.0,313897.0
TEZOL,2025/12,1569184,XBRL,Alınan Faiz,FAIZ,304134.0,165951.0
TEZOL,2025/12,1569184,XBRL Diğer → PDF (TL),Nakit Girişleri (Çıkışları) - Net,ARTIK,311481.0,-396680.0
TEZOL,2026/03,1605731,XBRL,Maddi ve Maddi Olmayan Duran Varlıkların Satışından Kaynaklanan Nakit Girişleri,SATIS,3366.0,0.0
TEZOL,2026/03,1605731,XBRL,Maddi ve Maddi Olmayan Duran Varlıkların Alımından Kaynaklanan Nakit Çıkışları,CAPEX,-4348.0,-27610.0
TEZOL,2026/03,1605731,XBRL,Verilen Diğer Nakit Avans ve Borçlar,AVANS,-22051.0,7582.0
TEZOL,2026/03,1605731,XBRL,Alınan Faiz,FAIZ,75850.0,40350.0
TEZOL,2026/03,1605731,XBRL,Katılım (Kar) Payı ve Diğer Finansal Araçlardan Nakit Girişleri,FINANSAL,0.0,220126.0
TEZOL,2026/06,1653185,XBRL,Maddi ve Maddi Olmayan Duran Varlıkların Satışından Kaynaklanan Nakit Girişleri,SATIS,0.0,101053.0
TEZOL,2026/06,1653185,XBRL,Maddi ve Maddi Olmayan Duran Varlıkların Alımından Kaynaklanan Nakit Çıkışları,CAPEX,-77539.0,-52935.0
TEZOL,2026/06,1653185,XBRL,Verilen Diğer Nakit Avans ve Borçlar,AVANS,-33805.0,11744.0
TEZOL,2026/06,1653185,XBRL,Alınan Faiz,FAIZ,137397.0,61816.0
TEZOL,2026/06,1653185,XBRL,Katılım (Kar) Payı ve Diğer Finansal Araçlardan Nakit Girişleri,FINANSAL,0.0,209041.0
TRALT,2025/03,1441174,XBRL,Maddi Duran Varlıkların Satışından Kaynaklanan Nakit Girişleri,SATIS,35005.0,13221.0
TRALT,2025/03,1441174,XBRL,Maddi Duran Varlık Alımından Kaynaklanan Nakit Çıkışları,CAPEX,-969094.0,-847462.0
TRALT,2025/03,1441174,XBRL,Maddi Olmayan Duran Varlık Alımından Kaynaklanan Nakit Çıkışları,CAPEX,-1261.0,-62.0
TRALT,2025/03,1441174,XBRL,Verilen Diğer Nakit Avans ve Borçlar,AVANS,-823836.0,-2702195.0
TRALT,2025/03,1441174,XBRL,Alınan Faiz,FAIZ,162725.0,291108.0
TRALT,2025/03,1441174,XBRL Diğer → PDF (TL),"Finansal yatırımlardan kaynaklanan nakit, net",FINANSAL,-790851.0,-153728.0
TRALT,2024/12,1407071,XBRL,Maddi Duran Varlıkların Satışından Kaynaklanan Nakit Girişleri,SATIS,31730.0,377521.0
TRALT,2024/12,1407071,XBRL,Maddi Duran Varlık Alımından Kaynaklanan Nakit Çıkışları,CAPEX,-4382283.0,-1795217.0
TRALT,2024/12,1407071,XBRL,Maddi Olmayan Duran Varlık Alımından Kaynaklanan Nakit Çıkışları,CAPEX,-2218.0,-19969.0
TRALT,2024/12,1407071,XBRL,Yatırım Amaçlı Gayrimenkul Satımından Kaynaklanan Nakit Girişleri,SATIS,0.0,1560005.0
TRALT,2024/12,1407071,XBRL,Yatırım Amaçlı Gayrimenkul Alımından Kaynaklanan Nakit Çıkışları,CAPEX,-1412037.0,0.0
TRALT,2024/12,1407071,XBRL,Satış Amacıyla Elde Tutulan Duran Varlık Satışlarından Kaynaklanan Nakit Girişleri,SATIS,0.0,702.0
TRALT,2024/12,1407071,XBRL,Verilen Diğer Nakit Avans ve Borçlar,AVANS,-1118407.0,-2455141.0
TRALT,2024/12,1407071,XBRL,Alınan Faiz,FAIZ,1199256.0,461497.0
TRALT,2024/12,1407071,XBRL (ayrışmadı) PDF satırlarıyla eşleşmedi,Diğer Nakit Girişleri (Çıkışları),ARTIK,3589574.0,7758302.0
TRALT,2025/06,1476236,XBRL,Maddi Duran Varlıkların Satışından Kaynaklanan Nakit Girişleri,SATIS,78459.0,26391.0
TRALT,2025/06,1476236,XBRL,Maddi Duran Varlık Alımından Kaynaklanan Nakit Çıkışları,CAPEX,-1511142.0,-2778558.0
TRALT,2025/06,1476236,XBRL,Maddi Olmayan Duran Varlık Alımından Kaynaklanan Nakit Çıkışları,CAPEX,-1689.0,-2032.0
TRALT,2025/06,1476236,XBRL,Verilen Diğer Nakit Avans ve Borçlar,AVANS,0.0,-1815039.0
TRALT,2025/06,1476236,XBRL,Alınan Faiz,FAIZ,556151.0,650740.0
TRALT,2025/06,1476236,XBRL Diğer → PDF (TL),"Finansal yatırımlardan kaynaklanan nakit, net",FINANSAL,1572343.0,1679385.0
ULUSE,2026/03,1605753,XBRL,Maddi ve Maddi Olmayan Duran Varlıkların Satışından Kaynaklanan Nakit Girişleri,SATIS,0.0,36178079.0
ULUSE,2026/03,1605753,XBRL,Maddi ve Maddi Olmayan Duran Varlıkların Alımından Kaynaklanan Nakit Çıkışları,CAPEX,-10514144.0,-32858662.0
ULUSE,2026/03,1605753,XBRL Diğer → PDF (TL),Diğer Nakit Girişleri (Çıkışları),ARTIK,-139831917.0,0.0
ULUSE,2025/12,1571418,XBRL,Maddi ve Maddi Olmayan Duran Varlıkların Satışından Kaynaklanan Nakit Girişleri,SATIS,0.0,6511800.0
ULUSE,2025/12,1571418,XBRL,Maddi ve Maddi Olmayan Duran Varlıkların Alımından Kaynaklanan Nakit Çıkışları,CAPEX,-214653182.0,-59500289.0
ULUSE,2025/12,1571418,XBRL,Verilen Nakit Avans ve Borçlar,AVANS,-26739842.0,0.0
ULUSE,2025/12,1571418,XBRL Diğer → PDF (TL),Diğer nakit girişleri (çıkışları),ARTIK,-7408443.0,0.0
UNLU,2025/03,1437513,XBRL,Maddi Duran Varlık Alımından Kaynaklanan Nakit Çıkışları,CAPEX,-4687176.0,-1123342.0
UNLU,2025/03,1437513,XBRL,Maddi Olmayan Duran Varlık Alımından Kaynaklanan Nakit Çıkışları,CAPEX,-732755.0,-2283436.0
UNLU,2025/03,1437513,XBRL,Alınan Temettüler,TEMETTU,6.0,6.0
UNLU,2025/03,1437513,XBRL Diğer → PDF (TL),Yapılmakta olan yatırım harcamaları,CAPEX_DIPNOT,-11939721.0,0.0
UNLU,2024/12,1402863,XBRL,Maddi Olmayan Duran Varlıkların Satışından Kaynaklanan Nakit Girişleri,SATIS,0.0,304843.0
UNLU,2024/12,1402863,XBRL,Maddi Duran Varlık Alımından Kaynaklanan Nakit Çıkışları,CAPEX,-10832416.0,-36451634.0
UNLU,2024/12,1402863,XBRL,Maddi Olmayan Duran Varlık Alımından Kaynaklanan Nakit Çıkışları,CAPEX,-4280762.0,-22635435.0
UNLU,2024/12,1402863,XBRL,Alınan Temettüler,TEMETTU,3421178.0,1986720.0
UNLU,2024/12,1402863,XBRL Diğer → PDF (TL),Yapılmakta olan yatırım harcamaları,CAPEX_DIPNOT,-28212459.0,-26835225.0
UNLU,2025/09,1513311,XBRL,Maddi Duran Varlık Alımından Kaynaklanan Nakit Çıkışları,CAPEX,-10387844.0,-12770897.0
UNLU,2025/09,1513311,XBRL,Maddi Olmayan Duran Varlık Alımından Kaynaklanan Nakit Çıkışları,CAPEX,-3582369.0,-695082.0
UNLU,2025/09,1513311,XBRL,Alınan Temettüler,TEMETTU,1074947.0,1712675.0
UNLU,2025/09,1513311,XBRL Diğer → PDF (TL),Yapılmakta olan yatırım harcamaları,CAPEX_DIPNOT,-46448023.0,-20298646.0
UNLU,2025/12,1569069,XBRL,Maddi Duran Varlıkların Satışından Kaynaklanan Nakit Girişleri,SATIS,4009871.0,0.0
UNLU,2025/12,1569069,XBRL,Maddi Duran Varlık Alımından Kaynaklanan Nakit Çıkışları,CAPEX,-14260247.0,-14178802.0
UNLU,2025/12,1569069,XBRL,Maddi Olmayan Duran Varlık Alımından Kaynaklanan Nakit Çıkışları,CAPEX,-7479128.0,-5603189.0
UNLU,2025/12,1569069,XBRL,Alınan Temettüler,TEMETTU,1121827.0,4478060.0
UNLU,2025/12,1569069,XBRL,Alınan Faiz,FAIZ,286460040.0,408396135.0
UNLU,2025/12,1569069,XBRL Diğer → PDF (TL),Yapılmakta olan yatırım harcamaları,CAPEX_DIPNOT,-63480444.0,-36927944.0
VAKKO,2025/12,1567797,XBRL,Maddi Duran Varlıkların Satışından Kaynaklanan Nakit Girişleri,SATIS,495498.0,499362.0
VAKKO,2025/12,1567797,XBRL,Maddi Duran Varlık Alımından Kaynaklanan Nakit Çıkışları,CAPEX,-564856972.0,-307024767.0
VAKKO,2025/12,1567797,XBRL,Maddi Olmayan Duran Varlık Alımından Kaynaklanan Nakit Çıkışları,CAPEX,-39544170.0,-47220408.0
VAKKO,2025/12,1567797,XBRL Diğer → PDF (TL),Finansal yatırımlara ilişkin nakit (çıkışları)/girişleri,FINANSAL,-621839595.0,120937157.0
VAKKO,2026/06,1651616,XBRL,Maddi Duran Varlıkların Satışından Kaynaklanan Nakit Girişleri,SATIS,96772.0,353755.0
VAKKO,2026/06,1651616,XBRL,Maddi Duran Varlık Alımından Kaynaklanan Nakit Çıkışları,CAPEX,-412315831.0,-260288595.0
VAKKO,2026/06,1651616,XBRL,Maddi Olmayan Duran Varlık Alımından Kaynaklanan Nakit Çıkışları,CAPEX,-30472021.0,-37338349.0
VAKKO,2026/06,1651616,XBRL Diğer → PDF (TL),Finansal yatırımlara ilişkin nakit girişleri/(çıkışları),FINANSAL,1196585325.0,-10536602.0
VANGD,2025/09,1509438,XBRL,Maddi ve Maddi Olmayan Duran Varlıkların Satışından Kaynaklanan Nakit Girişleri,SATIS,-112314.0,728261.0
VANGD,2025/09,1509438,XBRL,Maddi ve Maddi Olmayan Duran Varlıkların Alımından Kaynaklanan Nakit Çıkışları,CAPEX,-708134.0,-10301891.0
VANGD,2025/09,1509438,XBRL Diğer → PDF (TL),Finansal Yatırımlardaki Azalış (Artış),FINANSAL,-3505.0,-599971.0
VANGD,2024/12,1397451,XBRL,Maddi ve Maddi Olmayan Duran Varlıkların Satışından Kaynaklanan Nakit Girişleri,SATIS,745408.0,0.0
VANGD,2024/12,1397451,XBRL,Maddi ve Maddi Olmayan Duran Varlıkların Alımından Kaynaklanan Nakit Çıkışları,CAPEX,-8278286.0,-266676.0
VANGD,2024/12,1397451,XBRL,Yatırım Amaçlı Gayrimenkul Alımından Kaynaklanan Nakit Çıkışları,CAPEX,0.0,-558433.0
VANGD,2024/12,1397451,XBRL Diğer → PDF (TL),Finansal Yatırımlardaki Artış,FINANSAL,2416691.0,910405.0
VANGD,2026/06,1647310,XBRL,Maddi Duran Varlıkların Satışından Kaynaklanan Nakit Girişleri,SATIS,-430060.0,-654830.0
VANGD,2026/06,1647310,XBRL Diğer → PDF (TL),Finansal Yatırımlardaki Azalış (Artış),FINANSAL,-8125754.0,-18030.0
VANGD,2025/12,1564210,XBRL,Başka İşletmelerin veya Fonların Paylarının veya Borçlanma Araçlarının Satılması Sonucu Elde Edilen Nakit Girişleri,FINANSAL,0.0,3163255.0
VANGD,2025/12,1564210,XBRL,Başka İşletmelerin veya Fonların Paylarının veya Borçlanma Araçlarının Edinimi İçin Yapılan Nakit Çıkışları,FINANSAL,-4258.0,0.0
VANGD,2025/12,1564210,XBRL,Maddi Duran Varlıkların Satışından Kaynaklanan Nakit Girişleri,SATIS,55188.0,975679.0
VANGD,2025/12,1564210,XBRL,Maddi Duran Varlık Alımından Kaynaklanan Nakit Çıkışları,CAPEX,-804633.0,-10835614.0
YAYLA,2025/03,1437866,XBRL,Maddi Duran Varlıkların Satışından Kaynaklanan Nakit Girişleri,SATIS,1908676.0,3130564.0
YAYLA,2025/03,1437866,XBRL,Maddi Duran Varlık Alımından Kaynaklanan Nakit Çıkışları,CAPEX,-168186.0,-40570553.0
YAYLA,2025/03,1437866,XBRL Diğer → elle (PDF/dipnot) · Cari: dipnotta kira geliri (tutar birebir); önceki: şirketin Diğer satırı Dipnot 7 (diğer alacak/borç),Diğer nakit girişleri — dipnot: yatırım amaçlı gayrimenkullerin kira geliri 5.396.757,KIRA_GELIRI / önceki: AVANS,5396757.0,43528859.0
YAYLA,2024/12,1398807,XBRL,Maddi ve Maddi Olmayan Duran Varlıkların Satışından Kaynaklanan Nakit Girişleri,SATIS,2844344.0,3976398.0
YAYLA,2024/12,1398807,XBRL,Maddi Duran Varlık Alımından Kaynaklanan Nakit Çıkışları,CAPEX,-1134988.0,-61494.0
YAYLA,2024/12,1398807,"XBRL Diğer → elle (PDF/dipnot) · PDF: 'Diğer nakit girişleri (çıkışları)' satırı (2025/09 raporunda) Dipnot 7 DİĞER ALACAK VE DİĞER BORÇLAR referanslı (ilişkili taraf alacakları, teminatlar); capex değil",Diğer Nakit Girişleri (Çıkışları),AVANS,-35726300.0,0.0
YAYLA,2025/06,1476112,XBRL,Maddi ve Maddi Olmayan Duran Varlıkların Alımından Kaynaklanan Nakit Çıkışları,CAPEX,-178289.0,-41861568.0
YAYLA,2025/06,1476112,"XBRL Diğer → elle (PDF/dipnot) · PDF: 'Diğer nakit girişleri (çıkışları)' satırı (2025/09 raporunda) Dipnot 7 DİĞER ALACAK VE DİĞER BORÇLAR referanslı (ilişkili taraf alacakları, teminatlar); capex değil",Diğer Nakit Girişleri (Çıkışları),AVANS,16626249.0,13866113.0
YAYLA,2025/09,1513333,XBRL,Maddi ve Maddi Olmayan Duran Varlıkların Satışından Kaynaklanan Nakit Girişleri,SATIS,10020444.0,3567649.0
YAYLA,2025/09,1513333,XBRL,Maddi ve Maddi Olmayan Duran Varlıkların Alımından Kaynaklanan Nakit Çıkışları,CAPEX,-10593064.0,-46234962.0
YAYLA,2025/09,1513333,"XBRL Diğer → elle (PDF/dipnot) · PDF: 'Diğer nakit girişleri (çıkışları)' satırı (2025/09 raporunda) Dipnot 7 DİĞER ALACAK VE DİĞER BORÇLAR referanslı (ilişkili taraf alacakları, teminatlar); capex değil",Diğer Nakit Girişleri (Çıkışları),AVANS,6022787.0,49606305.0
YAYLA,2025/12,1564191,XBRL,Maddi Duran Varlıkların Satışından Kaynaklanan Nakit Girişleri,SATIS,214534.0,3723028.0
YAYLA,2025/12,1564191,XBRL,Maddi Olmayan Duran Varlıkların Satışından Kaynaklanan Nakit Girişleri,SATIS,10242325.0,0.0
YAYLA,2025/12,1564191,XBRL,Maddi Duran Varlık Alımından Kaynaklanan Nakit Çıkışları,CAPEX,-461592.0,-48248597.0
YAYLA,2025/12,1564191,XBRL,Maddi Olmayan Duran Varlık Alımından Kaynaklanan Nakit Çıkışları,CAPEX,-247458.0,0.0
YAYLA,2025/12,1564191,"XBRL Diğer → elle (PDF/dipnot) · PDF: 'Diğer nakit girişleri (çıkışları)' satırı (2025/09 raporunda) Dipnot 7 DİĞER ALACAK VE DİĞER BORÇLAR referanslı (ilişkili taraf alacakları, teminatlar); capex değil",Diğer Nakit Girişleri (Çıkışları),AVANS,16879947.0,51766768.0
YAYLA,2026/03,1603555,XBRL,Maddi Duran Varlıkların Satışından Kaynaklanan Nakit Girişleri,SATIS,1949362.0,2497842.0
YAYLA,2026/03,1603555,XBRL,Maddi Duran Varlık Alımından Kaynaklanan Nakit Çıkışları,CAPEX,0.0,-220101.0
YAYLA,2026/03,1603555,"XBRL Diğer → elle (PDF/dipnot) · PDF: 'Diğer nakit girişleri (çıkışları)' satırı (2025/09 raporunda) Dipnot 7 DİĞER ALACAK VE DİĞER BORÇLAR referanslı (ilişkili taraf alacakları, teminatlar); capex değil",Diğer Nakit Girişleri (Çıkışları),AVANS,1674112.0,7062621.0
YAYLA,2026/06,1645547,XBRL,Maddi Duran Varlıkların Satışından Kaynaklanan Nakit Girişleri,SATIS,2269688.0,0.0
YAYLA,2026/06,1645547,XBRL,Maddi Duran Varlık Alımından Kaynaklanan Nakit Çıkışları,CAPEX,-183609.0,-235540.0
YAYLA,2026/06,1645547,"XBRL Diğer → elle (PDF/dipnot) · PDF: 'Diğer nakit girişleri (çıkışları)' satırı (2025/09 raporunda) Dipnot 7 DİĞER ALACAK VE DİĞER BORÇLAR referanslı (ilişkili taraf alacakları, teminatlar); capex değil",Diğer Nakit Girişleri (Çıkışları),AVANS,3608278.0,21965045.0
