Kod,Tip,Dönem,CFO TTM,CFO statü,CFO bileşen,CFO kanıt,MDV+MODV TTM,MDV+MODV statü,MDV+MODV bileşen,MDV+MODV kanıt,YAGM TTM,YAGM statü,YAGM bileşen,YAGM kanıt,KIRA TTM,KIRA statü,KIRA bileşen,KIRA kanıt,Satır statü
A1YEN,Standart,2025/09,,BELGE_YOK,— | -23.982 | —,2025/09 INDIRILMEDI ‖ KAP 1403677 2024/12 cari · PDF s.11 (TL): A. İşletme Faaliyetlerden Elde Edilen Nakit Akışları (23.982.191) (217.087.165) ‖ 2025/09 INDIRILMEDI,,BELGE_YOK,— | -10.763 | —,2025/09 INDIRILMEDI ‖ KAP 1403677 2024/12 cari · PDF s.11 (TL): Maddi ve Maddi Olmayan Duran Varlıkların Alımından Kaynaklanan Nakit Çıkışları (10.762.856) (520.334.994) ‖ 2025/09 INDIRILMEDI,,BELGE_YOK,— | 0.000 | —,2025/09 INDIRILMEDI ‖ KAP 1403677 2024/12 cari ‖ 2025/09 INDIRILMEDI,,BELGE_YOK,— | 0.000 | —,2025/09 INDIRILMEDI ‖ KAP 1403677 2024/12 cari ‖ 2025/09 INDIRILMEDI,BELGE_YOK
A1YEN,Standart,2026/03,,BELGE_YOK,— | — | —,2026/03 INDIRILMEDI ‖ 2025/12 INDIRILMEDI ‖ 2026/03 INDIRILMEDI,,BELGE_YOK,— | — | —,2026/03 INDIRILMEDI ‖ 2025/12 INDIRILMEDI ‖ 2026/03 INDIRILMEDI,,BELGE_YOK,— | — | —,2026/03 INDIRILMEDI ‖ 2025/12 INDIRILMEDI ‖ 2026/03 INDIRILMEDI,,BELGE_YOK,— | — | —,2026/03 INDIRILMEDI ‖ 2025/12 INDIRILMEDI ‖ 2026/03 INDIRILMEDI,BELGE_YOK
AFYON,Standart,2025/03,906.658,TEYITLI,-198.907 | 1182.861 | 77.296,KAP 1429229 2025/03 cari · PDF s.7 (TL): A. İşletme faaliyetlerinden nakit akışları (198.907.136) 77.296.005 ‖ KAP 1394544 2024/12 cari · PDF s.12 (TL): A. İşletme faaliyetlerinden nakit akışları 1.182.861.266 491.699.382 ‖ KAP 1429229 2025/03 onceki · PDF s.7 (TL): A. İşletme faaliyetlerinden nakit akışları (198.907.136) 77.296.005,-438.191,ELLE,-170.149 | -304.124 | -36.083,KAP 1429229 2025/03 cari · PDF s.7 (TL): B. Yatırım faaliyetlerinden kaynaklanan nakit akışları (170.149.480) (26.808.587) ‖ KAP 1394544 2024/12 cari · PDF_TUTMADI ‖ KAP 1429229 2025/03 onceki · PDF s.7 (TL): Maddi ve maddi olmayan duran varlıkların alımından kaynaklanan nakit çıkışları 9 (170.149.480) (36.082.572),0.0,TEYITLI,0.000 | 0.000 | 0.000,KAP 1429229 2025/03 cari ‖ KAP 1394544 2024/12 cari ‖ KAP 1429229 2025/03 onceki,0.0,TEYITLI,0.000 | 0.000 | 0.000,KAP 1429229 2025/03 cari ‖ KAP 1394544 2024/12 cari ‖ KAP 1429229 2025/03 onceki,ELLE
AFYON,Standart,2025/06,,BELGE_YOK,— | 1182.861 | —,2025/06 INDIRILMEDI ‖ KAP 1394544 2024/12 cari · PDF s.12 (TL): A. İşletme faaliyetlerinden nakit akışları 1.182.861.266 491.699.382 ‖ 2025/06 INDIRILMEDI,,BELGE_YOK,— | -304.124 | —,2025/06 INDIRILMEDI ‖ KAP 1394544 2024/12 cari · PDF_TUTMADI ‖ 2025/06 INDIRILMEDI,,BELGE_YOK,— | 0.000 | —,2025/06 INDIRILMEDI ‖ KAP 1394544 2024/12 cari ‖ 2025/06 INDIRILMEDI,,BELGE_YOK,— | 0.000 | —,2025/06 INDIRILMEDI ‖ KAP 1394544 2024/12 cari ‖ 2025/06 INDIRILMEDI,BELGE_YOK
AFYON,Standart,2025/09,,BELGE_YOK,— | 1182.861 | —,2025/09 INDIRILMEDI ‖ KAP 1394544 2024/12 cari · PDF s.12 (TL): A. İşletme faaliyetlerinden nakit akışları 1.182.861.266 491.699.382 ‖ 2025/09 INDIRILMEDI,,BELGE_YOK,— | -304.124 | —,2025/09 INDIRILMEDI ‖ KAP 1394544 2024/12 cari · PDF_TUTMADI ‖ 2025/09 INDIRILMEDI,,BELGE_YOK,— | 0.000 | —,2025/09 INDIRILMEDI ‖ KAP 1394544 2024/12 cari ‖ 2025/09 INDIRILMEDI,,BELGE_YOK,— | 0.000 | —,2025/09 INDIRILMEDI ‖ KAP 1394544 2024/12 cari ‖ 2025/09 INDIRILMEDI,BELGE_YOK
AFYON,Standart,2026/06,,BELGE_YOK,— | — | —,2026/06 INDIRILMEDI ‖ 2025/12 INDIRILMEDI ‖ 2026/06 INDIRILMEDI,,BELGE_YOK,— | — | —,2026/06 INDIRILMEDI ‖ 2025/12 INDIRILMEDI ‖ 2026/06 INDIRILMEDI,,BELGE_YOK,— | — | —,2026/06 INDIRILMEDI ‖ 2025/12 INDIRILMEDI ‖ 2026/06 INDIRILMEDI,,BELGE_YOK,— | — | —,2026/06 INDIRILMEDI ‖ 2025/12 INDIRILMEDI ‖ 2026/06 INDIRILMEDI,BELGE_YOK
AGROT,Standart,2025/06,,BELGE_YOK,— | 901.480 | —,2025/06 INDIRILMEDI ‖ KAP 1411771 2024/12 cari · PDF s.14 (TL): İşletme sermayesindeki değişim sonra faaliyetlerden sağlanan nakit akışı 901.480.189 (434.358.756) ‖ 2025/06 INDIRILMEDI,,BELGE_YOK,— | -349.620 | —,2025/06 INDIRILMEDI ‖ KAP 1411771 2024/12 cari · PDF s.14 (TL): Maddi duran varlıklardaki değişim 11 (349.619.863) (678.809.916) ‖ 2025/06 INDIRILMEDI,,BELGE_YOK,— | 0.000 | —,2025/06 INDIRILMEDI ‖ KAP 1411771 2024/12 cari ‖ 2025/06 INDIRILMEDI,,BELGE_YOK,— | 0.000 | —,2025/06 INDIRILMEDI ‖ KAP 1411771 2024/12 cari ‖ 2025/06 INDIRILMEDI,BELGE_YOK
AGROT,Standart,2025/09,,BELGE_YOK,— | 901.480 | —,2025/09 INDIRILMEDI ‖ KAP 1411771 2024/12 cari · PDF s.14 (TL): İşletme sermayesindeki değişim sonra faaliyetlerden sağlanan nakit akışı 901.480.189 (434.358.756) ‖ 2025/09 INDIRILMEDI,,BELGE_YOK,— | -349.620 | —,2025/09 INDIRILMEDI ‖ KAP 1411771 2024/12 cari · PDF s.14 (TL): Maddi duran varlıklardaki değişim 11 (349.619.863) (678.809.916) ‖ 2025/09 INDIRILMEDI,,BELGE_YOK,— | 0.000 | —,2025/09 INDIRILMEDI ‖ KAP 1411771 2024/12 cari ‖ 2025/09 INDIRILMEDI,,BELGE_YOK,— | 0.000 | —,2025/09 INDIRILMEDI ‖ KAP 1411771 2024/12 cari ‖ 2025/09 INDIRILMEDI,BELGE_YOK
AGROT,Standart,2025/12,,BELGE_YOK,—,2025/12 INDIRILMEDI,,BELGE_YOK,—,2025/12 INDIRILMEDI,,BELGE_YOK,—,2025/12 INDIRILMEDI,,BELGE_YOK,—,2025/12 INDIRILMEDI,BELGE_YOK
AGROT,Standart,2026/03,,BELGE_YOK,— | — | —,2026/03 INDIRILMEDI ‖ 2025/12 INDIRILMEDI ‖ 2026/03 INDIRILMEDI,,BELGE_YOK,— | — | —,2026/03 INDIRILMEDI ‖ 2025/12 INDIRILMEDI ‖ 2026/03 INDIRILMEDI,,BELGE_YOK,— | — | —,2026/03 INDIRILMEDI ‖ 2025/12 INDIRILMEDI ‖ 2026/03 INDIRILMEDI,,BELGE_YOK,— | — | —,2026/03 INDIRILMEDI ‖ 2025/12 INDIRILMEDI ‖ 2026/03 INDIRILMEDI,BELGE_YOK
AGROT,Standart,2026/06,,BELGE_YOK,— | — | —,2026/06 INDIRILMEDI ‖ 2025/12 INDIRILMEDI ‖ 2026/06 INDIRILMEDI,,BELGE_YOK,— | — | —,2026/06 INDIRILMEDI ‖ 2025/12 INDIRILMEDI ‖ 2026/06 INDIRILMEDI,,BELGE_YOK,— | — | —,2026/06 INDIRILMEDI ‖ 2025/12 INDIRILMEDI ‖ 2026/06 INDIRILMEDI,,BELGE_YOK,— | — | —,2026/06 INDIRILMEDI ‖ 2025/12 INDIRILMEDI ‖ 2026/06 INDIRILMEDI,BELGE_YOK
AKHAN,Standart,2025/03,,BELGE_YOK,— | — | —,2025/03 raporu KAP’ta yok ‖ 2024/12 raporu KAP’ta yok ‖ 2025/03 raporu KAP’ta yok,,BELGE_YOK,— | — | —,2025/03 raporu KAP’ta yok ‖ 2024/12 raporu KAP’ta yok ‖ 2025/03 raporu KAP’ta yok,,BELGE_YOK,— | — | —,2025/03 raporu KAP’ta yok ‖ 2024/12 raporu KAP’ta yok ‖ 2025/03 raporu KAP’ta yok,,BELGE_YOK,— | — | —,2025/03 raporu KAP’ta yok ‖ 2024/12 raporu KAP’ta yok ‖ 2025/03 raporu KAP’ta yok,BELGE_YOK
AKHAN,Standart,2025/06,,BELGE_YOK,— | — | —,2025/06 raporu KAP’ta yok ‖ 2024/12 raporu KAP’ta yok ‖ 2025/06 raporu KAP’ta yok,,BELGE_YOK,— | — | —,2025/06 raporu KAP’ta yok ‖ 2024/12 raporu KAP’ta yok ‖ 2025/06 raporu KAP’ta yok,,BELGE_YOK,— | — | —,2025/06 raporu KAP’ta yok ‖ 2024/12 raporu KAP’ta yok ‖ 2025/06 raporu KAP’ta yok,,BELGE_YOK,— | — | —,2025/06 raporu KAP’ta yok ‖ 2024/12 raporu KAP’ta yok ‖ 2025/06 raporu KAP’ta yok,BELGE_YOK
AKHAN,Standart,2025/09,,BELGE_YOK,— | — | —,2025/09 raporu KAP’ta yok ‖ 2024/12 raporu KAP’ta yok ‖ 2025/09 raporu KAP’ta yok,,BELGE_YOK,— | — | —,2025/09 raporu KAP’ta yok ‖ 2024/12 raporu KAP’ta yok ‖ 2025/09 raporu KAP’ta yok,,BELGE_YOK,— | — | —,2025/09 raporu KAP’ta yok ‖ 2024/12 raporu KAP’ta yok ‖ 2025/09 raporu KAP’ta yok,,BELGE_YOK,— | — | —,2025/09 raporu KAP’ta yok ‖ 2024/12 raporu KAP’ta yok ‖ 2025/09 raporu KAP’ta yok,BELGE_YOK
AKHAN,Standart,2025/12,,BELGE_YOK,—,2025/12 INDIRILMEDI,,BELGE_YOK,—,2025/12 INDIRILMEDI,,BELGE_YOK,—,2025/12 INDIRILMEDI,,BELGE_YOK,—,2025/12 INDIRILMEDI,BELGE_YOK
AKHAN,Standart,2026/03,,BELGE_YOK,— | — | —,2026/03 INDIRILMEDI ‖ 2025/12 INDIRILMEDI ‖ 2026/03 INDIRILMEDI,,BELGE_YOK,— | — | —,2026/03 INDIRILMEDI ‖ 2025/12 INDIRILMEDI ‖ 2026/03 INDIRILMEDI,,BELGE_YOK,— | — | —,2026/03 INDIRILMEDI ‖ 2025/12 INDIRILMEDI ‖ 2026/03 INDIRILMEDI,,BELGE_YOK,— | — | —,2026/03 INDIRILMEDI ‖ 2025/12 INDIRILMEDI ‖ 2026/03 INDIRILMEDI,BELGE_YOK
AKHAN,Standart,2026/06,,BELGE_YOK,— | — | —,2026/06 INDIRILMEDI ‖ 2025/12 INDIRILMEDI ‖ 2026/06 INDIRILMEDI,,BELGE_YOK,— | — | —,2026/06 INDIRILMEDI ‖ 2025/12 INDIRILMEDI ‖ 2026/06 INDIRILMEDI,,BELGE_YOK,— | — | —,2026/06 INDIRILMEDI ‖ 2025/12 INDIRILMEDI ‖ 2026/06 INDIRILMEDI,,BELGE_YOK,— | — | —,2026/06 INDIRILMEDI ‖ 2025/12 INDIRILMEDI ‖ 2026/06 INDIRILMEDI,BELGE_YOK
AKSUE,Standart,2025/06,,BELGE_YOK,— | 25.698 | —,2025/06 INDIRILMEDI ‖ KAP 1399036 2024/12 cari · PDF s.11 (TL): İşletme Faaliyetlerinden Nakit Akışları 25.697.765 63.672.729 ‖ 2025/06 INDIRILMEDI,,BELGE_YOK,— | -11.356 | —,2025/06 INDIRILMEDI ‖ KAP 1399036 2024/12 cari · PDF s.11 (TL): Kaynaklanan Nakit Çıkışları (11.356.284) ‖ 2025/06 INDIRILMEDI,,BELGE_YOK,— | 0.000 | —,2025/06 INDIRILMEDI ‖ KAP 1399036 2024/12 cari ‖ 2025/06 INDIRILMEDI,,BELGE_YOK,— | -44.292 | —,2025/06 INDIRILMEDI ‖ KAP 1399036 2024/12 cari · PDF s.11 (TL): Kiralamalara İlişkin Nakit Çıkışları 6 (44.291.544) (125.603.624) ‖ 2025/06 INDIRILMEDI,BELGE_YOK
AKSUE,Standart,2025/09,,BELGE_YOK,— | 25.698 | —,2025/09 INDIRILMEDI ‖ KAP 1399036 2024/12 cari · PDF s.11 (TL): İşletme Faaliyetlerinden Nakit Akışları 25.697.765 63.672.729 ‖ 2025/09 INDIRILMEDI,,BELGE_YOK,— | -11.356 | —,2025/09 INDIRILMEDI ‖ KAP 1399036 2024/12 cari · PDF s.11 (TL): Kaynaklanan Nakit Çıkışları (11.356.284) ‖ 2025/09 INDIRILMEDI,,BELGE_YOK,— | 0.000 | —,2025/09 INDIRILMEDI ‖ KAP 1399036 2024/12 cari ‖ 2025/09 INDIRILMEDI,,BELGE_YOK,— | -44.292 | —,2025/09 INDIRILMEDI ‖ KAP 1399036 2024/12 cari · PDF s.11 (TL): Kiralamalara İlişkin Nakit Çıkışları 6 (44.291.544) (125.603.624) ‖ 2025/09 INDIRILMEDI,BELGE_YOK
AKSUE,Standart,2026/03,,BELGE_YOK,— | — | —,2026/03 INDIRILMEDI ‖ 2025/12 INDIRILMEDI ‖ 2026/03 INDIRILMEDI,,BELGE_YOK,— | — | —,2026/03 INDIRILMEDI ‖ 2025/12 INDIRILMEDI ‖ 2026/03 INDIRILMEDI,,BELGE_YOK,— | — | —,2026/03 INDIRILMEDI ‖ 2025/12 INDIRILMEDI ‖ 2026/03 INDIRILMEDI,,BELGE_YOK,— | — | —,2026/03 INDIRILMEDI ‖ 2025/12 INDIRILMEDI ‖ 2026/03 INDIRILMEDI,BELGE_YOK
AKYHO,Standart,2025/03,,BELGE_YOK,— | -90.513 | —,2025/03 INDIRILMEDI ‖ KAP 1405228 2024/12 cari · PDF s.12 (TL): A. İŞLETME FAALİYETLERİNDEN NAKİT AKIŞLARI (90.513.489) (13.346.571) ‖ 2025/03 INDIRILMEDI,,BELGE_YOK,— | -23.867 | —,"2025/03 INDIRILMEDI ‖ KAP 1405228 2024/12 cari · PDF s.13 (TL): 20,21 (23.866.595) (31.198.748) ‖ 2025/03 INDIRILMEDI",,BELGE_YOK,— | 0.000 | —,2025/03 INDIRILMEDI ‖ KAP 1405228 2024/12 cari ‖ 2025/03 INDIRILMEDI,,BELGE_YOK,— | -0.827 | —,2025/03 INDIRILMEDI ‖ KAP 1405228 2024/12 cari · PDF s.13 (TL): 9 (827.332) (2.897.181) ‖ 2025/03 INDIRILMEDI,BELGE_YOK
AKYHO,Standart,2025/06,,BELGE_YOK,— | -90.513 | —,2025/06 INDIRILMEDI ‖ KAP 1405228 2024/12 cari · PDF s.12 (TL): A. İŞLETME FAALİYETLERİNDEN NAKİT AKIŞLARI (90.513.489) (13.346.571) ‖ 2025/06 INDIRILMEDI,,BELGE_YOK,— | -23.867 | —,"2025/06 INDIRILMEDI ‖ KAP 1405228 2024/12 cari · PDF s.13 (TL): 20,21 (23.866.595) (31.198.748) ‖ 2025/06 INDIRILMEDI",,BELGE_YOK,— | 0.000 | —,2025/06 INDIRILMEDI ‖ KAP 1405228 2024/12 cari ‖ 2025/06 INDIRILMEDI,,BELGE_YOK,— | -0.827 | —,2025/06 INDIRILMEDI ‖ KAP 1405228 2024/12 cari · PDF s.13 (TL): 9 (827.332) (2.897.181) ‖ 2025/06 INDIRILMEDI,BELGE_YOK
AKYHO,Standart,2025/09,,BELGE_YOK,— | -90.513 | —,2025/09 INDIRILMEDI ‖ KAP 1405228 2024/12 cari · PDF s.12 (TL): A. İŞLETME FAALİYETLERİNDEN NAKİT AKIŞLARI (90.513.489) (13.346.571) ‖ 2025/09 INDIRILMEDI,,BELGE_YOK,— | -23.867 | —,"2025/09 INDIRILMEDI ‖ KAP 1405228 2024/12 cari · PDF s.13 (TL): 20,21 (23.866.595) (31.198.748) ‖ 2025/09 INDIRILMEDI",,BELGE_YOK,— | 0.000 | —,2025/09 INDIRILMEDI ‖ KAP 1405228 2024/12 cari ‖ 2025/09 INDIRILMEDI,,BELGE_YOK,— | -0.827 | —,2025/09 INDIRILMEDI ‖ KAP 1405228 2024/12 cari · PDF s.13 (TL): 9 (827.332) (2.897.181) ‖ 2025/09 INDIRILMEDI,BELGE_YOK
ALARK,Holding,2025/03,,BELGE_YOK,— | 1.264 | —,2025/03 INDIRILMEDI ‖ KAP 1403943 2024/12 cari · PDF s.12 (TL): A. İşletme faaliyetlerinden nakit akışları 1.263.675 3.975.876 ‖ 2025/03 INDIRILMEDI,,BELGE_YOK,— | -6.309 | —,"2025/03 INDIRILMEDI ‖ KAP 1403943 2024/12 cari · PDF s.12 (TL): Maddi ve maddi olmayan duran varlıkların alımından kaynaklanan nakit çıkışları 18,19 (6.309.121) (4.632.995) ‖ 2025/03 INDIRILMEDI",,BELGE_YOK,— | 0.000 | —,2025/03 INDIRILMEDI ‖ KAP 1403943 2024/12 cari ‖ 2025/03 INDIRILMEDI,,BELGE_YOK,— | -0.031 | —,2025/03 INDIRILMEDI ‖ KAP 1403943 2024/12 cari · PDF s.12 (bin TL): BAĞIMSIZ DENETİMDEN GEÇMİŞ 1 OCAK - 31 ARALIK 2024 DÖNEMİNE AİT ‖ 2025/03 INDIRILMEDI,BELGE_YOK
ALBTN,Standart,2025/03,,BELGE_YOK,— | — | —,2025/03 raporu KAP’ta yok ‖ 2024/12 raporu KAP’ta yok ‖ 2025/03 raporu KAP’ta yok,,BELGE_YOK,— | — | —,2025/03 raporu KAP’ta yok ‖ 2024/12 raporu KAP’ta yok ‖ 2025/03 raporu KAP’ta yok,,BELGE_YOK,— | — | —,2025/03 raporu KAP’ta yok ‖ 2024/12 raporu KAP’ta yok ‖ 2025/03 raporu KAP’ta yok,,BELGE_YOK,— | — | —,2025/03 raporu KAP’ta yok ‖ 2024/12 raporu KAP’ta yok ‖ 2025/03 raporu KAP’ta yok,BELGE_YOK
ALBTN,Standart,2025/06,,BELGE_YOK,— | — | —,2025/06 raporu KAP’ta yok ‖ 2024/12 raporu KAP’ta yok ‖ 2025/06 raporu KAP’ta yok,,BELGE_YOK,— | — | —,2025/06 raporu KAP’ta yok ‖ 2024/12 raporu KAP’ta yok ‖ 2025/06 raporu KAP’ta yok,,BELGE_YOK,— | — | —,2025/06 raporu KAP’ta yok ‖ 2024/12 raporu KAP’ta yok ‖ 2025/06 raporu KAP’ta yok,,BELGE_YOK,— | — | —,2025/06 raporu KAP’ta yok ‖ 2024/12 raporu KAP’ta yok ‖ 2025/06 raporu KAP’ta yok,BELGE_YOK
ALBTN,Standart,2025/09,,BELGE_YOK,— | — | —,2025/09 raporu KAP’ta yok ‖ 2024/12 raporu KAP’ta yok ‖ 2025/09 raporu KAP’ta yok,,BELGE_YOK,— | — | —,2025/09 raporu KAP’ta yok ‖ 2024/12 raporu KAP’ta yok ‖ 2025/09 raporu KAP’ta yok,,BELGE_YOK,— | — | —,2025/09 raporu KAP’ta yok ‖ 2024/12 raporu KAP’ta yok ‖ 2025/09 raporu KAP’ta yok,,BELGE_YOK,— | — | —,2025/09 raporu KAP’ta yok ‖ 2024/12 raporu KAP’ta yok ‖ 2025/09 raporu KAP’ta yok,BELGE_YOK
ALBTN,Standart,2025/12,,BELGE_YOK,—,2025/12 raporu KAP’ta yok,,BELGE_YOK,—,2025/12 raporu KAP’ta yok,,BELGE_YOK,—,2025/12 raporu KAP’ta yok,,BELGE_YOK,—,2025/12 raporu KAP’ta yok,BELGE_YOK
ALBTN,Standart,2026/03,,BELGE_YOK,— | — | —,2026/03 raporu KAP’ta yok ‖ 2025/12 raporu KAP’ta yok ‖ 2026/03 raporu KAP’ta yok,,BELGE_YOK,— | — | —,2026/03 raporu KAP’ta yok ‖ 2025/12 raporu KAP’ta yok ‖ 2026/03 raporu KAP’ta yok,,BELGE_YOK,— | — | —,2026/03 raporu KAP’ta yok ‖ 2025/12 raporu KAP’ta yok ‖ 2026/03 raporu KAP’ta yok,,BELGE_YOK,— | — | —,2026/03 raporu KAP’ta yok ‖ 2025/12 raporu KAP’ta yok ‖ 2026/03 raporu KAP’ta yok,BELGE_YOK
ALBTN,Standart,2026/06,,BELGE_YOK,— | — | —,2026/06 INDIRILMEDI ‖ 2025/12 raporu KAP’ta yok ‖ 2026/06 INDIRILMEDI,,BELGE_YOK,— | — | —,2026/06 INDIRILMEDI ‖ 2025/12 raporu KAP’ta yok ‖ 2026/06 INDIRILMEDI,,BELGE_YOK,— | — | —,2026/06 INDIRILMEDI ‖ 2025/12 raporu KAP’ta yok ‖ 2026/06 INDIRILMEDI,,BELGE_YOK,— | — | —,2026/06 INDIRILMEDI ‖ 2025/12 raporu KAP’ta yok ‖ 2026/06 INDIRILMEDI,BELGE_YOK
ALCTL,Standart,2025/03,194.535,TEYITLI,39.850 | -132.461 | -287.145,KAP 1430419 2025/03 cari · PDF s.7 (TL): A. İşletme Faaliyetlerinden Elde Edilen Nakit Akışları 39.850.157 (287.145.248) ‖ KAP 1399351 2024/12 cari · PDF s.11 (TL): A. İşletme Faaliyetlerinden Elde Edilen Nakit Akışları (132.460.730) 328.851.438 ‖ KAP 1430419 2025/03 onceki · PDF s.7 (TL): A. İşletme Faaliyetlerinden Elde Edilen Nakit Akışları 39.850.157 (287.145.248),-4.64,TEYITLI,0.000 | -6.020 | -1.380,"KAP 1430419 2025/03 cari ‖ KAP 1399351 2024/12 cari · PDF s.11 (TL): Maddi ve maddi olmayan duran varlıkların alımından kaynaklanan nakit çıkışı 10,11 (6.020.348) (10.286.331) ‖ KAP 1430419 2025/03 onceki · PDF s.7 (TL): B. YATIRIM FAALİYETLERİNDE KULLANILAN NAKİT AKIŞLARI - (1.379.867)",0.0,TEYITLI,0.000 | 0.000 | 0.000,KAP 1430419 2025/03 cari ‖ KAP 1399351 2024/12 cari ‖ KAP 1430419 2025/03 onceki,-70.995,TEYITLI,-23.314 | -52.470 | -4.789,KAP 1430419 2025/03 cari · PDF s.7 (TL): C. FİNANSMAN FAALİYETLERİNDEN KULLANILAN NAKİT AKIŞLARI (23.313.513) (4.788.602) ‖ KAP 1399351 2024/12 cari · PDF s.11 (TL): C. FİNANSMAN FAALİYETLERİNDEN KULLANILAN NAKİT AKIŞLARI (52.469.716) (83.874.858) ‖ KAP 1430419 2025/03 onceki · PDF s.7 (TL): C. FİNANSMAN FAALİYETLERİNDEN KULLANILAN NAKİT AKIŞLARI (23.313.513) (4.788.602),TEYITLI
ALCTL,Standart,2025/06,,BELGE_YOK,— | -132.461 | —,2025/06 INDIRILMEDI ‖ KAP 1399351 2024/12 cari · PDF s.11 (TL): A. İşletme Faaliyetlerinden Elde Edilen Nakit Akışları (132.460.730) 328.851.438 ‖ 2025/06 INDIRILMEDI,,BELGE_YOK,— | -6.020 | —,"2025/06 INDIRILMEDI ‖ KAP 1399351 2024/12 cari · PDF s.11 (TL): Maddi ve maddi olmayan duran varlıkların alımından kaynaklanan nakit çıkışı 10,11 (6.020.348) (10.286.331) ‖ 2025/06 INDIRILMEDI",,BELGE_YOK,— | 0.000 | —,2025/06 INDIRILMEDI ‖ KAP 1399351 2024/12 cari ‖ 2025/06 INDIRILMEDI,,BELGE_YOK,— | -52.470 | —,2025/06 INDIRILMEDI ‖ KAP 1399351 2024/12 cari · PDF s.11 (TL): C. FİNANSMAN FAALİYETLERİNDEN KULLANILAN NAKİT AKIŞLARI (52.469.716) (83.874.858) ‖ 2025/06 INDIRILMEDI,BELGE_YOK
ALCTL,Standart,2025/09,,BELGE_YOK,— | -132.461 | —,2025/09 INDIRILMEDI ‖ KAP 1399351 2024/12 cari · PDF s.11 (TL): A. İşletme Faaliyetlerinden Elde Edilen Nakit Akışları (132.460.730) 328.851.438 ‖ 2025/09 INDIRILMEDI,,BELGE_YOK,— | -6.020 | —,"2025/09 INDIRILMEDI ‖ KAP 1399351 2024/12 cari · PDF s.11 (TL): Maddi ve maddi olmayan duran varlıkların alımından kaynaklanan nakit çıkışı 10,11 (6.020.348) (10.286.331) ‖ 2025/09 INDIRILMEDI",,BELGE_YOK,— | 0.000 | —,2025/09 INDIRILMEDI ‖ KAP 1399351 2024/12 cari ‖ 2025/09 INDIRILMEDI,,BELGE_YOK,— | -52.470 | —,2025/09 INDIRILMEDI ‖ KAP 1399351 2024/12 cari · PDF s.11 (TL): C. FİNANSMAN FAALİYETLERİNDEN KULLANILAN NAKİT AKIŞLARI (52.469.716) (83.874.858) ‖ 2025/09 INDIRILMEDI,BELGE_YOK
ALCTL,Standart,2026/03,,BELGE_YOK,— | — | —,2026/03 INDIRILMEDI ‖ 2025/12 INDIRILMEDI ‖ 2026/03 INDIRILMEDI,,BELGE_YOK,— | — | —,2026/03 INDIRILMEDI ‖ 2025/12 INDIRILMEDI ‖ 2026/03 INDIRILMEDI,,BELGE_YOK,— | — | —,2026/03 INDIRILMEDI ‖ 2025/12 INDIRILMEDI ‖ 2026/03 INDIRILMEDI,,BELGE_YOK,— | — | —,2026/03 INDIRILMEDI ‖ 2025/12 INDIRILMEDI ‖ 2026/03 INDIRILMEDI,BELGE_YOK
ALFAS,Standart,2025/06,,BELGE_YOK,— | 237.400 | —,2025/06 INDIRILMEDI ‖ KAP 1405002 2024/12 cari · PDF s.13 (TL): CASH FLOWS FROM (USED IN) OPERATING ACTIVITIES 237.399.896 (1.012.216.394) ‖ 2025/06 INDIRILMEDI,,BELGE_YOK,— | -776.990 | —,"2025/06 INDIRILMEDI ‖ KAP 1405002 2024/12 cari · PDF s.13 (TL): Purchase of Property, Plant, Equipment, and Intangible Assets 15 (776.990.182) (864.338.539) ‖ 2025/06 INDIRILMEDI",,BELGE_YOK,— | 0.000 | —,2025/06 INDIRILMEDI ‖ KAP 1405002 2024/12 cari ‖ 2025/06 INDIRILMEDI,,BELGE_YOK,— | -0.969 | —,2025/06 INDIRILMEDI ‖ KAP 1405002 2024/12 cari · PDF s.13 (TL): Cash Inflows Related to Debt Payments Arising from Rental Agreements 8 (969.236) (1.491.678) ‖ 2025/06 INDIRILMEDI,BELGE_YOK
ALFAS,Standart,2025/09,,BELGE_YOK,— | 237.400 | —,2025/09 INDIRILMEDI ‖ KAP 1405002 2024/12 cari · PDF s.13 (TL): CASH FLOWS FROM (USED IN) OPERATING ACTIVITIES 237.399.896 (1.012.216.394) ‖ 2025/09 INDIRILMEDI,,BELGE_YOK,— | -776.990 | —,"2025/09 INDIRILMEDI ‖ KAP 1405002 2024/12 cari · PDF s.13 (TL): Purchase of Property, Plant, Equipment, and Intangible Assets 15 (776.990.182) (864.338.539) ‖ 2025/09 INDIRILMEDI",,BELGE_YOK,— | 0.000 | —,2025/09 INDIRILMEDI ‖ KAP 1405002 2024/12 cari ‖ 2025/09 INDIRILMEDI,,BELGE_YOK,— | -0.969 | —,2025/09 INDIRILMEDI ‖ KAP 1405002 2024/12 cari · PDF s.13 (TL): Cash Inflows Related to Debt Payments Arising from Rental Agreements 8 (969.236) (1.491.678) ‖ 2025/09 INDIRILMEDI,BELGE_YOK
ALFAS,Standart,2025/12,,BELGE_YOK,—,2025/12 INDIRILMEDI,,BELGE_YOK,—,2025/12 INDIRILMEDI,,BELGE_YOK,—,2025/12 INDIRILMEDI,,BELGE_YOK,—,2025/12 INDIRILMEDI,BELGE_YOK
ALFAS,Standart,2026/03,,BELGE_YOK,— | — | —,2026/03 INDIRILMEDI ‖ 2025/12 INDIRILMEDI ‖ 2026/03 INDIRILMEDI,,BELGE_YOK,— | — | —,2026/03 INDIRILMEDI ‖ 2025/12 INDIRILMEDI ‖ 2026/03 INDIRILMEDI,,BELGE_YOK,— | — | —,2026/03 INDIRILMEDI ‖ 2025/12 INDIRILMEDI ‖ 2026/03 INDIRILMEDI,,BELGE_YOK,— | — | —,2026/03 INDIRILMEDI ‖ 2025/12 INDIRILMEDI ‖ 2026/03 INDIRILMEDI,BELGE_YOK
ALFAS,Standart,2026/06,,BELGE_YOK,— | — | —,2026/06 INDIRILMEDI ‖ 2025/12 INDIRILMEDI ‖ 2026/06 INDIRILMEDI,,BELGE_YOK,— | — | —,2026/06 INDIRILMEDI ‖ 2025/12 INDIRILMEDI ‖ 2026/06 INDIRILMEDI,,BELGE_YOK,— | — | —,2026/06 INDIRILMEDI ‖ 2025/12 INDIRILMEDI ‖ 2026/06 INDIRILMEDI,,BELGE_YOK,— | — | —,2026/06 INDIRILMEDI ‖ 2025/12 INDIRILMEDI ‖ 2026/06 INDIRILMEDI,BELGE_YOK
ALTNY,Standart,2025/06,,BELGE_YOK,— | -94.965 | —,"2025/06 INDIRILMEDI ‖ KAP 1429196 2024/12 cari · PDF s.14 (TL): İşletme Faaliyetlerinden Sağlanan Nakit Akışları, net (94.964.606) 193.050.869 ‖ 2025/06 INDIRILMEDI",,BELGE_YOK,— | -808.947 | —,2025/06 INDIRILMEDI ‖ KAP 1429196 2024/12 cari · PDF s.14 (TL): Maddi duran varlıklardaki değişim 11 (359.871.321) (400.277.049) + Maddi olmayan duran varlıklardaki değişim 12 (449.075.352) (331.017.526) ‖ 2025/06 INDIRILMEDI,,BELGE_YOK,— | 0.000 | —,2025/06 INDIRILMEDI ‖ KAP 1429196 2024/12 cari ‖ 2025/06 INDIRILMEDI,,BELGE_YOK,— | — | —,2025/06 INDIRILMEDI ‖ KAP 1429196 2024/12 cari · PDF’te XBRL dışı satır: Operasyonel kiralama işlemlerinden kaynaklanan nakit girişleri ve çıkışları 13 598.065 (4.051.404) ‖ 2025/06 INDIRILMEDI,BELGE_YOK
ALTNY,Standart,2026/06,,BELGE_YOK,— | — | —,2026/06 INDIRILMEDI ‖ 2025/12 INDIRILMEDI ‖ 2026/06 INDIRILMEDI,,BELGE_YOK,— | — | —,2026/06 INDIRILMEDI ‖ 2025/12 INDIRILMEDI ‖ 2026/06 INDIRILMEDI,,BELGE_YOK,— | — | —,2026/06 INDIRILMEDI ‖ 2025/12 INDIRILMEDI ‖ 2026/06 INDIRILMEDI,,BELGE_YOK,— | — | —,2026/06 INDIRILMEDI ‖ 2025/12 INDIRILMEDI ‖ 2026/06 INDIRILMEDI,BELGE_YOK
ANGEN,Standart,2025/03,,BELGE_YOK,— | 141.411 | —,2025/03 INDIRILMEDI ‖ KAP 1397550 2024/12 cari · PDF s.11 (TL): Toplam 141.411.300 424.360.267 ‖ 2025/03 INDIRILMEDI,,BELGE_YOK,— | -246.492 | —,"2025/03 INDIRILMEDI ‖ KAP 1397550 2024/12 cari · PDF s.11 (TL): Maddi ve Maddi Olmayan Duran Varlıkların Alımından Kaynaklanan Nakit Çıkışları 12,13,14 (246.491.926) (167.048.027) ‖ 2025/03 INDIRILMEDI",,BELGE_YOK,— | 0.000 | —,2025/03 INDIRILMEDI ‖ KAP 1397550 2024/12 cari ‖ 2025/03 INDIRILMEDI,,BELGE_YOK,— | -1.788 | —,2025/03 INDIRILMEDI ‖ KAP 1397550 2024/12 cari · PDF s.11 (TL): Borç Ödemelerine İlişkin Nakit Çıkışları (1.788.137) (2.091.442) ‖ 2025/03 INDIRILMEDI,BELGE_YOK
ANGEN,Standart,2025/06,,BELGE_YOK,— | 141.411 | —,2025/06 INDIRILMEDI ‖ KAP 1397550 2024/12 cari · PDF s.11 (TL): Toplam 141.411.300 424.360.267 ‖ 2025/06 INDIRILMEDI,,BELGE_YOK,— | -246.492 | —,"2025/06 INDIRILMEDI ‖ KAP 1397550 2024/12 cari · PDF s.11 (TL): Maddi ve Maddi Olmayan Duran Varlıkların Alımından Kaynaklanan Nakit Çıkışları 12,13,14 (246.491.926) (167.048.027) ‖ 2025/06 INDIRILMEDI",,BELGE_YOK,— | 0.000 | —,2025/06 INDIRILMEDI ‖ KAP 1397550 2024/12 cari ‖ 2025/06 INDIRILMEDI,,BELGE_YOK,— | -1.788 | —,2025/06 INDIRILMEDI ‖ KAP 1397550 2024/12 cari · PDF s.11 (TL): Borç Ödemelerine İlişkin Nakit Çıkışları (1.788.137) (2.091.442) ‖ 2025/06 INDIRILMEDI,BELGE_YOK
ARDYZ,Standart,2025/03,,BELGE_YOK,— | 1478.775 | —,2025/03 INDIRILMEDI ‖ KAP 1402829 2024/12 cari · PDF s.11 (TL): A. İşletme Faaliyetlerinden Nakit Akışları 1.478.775.017 184.772.427 ‖ 2025/03 INDIRILMEDI,,BELGE_YOK,— | -1578.208 | —,"2025/03 INDIRILMEDI ‖ KAP 1402829 2024/12 cari · PDF s.11 (TL): Maddi ve maddi olmayan duran varlıkların alımından kaynaklanan nakit çıkışları [16,17] -1.578.207.972 -519.991.093 ‖ 2025/03 INDIRILMEDI",,BELGE_YOK,— | 0.000 | —,2025/03 INDIRILMEDI ‖ KAP 1402829 2024/12 cari ‖ 2025/03 INDIRILMEDI,,BELGE_YOK,— | 0.000 | —,2025/03 INDIRILMEDI ‖ KAP 1402829 2024/12 cari ‖ 2025/03 INDIRILMEDI,BELGE_YOK
ARFYE,Standart,2025/03,,BELGE_YOK,— | — | —,2025/03 raporu KAP’ta yok ‖ 2024/12 raporu KAP’ta yok ‖ 2025/03 raporu KAP’ta yok,,BELGE_YOK,— | — | —,2025/03 raporu KAP’ta yok ‖ 2024/12 raporu KAP’ta yok ‖ 2025/03 raporu KAP’ta yok,,BELGE_YOK,— | — | —,2025/03 raporu KAP’ta yok ‖ 2024/12 raporu KAP’ta yok ‖ 2025/03 raporu KAP’ta yok,,BELGE_YOK,— | — | —,2025/03 raporu KAP’ta yok ‖ 2024/12 raporu KAP’ta yok ‖ 2025/03 raporu KAP’ta yok,BELGE_YOK
ARFYE,Standart,2025/06,,BELGE_YOK,— | — | —,2025/06 raporu KAP’ta yok ‖ 2024/12 raporu KAP’ta yok ‖ 2025/06 raporu KAP’ta yok,,BELGE_YOK,— | — | —,2025/06 raporu KAP’ta yok ‖ 2024/12 raporu KAP’ta yok ‖ 2025/06 raporu KAP’ta yok,,BELGE_YOK,— | — | —,2025/06 raporu KAP’ta yok ‖ 2024/12 raporu KAP’ta yok ‖ 2025/06 raporu KAP’ta yok,,BELGE_YOK,— | — | —,2025/06 raporu KAP’ta yok ‖ 2024/12 raporu KAP’ta yok ‖ 2025/06 raporu KAP’ta yok,BELGE_YOK
ARFYE,Standart,2025/09,,BELGE_YOK,— | — | —,2025/09 raporu KAP’ta yok ‖ 2024/12 raporu KAP’ta yok ‖ 2025/09 raporu KAP’ta yok,,BELGE_YOK,— | — | —,2025/09 raporu KAP’ta yok ‖ 2024/12 raporu KAP’ta yok ‖ 2025/09 raporu KAP’ta yok,,BELGE_YOK,— | — | —,2025/09 raporu KAP’ta yok ‖ 2024/12 raporu KAP’ta yok ‖ 2025/09 raporu KAP’ta yok,,BELGE_YOK,— | — | —,2025/09 raporu KAP’ta yok ‖ 2024/12 raporu KAP’ta yok ‖ 2025/09 raporu KAP’ta yok,BELGE_YOK
ARFYE,Standart,2026/03,,BELGE_YOK,— | — | —,2026/03 INDIRILMEDI ‖ 2025/12 INDIRILMEDI ‖ 2026/03 INDIRILMEDI,,BELGE_YOK,— | — | —,2026/03 INDIRILMEDI ‖ 2025/12 INDIRILMEDI ‖ 2026/03 INDIRILMEDI,,BELGE_YOK,— | — | —,2026/03 INDIRILMEDI ‖ 2025/12 INDIRILMEDI ‖ 2026/03 INDIRILMEDI,,BELGE_YOK,— | — | —,2026/03 INDIRILMEDI ‖ 2025/12 INDIRILMEDI ‖ 2026/03 INDIRILMEDI,BELGE_YOK
ARFYE,Standart,2026/06,,BELGE_YOK,— | — | —,2026/06 INDIRILMEDI ‖ 2025/12 INDIRILMEDI ‖ 2026/06 INDIRILMEDI,,BELGE_YOK,— | — | —,2026/06 INDIRILMEDI ‖ 2025/12 INDIRILMEDI ‖ 2026/06 INDIRILMEDI,,BELGE_YOK,— | — | —,2026/06 INDIRILMEDI ‖ 2025/12 INDIRILMEDI ‖ 2026/06 INDIRILMEDI,,BELGE_YOK,— | — | —,2026/06 INDIRILMEDI ‖ 2025/12 INDIRILMEDI ‖ 2026/06 INDIRILMEDI,BELGE_YOK
ARSAN,Holding,2025/03,,BELGE_YOK,— | 757.798 | —,2025/03 INDIRILMEDI ‖ KAP 1404479 2024/12 cari · PDF s.12 (TL): Faaliyetlerden elde edilen nakit akışları 757.798.351 1.103.264.073 ‖ 2025/03 INDIRILMEDI,,BELGE_YOK,— | -20.608 | —,"2025/03 INDIRILMEDI ‖ KAP 1404479 2024/12 cari · PDF s.12 (TL): Maddi ve maddi olmayan duran varlık alımından kaynaklanan nakit (çıkışları) 14,15 (20.607.770) (115.637.828) ‖ 2025/03 INDIRILMEDI",,BELGE_YOK,— | — | —,2025/03 INDIRILMEDI ‖ KAP 1404479 2024/12 cari · PDF’te XBRL dışı satır: Yatırım amaçlı gayrimenkullerin gerçeğe uygun değeri ile ilgili düzeltmeler 24 (15.345.105) (1.086.091.739) ‖ 2025/03 INDIRILMEDI,,BELGE_YOK,— | — | —,2025/03 INDIRILMEDI ‖ KAP 1404479 2024/12 cari · PDF’te XBRL dışı satır: Finansal kiralama sözleşmelerinden kaynaklanan nakit (çıkışları) (20.696.893) (23.745.666) ‖ 2025/03 INDIRILMEDI,BELGE_YOK
ARSAN,Holding,2025/09,,BELGE_YOK,— | 757.798 | —,2025/09 INDIRILMEDI ‖ KAP 1404479 2024/12 cari · PDF s.12 (TL): Faaliyetlerden elde edilen nakit akışları 757.798.351 1.103.264.073 ‖ 2025/09 INDIRILMEDI,,BELGE_YOK,— | -20.608 | —,"2025/09 INDIRILMEDI ‖ KAP 1404479 2024/12 cari · PDF s.12 (TL): Maddi ve maddi olmayan duran varlık alımından kaynaklanan nakit (çıkışları) 14,15 (20.607.770) (115.637.828) ‖ 2025/09 INDIRILMEDI",,BELGE_YOK,— | — | —,2025/09 INDIRILMEDI ‖ KAP 1404479 2024/12 cari · PDF’te XBRL dışı satır: Yatırım amaçlı gayrimenkullerin gerçeğe uygun değeri ile ilgili düzeltmeler 24 (15.345.105) (1.086.091.739) ‖ 2025/09 INDIRILMEDI,,BELGE_YOK,— | — | —,2025/09 INDIRILMEDI ‖ KAP 1404479 2024/12 cari · PDF’te XBRL dışı satır: Finansal kiralama sözleşmelerinden kaynaklanan nakit (çıkışları) (20.696.893) (23.745.666) ‖ 2025/09 INDIRILMEDI,BELGE_YOK
ARSAN,Holding,2026/03,,BELGE_YOK,— | — | —,2026/03 INDIRILMEDI ‖ 2025/12 INDIRILMEDI ‖ 2026/03 INDIRILMEDI,,BELGE_YOK,— | — | —,2026/03 INDIRILMEDI ‖ 2025/12 INDIRILMEDI ‖ 2026/03 INDIRILMEDI,,BELGE_YOK,— | — | —,2026/03 INDIRILMEDI ‖ 2025/12 INDIRILMEDI ‖ 2026/03 INDIRILMEDI,,BELGE_YOK,— | — | —,2026/03 INDIRILMEDI ‖ 2025/12 INDIRILMEDI ‖ 2026/03 INDIRILMEDI,BELGE_YOK
ARSAN,Holding,2026/06,,BELGE_YOK,— | — | —,2026/06 INDIRILMEDI ‖ 2025/12 INDIRILMEDI ‖ 2026/06 INDIRILMEDI,,BELGE_YOK,— | — | —,2026/06 INDIRILMEDI ‖ 2025/12 INDIRILMEDI ‖ 2026/06 INDIRILMEDI,,BELGE_YOK,— | — | —,2026/06 INDIRILMEDI ‖ 2025/12 INDIRILMEDI ‖ 2026/06 INDIRILMEDI,,BELGE_YOK,— | — | —,2026/06 INDIRILMEDI ‖ 2025/12 INDIRILMEDI ‖ 2026/06 INDIRILMEDI,BELGE_YOK
ARTMS,Standart,2026/03,,BELGE_YOK,— | — | —,2026/03 INDIRILMEDI ‖ 2025/12 INDIRILMEDI ‖ 2026/03 INDIRILMEDI,,BELGE_YOK,— | — | —,2026/03 INDIRILMEDI ‖ 2025/12 INDIRILMEDI ‖ 2026/03 INDIRILMEDI,,BELGE_YOK,— | — | —,2026/03 INDIRILMEDI ‖ 2025/12 INDIRILMEDI ‖ 2026/03 INDIRILMEDI,,BELGE_YOK,— | — | —,2026/03 INDIRILMEDI ‖ 2025/12 INDIRILMEDI ‖ 2026/03 INDIRILMEDI,BELGE_YOK
ARTMS,Standart,2026/06,,BELGE_YOK,— | — | —,2026/06 INDIRILMEDI ‖ 2025/12 INDIRILMEDI ‖ 2026/06 INDIRILMEDI,,BELGE_YOK,— | — | —,2026/06 INDIRILMEDI ‖ 2025/12 INDIRILMEDI ‖ 2026/06 INDIRILMEDI,,BELGE_YOK,— | — | —,2026/06 INDIRILMEDI ‖ 2025/12 INDIRILMEDI ‖ 2026/06 INDIRILMEDI,,BELGE_YOK,— | — | —,2026/06 INDIRILMEDI ‖ 2025/12 INDIRILMEDI ‖ 2026/06 INDIRILMEDI,BELGE_YOK
ATATR,Standart,2025/03,,BELGE_YOK,— | — | —,2025/03 raporu KAP’ta yok ‖ 2024/12 raporu KAP’ta yok ‖ 2025/03 raporu KAP’ta yok,,BELGE_YOK,— | — | —,2025/03 raporu KAP’ta yok ‖ 2024/12 raporu KAP’ta yok ‖ 2025/03 raporu KAP’ta yok,,BELGE_YOK,— | — | —,2025/03 raporu KAP’ta yok ‖ 2024/12 raporu KAP’ta yok ‖ 2025/03 raporu KAP’ta yok,,BELGE_YOK,— | — | —,2025/03 raporu KAP’ta yok ‖ 2024/12 raporu KAP’ta yok ‖ 2025/03 raporu KAP’ta yok,BELGE_YOK
ATATR,Standart,2025/06,,BELGE_YOK,— | — | —,2025/06 raporu KAP’ta yok ‖ 2024/12 raporu KAP’ta yok ‖ 2025/06 raporu KAP’ta yok,,BELGE_YOK,— | — | —,2025/06 raporu KAP’ta yok ‖ 2024/12 raporu KAP’ta yok ‖ 2025/06 raporu KAP’ta yok,,BELGE_YOK,— | — | —,2025/06 raporu KAP’ta yok ‖ 2024/12 raporu KAP’ta yok ‖ 2025/06 raporu KAP’ta yok,,BELGE_YOK,— | — | —,2025/06 raporu KAP’ta yok ‖ 2024/12 raporu KAP’ta yok ‖ 2025/06 raporu KAP’ta yok,BELGE_YOK
ATATR,Standart,2026/06,,BELGE_YOK,— | — | —,2026/06 INDIRILMEDI ‖ 2025/12 INDIRILMEDI ‖ 2026/06 INDIRILMEDI,,BELGE_YOK,— | — | —,2026/06 INDIRILMEDI ‖ 2025/12 INDIRILMEDI ‖ 2026/06 INDIRILMEDI,,BELGE_YOK,— | — | —,2026/06 INDIRILMEDI ‖ 2025/12 INDIRILMEDI ‖ 2026/06 INDIRILMEDI,,BELGE_YOK,— | — | —,2026/06 INDIRILMEDI ‖ 2025/12 INDIRILMEDI ‖ 2026/06 INDIRILMEDI,BELGE_YOK
ATEKS,Standart,2025/03,,BELGE_YOK,— | 176.200 | —,2025/03 INDIRILMEDI ‖ KAP 1404386 2024/12 cari · PDF s.11 (TL): A. İşletme Faaliyetlerinden Nakit Akışları 176.200.219 -26.079.495 ‖ 2025/03 INDIRILMEDI,,BELGE_YOK,— | -2.623 | —,"2025/03 INDIRILMEDI ‖ KAP 1404386 2024/12 cari · PDF s.11 (TL): Maddi ve maddi olmayan duran varlıkların alımından kaynaklanan nakit çıkışları [15,16,17] -2.623.086 -21.153.197 ‖ 2025/03 INDIRILMEDI",,BELGE_YOK,— | — | —,2025/03 INDIRILMEDI ‖ KAP 1404386 2024/12 cari · PDF’te XBRL dışı satır: • Yatırım amaçlı gayrimenkullerin elden çıkarılmasından kaynaklanan kayıplar (kazançlar) ile ilgili düzeltmeler -1.886.775 40.275.729 || Yatırım amaçlı gayrimenkul satımından kaynaklanan nakit girişleri – 27.679.342 ‖ 2025/03 INDIRILMEDI,,BELGE_YOK,— | — | —,2025/03 INDIRILMEDI ‖ KAP 1404386 2024/12 cari · PDF’te XBRL dışı satır: • Finansal kiralama sözleşmelerinden kaynaklanan borç ödemelerine ilişkin nakit çıkışları – -25.494.601 ‖ 2025/03 INDIRILMEDI,BELGE_YOK
ATEKS,Standart,2025/06,,BELGE_YOK,— | 176.200 | —,2025/06 INDIRILMEDI ‖ KAP 1404386 2024/12 cari · PDF s.11 (TL): A. İşletme Faaliyetlerinden Nakit Akışları 176.200.219 -26.079.495 ‖ 2025/06 INDIRILMEDI,,BELGE_YOK,— | -2.623 | —,"2025/06 INDIRILMEDI ‖ KAP 1404386 2024/12 cari · PDF s.11 (TL): Maddi ve maddi olmayan duran varlıkların alımından kaynaklanan nakit çıkışları [15,16,17] -2.623.086 -21.153.197 ‖ 2025/06 INDIRILMEDI",,BELGE_YOK,— | — | —,2025/06 INDIRILMEDI ‖ KAP 1404386 2024/12 cari · PDF’te XBRL dışı satır: • Yatırım amaçlı gayrimenkullerin elden çıkarılmasından kaynaklanan kayıplar (kazançlar) ile ilgili düzeltmeler -1.886.775 40.275.729 || Yatırım amaçlı gayrimenkul satımından kaynaklanan nakit girişleri – 27.679.342 ‖ 2025/06 INDIRILMEDI,,BELGE_YOK,— | — | —,2025/06 INDIRILMEDI ‖ KAP 1404386 2024/12 cari · PDF’te XBRL dışı satır: • Finansal kiralama sözleşmelerinden kaynaklanan borç ödemelerine ilişkin nakit çıkışları – -25.494.601 ‖ 2025/06 INDIRILMEDI,BELGE_YOK
ATEKS,Standart,2025/09,,BELGE_YOK,— | 176.200 | —,2025/09 INDIRILMEDI ‖ KAP 1404386 2024/12 cari · PDF s.11 (TL): A. İşletme Faaliyetlerinden Nakit Akışları 176.200.219 -26.079.495 ‖ 2025/09 INDIRILMEDI,,BELGE_YOK,— | -2.623 | —,"2025/09 INDIRILMEDI ‖ KAP 1404386 2024/12 cari · PDF s.11 (TL): Maddi ve maddi olmayan duran varlıkların alımından kaynaklanan nakit çıkışları [15,16,17] -2.623.086 -21.153.197 ‖ 2025/09 INDIRILMEDI",,BELGE_YOK,— | — | —,2025/09 INDIRILMEDI ‖ KAP 1404386 2024/12 cari · PDF’te XBRL dışı satır: • Yatırım amaçlı gayrimenkullerin elden çıkarılmasından kaynaklanan kayıplar (kazançlar) ile ilgili düzeltmeler -1.886.775 40.275.729 || Yatırım amaçlı gayrimenkul satımından kaynaklanan nakit girişleri – 27.679.342 ‖ 2025/09 INDIRILMEDI,,BELGE_YOK,— | — | —,2025/09 INDIRILMEDI ‖ KAP 1404386 2024/12 cari · PDF’te XBRL dışı satır: • Finansal kiralama sözleşmelerinden kaynaklanan borç ödemelerine ilişkin nakit çıkışları – -25.494.601 ‖ 2025/09 INDIRILMEDI,BELGE_YOK
ATSYH,Holding,2025/03,,BELGE_YOK,— | — | —,2025/03 INDIRILMEDI ‖ 2024/12 NAKIT_AKIS_YOK ‖ 2025/03 INDIRILMEDI,,BELGE_YOK,— | — | —,2025/03 INDIRILMEDI ‖ 2024/12 NAKIT_AKIS_YOK ‖ 2025/03 INDIRILMEDI,,BELGE_YOK,— | — | —,2025/03 INDIRILMEDI ‖ 2024/12 NAKIT_AKIS_YOK ‖ 2025/03 INDIRILMEDI,,BELGE_YOK,— | — | —,2025/03 INDIRILMEDI ‖ 2024/12 NAKIT_AKIS_YOK ‖ 2025/03 INDIRILMEDI,BELGE_YOK
AVHOL,Holding,2025/03,,BELGE_YOK,— | 79.316 | —,2025/03 INDIRILMEDI ‖ KAP 1405230 2024/12 cari · PDF s.13 (TL): A. ESAS FAALİYETLERDEN NAKİT AKIŞLARI 79.316.413 48.793.640 ‖ 2025/03 INDIRILMEDI,,BELGE_YOK,— | -89.601 | —,2025/03 INDIRILMEDI ‖ KAP 1405230 2024/12 cari · PDF s.13 (TL): Maddi ve Maddi Olmayan Duran Varlıkların Alımından Kaynaklanan Nakit Çıkışları 14 (89.601.220) (16.048.070) ‖ 2025/03 INDIRILMEDI,,BELGE_YOK,— | 0.000 | —,2025/03 INDIRILMEDI ‖ KAP 1405230 2024/12 cari ‖ 2025/03 INDIRILMEDI,,BELGE_YOK,— | -17.273 | —,"2025/03 INDIRILMEDI ‖ KAP 1405230 2024/12 cari · PDF s.13 (TL): Kira Sözleşmelerinden Kaynaklanan Borç Ödemelerine İlişkin Nakit Çıkışları 20,47 (17.272.509) (25.897.909) ‖ 2025/03 INDIRILMEDI",BELGE_YOK
AVHOL,Holding,2025/06,,BELGE_YOK,— | 79.316 | —,2025/06 INDIRILMEDI ‖ KAP 1405230 2024/12 cari · PDF s.13 (TL): A. ESAS FAALİYETLERDEN NAKİT AKIŞLARI 79.316.413 48.793.640 ‖ 2025/06 INDIRILMEDI,,BELGE_YOK,— | -89.601 | —,2025/06 INDIRILMEDI ‖ KAP 1405230 2024/12 cari · PDF s.13 (TL): Maddi ve Maddi Olmayan Duran Varlıkların Alımından Kaynaklanan Nakit Çıkışları 14 (89.601.220) (16.048.070) ‖ 2025/06 INDIRILMEDI,,BELGE_YOK,— | 0.000 | —,2025/06 INDIRILMEDI ‖ KAP 1405230 2024/12 cari ‖ 2025/06 INDIRILMEDI,,BELGE_YOK,— | -17.273 | —,"2025/06 INDIRILMEDI ‖ KAP 1405230 2024/12 cari · PDF s.13 (TL): Kira Sözleşmelerinden Kaynaklanan Borç Ödemelerine İlişkin Nakit Çıkışları 20,47 (17.272.509) (25.897.909) ‖ 2025/06 INDIRILMEDI",BELGE_YOK
AVHOL,Holding,2025/09,,BELGE_YOK,— | 79.316 | —,2025/09 INDIRILMEDI ‖ KAP 1405230 2024/12 cari · PDF s.13 (TL): A. ESAS FAALİYETLERDEN NAKİT AKIŞLARI 79.316.413 48.793.640 ‖ 2025/09 INDIRILMEDI,,BELGE_YOK,— | -89.601 | —,2025/09 INDIRILMEDI ‖ KAP 1405230 2024/12 cari · PDF s.13 (TL): Maddi ve Maddi Olmayan Duran Varlıkların Alımından Kaynaklanan Nakit Çıkışları 14 (89.601.220) (16.048.070) ‖ 2025/09 INDIRILMEDI,,BELGE_YOK,— | 0.000 | —,2025/09 INDIRILMEDI ‖ KAP 1405230 2024/12 cari ‖ 2025/09 INDIRILMEDI,,BELGE_YOK,— | -17.273 | —,"2025/09 INDIRILMEDI ‖ KAP 1405230 2024/12 cari · PDF s.13 (TL): Kira Sözleşmelerinden Kaynaklanan Borç Ödemelerine İlişkin Nakit Çıkışları 20,47 (17.272.509) (25.897.909) ‖ 2025/09 INDIRILMEDI",BELGE_YOK
AVOD,Standart,2025/03,,BELGE_YOK,— | 385.967 | —,2025/03 INDIRILMEDI ‖ KAP 1404487 2024/12 cari · PDF s.14 (TL): A. ESAS FAALİYETLERDEN NAKİT AKIŞLARI 385.966.519 (145.645.421) ‖ 2025/03 INDIRILMEDI,,BELGE_YOK,— | -30.215 | —,2025/03 INDIRILMEDI ‖ KAP 1404487 2024/12 cari · PDF s.14 (TL): Maddi ve Maddi Olmayan Duran Varlıkların Alımından Kaynaklanan Nakit Çıkışları (30.214.997) (169.979.361) ‖ 2025/03 INDIRILMEDI,,BELGE_YOK,— | 0.000 | —,2025/03 INDIRILMEDI ‖ KAP 1404487 2024/12 cari ‖ 2025/03 INDIRILMEDI,,BELGE_YOK,— | -9.242 | —,2025/03 INDIRILMEDI ‖ KAP 1404487 2024/12 cari · PDF s.14 (TL): Kira Sözleşmelerinden Kaynaklanan Borç Ödemelerine İlişkin Nakit Çıkışları 20 (9.242.158) (30.343) ‖ 2025/03 INDIRILMEDI,BELGE_YOK
AYES,Standart,2025/03,,BELGE_YOK,— | 456.413 | —,2025/03 raporu KAP’ta yok ‖ KAP 1404456 2024/12 cari · PDF s.7 (TL): İŞLETME FAALİYETLERİNDEN NAKİT AKIŞLARI 456.412.749 (1.076.451.342) ‖ 2025/03 raporu KAP’ta yok,,BELGE_YOK,— | -44.336 | —,"2025/03 raporu KAP’ta yok ‖ KAP 1404456 2024/12 cari · PDF s.7 (TL): Maddi ve Maddi Olmayan Duran Varlıkların Alımından Kaynaklanan Nakit Çıkışları 12,13 (44.335.913) (136.494.013) ‖ 2025/03 raporu KAP’ta yok",,BELGE_YOK,— | 0.000 | —,2025/03 raporu KAP’ta yok ‖ KAP 1404456 2024/12 cari ‖ 2025/03 raporu KAP’ta yok,,BELGE_YOK,— | 0.000 | —,2025/03 raporu KAP’ta yok ‖ KAP 1404456 2024/12 cari ‖ 2025/03 raporu KAP’ta yok,BELGE_YOK
AYES,Standart,2025/06,,BELGE_YOK,— | 456.413 | —,2025/06 INDIRILMEDI ‖ KAP 1404456 2024/12 cari · PDF s.7 (TL): İŞLETME FAALİYETLERİNDEN NAKİT AKIŞLARI 456.412.749 (1.076.451.342) ‖ 2025/06 INDIRILMEDI,,BELGE_YOK,— | -44.336 | —,"2025/06 INDIRILMEDI ‖ KAP 1404456 2024/12 cari · PDF s.7 (TL): Maddi ve Maddi Olmayan Duran Varlıkların Alımından Kaynaklanan Nakit Çıkışları 12,13 (44.335.913) (136.494.013) ‖ 2025/06 INDIRILMEDI",,BELGE_YOK,— | 0.000 | —,2025/06 INDIRILMEDI ‖ KAP 1404456 2024/12 cari ‖ 2025/06 INDIRILMEDI,,BELGE_YOK,— | 0.000 | —,2025/06 INDIRILMEDI ‖ KAP 1404456 2024/12 cari ‖ 2025/06 INDIRILMEDI,BELGE_YOK
AYES,Standart,2025/09,,BELGE_YOK,— | 456.413 | —,2025/09 raporu KAP’ta yok ‖ KAP 1404456 2024/12 cari · PDF s.7 (TL): İŞLETME FAALİYETLERİNDEN NAKİT AKIŞLARI 456.412.749 (1.076.451.342) ‖ 2025/09 raporu KAP’ta yok,,BELGE_YOK,— | -44.336 | —,"2025/09 raporu KAP’ta yok ‖ KAP 1404456 2024/12 cari · PDF s.7 (TL): Maddi ve Maddi Olmayan Duran Varlıkların Alımından Kaynaklanan Nakit Çıkışları 12,13 (44.335.913) (136.494.013) ‖ 2025/09 raporu KAP’ta yok",,BELGE_YOK,— | 0.000 | —,2025/09 raporu KAP’ta yok ‖ KAP 1404456 2024/12 cari ‖ 2025/09 raporu KAP’ta yok,,BELGE_YOK,— | 0.000 | —,2025/09 raporu KAP’ta yok ‖ KAP 1404456 2024/12 cari ‖ 2025/09 raporu KAP’ta yok,BELGE_YOK
AYES,Standart,2026/03,,BELGE_YOK,— | — | —,2026/03 raporu KAP’ta yok ‖ 2025/12 INDIRILMEDI ‖ 2026/03 raporu KAP’ta yok,,BELGE_YOK,— | — | —,2026/03 raporu KAP’ta yok ‖ 2025/12 INDIRILMEDI ‖ 2026/03 raporu KAP’ta yok,,BELGE_YOK,— | — | —,2026/03 raporu KAP’ta yok ‖ 2025/12 INDIRILMEDI ‖ 2026/03 raporu KAP’ta yok,,BELGE_YOK,— | — | —,2026/03 raporu KAP’ta yok ‖ 2025/12 INDIRILMEDI ‖ 2026/03 raporu KAP’ta yok,BELGE_YOK
BAHKM,Standart,2026/03,,BELGE_YOK,— | — | —,2026/03 INDIRILMEDI ‖ 2025/12 INDIRILMEDI ‖ 2026/03 INDIRILMEDI,,BELGE_YOK,— | — | —,2026/03 INDIRILMEDI ‖ 2025/12 INDIRILMEDI ‖ 2026/03 INDIRILMEDI,,BELGE_YOK,— | — | —,2026/03 INDIRILMEDI ‖ 2025/12 INDIRILMEDI ‖ 2026/03 INDIRILMEDI,,BELGE_YOK,— | — | —,2026/03 INDIRILMEDI ‖ 2025/12 INDIRILMEDI ‖ 2026/03 INDIRILMEDI,BELGE_YOK
BAHKM,Standart,2026/06,,BELGE_YOK,— | — | —,2026/06 INDIRILMEDI ‖ 2025/12 INDIRILMEDI ‖ 2026/06 INDIRILMEDI,,BELGE_YOK,— | — | —,2026/06 INDIRILMEDI ‖ 2025/12 INDIRILMEDI ‖ 2026/06 INDIRILMEDI,,BELGE_YOK,— | — | —,2026/06 INDIRILMEDI ‖ 2025/12 INDIRILMEDI ‖ 2026/06 INDIRILMEDI,,BELGE_YOK,— | — | —,2026/06 INDIRILMEDI ‖ 2025/12 INDIRILMEDI ‖ 2026/06 INDIRILMEDI,BELGE_YOK
BALAT,Standart,2025/03,,BELGE_YOK,— | -1.505 | —,2025/03 raporu KAP’ta yok ‖ KAP 1411816 2024/12 cari · PDF s.10 (TL): Toplam Düzeltmeler (1.504.831) (5.843.037) ‖ 2025/03 raporu KAP’ta yok,,BELGE_YOK,— | -1.482 | —,2025/03 raporu KAP’ta yok ‖ KAP 1411816 2024/12 cari · PDF s.10 (TL): Maddi ve Maddi Olmayan Duran Varlıkların Alımından Kaynaklanan Nakit Çıkışları 9-10 (1.482.241) (14.556.064) ‖ 2025/03 raporu KAP’ta yok,,BELGE_YOK,— | 0.000 | —,2025/03 raporu KAP’ta yok ‖ KAP 1411816 2024/12 cari ‖ 2025/03 raporu KAP’ta yok,,BELGE_YOK,— | 0.000 | —,2025/03 raporu KAP’ta yok ‖ KAP 1411816 2024/12 cari ‖ 2025/03 raporu KAP’ta yok,BELGE_YOK
BALAT,Standart,2025/06,,BELGE_YOK,— | -1.505 | —,2025/06 INDIRILMEDI ‖ KAP 1411816 2024/12 cari · PDF s.10 (TL): Toplam Düzeltmeler (1.504.831) (5.843.037) ‖ 2025/06 INDIRILMEDI,,BELGE_YOK,— | -1.482 | —,2025/06 INDIRILMEDI ‖ KAP 1411816 2024/12 cari · PDF s.10 (TL): Maddi ve Maddi Olmayan Duran Varlıkların Alımından Kaynaklanan Nakit Çıkışları 9-10 (1.482.241) (14.556.064) ‖ 2025/06 INDIRILMEDI,,BELGE_YOK,— | 0.000 | —,2025/06 INDIRILMEDI ‖ KAP 1411816 2024/12 cari ‖ 2025/06 INDIRILMEDI,,BELGE_YOK,— | 0.000 | —,2025/06 INDIRILMEDI ‖ KAP 1411816 2024/12 cari ‖ 2025/06 INDIRILMEDI,BELGE_YOK
BALAT,Standart,2025/09,,BELGE_YOK,— | -1.505 | —,2025/09 raporu KAP’ta yok ‖ KAP 1411816 2024/12 cari · PDF s.10 (TL): Toplam Düzeltmeler (1.504.831) (5.843.037) ‖ 2025/09 raporu KAP’ta yok,,BELGE_YOK,— | -1.482 | —,2025/09 raporu KAP’ta yok ‖ KAP 1411816 2024/12 cari · PDF s.10 (TL): Maddi ve Maddi Olmayan Duran Varlıkların Alımından Kaynaklanan Nakit Çıkışları 9-10 (1.482.241) (14.556.064) ‖ 2025/09 raporu KAP’ta yok,,BELGE_YOK,— | 0.000 | —,2025/09 raporu KAP’ta yok ‖ KAP 1411816 2024/12 cari ‖ 2025/09 raporu KAP’ta yok,,BELGE_YOK,— | 0.000 | —,2025/09 raporu KAP’ta yok ‖ KAP 1411816 2024/12 cari ‖ 2025/09 raporu KAP’ta yok,BELGE_YOK
BALAT,Standart,2026/03,,BELGE_YOK,— | — | —,2026/03 raporu KAP’ta yok ‖ 2025/12 INDIRILMEDI ‖ 2026/03 raporu KAP’ta yok,,BELGE_YOK,— | — | —,2026/03 raporu KAP’ta yok ‖ 2025/12 INDIRILMEDI ‖ 2026/03 raporu KAP’ta yok,,BELGE_YOK,— | — | —,2026/03 raporu KAP’ta yok ‖ 2025/12 INDIRILMEDI ‖ 2026/03 raporu KAP’ta yok,,BELGE_YOK,— | — | —,2026/03 raporu KAP’ta yok ‖ 2025/12 INDIRILMEDI ‖ 2026/03 raporu KAP’ta yok,BELGE_YOK
BALAT,Standart,2026/06,,BELGE_YOK,— | — | —,2026/06 INDIRILMEDI ‖ 2025/12 INDIRILMEDI ‖ 2026/06 INDIRILMEDI,,BELGE_YOK,— | — | —,2026/06 INDIRILMEDI ‖ 2025/12 INDIRILMEDI ‖ 2026/06 INDIRILMEDI,,BELGE_YOK,— | — | —,2026/06 INDIRILMEDI ‖ 2025/12 INDIRILMEDI ‖ 2026/06 INDIRILMEDI,,BELGE_YOK,— | — | —,2026/06 INDIRILMEDI ‖ 2025/12 INDIRILMEDI ‖ 2026/06 INDIRILMEDI,BELGE_YOK
BALSU,Standart,2025/03,,BELGE_YOK,— | — | —,2025/03 INDIRILMEDI ‖ 2024/12 INDIRILMEDI ‖ 2025/03 INDIRILMEDI,,BELGE_YOK,— | — | —,2025/03 INDIRILMEDI ‖ 2024/12 INDIRILMEDI ‖ 2025/03 INDIRILMEDI,,BELGE_YOK,— | — | —,2025/03 INDIRILMEDI ‖ 2024/12 INDIRILMEDI ‖ 2025/03 INDIRILMEDI,,BELGE_YOK,— | — | —,2025/03 INDIRILMEDI ‖ 2024/12 INDIRILMEDI ‖ 2025/03 INDIRILMEDI,BELGE_YOK
BALSU,Standart,2026/06,,BELGE_YOK,— | — | —,2026/06 raporu KAP’ta yok ‖ 2025/12 INDIRILMEDI ‖ 2026/06 raporu KAP’ta yok,,BELGE_YOK,— | — | —,2026/06 raporu KAP’ta yok ‖ 2025/12 INDIRILMEDI ‖ 2026/06 raporu KAP’ta yok,,BELGE_YOK,— | — | —,2026/06 raporu KAP’ta yok ‖ 2025/12 INDIRILMEDI ‖ 2026/06 raporu KAP’ta yok,,BELGE_YOK,— | — | —,2026/06 raporu KAP’ta yok ‖ 2025/12 INDIRILMEDI ‖ 2026/06 raporu KAP’ta yok,BELGE_YOK
BANVT,Standart,2025/09,,BELGE_YOK,— | 4853.476 | —,2025/09 INDIRILMEDI ‖ KAP 1396375 2024/12 cari · PDF s.7 (TL): Faaliyetlerden Elde Edilen Net Nakit Akışları 4.853.475.966 3.958.912.322 ‖ 2025/09 INDIRILMEDI,,BELGE_YOK,— | -67.784 | —,"2025/09 INDIRILMEDI ‖ KAP 1396375 2024/12 cari · PDF s.7 (TL): Nakit Çıkışları 13,14 (67.784.232) (396.842.754) ‖ 2025/09 INDIRILMEDI",,BELGE_YOK,— | 0.000 | —,2025/09 INDIRILMEDI ‖ KAP 1396375 2024/12 cari ‖ 2025/09 INDIRILMEDI,,BELGE_YOK,— | -122.913 | —,2025/09 INDIRILMEDI ‖ KAP 1396375 2024/12 cari · PDF s.7 (TL): Çıkışları (122.913.468) (46.616.203) ‖ 2025/09 INDIRILMEDI,BELGE_YOK
BASCM,Standart,2025/03,,BELGE_YOK,— | 212.732 | —,2025/03 raporu KAP’ta yok ‖ KAP 1395381 2024/12 cari · PDF s.7 (TL): Faaliyetlerden Elde Edilen Net Nakit Akışları 212.732.436 991.932.886 ‖ 2025/03 raporu KAP’ta yok,,BELGE_YOK,— | -217.827 | —,"2025/03 raporu KAP’ta yok ‖ KAP 1395381 2024/12 cari · PDF s.7 (TL): Maddi ve maddi olmayan duran varlık alımından kaynaklanan nakit çıkışları 13,15 (217.827.477) (701.977.306) ‖ 2025/03 raporu KAP’ta yok",,BELGE_YOK,— | 0.000 | —,2025/03 raporu KAP’ta yok ‖ KAP 1395381 2024/12 cari ‖ 2025/03 raporu KAP’ta yok,,BELGE_YOK,— | -45.066 | —,2025/03 raporu KAP’ta yok ‖ KAP 1395381 2024/12 cari · PDF s.7 (TL): Kira sözleşmelerinden kaynaklanan borç ödemelerine ilişkin nakit çıkışları 5 (45.066.373) (80.945.328) ‖ 2025/03 raporu KAP’ta yok,BELGE_YOK
BASCM,Standart,2025/06,,BELGE_YOK,— | 212.732 | —,2025/06 INDIRILMEDI ‖ KAP 1395381 2024/12 cari · PDF s.7 (TL): Faaliyetlerden Elde Edilen Net Nakit Akışları 212.732.436 991.932.886 ‖ 2025/06 INDIRILMEDI,,BELGE_YOK,— | -217.827 | —,"2025/06 INDIRILMEDI ‖ KAP 1395381 2024/12 cari · PDF s.7 (TL): Maddi ve maddi olmayan duran varlık alımından kaynaklanan nakit çıkışları 13,15 (217.827.477) (701.977.306) ‖ 2025/06 INDIRILMEDI",,BELGE_YOK,— | 0.000 | —,2025/06 INDIRILMEDI ‖ KAP 1395381 2024/12 cari ‖ 2025/06 INDIRILMEDI,,BELGE_YOK,— | -45.066 | —,2025/06 INDIRILMEDI ‖ KAP 1395381 2024/12 cari · PDF s.7 (TL): Kira sözleşmelerinden kaynaklanan borç ödemelerine ilişkin nakit çıkışları 5 (45.066.373) (80.945.328) ‖ 2025/06 INDIRILMEDI,BELGE_YOK
BASCM,Standart,2025/09,,BELGE_YOK,— | 212.732 | —,2025/09 raporu KAP’ta yok ‖ KAP 1395381 2024/12 cari · PDF s.7 (TL): Faaliyetlerden Elde Edilen Net Nakit Akışları 212.732.436 991.932.886 ‖ 2025/09 raporu KAP’ta yok,,BELGE_YOK,— | -217.827 | —,"2025/09 raporu KAP’ta yok ‖ KAP 1395381 2024/12 cari · PDF s.7 (TL): Maddi ve maddi olmayan duran varlık alımından kaynaklanan nakit çıkışları 13,15 (217.827.477) (701.977.306) ‖ 2025/09 raporu KAP’ta yok",,BELGE_YOK,— | 0.000 | —,2025/09 raporu KAP’ta yok ‖ KAP 1395381 2024/12 cari ‖ 2025/09 raporu KAP’ta yok,,BELGE_YOK,— | -45.066 | —,2025/09 raporu KAP’ta yok ‖ KAP 1395381 2024/12 cari · PDF s.7 (TL): Kira sözleşmelerinden kaynaklanan borç ödemelerine ilişkin nakit çıkışları 5 (45.066.373) (80.945.328) ‖ 2025/09 raporu KAP’ta yok,BELGE_YOK
BASCM,Standart,2026/03,,BELGE_YOK,— | — | —,2026/03 raporu KAP’ta yok ‖ 2025/12 INDIRILMEDI ‖ 2026/03 raporu KAP’ta yok,,BELGE_YOK,— | — | —,2026/03 raporu KAP’ta yok ‖ 2025/12 INDIRILMEDI ‖ 2026/03 raporu KAP’ta yok,,BELGE_YOK,— | — | —,2026/03 raporu KAP’ta yok ‖ 2025/12 INDIRILMEDI ‖ 2026/03 raporu KAP’ta yok,,BELGE_YOK,— | — | —,2026/03 raporu KAP’ta yok ‖ 2025/12 INDIRILMEDI ‖ 2026/03 raporu KAP’ta yok,BELGE_YOK
BASCM,Standart,2026/06,,BELGE_YOK,— | — | —,2026/06 INDIRILMEDI ‖ 2025/12 INDIRILMEDI ‖ 2026/06 INDIRILMEDI,,BELGE_YOK,— | — | —,2026/06 INDIRILMEDI ‖ 2025/12 INDIRILMEDI ‖ 2026/06 INDIRILMEDI,,BELGE_YOK,— | — | —,2026/06 INDIRILMEDI ‖ 2025/12 INDIRILMEDI ‖ 2026/06 INDIRILMEDI,,BELGE_YOK,— | — | —,2026/06 INDIRILMEDI ‖ 2025/12 INDIRILMEDI ‖ 2026/06 INDIRILMEDI,BELGE_YOK
BERA,Holding,2025/03,,BELGE_YOK,— | 365.649 | —,2025/03 INDIRILMEDI ‖ KAP 1404612 2024/12 cari · PDF s.13 (TL): A. İŞLETME FAALİYETLERİNDEN NAKİT AKIŞLARI 365.648.962 3.766.877.694 ‖ 2025/03 INDIRILMEDI,,BELGE_YOK,— | -718.861 | —,"2025/03 INDIRILMEDI ‖ KAP 1404612 2024/12 cari · PDF s.13 (TL): 13, 14, 15, 17 (718.860.654) (1.409.435.062) ‖ 2025/03 INDIRILMEDI",,BELGE_YOK,— | — | —,2025/03 INDIRILMEDI ‖ KAP 1404612 2024/12 cari · PDF’te XBRL dışı satır: Yatırım Amaçlı Gayrimenkullere İlişkin Değer Artışı 35 -- (1.162.309.867) ‖ 2025/03 INDIRILMEDI,,BELGE_YOK,— | 0.000 | —,2025/03 INDIRILMEDI ‖ KAP 1404612 2024/12 cari ‖ 2025/03 INDIRILMEDI,BELGE_YOK
BESTE,Standart,2025/03,,BELGE_YOK,— | — | —,2025/03 raporu KAP’ta yok ‖ 2024/12 raporu KAP’ta yok ‖ 2025/03 raporu KAP’ta yok,,BELGE_YOK,— | — | —,2025/03 raporu KAP’ta yok ‖ 2024/12 raporu KAP’ta yok ‖ 2025/03 raporu KAP’ta yok,,BELGE_YOK,— | — | —,2025/03 raporu KAP’ta yok ‖ 2024/12 raporu KAP’ta yok ‖ 2025/03 raporu KAP’ta yok,,BELGE_YOK,— | — | —,2025/03 raporu KAP’ta yok ‖ 2024/12 raporu KAP’ta yok ‖ 2025/03 raporu KAP’ta yok,BELGE_YOK
BESTE,Standart,2025/06,,BELGE_YOK,— | — | —,2025/06 raporu KAP’ta yok ‖ 2024/12 raporu KAP’ta yok ‖ 2025/06 raporu KAP’ta yok,,BELGE_YOK,— | — | —,2025/06 raporu KAP’ta yok ‖ 2024/12 raporu KAP’ta yok ‖ 2025/06 raporu KAP’ta yok,,BELGE_YOK,— | — | —,2025/06 raporu KAP’ta yok ‖ 2024/12 raporu KAP’ta yok ‖ 2025/06 raporu KAP’ta yok,,BELGE_YOK,— | — | —,2025/06 raporu KAP’ta yok ‖ 2024/12 raporu KAP’ta yok ‖ 2025/06 raporu KAP’ta yok,BELGE_YOK
BESTE,Standart,2025/09,,BELGE_YOK,— | — | —,2025/09 raporu KAP’ta yok ‖ 2024/12 raporu KAP’ta yok ‖ 2025/09 raporu KAP’ta yok,,BELGE_YOK,— | — | —,2025/09 raporu KAP’ta yok ‖ 2024/12 raporu KAP’ta yok ‖ 2025/09 raporu KAP’ta yok,,BELGE_YOK,— | — | —,2025/09 raporu KAP’ta yok ‖ 2024/12 raporu KAP’ta yok ‖ 2025/09 raporu KAP’ta yok,,BELGE_YOK,— | — | —,2025/09 raporu KAP’ta yok ‖ 2024/12 raporu KAP’ta yok ‖ 2025/09 raporu KAP’ta yok,BELGE_YOK
BESTE,Standart,2026/03,,BELGE_YOK,— | — | —,2026/03 INDIRILMEDI ‖ 2025/12 INDIRILMEDI ‖ 2026/03 INDIRILMEDI,,BELGE_YOK,— | — | —,2026/03 INDIRILMEDI ‖ 2025/12 INDIRILMEDI ‖ 2026/03 INDIRILMEDI,,BELGE_YOK,— | — | —,2026/03 INDIRILMEDI ‖ 2025/12 INDIRILMEDI ‖ 2026/03 INDIRILMEDI,,BELGE_YOK,— | — | —,2026/03 INDIRILMEDI ‖ 2025/12 INDIRILMEDI ‖ 2026/03 INDIRILMEDI,BELGE_YOK
BESTE,Standart,2026/06,,BELGE_YOK,— | — | —,2026/06 INDIRILMEDI ‖ 2025/12 INDIRILMEDI ‖ 2026/06 INDIRILMEDI,,BELGE_YOK,— | — | —,2026/06 INDIRILMEDI ‖ 2025/12 INDIRILMEDI ‖ 2026/06 INDIRILMEDI,,BELGE_YOK,— | — | —,2026/06 INDIRILMEDI ‖ 2025/12 INDIRILMEDI ‖ 2026/06 INDIRILMEDI,,BELGE_YOK,— | — | —,2026/06 INDIRILMEDI ‖ 2025/12 INDIRILMEDI ‖ 2026/06 INDIRILMEDI,BELGE_YOK
BETAE,Standart,2025/03,,BELGE_YOK,— | — | —,2025/03 raporu KAP’ta yok ‖ 2024/12 raporu KAP’ta yok ‖ 2025/03 raporu KAP’ta yok,,BELGE_YOK,— | — | —,2025/03 raporu KAP’ta yok ‖ 2024/12 raporu KAP’ta yok ‖ 2025/03 raporu KAP’ta yok,,BELGE_YOK,— | — | —,2025/03 raporu KAP’ta yok ‖ 2024/12 raporu KAP’ta yok ‖ 2025/03 raporu KAP’ta yok,,BELGE_YOK,— | — | —,2025/03 raporu KAP’ta yok ‖ 2024/12 raporu KAP’ta yok ‖ 2025/03 raporu KAP’ta yok,BELGE_YOK
BETAE,Standart,2025/06,,BELGE_YOK,— | — | —,2025/06 raporu KAP’ta yok ‖ 2024/12 raporu KAP’ta yok ‖ 2025/06 raporu KAP’ta yok,,BELGE_YOK,— | — | —,2025/06 raporu KAP’ta yok ‖ 2024/12 raporu KAP’ta yok ‖ 2025/06 raporu KAP’ta yok,,BELGE_YOK,— | — | —,2025/06 raporu KAP’ta yok ‖ 2024/12 raporu KAP’ta yok ‖ 2025/06 raporu KAP’ta yok,,BELGE_YOK,— | — | —,2025/06 raporu KAP’ta yok ‖ 2024/12 raporu KAP’ta yok ‖ 2025/06 raporu KAP’ta yok,BELGE_YOK
BETAE,Standart,2025/09,,BELGE_YOK,— | — | —,2025/09 raporu KAP’ta yok ‖ 2024/12 raporu KAP’ta yok ‖ 2025/09 raporu KAP’ta yok,,BELGE_YOK,— | — | —,2025/09 raporu KAP’ta yok ‖ 2024/12 raporu KAP’ta yok ‖ 2025/09 raporu KAP’ta yok,,BELGE_YOK,— | — | —,2025/09 raporu KAP’ta yok ‖ 2024/12 raporu KAP’ta yok ‖ 2025/09 raporu KAP’ta yok,,BELGE_YOK,— | — | —,2025/09 raporu KAP’ta yok ‖ 2024/12 raporu KAP’ta yok ‖ 2025/09 raporu KAP’ta yok,BELGE_YOK
BETAE,Standart,2026/03,,BELGE_YOK,— | — | —,2026/03 raporu KAP’ta yok ‖ 2025/12 raporu KAP’ta yok ‖ 2026/03 raporu KAP’ta yok,,BELGE_YOK,— | — | —,2026/03 raporu KAP’ta yok ‖ 2025/12 raporu KAP’ta yok ‖ 2026/03 raporu KAP’ta yok,,BELGE_YOK,— | — | —,2026/03 raporu KAP’ta yok ‖ 2025/12 raporu KAP’ta yok ‖ 2026/03 raporu KAP’ta yok,,BELGE_YOK,— | — | —,2026/03 raporu KAP’ta yok ‖ 2025/12 raporu KAP’ta yok ‖ 2026/03 raporu KAP’ta yok,BELGE_YOK
BETAE,Standart,2026/06,,BELGE_YOK,— | — | —,2026/06 INDIRILMEDI ‖ 2025/12 raporu KAP’ta yok ‖ 2026/06 INDIRILMEDI,,BELGE_YOK,— | — | —,2026/06 INDIRILMEDI ‖ 2025/12 raporu KAP’ta yok ‖ 2026/06 INDIRILMEDI,,BELGE_YOK,— | — | —,2026/06 INDIRILMEDI ‖ 2025/12 raporu KAP’ta yok ‖ 2026/06 INDIRILMEDI,,BELGE_YOK,— | — | —,2026/06 INDIRILMEDI ‖ 2025/12 raporu KAP’ta yok ‖ 2026/06 INDIRILMEDI,BELGE_YOK
BFREN,Standart,2025/03,,BELGE_YOK,— | 82.792 | —,2025/03 INDIRILMEDI ‖ KAP 1397614 2024/12 cari · PDF s.11 (TL): İŞLETME FAALİYETLERİNDEN NAKİT AKIŞLARI 82.792.438 281.549.004 ‖ 2025/03 INDIRILMEDI,,BELGE_YOK,— | -21.394 | —,2025/03 INDIRILMEDI ‖ KAP 1397614 2024/12 cari · PDF s.11 (TL): Maddi ve Maddi Olmayan Duran Varlıkların Alımından Kaynaklanan Nakit Çıkışları (21.394.219) (30.066.539) ‖ 2025/03 INDIRILMEDI,,BELGE_YOK,— | 0.000 | —,2025/03 INDIRILMEDI ‖ KAP 1397614 2024/12 cari ‖ 2025/03 INDIRILMEDI,,BELGE_YOK,— | -30.739 | —,2025/03 INDIRILMEDI ‖ KAP 1397614 2024/12 cari · PDF s.11 (TL): Kira Sözleşmelerinden Kaynaklanan Borç Ödemelerine İlişkin Nakit Çıkışları 10 (30.739.495) (33.447.091) ‖ 2025/03 INDIRILMEDI,BELGE_YOK
BFREN,Standart,2025/06,,BELGE_YOK,— | 82.792 | —,2025/06 INDIRILMEDI ‖ KAP 1397614 2024/12 cari · PDF s.11 (TL): İŞLETME FAALİYETLERİNDEN NAKİT AKIŞLARI 82.792.438 281.549.004 ‖ 2025/06 INDIRILMEDI,,BELGE_YOK,— | -21.394 | —,2025/06 INDIRILMEDI ‖ KAP 1397614 2024/12 cari · PDF s.11 (TL): Maddi ve Maddi Olmayan Duran Varlıkların Alımından Kaynaklanan Nakit Çıkışları (21.394.219) (30.066.539) ‖ 2025/06 INDIRILMEDI,,BELGE_YOK,— | 0.000 | —,2025/06 INDIRILMEDI ‖ KAP 1397614 2024/12 cari ‖ 2025/06 INDIRILMEDI,,BELGE_YOK,— | -30.739 | —,2025/06 INDIRILMEDI ‖ KAP 1397614 2024/12 cari · PDF s.11 (TL): Kira Sözleşmelerinden Kaynaklanan Borç Ödemelerine İlişkin Nakit Çıkışları 10 (30.739.495) (33.447.091) ‖ 2025/06 INDIRILMEDI,BELGE_YOK
BFREN,Standart,2025/09,,BELGE_YOK,— | 82.792 | —,2025/09 INDIRILMEDI ‖ KAP 1397614 2024/12 cari · PDF s.11 (TL): İŞLETME FAALİYETLERİNDEN NAKİT AKIŞLARI 82.792.438 281.549.004 ‖ 2025/09 INDIRILMEDI,,BELGE_YOK,— | -21.394 | —,2025/09 INDIRILMEDI ‖ KAP 1397614 2024/12 cari · PDF s.11 (TL): Maddi ve Maddi Olmayan Duran Varlıkların Alımından Kaynaklanan Nakit Çıkışları (21.394.219) (30.066.539) ‖ 2025/09 INDIRILMEDI,,BELGE_YOK,— | 0.000 | —,2025/09 INDIRILMEDI ‖ KAP 1397614 2024/12 cari ‖ 2025/09 INDIRILMEDI,,BELGE_YOK,— | -30.739 | —,2025/09 INDIRILMEDI ‖ KAP 1397614 2024/12 cari · PDF s.11 (TL): Kira Sözleşmelerinden Kaynaklanan Borç Ödemelerine İlişkin Nakit Çıkışları 10 (30.739.495) (33.447.091) ‖ 2025/09 INDIRILMEDI,BELGE_YOK
BFREN,Standart,2025/12,,BELGE_YOK,—,2025/12 INDIRILMEDI,,BELGE_YOK,—,2025/12 INDIRILMEDI,,BELGE_YOK,—,2025/12 INDIRILMEDI,,BELGE_YOK,—,2025/12 INDIRILMEDI,BELGE_YOK
BFREN,Standart,2026/03,,BELGE_YOK,— | — | —,2026/03 INDIRILMEDI ‖ 2025/12 INDIRILMEDI ‖ 2026/03 INDIRILMEDI,,BELGE_YOK,— | — | —,2026/03 INDIRILMEDI ‖ 2025/12 INDIRILMEDI ‖ 2026/03 INDIRILMEDI,,BELGE_YOK,— | — | —,2026/03 INDIRILMEDI ‖ 2025/12 INDIRILMEDI ‖ 2026/03 INDIRILMEDI,,BELGE_YOK,— | — | —,2026/03 INDIRILMEDI ‖ 2025/12 INDIRILMEDI ‖ 2026/03 INDIRILMEDI,BELGE_YOK
BFREN,Standart,2026/06,,BELGE_YOK,— | — | —,2026/06 INDIRILMEDI ‖ 2025/12 INDIRILMEDI ‖ 2026/06 INDIRILMEDI,,BELGE_YOK,— | — | —,2026/06 INDIRILMEDI ‖ 2025/12 INDIRILMEDI ‖ 2026/06 INDIRILMEDI,,BELGE_YOK,— | — | —,2026/06 INDIRILMEDI ‖ 2025/12 INDIRILMEDI ‖ 2026/06 INDIRILMEDI,,BELGE_YOK,— | — | —,2026/06 INDIRILMEDI ‖ 2025/12 INDIRILMEDI ‖ 2026/06 INDIRILMEDI,BELGE_YOK
BINBN,Standart,2025/03,-973.993,TEYITLI,214.263 | -1837.451 | -649.196,KAP 1432563 2025/03 cari · PDF s.8 (TL): A. İşletme Faaliyetlerinden Nakit Akışları 214.263.062 (649.195.727) ‖ KAP 1404905 2024/12 cari · PDF s.13 (TL): A. İşletme faaliyetlerden kaynaklanan nakit akışları (1.837.451.483) 1.235.305.453 ‖ KAP 1432563 2025/03 onceki · PDF s.8 (TL): A. İşletme Faaliyetlerinden Nakit Akışları 214.263.062 (649.195.727),-53.967,TEYITLI,-19.562 | -40.746 | -6.340,"KAP 1432563 2025/03 cari · PDF s.8 (TL): Maddi ve Maddi Olmayan Duran Varlıkların Alımından Kaynaklanan Nakit Çıkışları (19.561.643) (6.340.474) ‖ KAP 1404905 2024/12 cari · PDF s.13 (TL): kaynaklanan nakit çıkışları 12, 13, 14 (40.746.329) (162.985.355) ‖ KAP 1432563 2025/03 onceki · PDF s.8 (TL): Maddi ve Maddi Olmayan Duran Varlıkların Alımından Kaynaklanan Nakit Çıkışları (19.561.643) (6.340.474)",0.0,TEYITLI,0.000 | 0.000 | 0.000,KAP 1432563 2025/03 cari ‖ KAP 1404905 2024/12 cari ‖ KAP 1432563 2025/03 onceki,-86.995,TEYITLI,-56.322 | -51.257 | -20.585,KAP 1432563 2025/03 cari · PDF s.8 (TL): Kiralama Işlemlerinden Kaynaklanan Yükümlülüklerdeki Değişim (56.322.437) (20.585.119) ‖ KAP 1404905 2024/12 cari · PDF s.13 (TL): Kiralama işlemlerinden kaynaklanan yükümlülüklerdeki değişim 7 (51.257.354) 61.177.614 ‖ KAP 1432563 2025/03 onceki · PDF s.8 (TL): Kiralama Işlemlerinden Kaynaklanan Yükümlülüklerdeki Değişim (56.322.437) (20.585.119),TEYITLI
BINBN,Standart,2025/06,,BELGE_YOK,— | -1837.451 | —,2025/06 INDIRILMEDI ‖ KAP 1404905 2024/12 cari · PDF s.13 (TL): A. İşletme faaliyetlerden kaynaklanan nakit akışları (1.837.451.483) 1.235.305.453 ‖ 2025/06 INDIRILMEDI,,BELGE_YOK,— | -40.746 | —,"2025/06 INDIRILMEDI ‖ KAP 1404905 2024/12 cari · PDF s.13 (TL): kaynaklanan nakit çıkışları 12, 13, 14 (40.746.329) (162.985.355) ‖ 2025/06 INDIRILMEDI",,BELGE_YOK,— | 0.000 | —,2025/06 INDIRILMEDI ‖ KAP 1404905 2024/12 cari ‖ 2025/06 INDIRILMEDI,,BELGE_YOK,— | -51.257 | —,2025/06 INDIRILMEDI ‖ KAP 1404905 2024/12 cari · PDF s.13 (TL): Kiralama işlemlerinden kaynaklanan yükümlülüklerdeki değişim 7 (51.257.354) 61.177.614 ‖ 2025/06 INDIRILMEDI,BELGE_YOK
BINBN,Standart,2025/09,,BELGE_YOK,— | -1837.451 | —,2025/09 INDIRILMEDI ‖ KAP 1404905 2024/12 cari · PDF s.13 (TL): A. İşletme faaliyetlerden kaynaklanan nakit akışları (1.837.451.483) 1.235.305.453 ‖ 2025/09 INDIRILMEDI,,BELGE_YOK,— | -40.746 | —,"2025/09 INDIRILMEDI ‖ KAP 1404905 2024/12 cari · PDF s.13 (TL): kaynaklanan nakit çıkışları 12, 13, 14 (40.746.329) (162.985.355) ‖ 2025/09 INDIRILMEDI",,BELGE_YOK,— | 0.000 | —,2025/09 INDIRILMEDI ‖ KAP 1404905 2024/12 cari ‖ 2025/09 INDIRILMEDI,,BELGE_YOK,— | -51.257 | —,2025/09 INDIRILMEDI ‖ KAP 1404905 2024/12 cari · PDF s.13 (TL): Kiralama işlemlerinden kaynaklanan yükümlülüklerdeki değişim 7 (51.257.354) 61.177.614 ‖ 2025/09 INDIRILMEDI,BELGE_YOK
BINBN,Standart,2026/03,,BELGE_YOK,— | — | —,2026/03 INDIRILMEDI ‖ 2025/12 INDIRILMEDI ‖ 2026/03 INDIRILMEDI,,BELGE_YOK,— | — | —,2026/03 INDIRILMEDI ‖ 2025/12 INDIRILMEDI ‖ 2026/03 INDIRILMEDI,,BELGE_YOK,— | — | —,2026/03 INDIRILMEDI ‖ 2025/12 INDIRILMEDI ‖ 2026/03 INDIRILMEDI,,BELGE_YOK,— | — | —,2026/03 INDIRILMEDI ‖ 2025/12 INDIRILMEDI ‖ 2026/03 INDIRILMEDI,BELGE_YOK
BINBN,Standart,2026/06,,BELGE_YOK,— | — | —,2026/06 INDIRILMEDI ‖ 2025/12 INDIRILMEDI ‖ 2026/06 INDIRILMEDI,,BELGE_YOK,— | — | —,2026/06 INDIRILMEDI ‖ 2025/12 INDIRILMEDI ‖ 2026/06 INDIRILMEDI,,BELGE_YOK,— | — | —,2026/06 INDIRILMEDI ‖ 2025/12 INDIRILMEDI ‖ 2026/06 INDIRILMEDI,,BELGE_YOK,— | — | —,2026/06 INDIRILMEDI ‖ 2025/12 INDIRILMEDI ‖ 2026/06 INDIRILMEDI,BELGE_YOK
BIOEN,Standart,2025/03,,BELGE_YOK,— | 1323.974 | —,2025/03 INDIRILMEDI ‖ KAP 1403855 2024/12 cari · PDF s.13 (TL): İŞLETME FAALİYETLERİNDEN NAKİT AKIŞLARI 1.323.974.220 1.611.234.276 ‖ 2025/03 INDIRILMEDI,,BELGE_YOK,— | -692.245 | —,2025/03 INDIRILMEDI ‖ KAP 1403855 2024/12 cari · PDF s.13 (TL): Maddi ve Maddi Olmayan Duran Varlıkların Alımından Kaynaklanan Nakit Çıkışları 13-14 (692.244.665) (1.510.776.859) ‖ 2025/03 INDIRILMEDI,,BELGE_YOK,— | 0.000 | —,2025/03 INDIRILMEDI ‖ KAP 1403855 2024/12 cari ‖ 2025/03 INDIRILMEDI,,BELGE_YOK,— | 0.000 | —,2025/03 INDIRILMEDI ‖ KAP 1403855 2024/12 cari ‖ 2025/03 INDIRILMEDI,BELGE_YOK
BIOEN,Standart,2025/06,,BELGE_YOK,— | 1323.974 | —,2025/06 INDIRILMEDI ‖ KAP 1403855 2024/12 cari · PDF s.13 (TL): İŞLETME FAALİYETLERİNDEN NAKİT AKIŞLARI 1.323.974.220 1.611.234.276 ‖ 2025/06 INDIRILMEDI,,BELGE_YOK,— | -692.245 | —,2025/06 INDIRILMEDI ‖ KAP 1403855 2024/12 cari · PDF s.13 (TL): Maddi ve Maddi Olmayan Duran Varlıkların Alımından Kaynaklanan Nakit Çıkışları 13-14 (692.244.665) (1.510.776.859) ‖ 2025/06 INDIRILMEDI,,BELGE_YOK,— | 0.000 | —,2025/06 INDIRILMEDI ‖ KAP 1403855 2024/12 cari ‖ 2025/06 INDIRILMEDI,,BELGE_YOK,— | 0.000 | —,2025/06 INDIRILMEDI ‖ KAP 1403855 2024/12 cari ‖ 2025/06 INDIRILMEDI,BELGE_YOK
BIOEN,Standart,2025/09,,BELGE_YOK,— | 1323.974 | —,2025/09 INDIRILMEDI ‖ KAP 1403855 2024/12 cari · PDF s.13 (TL): İŞLETME FAALİYETLERİNDEN NAKİT AKIŞLARI 1.323.974.220 1.611.234.276 ‖ 2025/09 INDIRILMEDI,,BELGE_YOK,— | -692.245 | —,2025/09 INDIRILMEDI ‖ KAP 1403855 2024/12 cari · PDF s.13 (TL): Maddi ve Maddi Olmayan Duran Varlıkların Alımından Kaynaklanan Nakit Çıkışları 13-14 (692.244.665) (1.510.776.859) ‖ 2025/09 INDIRILMEDI,,BELGE_YOK,— | 0.000 | —,2025/09 INDIRILMEDI ‖ KAP 1403855 2024/12 cari ‖ 2025/09 INDIRILMEDI,,BELGE_YOK,— | 0.000 | —,2025/09 INDIRILMEDI ‖ KAP 1403855 2024/12 cari ‖ 2025/09 INDIRILMEDI,BELGE_YOK
BIOEN,Standart,2026/03,,BELGE_YOK,— | — | —,2026/03 INDIRILMEDI ‖ 2025/12 INDIRILMEDI ‖ 2026/03 INDIRILMEDI,,BELGE_YOK,— | — | —,2026/03 INDIRILMEDI ‖ 2025/12 INDIRILMEDI ‖ 2026/03 INDIRILMEDI,,BELGE_YOK,— | — | —,2026/03 INDIRILMEDI ‖ 2025/12 INDIRILMEDI ‖ 2026/03 INDIRILMEDI,,BELGE_YOK,— | — | —,2026/03 INDIRILMEDI ‖ 2025/12 INDIRILMEDI ‖ 2026/03 INDIRILMEDI,BELGE_YOK
BIOEN,Standart,2026/06,,BELGE_YOK,— | — | —,2026/06 INDIRILMEDI ‖ 2025/12 INDIRILMEDI ‖ 2026/06 INDIRILMEDI,,BELGE_YOK,— | — | —,2026/06 INDIRILMEDI ‖ 2025/12 INDIRILMEDI ‖ 2026/06 INDIRILMEDI,,BELGE_YOK,— | — | —,2026/06 INDIRILMEDI ‖ 2025/12 INDIRILMEDI ‖ 2026/06 INDIRILMEDI,,BELGE_YOK,— | — | —,2026/06 INDIRILMEDI ‖ 2025/12 INDIRILMEDI ‖ 2026/06 INDIRILMEDI,BELGE_YOK
BIZIM,Standart,2025/06,,BELGE_YOK,— | 1835.561 | —,2025/06 INDIRILMEDI ‖ KAP 1401825 2024/12 cari · PDF s.14 (TL): A. İşle tme faaliye tle rinde n e lde e dile n nakit akışları 1.835.560.788 1.975.213.031 ‖ 2025/06 INDIRILMEDI,,BELGE_YOK,— | -607.689 | —,"2025/06 INDIRILMEDI ‖ KAP 1401825 2024/12 cari · PDF s.14 (TL): Maddi ve maddi olmayan duran varlıkların alımından kaynaklanan nakit çıkışları 10,11,20 (607.689.194) (929.136.715) ‖ 2025/06 INDIRILMEDI",,BELGE_YOK,— | 0.000 | —,2025/06 INDIRILMEDI ‖ KAP 1401825 2024/12 cari ‖ 2025/06 INDIRILMEDI,,BELGE_YOK,— | -694.438 | —,2025/06 INDIRILMEDI ‖ KAP 1401825 2024/12 cari · PDF s.14 (TL): Kiralama yükümlülüklerinden kaynaklanan borç ödemelerine ilişkin nakit çıkışları (694.437.660) (644.016.567) ‖ 2025/06 INDIRILMEDI,BELGE_YOK
BIZIM,Standart,2025/09,,BELGE_YOK,— | 1835.561 | —,2025/09 INDIRILMEDI ‖ KAP 1401825 2024/12 cari · PDF s.14 (TL): A. İşle tme faaliye tle rinde n e lde e dile n nakit akışları 1.835.560.788 1.975.213.031 ‖ 2025/09 INDIRILMEDI,,BELGE_YOK,— | -607.689 | —,"2025/09 INDIRILMEDI ‖ KAP 1401825 2024/12 cari · PDF s.14 (TL): Maddi ve maddi olmayan duran varlıkların alımından kaynaklanan nakit çıkışları 10,11,20 (607.689.194) (929.136.715) ‖ 2025/09 INDIRILMEDI",,BELGE_YOK,— | 0.000 | —,2025/09 INDIRILMEDI ‖ KAP 1401825 2024/12 cari ‖ 2025/09 INDIRILMEDI,,BELGE_YOK,— | -694.438 | —,2025/09 INDIRILMEDI ‖ KAP 1401825 2024/12 cari · PDF s.14 (TL): Kiralama yükümlülüklerinden kaynaklanan borç ödemelerine ilişkin nakit çıkışları (694.437.660) (644.016.567) ‖ 2025/09 INDIRILMEDI,BELGE_YOK
BIZIM,Standart,2026/03,,BELGE_YOK,— | — | —,2026/03 INDIRILMEDI ‖ 2025/12 INDIRILMEDI ‖ 2026/03 INDIRILMEDI,,BELGE_YOK,— | — | —,2026/03 INDIRILMEDI ‖ 2025/12 INDIRILMEDI ‖ 2026/03 INDIRILMEDI,,BELGE_YOK,— | — | —,2026/03 INDIRILMEDI ‖ 2025/12 INDIRILMEDI ‖ 2026/03 INDIRILMEDI,,BELGE_YOK,— | — | —,2026/03 INDIRILMEDI ‖ 2025/12 INDIRILMEDI ‖ 2026/03 INDIRILMEDI,BELGE_YOK
BIZIM,Standart,2026/06,,BELGE_YOK,— | — | —,2026/06 INDIRILMEDI ‖ 2025/12 INDIRILMEDI ‖ 2026/06 INDIRILMEDI,,BELGE_YOK,— | — | —,2026/06 INDIRILMEDI ‖ 2025/12 INDIRILMEDI ‖ 2026/06 INDIRILMEDI,,BELGE_YOK,— | — | —,2026/06 INDIRILMEDI ‖ 2025/12 INDIRILMEDI ‖ 2026/06 INDIRILMEDI,,BELGE_YOK,— | — | —,2026/06 INDIRILMEDI ‖ 2025/12 INDIRILMEDI ‖ 2026/06 INDIRILMEDI,BELGE_YOK
BJKAS,Standart,2025/03,,BELGE_YOK,— | — | —,2025/03 INDIRILMEDI ‖ 2024/12 INDIRILMEDI ‖ 2025/03 INDIRILMEDI,,BELGE_YOK,— | — | —,2025/03 INDIRILMEDI ‖ 2024/12 INDIRILMEDI ‖ 2025/03 INDIRILMEDI,,BELGE_YOK,— | — | —,2025/03 INDIRILMEDI ‖ 2024/12 INDIRILMEDI ‖ 2025/03 INDIRILMEDI,,BELGE_YOK,— | — | —,2025/03 INDIRILMEDI ‖ 2024/12 INDIRILMEDI ‖ 2025/03 INDIRILMEDI,BELGE_YOK
BJKAS,Standart,2025/06,,BELGE_YOK,— | — | —,2025/06 INDIRILMEDI ‖ 2024/12 INDIRILMEDI ‖ 2025/06 INDIRILMEDI,,BELGE_YOK,— | — | —,2025/06 INDIRILMEDI ‖ 2024/12 INDIRILMEDI ‖ 2025/06 INDIRILMEDI,,BELGE_YOK,— | — | —,2025/06 INDIRILMEDI ‖ 2024/12 INDIRILMEDI ‖ 2025/06 INDIRILMEDI,,BELGE_YOK,— | — | —,2025/06 INDIRILMEDI ‖ 2024/12 INDIRILMEDI ‖ 2025/06 INDIRILMEDI,BELGE_YOK
BJKAS,Standart,2025/09,,BELGE_YOK,— | — | —,2025/09 INDIRILMEDI ‖ 2024/12 INDIRILMEDI ‖ 2025/09 INDIRILMEDI,,BELGE_YOK,— | — | —,2025/09 INDIRILMEDI ‖ 2024/12 INDIRILMEDI ‖ 2025/09 INDIRILMEDI,,BELGE_YOK,— | — | —,2025/09 INDIRILMEDI ‖ 2024/12 INDIRILMEDI ‖ 2025/09 INDIRILMEDI,,BELGE_YOK,— | — | —,2025/09 INDIRILMEDI ‖ 2024/12 INDIRILMEDI ‖ 2025/09 INDIRILMEDI,BELGE_YOK
BJKAS,Standart,2025/12,,BELGE_YOK,—,2025/12 INDIRILMEDI,,BELGE_YOK,—,2025/12 INDIRILMEDI,,BELGE_YOK,—,2025/12 INDIRILMEDI,,BELGE_YOK,—,2025/12 INDIRILMEDI,BELGE_YOK
BJKAS,Standart,2026/03,,BELGE_YOK,— | — | —,2026/03 raporu KAP’ta yok ‖ 2025/12 INDIRILMEDI ‖ 2026/03 raporu KAP’ta yok,,BELGE_YOK,— | — | —,2026/03 raporu KAP’ta yok ‖ 2025/12 INDIRILMEDI ‖ 2026/03 raporu KAP’ta yok,,BELGE_YOK,— | — | —,2026/03 raporu KAP’ta yok ‖ 2025/12 INDIRILMEDI ‖ 2026/03 raporu KAP’ta yok,,BELGE_YOK,— | — | —,2026/03 raporu KAP’ta yok ‖ 2025/12 INDIRILMEDI ‖ 2026/03 raporu KAP’ta yok,BELGE_YOK
BJKAS,Standart,2026/06,,BELGE_YOK,— | — | —,2026/06 raporu KAP’ta yok ‖ 2025/12 INDIRILMEDI ‖ 2026/06 raporu KAP’ta yok,,BELGE_YOK,— | — | —,2026/06 raporu KAP’ta yok ‖ 2025/12 INDIRILMEDI ‖ 2026/06 raporu KAP’ta yok,,BELGE_YOK,— | — | —,2026/06 raporu KAP’ta yok ‖ 2025/12 INDIRILMEDI ‖ 2026/06 raporu KAP’ta yok,,BELGE_YOK,— | — | —,2026/06 raporu KAP’ta yok ‖ 2025/12 INDIRILMEDI ‖ 2026/06 raporu KAP’ta yok,BELGE_YOK
BLCYT,Holding,2025/03,,BELGE_YOK,— | 325.516 | —,2025/03 INDIRILMEDI ‖ KAP 1403417 2024/12 cari · PDF s.12 (TL): A. İşletme Faaliyetlerinden Nakit Akışları 325.516.041 330.939.431 ‖ 2025/03 INDIRILMEDI,,BELGE_YOK,— | -139.211 | —,"2025/03 INDIRILMEDI ‖ KAP 1403417 2024/12 cari · PDF s.13 (TL): Maddi ve maddi olmayan duran varlıkların alımından kaynaklanan nakit çıkışları [15,16] -139.211.199 -201.312.481 ‖ 2025/03 INDIRILMEDI",,BELGE_YOK,— | — | —,2025/03 INDIRILMEDI ‖ KAP 1403417 2024/12 cari · PDF’te XBRL dışı satır: • Yatırım amaçlı gayrimenkullerin gerçeğe uygun değer kayıpları (kazançları) ile ilgili düzeltmeler -626.328.514 – ‖ 2025/03 INDIRILMEDI,,BELGE_YOK,— | 0.000 | —,2025/03 INDIRILMEDI ‖ KAP 1403417 2024/12 cari ‖ 2025/03 INDIRILMEDI,BELGE_YOK
BLCYT,Holding,2025/06,,BELGE_YOK,— | 325.516 | —,2025/06 INDIRILMEDI ‖ KAP 1403417 2024/12 cari · PDF s.12 (TL): A. İşletme Faaliyetlerinden Nakit Akışları 325.516.041 330.939.431 ‖ 2025/06 INDIRILMEDI,,BELGE_YOK,— | -139.211 | —,"2025/06 INDIRILMEDI ‖ KAP 1403417 2024/12 cari · PDF s.13 (TL): Maddi ve maddi olmayan duran varlıkların alımından kaynaklanan nakit çıkışları [15,16] -139.211.199 -201.312.481 ‖ 2025/06 INDIRILMEDI",,BELGE_YOK,— | — | —,2025/06 INDIRILMEDI ‖ KAP 1403417 2024/12 cari · PDF’te XBRL dışı satır: • Yatırım amaçlı gayrimenkullerin gerçeğe uygun değer kayıpları (kazançları) ile ilgili düzeltmeler -626.328.514 – ‖ 2025/06 INDIRILMEDI,,BELGE_YOK,— | 0.000 | —,2025/06 INDIRILMEDI ‖ KAP 1403417 2024/12 cari ‖ 2025/06 INDIRILMEDI,BELGE_YOK
BLCYT,Holding,2025/09,,BELGE_YOK,— | 325.516 | —,2025/09 INDIRILMEDI ‖ KAP 1403417 2024/12 cari · PDF s.12 (TL): A. İşletme Faaliyetlerinden Nakit Akışları 325.516.041 330.939.431 ‖ 2025/09 INDIRILMEDI,,BELGE_YOK,— | -139.211 | —,"2025/09 INDIRILMEDI ‖ KAP 1403417 2024/12 cari · PDF s.13 (TL): Maddi ve maddi olmayan duran varlıkların alımından kaynaklanan nakit çıkışları [15,16] -139.211.199 -201.312.481 ‖ 2025/09 INDIRILMEDI",,BELGE_YOK,— | — | —,2025/09 INDIRILMEDI ‖ KAP 1403417 2024/12 cari · PDF’te XBRL dışı satır: • Yatırım amaçlı gayrimenkullerin gerçeğe uygun değer kayıpları (kazançları) ile ilgili düzeltmeler -626.328.514 – ‖ 2025/09 INDIRILMEDI,,BELGE_YOK,— | 0.000 | —,2025/09 INDIRILMEDI ‖ KAP 1403417 2024/12 cari ‖ 2025/09 INDIRILMEDI,BELGE_YOK
BLCYT,Holding,2026/03,,BELGE_YOK,— | — | —,2026/03 INDIRILMEDI ‖ 2025/12 INDIRILMEDI ‖ 2026/03 INDIRILMEDI,,BELGE_YOK,— | — | —,2026/03 INDIRILMEDI ‖ 2025/12 INDIRILMEDI ‖ 2026/03 INDIRILMEDI,,BELGE_YOK,— | — | —,2026/03 INDIRILMEDI ‖ 2025/12 INDIRILMEDI ‖ 2026/03 INDIRILMEDI,,BELGE_YOK,— | — | —,2026/03 INDIRILMEDI ‖ 2025/12 INDIRILMEDI ‖ 2026/03 INDIRILMEDI,BELGE_YOK
BLCYT,Holding,2026/06,,BELGE_YOK,— | — | —,2026/06 INDIRILMEDI ‖ 2025/12 INDIRILMEDI ‖ 2026/06 INDIRILMEDI,,BELGE_YOK,— | — | —,2026/06 INDIRILMEDI ‖ 2025/12 INDIRILMEDI ‖ 2026/06 INDIRILMEDI,,BELGE_YOK,— | — | —,2026/06 INDIRILMEDI ‖ 2025/12 INDIRILMEDI ‖ 2026/06 INDIRILMEDI,,BELGE_YOK,— | — | —,2026/06 INDIRILMEDI ‖ 2025/12 INDIRILMEDI ‖ 2026/06 INDIRILMEDI,BELGE_YOK
BLUME,Standart,2026/03,,BELGE_YOK,— | — | —,2026/03 INDIRILMEDI ‖ 2025/12 INDIRILMEDI ‖ 2026/03 INDIRILMEDI,,BELGE_YOK,— | — | —,2026/03 INDIRILMEDI ‖ 2025/12 INDIRILMEDI ‖ 2026/03 INDIRILMEDI,,BELGE_YOK,— | — | —,2026/03 INDIRILMEDI ‖ 2025/12 INDIRILMEDI ‖ 2026/03 INDIRILMEDI,,BELGE_YOK,— | — | —,2026/03 INDIRILMEDI ‖ 2025/12 INDIRILMEDI ‖ 2026/03 INDIRILMEDI,BELGE_YOK
BORLS,Standart,2025/03,,BELGE_YOK,— | 185.235 | —,2025/03 INDIRILMEDI ‖ KAP 1405065 2024/12 cari · PDF s.11 (TL): A. İŞLETME FAALİYETLERİNDEN NAKİT AKIŞLARI 185.234.568 826.874.717 ‖ 2025/03 INDIRILMEDI,,BELGE_YOK,— | -3956.039 | —,2025/03 INDIRILMEDI ‖ KAP 1405065 2024/12 cari · PDF s.11 (TL): Maddi ve Maddi Olmayan Duran Varlıkların Alımından Kaynaklanan Nakit Çıkışları 13- 14 (3.956.038.564) (2.543.432.495) ‖ 2025/03 INDIRILMEDI,,BELGE_YOK,— | 0.000 | —,2025/03 INDIRILMEDI ‖ KAP 1405065 2024/12 cari ‖ 2025/03 INDIRILMEDI,,BELGE_YOK,— | — | —,"2025/03 INDIRILMEDI ‖ KAP 1405065 2024/12 cari · PDF’te XBRL dışı satır: Borlease Otomotiv A.Ş. (“Şirket” veya “Borlease”) 2013 yılında İstanbul, Türkiye’de kurulmuştur. Şirket’in ana || Grup öncelikli olarak her marka binek aracın operasyonel filo kiralama hizmetini yürütmektedir. 31 Aralık 2024 || tarihi itibarıyla operasyonel kiralamada kullanılan araçların sayısı 8.367’dir (31 Aralık 2023: 7.254). Bu ‖ 2025/03 INDIRILMEDI",BELGE_YOK
BRKO,Standart,2025/06,,BELGE_YOK,— | — | —,2025/06 INDIRILMEDI ‖ 2024/12 NAKIT_AKIS_YOK ‖ 2025/06 INDIRILMEDI,,BELGE_YOK,— | — | —,2025/06 INDIRILMEDI ‖ 2024/12 NAKIT_AKIS_YOK ‖ 2025/06 INDIRILMEDI,,BELGE_YOK,— | — | —,2025/06 INDIRILMEDI ‖ 2024/12 NAKIT_AKIS_YOK ‖ 2025/06 INDIRILMEDI,,BELGE_YOK,— | — | —,2025/06 INDIRILMEDI ‖ 2024/12 NAKIT_AKIS_YOK ‖ 2025/06 INDIRILMEDI,BELGE_YOK
BRKO,Standart,2025/09,,BELGE_YOK,— | — | —,2025/09 INDIRILMEDI ‖ 2024/12 NAKIT_AKIS_YOK ‖ 2025/09 INDIRILMEDI,,BELGE_YOK,— | — | —,2025/09 INDIRILMEDI ‖ 2024/12 NAKIT_AKIS_YOK ‖ 2025/09 INDIRILMEDI,,BELGE_YOK,— | — | —,2025/09 INDIRILMEDI ‖ 2024/12 NAKIT_AKIS_YOK ‖ 2025/09 INDIRILMEDI,,BELGE_YOK,— | — | —,2025/09 INDIRILMEDI ‖ 2024/12 NAKIT_AKIS_YOK ‖ 2025/09 INDIRILMEDI,BELGE_YOK
BRMEN,Standart,2026/03,,BELGE_YOK,— | — | —,2026/03 INDIRILMEDI ‖ 2025/12 INDIRILMEDI ‖ 2026/03 INDIRILMEDI,,BELGE_YOK,— | — | —,2026/03 INDIRILMEDI ‖ 2025/12 INDIRILMEDI ‖ 2026/03 INDIRILMEDI,,BELGE_YOK,— | — | —,2026/03 INDIRILMEDI ‖ 2025/12 INDIRILMEDI ‖ 2026/03 INDIRILMEDI,,BELGE_YOK,— | — | —,2026/03 INDIRILMEDI ‖ 2025/12 INDIRILMEDI ‖ 2026/03 INDIRILMEDI,BELGE_YOK
BRMEN,Standart,2026/06,,BELGE_YOK,— | — | —,2026/06 INDIRILMEDI ‖ 2025/12 INDIRILMEDI ‖ 2026/06 INDIRILMEDI,,BELGE_YOK,— | — | —,2026/06 INDIRILMEDI ‖ 2025/12 INDIRILMEDI ‖ 2026/06 INDIRILMEDI,,BELGE_YOK,— | — | —,2026/06 INDIRILMEDI ‖ 2025/12 INDIRILMEDI ‖ 2026/06 INDIRILMEDI,,BELGE_YOK,— | — | —,2026/06 INDIRILMEDI ‖ 2025/12 INDIRILMEDI ‖ 2026/06 INDIRILMEDI,BELGE_YOK
BSOKE,Standart,2025/03,,BELGE_YOK,— | 0.350 | —,2025/03 INDIRILMEDI ‖ KAP 1417960 2024/12 cari · PDF s.11 (TL): A. İşletme faaliyetlerinden nakit akışları 349.621 222.770 ‖ 2025/03 INDIRILMEDI,,BELGE_YOK,— | -0.083 | —,2025/03 INDIRILMEDI ‖ KAP 1417960 2024/12 cari · PDF s.11 (TL): - Maddi duran varlık alımından kaynaklanan nakit çıkışları 9 (82.872) (106.083) + - Maddi olmayan duran varlık alımından kaynaklanan nakit çıkışları 10 (54) - ‖ 2025/03 INDIRILMEDI,,BELGE_YOK,— | 0.000 | —,2025/03 INDIRILMEDI ‖ KAP 1417960 2024/12 cari ‖ 2025/03 INDIRILMEDI,,BELGE_YOK,— | -0.002 | —,2025/03 INDIRILMEDI ‖ KAP 1417960 2024/12 cari · PDF s.11 (TL): Kiralama yükümlülükleri ile ilgili nakit çıkışları 4 (2.387) (6.898) ‖ 2025/03 INDIRILMEDI,BELGE_YOK
BSOKE,Standart,2025/06,,BELGE_YOK,— | 0.350 | —,2025/06 INDIRILMEDI ‖ KAP 1417960 2024/12 cari · PDF s.11 (TL): A. İşletme faaliyetlerinden nakit akışları 349.621 222.770 ‖ 2025/06 INDIRILMEDI,,BELGE_YOK,— | -0.083 | —,2025/06 INDIRILMEDI ‖ KAP 1417960 2024/12 cari · PDF s.11 (TL): - Maddi duran varlık alımından kaynaklanan nakit çıkışları 9 (82.872) (106.083) + - Maddi olmayan duran varlık alımından kaynaklanan nakit çıkışları 10 (54) - ‖ 2025/06 INDIRILMEDI,,BELGE_YOK,— | 0.000 | —,2025/06 INDIRILMEDI ‖ KAP 1417960 2024/12 cari ‖ 2025/06 INDIRILMEDI,,BELGE_YOK,— | -0.002 | —,2025/06 INDIRILMEDI ‖ KAP 1417960 2024/12 cari · PDF s.11 (TL): Kiralama yükümlülükleri ile ilgili nakit çıkışları 4 (2.387) (6.898) ‖ 2025/06 INDIRILMEDI,BELGE_YOK
BSOKE,Standart,2025/09,,BELGE_YOK,— | 0.350 | —,2025/09 INDIRILMEDI ‖ KAP 1417960 2024/12 cari · PDF s.11 (TL): A. İşletme faaliyetlerinden nakit akışları 349.621 222.770 ‖ 2025/09 INDIRILMEDI,,BELGE_YOK,— | -0.083 | —,2025/09 INDIRILMEDI ‖ KAP 1417960 2024/12 cari · PDF s.11 (TL): - Maddi duran varlık alımından kaynaklanan nakit çıkışları 9 (82.872) (106.083) + - Maddi olmayan duran varlık alımından kaynaklanan nakit çıkışları 10 (54) - ‖ 2025/09 INDIRILMEDI,,BELGE_YOK,— | 0.000 | —,2025/09 INDIRILMEDI ‖ KAP 1417960 2024/12 cari ‖ 2025/09 INDIRILMEDI,,BELGE_YOK,— | -0.002 | —,2025/09 INDIRILMEDI ‖ KAP 1417960 2024/12 cari · PDF s.11 (TL): Kiralama yükümlülükleri ile ilgili nakit çıkışları 4 (2.387) (6.898) ‖ 2025/09 INDIRILMEDI,BELGE_YOK
BSOKE,Standart,2026/03,,BELGE_YOK,— | — | —,2026/03 INDIRILMEDI ‖ 2025/12 INDIRILMEDI ‖ 2026/03 INDIRILMEDI,,BELGE_YOK,— | — | —,2026/03 INDIRILMEDI ‖ 2025/12 INDIRILMEDI ‖ 2026/03 INDIRILMEDI,,BELGE_YOK,— | — | —,2026/03 INDIRILMEDI ‖ 2025/12 INDIRILMEDI ‖ 2026/03 INDIRILMEDI,,BELGE_YOK,— | — | —,2026/03 INDIRILMEDI ‖ 2025/12 INDIRILMEDI ‖ 2026/03 INDIRILMEDI,BELGE_YOK
BSOKE,Standart,2026/06,,BELGE_YOK,— | — | —,2026/06 INDIRILMEDI ‖ 2025/12 INDIRILMEDI ‖ 2026/06 INDIRILMEDI,,BELGE_YOK,— | — | —,2026/06 INDIRILMEDI ‖ 2025/12 INDIRILMEDI ‖ 2026/06 INDIRILMEDI,,BELGE_YOK,— | — | —,2026/06 INDIRILMEDI ‖ 2025/12 INDIRILMEDI ‖ 2026/06 INDIRILMEDI,,BELGE_YOK,— | — | —,2026/06 INDIRILMEDI ‖ 2025/12 INDIRILMEDI ‖ 2026/06 INDIRILMEDI,BELGE_YOK
BTCIM,Standart,2025/03,,BELGE_YOK,— | 0.158 | —,"2025/03 INDIRILMEDI ‖ KAP 1424617 2024/12 cari · PDF s.11 (TL): A. İşletme faaliyetlerinden nakit akışları, net 158.261 1.657.315 ‖ 2025/03 INDIRILMEDI",,BELGE_YOK,— | -0.365 | —,2025/03 INDIRILMEDI ‖ KAP 1424617 2024/12 cari · PDF s.11 (TL): - Maddi duran varlık alımından kaynaklanan nakit çıkışları 12 (361.438) (650.282) + - Maddi olmayan duran varlık alımından kaynaklanan nakit çıkışları 13 (3.571) (555) ‖ 2025/03 INDIRILMEDI,,BELGE_YOK,— | 0.000 | —,2025/03 INDIRILMEDI ‖ KAP 1424617 2024/12 cari ‖ 2025/03 INDIRILMEDI,,BELGE_YOK,— | -0.026 | —,2025/03 INDIRILMEDI ‖ KAP 1424617 2024/12 cari · PDF s.11 (bin TL): - İlişkili taraflara faaliyetlerle ilgili diğer borçlardaki artış (azalış) 7 (9.484) (26) ‖ 2025/03 INDIRILMEDI,BELGE_YOK
BTCIM,Standart,2025/06,,BELGE_YOK,— | 0.158 | —,"2025/06 INDIRILMEDI ‖ KAP 1424617 2024/12 cari · PDF s.11 (TL): A. İşletme faaliyetlerinden nakit akışları, net 158.261 1.657.315 ‖ 2025/06 INDIRILMEDI",,BELGE_YOK,— | -0.365 | —,2025/06 INDIRILMEDI ‖ KAP 1424617 2024/12 cari · PDF s.11 (TL): - Maddi duran varlık alımından kaynaklanan nakit çıkışları 12 (361.438) (650.282) + - Maddi olmayan duran varlık alımından kaynaklanan nakit çıkışları 13 (3.571) (555) ‖ 2025/06 INDIRILMEDI,,BELGE_YOK,— | 0.000 | —,2025/06 INDIRILMEDI ‖ KAP 1424617 2024/12 cari ‖ 2025/06 INDIRILMEDI,,BELGE_YOK,— | -0.026 | —,2025/06 INDIRILMEDI ‖ KAP 1424617 2024/12 cari · PDF s.11 (bin TL): - İlişkili taraflara faaliyetlerle ilgili diğer borçlardaki artış (azalış) 7 (9.484) (26) ‖ 2025/06 INDIRILMEDI,BELGE_YOK
BTCIM,Standart,2025/09,,BELGE_YOK,— | 0.158 | —,"2025/09 INDIRILMEDI ‖ KAP 1424617 2024/12 cari · PDF s.11 (TL): A. İşletme faaliyetlerinden nakit akışları, net 158.261 1.657.315 ‖ 2025/09 INDIRILMEDI",,BELGE_YOK,— | -0.365 | —,2025/09 INDIRILMEDI ‖ KAP 1424617 2024/12 cari · PDF s.11 (TL): - Maddi duran varlık alımından kaynaklanan nakit çıkışları 12 (361.438) (650.282) + - Maddi olmayan duran varlık alımından kaynaklanan nakit çıkışları 13 (3.571) (555) ‖ 2025/09 INDIRILMEDI,,BELGE_YOK,— | 0.000 | —,2025/09 INDIRILMEDI ‖ KAP 1424617 2024/12 cari ‖ 2025/09 INDIRILMEDI,,BELGE_YOK,— | -0.026 | —,2025/09 INDIRILMEDI ‖ KAP 1424617 2024/12 cari · PDF s.11 (bin TL): - İlişkili taraflara faaliyetlerle ilgili diğer borçlardaki artış (azalış) 7 (9.484) (26) ‖ 2025/09 INDIRILMEDI,BELGE_YOK
BTCIM,Standart,2026/06,,BELGE_YOK,— | — | —,2026/06 INDIRILMEDI ‖ 2025/12 INDIRILMEDI ‖ 2026/06 INDIRILMEDI,,BELGE_YOK,— | — | —,2026/06 INDIRILMEDI ‖ 2025/12 INDIRILMEDI ‖ 2026/06 INDIRILMEDI,,BELGE_YOK,— | — | —,2026/06 INDIRILMEDI ‖ 2025/12 INDIRILMEDI ‖ 2026/06 INDIRILMEDI,,BELGE_YOK,— | — | —,2026/06 INDIRILMEDI ‖ 2025/12 INDIRILMEDI ‖ 2026/06 INDIRILMEDI,BELGE_YOK
BUCIM,Standart,2025/03,,BELGE_YOK,— | 1966.771 | —,2025/03 INDIRILMEDI ‖ KAP 1402680 2024/12 cari · PDF s.11 (TL): A-İŞLETME FAALİYETLERİNDEN NAKİT AKIŞLARI 1.966.770.904 2.723.604.004 ‖ 2025/03 INDIRILMEDI,,BELGE_YOK,— | -4030.186 | —,2025/03 INDIRILMEDI ‖ KAP 1402680 2024/12 cari · PDF s.11 (TL): Maddi ve Maddi Olmayan Duran Varlıkların Alımından Kaynaklanan Nakit Çıkışları (4.030.185.963) (2.738.041.167) ‖ 2025/03 INDIRILMEDI,,BELGE_YOK,— | 0.000 | —,2025/03 INDIRILMEDI ‖ KAP 1402680 2024/12 cari ‖ 2025/03 INDIRILMEDI,,BELGE_YOK,— | -11.792 | —,2025/03 INDIRILMEDI ‖ KAP 1402680 2024/12 cari · PDF s.11 (TL): Kira Sözleşmelerinden Kaynaklanan Borç Ödemelerine İlişkin Nakit Çıkışları (11.792.148) (15.869.939) ‖ 2025/03 INDIRILMEDI,BELGE_YOK
BUCIM,Standart,2025/06,,BELGE_YOK,— | 1966.771 | —,2025/06 INDIRILMEDI ‖ KAP 1402680 2024/12 cari · PDF s.11 (TL): A-İŞLETME FAALİYETLERİNDEN NAKİT AKIŞLARI 1.966.770.904 2.723.604.004 ‖ 2025/06 INDIRILMEDI,,BELGE_YOK,— | -4030.186 | —,2025/06 INDIRILMEDI ‖ KAP 1402680 2024/12 cari · PDF s.11 (TL): Maddi ve Maddi Olmayan Duran Varlıkların Alımından Kaynaklanan Nakit Çıkışları (4.030.185.963) (2.738.041.167) ‖ 2025/06 INDIRILMEDI,,BELGE_YOK,— | 0.000 | —,2025/06 INDIRILMEDI ‖ KAP 1402680 2024/12 cari ‖ 2025/06 INDIRILMEDI,,BELGE_YOK,— | -11.792 | —,2025/06 INDIRILMEDI ‖ KAP 1402680 2024/12 cari · PDF s.11 (TL): Kira Sözleşmelerinden Kaynaklanan Borç Ödemelerine İlişkin Nakit Çıkışları (11.792.148) (15.869.939) ‖ 2025/06 INDIRILMEDI,BELGE_YOK
BUCIM,Standart,2025/09,,BELGE_YOK,— | 1966.771 | —,2025/09 INDIRILMEDI ‖ KAP 1402680 2024/12 cari · PDF s.11 (TL): A-İŞLETME FAALİYETLERİNDEN NAKİT AKIŞLARI 1.966.770.904 2.723.604.004 ‖ 2025/09 INDIRILMEDI,,BELGE_YOK,— | -4030.186 | —,2025/09 INDIRILMEDI ‖ KAP 1402680 2024/12 cari · PDF s.11 (TL): Maddi ve Maddi Olmayan Duran Varlıkların Alımından Kaynaklanan Nakit Çıkışları (4.030.185.963) (2.738.041.167) ‖ 2025/09 INDIRILMEDI,,BELGE_YOK,— | 0.000 | —,2025/09 INDIRILMEDI ‖ KAP 1402680 2024/12 cari ‖ 2025/09 INDIRILMEDI,,BELGE_YOK,— | -11.792 | —,2025/09 INDIRILMEDI ‖ KAP 1402680 2024/12 cari · PDF s.11 (TL): Kira Sözleşmelerinden Kaynaklanan Borç Ödemelerine İlişkin Nakit Çıkışları (11.792.148) (15.869.939) ‖ 2025/09 INDIRILMEDI,BELGE_YOK
BUCIM,Standart,2025/12,,BELGE_YOK,—,2025/12 INDIRILMEDI,,BELGE_YOK,—,2025/12 INDIRILMEDI,,BELGE_YOK,—,2025/12 INDIRILMEDI,,BELGE_YOK,—,2025/12 INDIRILMEDI,BELGE_YOK
BUCIM,Standart,2026/03,,BELGE_YOK,— | — | —,2026/03 INDIRILMEDI ‖ 2025/12 INDIRILMEDI ‖ 2026/03 INDIRILMEDI,,BELGE_YOK,— | — | —,2026/03 INDIRILMEDI ‖ 2025/12 INDIRILMEDI ‖ 2026/03 INDIRILMEDI,,BELGE_YOK,— | — | —,2026/03 INDIRILMEDI ‖ 2025/12 INDIRILMEDI ‖ 2026/03 INDIRILMEDI,,BELGE_YOK,— | — | —,2026/03 INDIRILMEDI ‖ 2025/12 INDIRILMEDI ‖ 2026/03 INDIRILMEDI,BELGE_YOK
BUCIM,Standart,2026/06,,BELGE_YOK,— | — | —,2026/06 INDIRILMEDI ‖ 2025/12 INDIRILMEDI ‖ 2026/06 INDIRILMEDI,,BELGE_YOK,— | — | —,2026/06 INDIRILMEDI ‖ 2025/12 INDIRILMEDI ‖ 2026/06 INDIRILMEDI,,BELGE_YOK,— | — | —,2026/06 INDIRILMEDI ‖ 2025/12 INDIRILMEDI ‖ 2026/06 INDIRILMEDI,,BELGE_YOK,— | — | —,2026/06 INDIRILMEDI ‖ 2025/12 INDIRILMEDI ‖ 2026/06 INDIRILMEDI,BELGE_YOK
BURCE,Standart,2025/03,,BELGE_YOK,— | 52.354 | —,2025/03 INDIRILMEDI ‖ KAP 1404795 2024/12 cari · PDF s.7 (TL): İŞLETME FAALİYETLERİNDEN NAKİT AKIŞLARI 52.354.414 198.250.763 ‖ 2025/03 INDIRILMEDI,,BELGE_YOK,— | -56.931 | —,2025/03 INDIRILMEDI ‖ KAP 1404795 2024/12 cari · PDF s.7 (TL): Maddi ve Maddi Olmayan Duran Varlıkların Alımından Kaynaklanan Nakit 11-13 (56.930.887) (67.415.701) ‖ 2025/03 INDIRILMEDI,,BELGE_YOK,— | 0.000 | —,2025/03 INDIRILMEDI ‖ KAP 1404795 2024/12 cari ‖ 2025/03 INDIRILMEDI,,BELGE_YOK,— | 0.013 | —,2025/03 INDIRILMEDI ‖ KAP 1404795 2024/12 cari · PDF s.7 (bin TL): Amortisman ve İtfa Gideri İle İlgili Düzeltmeler 11-12-13 34.228.642 28.821.952 ‖ 2025/03 INDIRILMEDI,BELGE_YOK
BURCE,Standart,2025/06,,BELGE_YOK,— | 52.354 | —,2025/06 INDIRILMEDI ‖ KAP 1404795 2024/12 cari · PDF s.7 (TL): İŞLETME FAALİYETLERİNDEN NAKİT AKIŞLARI 52.354.414 198.250.763 ‖ 2025/06 INDIRILMEDI,,BELGE_YOK,— | -56.931 | —,2025/06 INDIRILMEDI ‖ KAP 1404795 2024/12 cari · PDF s.7 (TL): Maddi ve Maddi Olmayan Duran Varlıkların Alımından Kaynaklanan Nakit 11-13 (56.930.887) (67.415.701) ‖ 2025/06 INDIRILMEDI,,BELGE_YOK,— | 0.000 | —,2025/06 INDIRILMEDI ‖ KAP 1404795 2024/12 cari ‖ 2025/06 INDIRILMEDI,,BELGE_YOK,— | 0.013 | —,2025/06 INDIRILMEDI ‖ KAP 1404795 2024/12 cari · PDF s.7 (bin TL): Amortisman ve İtfa Gideri İle İlgili Düzeltmeler 11-12-13 34.228.642 28.821.952 ‖ 2025/06 INDIRILMEDI,BELGE_YOK
BURCE,Standart,2025/09,,BELGE_YOK,— | 52.354 | —,2025/09 INDIRILMEDI ‖ KAP 1404795 2024/12 cari · PDF s.7 (TL): İŞLETME FAALİYETLERİNDEN NAKİT AKIŞLARI 52.354.414 198.250.763 ‖ 2025/09 INDIRILMEDI,,BELGE_YOK,— | -56.931 | —,2025/09 INDIRILMEDI ‖ KAP 1404795 2024/12 cari · PDF s.7 (TL): Maddi ve Maddi Olmayan Duran Varlıkların Alımından Kaynaklanan Nakit 11-13 (56.930.887) (67.415.701) ‖ 2025/09 INDIRILMEDI,,BELGE_YOK,— | 0.000 | —,2025/09 INDIRILMEDI ‖ KAP 1404795 2024/12 cari ‖ 2025/09 INDIRILMEDI,,BELGE_YOK,— | 0.013 | —,2025/09 INDIRILMEDI ‖ KAP 1404795 2024/12 cari · PDF s.7 (bin TL): Amortisman ve İtfa Gideri İle İlgili Düzeltmeler 11-12-13 34.228.642 28.821.952 ‖ 2025/09 INDIRILMEDI,BELGE_YOK
BURCE,Standart,2026/06,,BELGE_YOK,— | — | —,2026/06 INDIRILMEDI ‖ 2025/12 INDIRILMEDI ‖ 2026/06 INDIRILMEDI,,BELGE_YOK,— | — | —,2026/06 INDIRILMEDI ‖ 2025/12 INDIRILMEDI ‖ 2026/06 INDIRILMEDI,,BELGE_YOK,— | — | —,2026/06 INDIRILMEDI ‖ 2025/12 INDIRILMEDI ‖ 2026/06 INDIRILMEDI,,BELGE_YOK,— | — | —,2026/06 INDIRILMEDI ‖ 2025/12 INDIRILMEDI ‖ 2026/06 INDIRILMEDI,BELGE_YOK
BURVA,Standart,2026/03,,BELGE_YOK,— | — | —,2026/03 INDIRILMEDI ‖ 2025/12 INDIRILMEDI ‖ 2026/03 INDIRILMEDI,,BELGE_YOK,— | — | —,2026/03 INDIRILMEDI ‖ 2025/12 INDIRILMEDI ‖ 2026/03 INDIRILMEDI,,BELGE_YOK,— | — | —,2026/03 INDIRILMEDI ‖ 2025/12 INDIRILMEDI ‖ 2026/03 INDIRILMEDI,,BELGE_YOK,— | — | —,2026/03 INDIRILMEDI ‖ 2025/12 INDIRILMEDI ‖ 2026/03 INDIRILMEDI,BELGE_YOK
BURVA,Standart,2026/06,,BELGE_YOK,— | — | —,2026/06 INDIRILMEDI ‖ 2025/12 INDIRILMEDI ‖ 2026/06 INDIRILMEDI,,BELGE_YOK,— | — | —,2026/06 INDIRILMEDI ‖ 2025/12 INDIRILMEDI ‖ 2026/06 INDIRILMEDI,,BELGE_YOK,— | — | —,2026/06 INDIRILMEDI ‖ 2025/12 INDIRILMEDI ‖ 2026/06 INDIRILMEDI,,BELGE_YOK,— | — | —,2026/06 INDIRILMEDI ‖ 2025/12 INDIRILMEDI ‖ 2026/06 INDIRILMEDI,BELGE_YOK
BYDNR,Standart,2025/03,,BELGE_YOK,— | -7.561 | —,2025/03 INDIRILMEDI ‖ KAP 1410064 2024/12 cari · PDF s.7 (TL): İŞLETME FAALİYETLERİNDEN NAKİT AKIŞLARI (7.560.658) 552.601.184 ‖ 2025/03 INDIRILMEDI,,BELGE_YOK,— | -307.916 | —,2025/03 INDIRILMEDI ‖ KAP 1410064 2024/12 cari · PDF s.7 (TL): alımından kaynaklanan nakit çıkışları 9 (307.916.129) (653.276.994) ‖ 2025/03 INDIRILMEDI,,BELGE_YOK,— | 0.000 | —,2025/03 INDIRILMEDI ‖ KAP 1410064 2024/12 cari ‖ 2025/03 INDIRILMEDI,,BELGE_YOK,— | — | —,2025/03 INDIRILMEDI ‖ KAP 1410064 2024/12 cari · PDF’te XBRL dışı satır: Kiralama yükümlülükleriyle ilgili nakit giriş/ çıkışları – net 11 202.306.909 199.476.322 ‖ 2025/03 INDIRILMEDI,BELGE_YOK
BYDNR,Standart,2025/06,,BELGE_YOK,— | -7.561 | —,2025/06 INDIRILMEDI ‖ KAP 1410064 2024/12 cari · PDF s.7 (TL): İŞLETME FAALİYETLERİNDEN NAKİT AKIŞLARI (7.560.658) 552.601.184 ‖ 2025/06 INDIRILMEDI,,BELGE_YOK,— | -307.916 | —,2025/06 INDIRILMEDI ‖ KAP 1410064 2024/12 cari · PDF s.7 (TL): alımından kaynaklanan nakit çıkışları 9 (307.916.129) (653.276.994) ‖ 2025/06 INDIRILMEDI,,BELGE_YOK,— | 0.000 | —,2025/06 INDIRILMEDI ‖ KAP 1410064 2024/12 cari ‖ 2025/06 INDIRILMEDI,,BELGE_YOK,— | — | —,2025/06 INDIRILMEDI ‖ KAP 1410064 2024/12 cari · PDF’te XBRL dışı satır: Kiralama yükümlülükleriyle ilgili nakit giriş/ çıkışları – net 11 202.306.909 199.476.322 ‖ 2025/06 INDIRILMEDI,BELGE_YOK
BYDNR,Standart,2026/03,,BELGE_YOK,— | — | —,2026/03 INDIRILMEDI ‖ 2025/12 INDIRILMEDI ‖ 2026/03 INDIRILMEDI,,BELGE_YOK,— | — | —,2026/03 INDIRILMEDI ‖ 2025/12 INDIRILMEDI ‖ 2026/03 INDIRILMEDI,,BELGE_YOK,— | — | —,2026/03 INDIRILMEDI ‖ 2025/12 INDIRILMEDI ‖ 2026/03 INDIRILMEDI,,BELGE_YOK,— | — | —,2026/03 INDIRILMEDI ‖ 2025/12 INDIRILMEDI ‖ 2026/03 INDIRILMEDI,BELGE_YOK
BYDNR,Standart,2026/06,,BELGE_YOK,— | — | —,2026/06 INDIRILMEDI ‖ 2025/12 INDIRILMEDI ‖ 2026/06 INDIRILMEDI,,BELGE_YOK,— | — | —,2026/06 INDIRILMEDI ‖ 2025/12 INDIRILMEDI ‖ 2026/06 INDIRILMEDI,,BELGE_YOK,— | — | —,2026/06 INDIRILMEDI ‖ 2025/12 INDIRILMEDI ‖ 2026/06 INDIRILMEDI,,BELGE_YOK,— | — | —,2026/06 INDIRILMEDI ‖ 2025/12 INDIRILMEDI ‖ 2026/06 INDIRILMEDI,BELGE_YOK
CELHA,Standart,2025/09,,BELGE_YOK,— | 273.714 | —,"2025/09 INDIRILMEDI ‖ KAP 1397708 2024/12 cari · PDF s.7 (TL): A. İŞLETME FAALİYETLERİNDEN NAKİT AKIŞLARI 273,713,504 (124,566,410) ‖ 2025/09 INDIRILMEDI",,BELGE_YOK,— | -259.831 | —,"2025/09 INDIRILMEDI ‖ KAP 1397708 2024/12 cari · PDF s.7 (TL): Maddi ve maddi olmayan duran varlıkların alımından kaynaklanan nakit çıkışları 11,12 (259,830,868) (465,388,768) ‖ 2025/09 INDIRILMEDI",,BELGE_YOK,— | 0.000 | —,2025/09 INDIRILMEDI ‖ KAP 1397708 2024/12 cari ‖ 2025/09 INDIRILMEDI,,BELGE_YOK,— | -0.457 | —,"2025/09 INDIRILMEDI ‖ KAP 1397708 2024/12 cari · PDF s.7 (TL): Kira sözleşmelerinden kaynaklanan borç ödemelerine ilişkin nakit çıkışları 5 (457,441) (1,457,417) ‖ 2025/09 INDIRILMEDI",BELGE_YOK
CEMZY,Standart,2025/03,,BELGE_YOK,— | -455.386 | —,2025/03 NAKIT_AKIS_YOK ‖ KAP 1393041 2024/12 cari · PDF s.12 (TL): A. İşletme Faaliyetlerinden Nakit Akımları (455.386.476) (90.364.679) ‖ 2025/03 NAKIT_AKIS_YOK,,BELGE_YOK,— | -162.581 | —,"2025/03 NAKIT_AKIS_YOK ‖ KAP 1393041 2024/12 cari · PDF s.12 (TL): Maddi ve Maddi Olmayan Duran Varlıkların Alımından Kaynaklanan Nakit Çıkışları 16,17 (162.580.680) (386.002.222) ‖ 2025/03 NAKIT_AKIS_YOK",,BELGE_YOK,— | 0.000 | —,2025/03 NAKIT_AKIS_YOK ‖ KAP 1393041 2024/12 cari ‖ 2025/03 NAKIT_AKIS_YOK,,BELGE_YOK,— | 0.000 | —,2025/03 NAKIT_AKIS_YOK ‖ KAP 1393041 2024/12 cari ‖ 2025/03 NAKIT_AKIS_YOK,BELGE_YOK
CEMZY,Standart,2025/06,,BELGE_YOK,— | -455.386 | —,2025/06 INDIRILMEDI ‖ KAP 1393041 2024/12 cari · PDF s.12 (TL): A. İşletme Faaliyetlerinden Nakit Akımları (455.386.476) (90.364.679) ‖ 2025/06 INDIRILMEDI,,BELGE_YOK,— | -162.581 | —,"2025/06 INDIRILMEDI ‖ KAP 1393041 2024/12 cari · PDF s.12 (TL): Maddi ve Maddi Olmayan Duran Varlıkların Alımından Kaynaklanan Nakit Çıkışları 16,17 (162.580.680) (386.002.222) ‖ 2025/06 INDIRILMEDI",,BELGE_YOK,— | 0.000 | —,2025/06 INDIRILMEDI ‖ KAP 1393041 2024/12 cari ‖ 2025/06 INDIRILMEDI,,BELGE_YOK,— | 0.000 | —,2025/06 INDIRILMEDI ‖ KAP 1393041 2024/12 cari ‖ 2025/06 INDIRILMEDI,BELGE_YOK
CITAS,Standart,2025/03,,BELGE_YOK,— | — | —,2025/03 raporu KAP’ta yok ‖ 2024/12 raporu KAP’ta yok ‖ 2025/03 raporu KAP’ta yok,,BELGE_YOK,— | — | —,2025/03 raporu KAP’ta yok ‖ 2024/12 raporu KAP’ta yok ‖ 2025/03 raporu KAP’ta yok,,BELGE_YOK,— | — | —,2025/03 raporu KAP’ta yok ‖ 2024/12 raporu KAP’ta yok ‖ 2025/03 raporu KAP’ta yok,,BELGE_YOK,— | — | —,2025/03 raporu KAP’ta yok ‖ 2024/12 raporu KAP’ta yok ‖ 2025/03 raporu KAP’ta yok,BELGE_YOK
CITAS,Standart,2025/06,,BELGE_YOK,— | — | —,2025/06 raporu KAP’ta yok ‖ 2024/12 raporu KAP’ta yok ‖ 2025/06 raporu KAP’ta yok,,BELGE_YOK,— | — | —,2025/06 raporu KAP’ta yok ‖ 2024/12 raporu KAP’ta yok ‖ 2025/06 raporu KAP’ta yok,,BELGE_YOK,— | — | —,2025/06 raporu KAP’ta yok ‖ 2024/12 raporu KAP’ta yok ‖ 2025/06 raporu KAP’ta yok,,BELGE_YOK,— | — | —,2025/06 raporu KAP’ta yok ‖ 2024/12 raporu KAP’ta yok ‖ 2025/06 raporu KAP’ta yok,BELGE_YOK
CITAS,Standart,2025/09,,BELGE_YOK,— | — | —,2025/09 raporu KAP’ta yok ‖ 2024/12 raporu KAP’ta yok ‖ 2025/09 raporu KAP’ta yok,,BELGE_YOK,— | — | —,2025/09 raporu KAP’ta yok ‖ 2024/12 raporu KAP’ta yok ‖ 2025/09 raporu KAP’ta yok,,BELGE_YOK,— | — | —,2025/09 raporu KAP’ta yok ‖ 2024/12 raporu KAP’ta yok ‖ 2025/09 raporu KAP’ta yok,,BELGE_YOK,— | — | —,2025/09 raporu KAP’ta yok ‖ 2024/12 raporu KAP’ta yok ‖ 2025/09 raporu KAP’ta yok,BELGE_YOK
CITAS,Standart,2026/03,,BELGE_YOK,— | — | —,2026/03 raporu KAP’ta yok ‖ 2025/12 raporu KAP’ta yok ‖ 2026/03 raporu KAP’ta yok,,BELGE_YOK,— | — | —,2026/03 raporu KAP’ta yok ‖ 2025/12 raporu KAP’ta yok ‖ 2026/03 raporu KAP’ta yok,,BELGE_YOK,— | — | —,2026/03 raporu KAP’ta yok ‖ 2025/12 raporu KAP’ta yok ‖ 2026/03 raporu KAP’ta yok,,BELGE_YOK,— | — | —,2026/03 raporu KAP’ta yok ‖ 2025/12 raporu KAP’ta yok ‖ 2026/03 raporu KAP’ta yok,BELGE_YOK
CITAS,Standart,2026/06,,BELGE_YOK,— | — | —,2026/06 INDIRILMEDI ‖ 2025/12 raporu KAP’ta yok ‖ 2026/06 INDIRILMEDI,,BELGE_YOK,— | — | —,2026/06 INDIRILMEDI ‖ 2025/12 raporu KAP’ta yok ‖ 2026/06 INDIRILMEDI,,BELGE_YOK,— | — | —,2026/06 INDIRILMEDI ‖ 2025/12 raporu KAP’ta yok ‖ 2026/06 INDIRILMEDI,,BELGE_YOK,— | — | —,2026/06 INDIRILMEDI ‖ 2025/12 raporu KAP’ta yok ‖ 2026/06 INDIRILMEDI,BELGE_YOK
COSMO,Holding,2025/03,,BELGE_YOK,— | 3.654 | —,2025/03 INDIRILMEDI ‖ KAP 1405048 2024/12 cari · PDF s.12 (TL): A. İŞLETME FAALİYETLERİNDEN NAKİT AKIŞLARI 3.653.554 (30.663.846) ‖ 2025/03 INDIRILMEDI,,BELGE_YOK,— | -11.889 | —,2025/03 INDIRILMEDI ‖ KAP 1405048 2024/12 cari · PDF s.12 (TL): Maddi duran varlıkların alımından kaynaklanan nakit çıkışları 14 (11.778.353) (17.035.374) + Maddi olmayan duran varlıkların alımından kaynaklanan nakit çıkışları 15 (110.455) (65.679) ‖ 2025/03 INDIRILMEDI,,BELGE_YOK,— | -8.000 | —,2025/03 INDIRILMEDI ‖ KAP 1405048 2024/12 cari · PDF s.12 (TL): Yatırım amaçlı gayrimenkullerin alımından kaynaklanan nakit çıkışları 13 (8.000.000) - ‖ 2025/03 INDIRILMEDI,,BELGE_YOK,— | 0.000 | —,2025/03 INDIRILMEDI ‖ KAP 1405048 2024/12 cari ‖ 2025/03 INDIRILMEDI,BELGE_YOK
COSMO,Holding,2025/06,,BELGE_YOK,— | 3.654 | —,2025/06 INDIRILMEDI ‖ KAP 1405048 2024/12 cari · PDF s.12 (TL): A. İŞLETME FAALİYETLERİNDEN NAKİT AKIŞLARI 3.653.554 (30.663.846) ‖ 2025/06 INDIRILMEDI,,BELGE_YOK,— | -11.889 | —,2025/06 INDIRILMEDI ‖ KAP 1405048 2024/12 cari · PDF s.12 (TL): Maddi duran varlıkların alımından kaynaklanan nakit çıkışları 14 (11.778.353) (17.035.374) + Maddi olmayan duran varlıkların alımından kaynaklanan nakit çıkışları 15 (110.455) (65.679) ‖ 2025/06 INDIRILMEDI,,BELGE_YOK,— | -8.000 | —,2025/06 INDIRILMEDI ‖ KAP 1405048 2024/12 cari · PDF s.12 (TL): Yatırım amaçlı gayrimenkullerin alımından kaynaklanan nakit çıkışları 13 (8.000.000) - ‖ 2025/06 INDIRILMEDI,,BELGE_YOK,— | 0.000 | —,2025/06 INDIRILMEDI ‖ KAP 1405048 2024/12 cari ‖ 2025/06 INDIRILMEDI,BELGE_YOK
COSMO,Holding,2025/09,,BELGE_YOK,— | 3.654 | —,2025/09 INDIRILMEDI ‖ KAP 1405048 2024/12 cari · PDF s.12 (TL): A. İŞLETME FAALİYETLERİNDEN NAKİT AKIŞLARI 3.653.554 (30.663.846) ‖ 2025/09 INDIRILMEDI,,BELGE_YOK,— | -11.889 | —,2025/09 INDIRILMEDI ‖ KAP 1405048 2024/12 cari · PDF s.12 (TL): Maddi duran varlıkların alımından kaynaklanan nakit çıkışları 14 (11.778.353) (17.035.374) + Maddi olmayan duran varlıkların alımından kaynaklanan nakit çıkışları 15 (110.455) (65.679) ‖ 2025/09 INDIRILMEDI,,BELGE_YOK,— | -8.000 | —,2025/09 INDIRILMEDI ‖ KAP 1405048 2024/12 cari · PDF s.12 (TL): Yatırım amaçlı gayrimenkullerin alımından kaynaklanan nakit çıkışları 13 (8.000.000) - ‖ 2025/09 INDIRILMEDI,,BELGE_YOK,— | 0.000 | —,2025/09 INDIRILMEDI ‖ KAP 1405048 2024/12 cari ‖ 2025/09 INDIRILMEDI,BELGE_YOK
CUSAN,Standart,2025/09,,BELGE_YOK,— | 306.640 | —,2025/09 INDIRILMEDI ‖ KAP 1424503 2024/12 cari · PDF s.11 (TL): A. İŞLETME FAALİYETLERİNDEN NAKİT AKIŞLARI 306.639.731 1.170.110.169 ‖ 2025/09 INDIRILMEDI,,BELGE_YOK,— | -1096.597 | —,2025/09 INDIRILMEDI ‖ KAP 1424503 2024/12 cari · PDF s.11 (TL): Maddi Duran Varlık Alımından Kaynaklanan Nakit Çıkışları (-) 15 (1.064.440.704) (37.498.375) + Maddi Olmayan Duran Varlık Alımından Kaynaklanan Nakit Çıkışları (-) 17 (32.156.214) (16.036.182) ‖ 2025/09 INDIRILMEDI,,BELGE_YOK,— | — | —,2025/09 INDIRILMEDI ‖ KAP 1424503 2024/12 cari · PDF’te XBRL dışı satır: Yatırım Amaçlı Gayrimenkul Satımından Kaynaklanan Nakit Girişleri 14 -- 2.926.955 ‖ 2025/09 INDIRILMEDI,,BELGE_YOK,— | -25.572 | —,2025/09 INDIRILMEDI ‖ KAP 1424503 2024/12 cari · PDF s.11 (TL): Kira Sözleşmelerinden Kaynaklanan Borç Ödemelerine İlişkin Nakit Çıkışları (-) (25.572.000) (4.568.722) ‖ 2025/09 INDIRILMEDI,BELGE_YOK
DENGE,Holding,2025/06,,BELGE_YOK,— | -489.764 | —,2025/06 INDIRILMEDI ‖ KAP 1406369 2024/12 cari · PDF s.14 (TL): A. İŞLETME FAALİYETLERİNDEN NAKİT AKIŞLARI (489.763.769) (935.968.288) ‖ 2025/06 INDIRILMEDI,,BELGE_YOK,— | -8.371 | —,2025/06 INDIRILMEDI ‖ KAP 1406369 2024/12 cari · PDF s.14 (TL): Maddi ve maddi olmayan duran varlık alışları 16-17 (8.371.357) (87.026.960) ‖ 2025/06 INDIRILMEDI,,BELGE_YOK,— | 0.000 | —,2025/06 INDIRILMEDI ‖ KAP 1406369 2024/12 cari ‖ 2025/06 INDIRILMEDI,,BELGE_YOK,— | 0.000 | —,2025/06 INDIRILMEDI ‖ KAP 1406369 2024/12 cari ‖ 2025/06 INDIRILMEDI,BELGE_YOK
DERHL,Standart,2025/12,,BELGE_YOK,—,2025/12 INDIRILMEDI,,BELGE_YOK,—,2025/12 INDIRILMEDI,,BELGE_YOK,—,2025/12 INDIRILMEDI,,BELGE_YOK,—,2025/12 INDIRILMEDI,BELGE_YOK
DERIM,Standart,2025/03,170.524,ELLE,153.588 | 58.312 | 41.376,KAP 1432382 2025/03 cari · PDF_YOK ‖ KAP 1399580 2024/12 cari · PDF s.11 (TL): A. İşletme Faaliyetlerinden Elde Edilen Nakit Akışları 58.311.758 10.206.740 ‖ KAP 1432382 2025/03 onceki · PDF_YOK,-0.769,ELLE,-0.404 | -0.529 | -0.165,KAP 1432382 2025/03 cari · PDF_YOK ‖ KAP 1399580 2024/12 cari · PDF s.11 (TL): B. Yatırım Faaliyetlerinden Kaynaklanan Nakit Akışları (529.433) (3.057.053) ‖ KAP 1432382 2025/03 onceki · PDF_YOK,,ELLE,— | 0.000 | —,KAP 1432382 2025/03 cari · PDF_YOK ‖ KAP 1399580 2024/12 cari ‖ KAP 1432382 2025/03 onceki · PDF_YOK,,ELLE,— | — | -5.236,KAP 1432382 2025/03 cari · PDF_YOK ‖ KAP 1399580 2024/12 cari · PDF’te XBRL dışı satır: Kira Sözleşmelerinden Kaynaklanan Borç Ödemelerine İlişkin Nakit Çıkışları (1.966.495) (12.093.258) || perakende olup 31 Aralık 2024 tarihi itibarıyla yurt içinde 94 adet (31 Aralık 2023: 89) kiraladığı mağazası ‖ KAP 1432382 2025/03 onceki · PDF_YOK,ELLE
DERIM,Standart,2025/06,,BELGE_YOK,— | 58.312 | —,2025/06 INDIRILMEDI ‖ KAP 1399580 2024/12 cari · PDF s.11 (TL): A. İşletme Faaliyetlerinden Elde Edilen Nakit Akışları 58.311.758 10.206.740 ‖ 2025/06 INDIRILMEDI,,BELGE_YOK,— | -0.529 | —,2025/06 INDIRILMEDI ‖ KAP 1399580 2024/12 cari · PDF s.11 (TL): B. Yatırım Faaliyetlerinden Kaynaklanan Nakit Akışları (529.433) (3.057.053) ‖ 2025/06 INDIRILMEDI,,BELGE_YOK,— | 0.000 | —,2025/06 INDIRILMEDI ‖ KAP 1399580 2024/12 cari ‖ 2025/06 INDIRILMEDI,,BELGE_YOK,— | — | —,2025/06 INDIRILMEDI ‖ KAP 1399580 2024/12 cari · PDF’te XBRL dışı satır: Kira Sözleşmelerinden Kaynaklanan Borç Ödemelerine İlişkin Nakit Çıkışları (1.966.495) (12.093.258) || perakende olup 31 Aralık 2024 tarihi itibarıyla yurt içinde 94 adet (31 Aralık 2023: 89) kiraladığı mağazası ‖ 2025/06 INDIRILMEDI,BELGE_YOK
DESA,Standart,2025/03,,BELGE_YOK,— | -87.238 | —,2025/03 INDIRILMEDI ‖ KAP 1399627 2024/12 cari · PDF s.14 (TL): A. İşletme Faaliyetlerinden Kaynaklanan Nakit Akışları (+/-) (87.238.423) 465.946.315 ‖ 2025/03 INDIRILMEDI,,BELGE_YOK,— | -41.513 | —,2025/03 INDIRILMEDI ‖ KAP 1399627 2024/12 cari · PDF s.15 (TL): Maddi ve Maddi Olmayan Duran Varlıkların Alımından Kaynaklanan Nakit Çıkışları (41.512.999) (84.706.735) ‖ 2025/03 INDIRILMEDI,,BELGE_YOK,— | 0.000 | —,2025/03 INDIRILMEDI ‖ KAP 1399627 2024/12 cari ‖ 2025/03 INDIRILMEDI,,BELGE_YOK,— | -291.321 | —,2025/03 INDIRILMEDI ‖ KAP 1399627 2024/12 cari · PDF s.15 (TL): Kira Sözleşmelerinden Kaynaklanan Borç Ödemelerine İlişkin Nakit Çıkışları 7 (291.321.083) (231.791.720) ‖ 2025/03 INDIRILMEDI,BELGE_YOK
DESA,Standart,2025/06,,BELGE_YOK,— | -87.238 | —,2025/06 INDIRILMEDI ‖ KAP 1399627 2024/12 cari · PDF s.14 (TL): A. İşletme Faaliyetlerinden Kaynaklanan Nakit Akışları (+/-) (87.238.423) 465.946.315 ‖ 2025/06 INDIRILMEDI,,BELGE_YOK,— | -41.513 | —,2025/06 INDIRILMEDI ‖ KAP 1399627 2024/12 cari · PDF s.15 (TL): Maddi ve Maddi Olmayan Duran Varlıkların Alımından Kaynaklanan Nakit Çıkışları (41.512.999) (84.706.735) ‖ 2025/06 INDIRILMEDI,,BELGE_YOK,— | 0.000 | —,2025/06 INDIRILMEDI ‖ KAP 1399627 2024/12 cari ‖ 2025/06 INDIRILMEDI,,BELGE_YOK,— | -291.321 | —,2025/06 INDIRILMEDI ‖ KAP 1399627 2024/12 cari · PDF s.15 (TL): Kira Sözleşmelerinden Kaynaklanan Borç Ödemelerine İlişkin Nakit Çıkışları 7 (291.321.083) (231.791.720) ‖ 2025/06 INDIRILMEDI,BELGE_YOK
DESA,Standart,2025/09,,BELGE_YOK,— | -87.238 | —,2025/09 INDIRILMEDI ‖ KAP 1399627 2024/12 cari · PDF s.14 (TL): A. İşletme Faaliyetlerinden Kaynaklanan Nakit Akışları (+/-) (87.238.423) 465.946.315 ‖ 2025/09 INDIRILMEDI,,BELGE_YOK,— | -41.513 | —,2025/09 INDIRILMEDI ‖ KAP 1399627 2024/12 cari · PDF s.15 (TL): Maddi ve Maddi Olmayan Duran Varlıkların Alımından Kaynaklanan Nakit Çıkışları (41.512.999) (84.706.735) ‖ 2025/09 INDIRILMEDI,,BELGE_YOK,— | 0.000 | —,2025/09 INDIRILMEDI ‖ KAP 1399627 2024/12 cari ‖ 2025/09 INDIRILMEDI,,BELGE_YOK,— | -291.321 | —,2025/09 INDIRILMEDI ‖ KAP 1399627 2024/12 cari · PDF s.15 (TL): Kira Sözleşmelerinden Kaynaklanan Borç Ödemelerine İlişkin Nakit Çıkışları 7 (291.321.083) (231.791.720) ‖ 2025/09 INDIRILMEDI,BELGE_YOK
DESA,Standart,2026/03,,BELGE_YOK,— | — | —,2026/03 INDIRILMEDI ‖ 2025/12 INDIRILMEDI ‖ 2026/03 INDIRILMEDI,,BELGE_YOK,— | — | —,2026/03 INDIRILMEDI ‖ 2025/12 INDIRILMEDI ‖ 2026/03 INDIRILMEDI,,BELGE_YOK,— | — | —,2026/03 INDIRILMEDI ‖ 2025/12 INDIRILMEDI ‖ 2026/03 INDIRILMEDI,,BELGE_YOK,— | — | —,2026/03 INDIRILMEDI ‖ 2025/12 INDIRILMEDI ‖ 2026/03 INDIRILMEDI,BELGE_YOK
DESA,Standart,2026/06,,BELGE_YOK,— | — | —,2026/06 INDIRILMEDI ‖ 2025/12 INDIRILMEDI ‖ 2026/06 INDIRILMEDI,,BELGE_YOK,— | — | —,2026/06 INDIRILMEDI ‖ 2025/12 INDIRILMEDI ‖ 2026/06 INDIRILMEDI,,BELGE_YOK,— | — | —,2026/06 INDIRILMEDI ‖ 2025/12 INDIRILMEDI ‖ 2026/06 INDIRILMEDI,,BELGE_YOK,— | — | —,2026/06 INDIRILMEDI ‖ 2025/12 INDIRILMEDI ‖ 2026/06 INDIRILMEDI,BELGE_YOK
DITAS,Standart,2025/03,-60.136,TEYITLI,51.503 | -222.133 | -110.494,KAP 1435100 2025/03 cari · PDF s.7 (TL): A. İşle tme Faaliye tle rinde n Nakit Akışları 51.502.750 (110.493.821) ‖ KAP 1399540 2024/12 cari · PDF s.12 (TL): A. İşletme Faaliyetlerinden Nakit Akışları (222.132.873) (56.022.928) ‖ KAP 1435100 2025/03 onceki · PDF s.7 (TL): A. İşle tme Faaliye tle rinde n Nakit Akışları 51.502.750 (110.493.821),-107.356,TEYITLI,-30.137 | -135.374 | -58.155,KAP 1435100 2025/03 cari · PDF s.8 (TL): Nakit Çıkışları 11 (30.136.835) (58.155.187) ‖ KAP 1399540 2024/12 cari · PDF s.13 (TL): Nakit Çıkışları 11 (135.374.199) (221.973.797) ‖ KAP 1435100 2025/03 onceki · PDF s.8 (TL): Nakit Çıkışları 11 (30.136.835) (58.155.187),0.0,TEYITLI,0.000 | 0.000 | 0.000,KAP 1435100 2025/03 cari ‖ KAP 1399540 2024/12 cari ‖ KAP 1435100 2025/03 onceki,-14.538,TEYITLI,-2.939 | -13.177 | -1.578,KAP 1435100 2025/03 cari · PDF s.8 (TL): Çıkışları 4 (2.939.238) (1.578.009) ‖ KAP 1399540 2024/12 cari · PDF s.13 (TL): Kira Sözleşmelerinden Kaynaklanan Borç Ödemelerine İlişkin Nakit Çıkışları 4 (13.176.509) (33.299.474) ‖ KAP 1435100 2025/03 onceki · PDF s.8 (TL): Çıkışları 4 (2.939.238) (1.578.009),TEYITLI
DITAS,Standart,2025/09,,BELGE_YOK,— | -222.133 | —,2025/09 INDIRILMEDI ‖ KAP 1399540 2024/12 cari · PDF s.12 (TL): A. İşletme Faaliyetlerinden Nakit Akışları (222.132.873) (56.022.928) ‖ 2025/09 INDIRILMEDI,,BELGE_YOK,— | -135.374 | —,2025/09 INDIRILMEDI ‖ KAP 1399540 2024/12 cari · PDF s.13 (TL): Nakit Çıkışları 11 (135.374.199) (221.973.797) ‖ 2025/09 INDIRILMEDI,,BELGE_YOK,— | 0.000 | —,2025/09 INDIRILMEDI ‖ KAP 1399540 2024/12 cari ‖ 2025/09 INDIRILMEDI,,BELGE_YOK,— | -13.177 | —,2025/09 INDIRILMEDI ‖ KAP 1399540 2024/12 cari · PDF s.13 (TL): Kira Sözleşmelerinden Kaynaklanan Borç Ödemelerine İlişkin Nakit Çıkışları 4 (13.176.509) (33.299.474) ‖ 2025/09 INDIRILMEDI,BELGE_YOK
DMSAS,Standart,2025/03,92.173,TEYITLI,-42.441 | 203.084 | 68.471,KAP 1432442 2025/03 cari · PDF s.7 (TL): A) İŞLETME FAALİYETLERİNDEN NAKİT AKIŞLARI (42.440.613) 68.470.873 ‖ KAP 1397795 2024/12 cari · PDF s.7 (TL): A) İŞLETME FAALİYETLERİNDEN NAKİT AKIŞLARI 203.084.311 514.336.967 ‖ KAP 1432442 2025/03 onceki · PDF s.7 (TL): A) İŞLETME FAALİYETLERİNDEN NAKİT AKIŞLARI (42.440.613) 68.470.873,-136.355,TEYITLI,-17.406 | -135.471 | -16.523,"KAP 1432442 2025/03 cari · PDF s.7 (TL): Maddi ve Maddi Olmayan Duran Varlıkların Alımından Kaynaklanan Nakit Çıkışları 18,19 (17.406.275) (16.523.015) ‖ KAP 1397795 2024/12 cari · PDF s.7 (TL): Maddi ve Maddi Olmayan Duran Varlıkların Alımından Kaynaklanan Nakit Çıkışları 18,19 (135.471.402) (344.096.862) ‖ KAP 1432442 2025/03 onceki · PDF s.7 (TL): B) YATIRIM DAALİYETLERİNDEN KAYNAKLANAN NAKİT AKIŞLARI (1.347.808) (16.523.015)",0.0,TEYITLI,0.000 | 0.000 | 0.000,KAP 1432442 2025/03 cari ‖ KAP 1397795 2024/12 cari ‖ KAP 1432442 2025/03 onceki,2.653,TEYITLI,0.000 | 0.000 | -2.653,KAP 1432442 2025/03 cari ‖ KAP 1397795 2024/12 cari ‖ KAP 1432442 2025/03 onceki · PDF s.7 (TL): Kira Sözleşmelerinden Kaynaklanan Borç Ödemelerine İlişkin Nakit Çıkışları - (2.652.535),TEYITLI
DMSAS,Standart,2025/06,,BELGE_YOK,— | 203.084 | —,2025/06 INDIRILMEDI ‖ KAP 1397795 2024/12 cari · PDF s.7 (TL): A) İŞLETME FAALİYETLERİNDEN NAKİT AKIŞLARI 203.084.311 514.336.967 ‖ 2025/06 INDIRILMEDI,,BELGE_YOK,— | -135.471 | —,"2025/06 INDIRILMEDI ‖ KAP 1397795 2024/12 cari · PDF s.7 (TL): Maddi ve Maddi Olmayan Duran Varlıkların Alımından Kaynaklanan Nakit Çıkışları 18,19 (135.471.402) (344.096.862) ‖ 2025/06 INDIRILMEDI",,BELGE_YOK,— | 0.000 | —,2025/06 INDIRILMEDI ‖ KAP 1397795 2024/12 cari ‖ 2025/06 INDIRILMEDI,,BELGE_YOK,— | 0.000 | —,2025/06 INDIRILMEDI ‖ KAP 1397795 2024/12 cari ‖ 2025/06 INDIRILMEDI,BELGE_YOK
DMSAS,Standart,2025/09,,BELGE_YOK,— | 203.084 | —,2025/09 INDIRILMEDI ‖ KAP 1397795 2024/12 cari · PDF s.7 (TL): A) İŞLETME FAALİYETLERİNDEN NAKİT AKIŞLARI 203.084.311 514.336.967 ‖ 2025/09 INDIRILMEDI,,BELGE_YOK,— | -135.471 | —,"2025/09 INDIRILMEDI ‖ KAP 1397795 2024/12 cari · PDF s.7 (TL): Maddi ve Maddi Olmayan Duran Varlıkların Alımından Kaynaklanan Nakit Çıkışları 18,19 (135.471.402) (344.096.862) ‖ 2025/09 INDIRILMEDI",,BELGE_YOK,— | 0.000 | —,2025/09 INDIRILMEDI ‖ KAP 1397795 2024/12 cari ‖ 2025/09 INDIRILMEDI,,BELGE_YOK,— | 0.000 | —,2025/09 INDIRILMEDI ‖ KAP 1397795 2024/12 cari ‖ 2025/09 INDIRILMEDI,BELGE_YOK
DMSAS,Standart,2026/03,,BELGE_YOK,— | — | —,2026/03 INDIRILMEDI ‖ 2025/12 INDIRILMEDI ‖ 2026/03 INDIRILMEDI,,BELGE_YOK,— | — | —,2026/03 INDIRILMEDI ‖ 2025/12 INDIRILMEDI ‖ 2026/03 INDIRILMEDI,,BELGE_YOK,— | — | —,2026/03 INDIRILMEDI ‖ 2025/12 INDIRILMEDI ‖ 2026/03 INDIRILMEDI,,BELGE_YOK,— | — | —,2026/03 INDIRILMEDI ‖ 2025/12 INDIRILMEDI ‖ 2026/03 INDIRILMEDI,BELGE_YOK
DMSAS,Standart,2026/06,,BELGE_YOK,— | — | —,2026/06 INDIRILMEDI ‖ 2025/12 INDIRILMEDI ‖ 2026/06 INDIRILMEDI,,BELGE_YOK,— | — | —,2026/06 INDIRILMEDI ‖ 2025/12 INDIRILMEDI ‖ 2026/06 INDIRILMEDI,,BELGE_YOK,— | — | —,2026/06 INDIRILMEDI ‖ 2025/12 INDIRILMEDI ‖ 2026/06 INDIRILMEDI,,BELGE_YOK,— | — | —,2026/06 INDIRILMEDI ‖ 2025/12 INDIRILMEDI ‖ 2026/06 INDIRILMEDI,BELGE_YOK
DOFER,Standart,2025/03,,BELGE_YOK,— | 13.662 | —,2025/03 NAKIT_AKIS_YOK ‖ KAP 1397731 2024/12 cari · PDF s.13 (TL): A. İŞLETME FAALİYETLERİNDEN NAKİT AKIŞLARI 13.661.978 133.530.664 ‖ 2025/03 NAKIT_AKIS_YOK,,BELGE_YOK,— | 0.000 | —,2025/03 NAKIT_AKIS_YOK ‖ KAP 1397731 2024/12 cari ‖ 2025/03 NAKIT_AKIS_YOK,,BELGE_YOK,— | 0.000 | —,2025/03 NAKIT_AKIS_YOK ‖ KAP 1397731 2024/12 cari ‖ 2025/03 NAKIT_AKIS_YOK,,BELGE_YOK,— | 0.000 | —,2025/03 NAKIT_AKIS_YOK ‖ KAP 1397731 2024/12 cari ‖ 2025/03 NAKIT_AKIS_YOK,BELGE_YOK
DOFRB,Standart,2025/03,,BELGE_YOK,— | — | —,2025/03 raporu KAP’ta yok ‖ 2024/12 raporu KAP’ta yok ‖ 2025/03 raporu KAP’ta yok,,BELGE_YOK,— | — | —,2025/03 raporu KAP’ta yok ‖ 2024/12 raporu KAP’ta yok ‖ 2025/03 raporu KAP’ta yok,,BELGE_YOK,— | — | —,2025/03 raporu KAP’ta yok ‖ 2024/12 raporu KAP’ta yok ‖ 2025/03 raporu KAP’ta yok,,BELGE_YOK,— | — | —,2025/03 raporu KAP’ta yok ‖ 2024/12 raporu KAP’ta yok ‖ 2025/03 raporu KAP’ta yok,BELGE_YOK
DOFRB,Standart,2025/06,,BELGE_YOK,— | — | —,2025/06 raporu KAP’ta yok ‖ 2024/12 raporu KAP’ta yok ‖ 2025/06 raporu KAP’ta yok,,BELGE_YOK,— | — | —,2025/06 raporu KAP’ta yok ‖ 2024/12 raporu KAP’ta yok ‖ 2025/06 raporu KAP’ta yok,,BELGE_YOK,— | — | —,2025/06 raporu KAP’ta yok ‖ 2024/12 raporu KAP’ta yok ‖ 2025/06 raporu KAP’ta yok,,BELGE_YOK,— | — | —,2025/06 raporu KAP’ta yok ‖ 2024/12 raporu KAP’ta yok ‖ 2025/06 raporu KAP’ta yok,BELGE_YOK
DOFRB,Standart,2026/06,,BELGE_YOK,— | — | —,2026/06 INDIRILMEDI ‖ 2025/12 INDIRILMEDI ‖ 2026/06 INDIRILMEDI,,BELGE_YOK,— | — | —,2026/06 INDIRILMEDI ‖ 2025/12 INDIRILMEDI ‖ 2026/06 INDIRILMEDI,,BELGE_YOK,— | — | —,2026/06 INDIRILMEDI ‖ 2025/12 INDIRILMEDI ‖ 2026/06 INDIRILMEDI,,BELGE_YOK,— | — | —,2026/06 INDIRILMEDI ‖ 2025/12 INDIRILMEDI ‖ 2026/06 INDIRILMEDI,BELGE_YOK
DOHOL,Holding,2025/03,,BELGE_YOK,— | — | —,2025/03 INDIRILMEDI ‖ 2024/12 NAKIT_AKIS_YOK ‖ 2025/03 INDIRILMEDI,,BELGE_YOK,— | — | —,2025/03 INDIRILMEDI ‖ 2024/12 NAKIT_AKIS_YOK ‖ 2025/03 INDIRILMEDI,,BELGE_YOK,— | — | —,2025/03 INDIRILMEDI ‖ 2024/12 NAKIT_AKIS_YOK ‖ 2025/03 INDIRILMEDI,,BELGE_YOK,— | — | —,2025/03 INDIRILMEDI ‖ 2024/12 NAKIT_AKIS_YOK ‖ 2025/03 INDIRILMEDI,BELGE_YOK
DOHOL,Holding,2025/06,,BELGE_YOK,— | — | —,2025/06 INDIRILMEDI ‖ 2024/12 NAKIT_AKIS_YOK ‖ 2025/06 INDIRILMEDI,,BELGE_YOK,— | — | —,2025/06 INDIRILMEDI ‖ 2024/12 NAKIT_AKIS_YOK ‖ 2025/06 INDIRILMEDI,,BELGE_YOK,— | — | —,2025/06 INDIRILMEDI ‖ 2024/12 NAKIT_AKIS_YOK ‖ 2025/06 INDIRILMEDI,,BELGE_YOK,— | — | —,2025/06 INDIRILMEDI ‖ 2024/12 NAKIT_AKIS_YOK ‖ 2025/06 INDIRILMEDI,BELGE_YOK
DOHOL,Holding,2025/09,,BELGE_YOK,— | — | —,2025/09 INDIRILMEDI ‖ 2024/12 NAKIT_AKIS_YOK ‖ 2025/09 INDIRILMEDI,,BELGE_YOK,— | — | —,2025/09 INDIRILMEDI ‖ 2024/12 NAKIT_AKIS_YOK ‖ 2025/09 INDIRILMEDI,,BELGE_YOK,— | — | —,2025/09 INDIRILMEDI ‖ 2024/12 NAKIT_AKIS_YOK ‖ 2025/09 INDIRILMEDI,,BELGE_YOK,— | — | —,2025/09 INDIRILMEDI ‖ 2024/12 NAKIT_AKIS_YOK ‖ 2025/09 INDIRILMEDI,BELGE_YOK
DOHOL,Holding,2026/03,,BELGE_YOK,— | — | —,2026/03 INDIRILMEDI ‖ 2025/12 INDIRILMEDI ‖ 2026/03 INDIRILMEDI,,BELGE_YOK,— | — | —,2026/03 INDIRILMEDI ‖ 2025/12 INDIRILMEDI ‖ 2026/03 INDIRILMEDI,,BELGE_YOK,— | — | —,2026/03 INDIRILMEDI ‖ 2025/12 INDIRILMEDI ‖ 2026/03 INDIRILMEDI,,BELGE_YOK,— | — | —,2026/03 INDIRILMEDI ‖ 2025/12 INDIRILMEDI ‖ 2026/03 INDIRILMEDI,BELGE_YOK
DOHOL,Holding,2026/06,,BELGE_YOK,— | — | —,2026/06 INDIRILMEDI ‖ 2025/12 INDIRILMEDI ‖ 2026/06 INDIRILMEDI,,BELGE_YOK,— | — | —,2026/06 INDIRILMEDI ‖ 2025/12 INDIRILMEDI ‖ 2026/06 INDIRILMEDI,,BELGE_YOK,— | — | —,2026/06 INDIRILMEDI ‖ 2025/12 INDIRILMEDI ‖ 2026/06 INDIRILMEDI,,BELGE_YOK,— | — | —,2026/06 INDIRILMEDI ‖ 2025/12 INDIRILMEDI ‖ 2026/06 INDIRILMEDI,BELGE_YOK
DUNYH,Standart,2025/03,,BELGE_YOK,— | — | —,2025/03 INDIRILMEDI ‖ 2024/12 INDIRILMEDI ‖ 2025/03 INDIRILMEDI,,BELGE_YOK,— | — | —,2025/03 INDIRILMEDI ‖ 2024/12 INDIRILMEDI ‖ 2025/03 INDIRILMEDI,,BELGE_YOK,— | — | —,2025/03 INDIRILMEDI ‖ 2024/12 INDIRILMEDI ‖ 2025/03 INDIRILMEDI,,BELGE_YOK,— | — | —,2025/03 INDIRILMEDI ‖ 2024/12 INDIRILMEDI ‖ 2025/03 INDIRILMEDI,BELGE_YOK
DUNYH,Standart,2025/06,,BELGE_YOK,— | — | —,2025/06 INDIRILMEDI ‖ 2024/12 INDIRILMEDI ‖ 2025/06 INDIRILMEDI,,BELGE_YOK,— | — | —,2025/06 INDIRILMEDI ‖ 2024/12 INDIRILMEDI ‖ 2025/06 INDIRILMEDI,,BELGE_YOK,— | — | —,2025/06 INDIRILMEDI ‖ 2024/12 INDIRILMEDI ‖ 2025/06 INDIRILMEDI,,BELGE_YOK,— | — | —,2025/06 INDIRILMEDI ‖ 2024/12 INDIRILMEDI ‖ 2025/06 INDIRILMEDI,BELGE_YOK
DUNYH,Standart,2025/09,,BELGE_YOK,— | — | —,2025/09 INDIRILMEDI ‖ 2024/12 INDIRILMEDI ‖ 2025/09 INDIRILMEDI,,BELGE_YOK,— | — | —,2025/09 INDIRILMEDI ‖ 2024/12 INDIRILMEDI ‖ 2025/09 INDIRILMEDI,,BELGE_YOK,— | — | —,2025/09 INDIRILMEDI ‖ 2024/12 INDIRILMEDI ‖ 2025/09 INDIRILMEDI,,BELGE_YOK,— | — | —,2025/09 INDIRILMEDI ‖ 2024/12 INDIRILMEDI ‖ 2025/09 INDIRILMEDI,BELGE_YOK
DUNYH,Standart,2026/03,,BELGE_YOK,— | — | —,2026/03 INDIRILMEDI ‖ 2025/12 INDIRILMEDI ‖ 2026/03 INDIRILMEDI,,BELGE_YOK,— | — | —,2026/03 INDIRILMEDI ‖ 2025/12 INDIRILMEDI ‖ 2026/03 INDIRILMEDI,,BELGE_YOK,— | — | —,2026/03 INDIRILMEDI ‖ 2025/12 INDIRILMEDI ‖ 2026/03 INDIRILMEDI,,BELGE_YOK,— | — | —,2026/03 INDIRILMEDI ‖ 2025/12 INDIRILMEDI ‖ 2026/03 INDIRILMEDI,BELGE_YOK
DUNYH,Standart,2026/06,,BELGE_YOK,— | — | —,2026/06 INDIRILMEDI ‖ 2025/12 INDIRILMEDI ‖ 2026/06 INDIRILMEDI,,BELGE_YOK,— | — | —,2026/06 INDIRILMEDI ‖ 2025/12 INDIRILMEDI ‖ 2026/06 INDIRILMEDI,,BELGE_YOK,— | — | —,2026/06 INDIRILMEDI ‖ 2025/12 INDIRILMEDI ‖ 2026/06 INDIRILMEDI,,BELGE_YOK,— | — | —,2026/06 INDIRILMEDI ‖ 2025/12 INDIRILMEDI ‖ 2026/06 INDIRILMEDI,BELGE_YOK
DURKN,Standart,2025/06,,BELGE_YOK,— | -324.715 | —,2025/06 INDIRILMEDI ‖ KAP 1396668 2024/12 cari · PDF s.12 (TL): Faaliyetlerden elde edilen nakit akışları (324.714.614) 12.197.558 ‖ 2025/06 INDIRILMEDI,,BELGE_YOK,— | -110.014 | —,"2025/06 INDIRILMEDI ‖ KAP 1396668 2024/12 cari · PDF s.12 (TL): çıkışları 11,12 (110.014.338) (98.854.742) ‖ 2025/06 INDIRILMEDI",,BELGE_YOK,— | 0.000 | —,2025/06 INDIRILMEDI ‖ KAP 1396668 2024/12 cari ‖ 2025/06 INDIRILMEDI,,BELGE_YOK,— | 0.000 | —,2025/06 INDIRILMEDI ‖ KAP 1396668 2024/12 cari ‖ 2025/06 INDIRILMEDI,BELGE_YOK
ECILC,Standart,2025/03,,BELGE_YOK,— | 2.086 | —,2025/03 INDIRILMEDI ‖ KAP 1405425 2024/12 cari · PDF s.14 (TL): A. İşletme faaliyetlerinden elde edilen nakit akışları 2.085.517 3.192.573 ‖ 2025/03 INDIRILMEDI,,BELGE_YOK,— | -0.470 | —,"2025/03 INDIRILMEDI ‖ KAP 1405425 2024/12 cari · PDF s.15 (TL): kaynaklanan nakit çıkışları 17, 18 (470.478) (982.955) ‖ 2025/03 INDIRILMEDI",,BELGE_YOK,— | 0.000 | —,2025/03 INDIRILMEDI ‖ KAP 1405425 2024/12 cari ‖ 2025/03 INDIRILMEDI,,BELGE_YOK,— | -0.113 | —,2025/03 INDIRILMEDI ‖ KAP 1405425 2024/12 cari · PDF s.15 (TL): ilişkin nakit (çıkışları) / girişleri 8 (112.963) (123.165) ‖ 2025/03 INDIRILMEDI,BELGE_YOK
ECILC,Standart,2025/06,,BELGE_YOK,— | 2.086 | —,2025/06 INDIRILMEDI ‖ KAP 1405425 2024/12 cari · PDF s.14 (TL): A. İşletme faaliyetlerinden elde edilen nakit akışları 2.085.517 3.192.573 ‖ 2025/06 INDIRILMEDI,,BELGE_YOK,— | -0.470 | —,"2025/06 INDIRILMEDI ‖ KAP 1405425 2024/12 cari · PDF s.15 (TL): kaynaklanan nakit çıkışları 17, 18 (470.478) (982.955) ‖ 2025/06 INDIRILMEDI",,BELGE_YOK,— | 0.000 | —,2025/06 INDIRILMEDI ‖ KAP 1405425 2024/12 cari ‖ 2025/06 INDIRILMEDI,,BELGE_YOK,— | -0.113 | —,2025/06 INDIRILMEDI ‖ KAP 1405425 2024/12 cari · PDF s.15 (TL): ilişkin nakit (çıkışları) / girişleri 8 (112.963) (123.165) ‖ 2025/06 INDIRILMEDI,BELGE_YOK
ECILC,Standart,2025/09,,BELGE_YOK,— | 2.086 | —,2025/09 INDIRILMEDI ‖ KAP 1405425 2024/12 cari · PDF s.14 (TL): A. İşletme faaliyetlerinden elde edilen nakit akışları 2.085.517 3.192.573 ‖ 2025/09 INDIRILMEDI,,BELGE_YOK,— | -0.470 | —,"2025/09 INDIRILMEDI ‖ KAP 1405425 2024/12 cari · PDF s.15 (TL): kaynaklanan nakit çıkışları 17, 18 (470.478) (982.955) ‖ 2025/09 INDIRILMEDI",,BELGE_YOK,— | 0.000 | —,2025/09 INDIRILMEDI ‖ KAP 1405425 2024/12 cari ‖ 2025/09 INDIRILMEDI,,BELGE_YOK,— | -0.113 | —,2025/09 INDIRILMEDI ‖ KAP 1405425 2024/12 cari · PDF s.15 (TL): ilişkin nakit (çıkışları) / girişleri 8 (112.963) (123.165) ‖ 2025/09 INDIRILMEDI,BELGE_YOK
ECOGR,Standart,2025/03,,BELGE_YOK,— | — | —,2025/03 raporu KAP’ta yok ‖ 2024/12 raporu KAP’ta yok ‖ 2025/03 raporu KAP’ta yok,,BELGE_YOK,— | — | —,2025/03 raporu KAP’ta yok ‖ 2024/12 raporu KAP’ta yok ‖ 2025/03 raporu KAP’ta yok,,BELGE_YOK,— | — | —,2025/03 raporu KAP’ta yok ‖ 2024/12 raporu KAP’ta yok ‖ 2025/03 raporu KAP’ta yok,,BELGE_YOK,— | — | —,2025/03 raporu KAP’ta yok ‖ 2024/12 raporu KAP’ta yok ‖ 2025/03 raporu KAP’ta yok,BELGE_YOK
ECOGR,Standart,2025/06,,BELGE_YOK,— | — | —,2025/06 raporu KAP’ta yok ‖ 2024/12 raporu KAP’ta yok ‖ 2025/06 raporu KAP’ta yok,,BELGE_YOK,— | — | —,2025/06 raporu KAP’ta yok ‖ 2024/12 raporu KAP’ta yok ‖ 2025/06 raporu KAP’ta yok,,BELGE_YOK,— | — | —,2025/06 raporu KAP’ta yok ‖ 2024/12 raporu KAP’ta yok ‖ 2025/06 raporu KAP’ta yok,,BELGE_YOK,— | — | —,2025/06 raporu KAP’ta yok ‖ 2024/12 raporu KAP’ta yok ‖ 2025/06 raporu KAP’ta yok,BELGE_YOK
ECOGR,Standart,2025/09,,BELGE_YOK,— | — | —,2025/09 INDIRILMEDI ‖ 2024/12 raporu KAP’ta yok ‖ 2025/09 INDIRILMEDI,,BELGE_YOK,— | — | —,2025/09 INDIRILMEDI ‖ 2024/12 raporu KAP’ta yok ‖ 2025/09 INDIRILMEDI,,BELGE_YOK,— | — | —,2025/09 INDIRILMEDI ‖ 2024/12 raporu KAP’ta yok ‖ 2025/09 INDIRILMEDI,,BELGE_YOK,— | — | —,2025/09 INDIRILMEDI ‖ 2024/12 raporu KAP’ta yok ‖ 2025/09 INDIRILMEDI,BELGE_YOK
ECZYT,Holding,2025/03,,BELGE_YOK,— | 2.507 | —,2025/03 INDIRILMEDI ‖ KAP 1405427 2024/12 cari · PDF s.13 (TL): A. İşletme faaliyetlerinden nakit akışları 2.506.995 766.281.757 ‖ 2025/03 INDIRILMEDI,,BELGE_YOK,— | 0.000 | —,2025/03 INDIRILMEDI ‖ KAP 1405427 2024/12 cari ‖ 2025/03 INDIRILMEDI,,BELGE_YOK,— | 0.000 | —,2025/03 INDIRILMEDI ‖ KAP 1405427 2024/12 cari ‖ 2025/03 INDIRILMEDI,,BELGE_YOK,— | -0.050 | —,2025/03 INDIRILMEDI ‖ KAP 1405427 2024/12 cari · PDF s.13 (TL): Kira sözleşmelerinden kaynaklanan borç ödemelerine ilişkin nakit çıkışları (-) (50.048) (45.140) ‖ 2025/03 INDIRILMEDI,BELGE_YOK
ECZYT,Holding,2026/03,,BELGE_YOK,— | — | —,2026/03 INDIRILMEDI ‖ 2025/12 INDIRILMEDI ‖ 2026/03 INDIRILMEDI,,BELGE_YOK,— | — | —,2026/03 INDIRILMEDI ‖ 2025/12 INDIRILMEDI ‖ 2026/03 INDIRILMEDI,,BELGE_YOK,— | — | —,2026/03 INDIRILMEDI ‖ 2025/12 INDIRILMEDI ‖ 2026/03 INDIRILMEDI,,BELGE_YOK,— | — | —,2026/03 INDIRILMEDI ‖ 2025/12 INDIRILMEDI ‖ 2026/03 INDIRILMEDI,BELGE_YOK
ECZYT,Holding,2026/06,,BELGE_YOK,— | — | —,2026/06 INDIRILMEDI ‖ 2025/12 INDIRILMEDI ‖ 2026/06 INDIRILMEDI,,BELGE_YOK,— | — | —,2026/06 INDIRILMEDI ‖ 2025/12 INDIRILMEDI ‖ 2026/06 INDIRILMEDI,,BELGE_YOK,— | — | —,2026/06 INDIRILMEDI ‖ 2025/12 INDIRILMEDI ‖ 2026/06 INDIRILMEDI,,BELGE_YOK,— | — | —,2026/06 INDIRILMEDI ‖ 2025/12 INDIRILMEDI ‖ 2026/06 INDIRILMEDI,BELGE_YOK
EGEPO,Standart,2025/03,146.672,ELLE,8.164 | 143.691 | 5.183,KAP 1431871 2025/03 cari · PDF_TUTMADI ‖ KAP 1398811 2024/12 cari · PDF_TUTMADI ‖ KAP 1431871 2025/03 onceki · PDF_TUTMADI,-90.599,TEYITLI,-14.383 | -97.873 | -21.657,KAP 1431871 2025/03 cari · PDF s.7 (TL): B. Yatırım faaliyetlerde kullanılan nakit akışları (14.383.024) 4.908.463 ‖ KAP 1398811 2024/12 cari · PDF s.11 (TL): çıkışları 14 (97.872.855) (172.949.179) ‖ KAP 1431871 2025/03 onceki · PDF s.7 (TL): çıkışları 14 (14.383.024) (21.657.317),0.0,TEYITLI,0.000 | 0.000 | 0.000,KAP 1431871 2025/03 cari ‖ KAP 1398811 2024/12 cari ‖ KAP 1431871 2025/03 onceki,,ELLE,-1.369 | — | -2.102,KAP 1431871 2025/03 cari · PDF s.7 (TL): Kiralama borçları 6 (1.369.269) (2.102.306) ‖ KAP 1398811 2024/12 cari · PDF’te XBRL dışı satır: Kiralama borçları 6 (6.596.206) (10.409.958) ‖ KAP 1431871 2025/03 onceki · PDF s.7 (TL): Kiralama borçları 6 (1.369.269) (2.102.306),ELLE
EGEPO,Standart,2025/06,,BELGE_YOK,— | 143.691 | —,2025/06 INDIRILMEDI ‖ KAP 1398811 2024/12 cari · PDF_TUTMADI ‖ 2025/06 INDIRILMEDI,,BELGE_YOK,— | -97.873 | —,2025/06 INDIRILMEDI ‖ KAP 1398811 2024/12 cari · PDF s.11 (TL): çıkışları 14 (97.872.855) (172.949.179) ‖ 2025/06 INDIRILMEDI,,BELGE_YOK,— | 0.000 | —,2025/06 INDIRILMEDI ‖ KAP 1398811 2024/12 cari ‖ 2025/06 INDIRILMEDI,,BELGE_YOK,— | — | —,2025/06 INDIRILMEDI ‖ KAP 1398811 2024/12 cari · PDF’te XBRL dışı satır: Kiralama borçları 6 (6.596.206) (10.409.958) ‖ 2025/06 INDIRILMEDI,BELGE_YOK
EGEPO,Standart,2025/09,,BELGE_YOK,— | 143.691 | —,2025/09 INDIRILMEDI ‖ KAP 1398811 2024/12 cari · PDF_TUTMADI ‖ 2025/09 INDIRILMEDI,,BELGE_YOK,— | -97.873 | —,2025/09 INDIRILMEDI ‖ KAP 1398811 2024/12 cari · PDF s.11 (TL): çıkışları 14 (97.872.855) (172.949.179) ‖ 2025/09 INDIRILMEDI,,BELGE_YOK,— | 0.000 | —,2025/09 INDIRILMEDI ‖ KAP 1398811 2024/12 cari ‖ 2025/09 INDIRILMEDI,,BELGE_YOK,— | — | —,2025/09 INDIRILMEDI ‖ KAP 1398811 2024/12 cari · PDF’te XBRL dışı satır: Kiralama borçları 6 (6.596.206) (10.409.958) ‖ 2025/09 INDIRILMEDI,BELGE_YOK
EGEPO,Standart,2026/03,,BELGE_YOK,— | — | —,2026/03 INDIRILMEDI ‖ 2025/12 INDIRILMEDI ‖ 2026/03 INDIRILMEDI,,BELGE_YOK,— | — | —,2026/03 INDIRILMEDI ‖ 2025/12 INDIRILMEDI ‖ 2026/03 INDIRILMEDI,,BELGE_YOK,— | — | —,2026/03 INDIRILMEDI ‖ 2025/12 INDIRILMEDI ‖ 2026/03 INDIRILMEDI,,BELGE_YOK,— | — | —,2026/03 INDIRILMEDI ‖ 2025/12 INDIRILMEDI ‖ 2026/03 INDIRILMEDI,BELGE_YOK
EGEPO,Standart,2026/06,,BELGE_YOK,— | — | —,2026/06 INDIRILMEDI ‖ 2025/12 INDIRILMEDI ‖ 2026/06 INDIRILMEDI,,BELGE_YOK,— | — | —,2026/06 INDIRILMEDI ‖ 2025/12 INDIRILMEDI ‖ 2026/06 INDIRILMEDI,,BELGE_YOK,— | — | —,2026/06 INDIRILMEDI ‖ 2025/12 INDIRILMEDI ‖ 2026/06 INDIRILMEDI,,BELGE_YOK,— | — | —,2026/06 INDIRILMEDI ‖ 2025/12 INDIRILMEDI ‖ 2026/06 INDIRILMEDI,BELGE_YOK
EKDMR,Standart,2025/03,,BELGE_YOK,— | — | —,2025/03 raporu KAP’ta yok ‖ 2024/12 raporu KAP’ta yok ‖ 2025/03 raporu KAP’ta yok,,BELGE_YOK,— | — | —,2025/03 raporu KAP’ta yok ‖ 2024/12 raporu KAP’ta yok ‖ 2025/03 raporu KAP’ta yok,,BELGE_YOK,— | — | —,2025/03 raporu KAP’ta yok ‖ 2024/12 raporu KAP’ta yok ‖ 2025/03 raporu KAP’ta yok,,BELGE_YOK,— | — | —,2025/03 raporu KAP’ta yok ‖ 2024/12 raporu KAP’ta yok ‖ 2025/03 raporu KAP’ta yok,BELGE_YOK
EKDMR,Standart,2025/06,,BELGE_YOK,— | — | —,2025/06 raporu KAP’ta yok ‖ 2024/12 raporu KAP’ta yok ‖ 2025/06 raporu KAP’ta yok,,BELGE_YOK,— | — | —,2025/06 raporu KAP’ta yok ‖ 2024/12 raporu KAP’ta yok ‖ 2025/06 raporu KAP’ta yok,,BELGE_YOK,— | — | —,2025/06 raporu KAP’ta yok ‖ 2024/12 raporu KAP’ta yok ‖ 2025/06 raporu KAP’ta yok,,BELGE_YOK,— | — | —,2025/06 raporu KAP’ta yok ‖ 2024/12 raporu KAP’ta yok ‖ 2025/06 raporu KAP’ta yok,BELGE_YOK
EKDMR,Standart,2025/09,,BELGE_YOK,— | — | —,2025/09 raporu KAP’ta yok ‖ 2024/12 raporu KAP’ta yok ‖ 2025/09 raporu KAP’ta yok,,BELGE_YOK,— | — | —,2025/09 raporu KAP’ta yok ‖ 2024/12 raporu KAP’ta yok ‖ 2025/09 raporu KAP’ta yok,,BELGE_YOK,— | — | —,2025/09 raporu KAP’ta yok ‖ 2024/12 raporu KAP’ta yok ‖ 2025/09 raporu KAP’ta yok,,BELGE_YOK,— | — | —,2025/09 raporu KAP’ta yok ‖ 2024/12 raporu KAP’ta yok ‖ 2025/09 raporu KAP’ta yok,BELGE_YOK
EKDMR,Standart,2026/06,,BELGE_YOK,— | — | —,2026/06 INDIRILMEDI ‖ 2025/12 raporu KAP’ta yok ‖ 2026/06 INDIRILMEDI,,BELGE_YOK,— | — | —,2026/06 INDIRILMEDI ‖ 2025/12 raporu KAP’ta yok ‖ 2026/06 INDIRILMEDI,,BELGE_YOK,— | — | —,2026/06 INDIRILMEDI ‖ 2025/12 raporu KAP’ta yok ‖ 2026/06 INDIRILMEDI,,BELGE_YOK,— | — | —,2026/06 INDIRILMEDI ‖ 2025/12 raporu KAP’ta yok ‖ 2026/06 INDIRILMEDI,BELGE_YOK
EKIM,Standart,2025/03,,BELGE_YOK,— | — | —,2025/03 raporu KAP’ta yok ‖ 2024/12 raporu KAP’ta yok ‖ 2025/03 raporu KAP’ta yok,,BELGE_YOK,— | — | —,2025/03 raporu KAP’ta yok ‖ 2024/12 raporu KAP’ta yok ‖ 2025/03 raporu KAP’ta yok,,BELGE_YOK,— | — | —,2025/03 raporu KAP’ta yok ‖ 2024/12 raporu KAP’ta yok ‖ 2025/03 raporu KAP’ta yok,,BELGE_YOK,— | — | —,2025/03 raporu KAP’ta yok ‖ 2024/12 raporu KAP’ta yok ‖ 2025/03 raporu KAP’ta yok,BELGE_YOK
EKIM,Standart,2025/06,,BELGE_YOK,— | — | —,2025/06 raporu KAP’ta yok ‖ 2024/12 raporu KAP’ta yok ‖ 2025/06 raporu KAP’ta yok,,BELGE_YOK,— | — | —,2025/06 raporu KAP’ta yok ‖ 2024/12 raporu KAP’ta yok ‖ 2025/06 raporu KAP’ta yok,,BELGE_YOK,— | — | —,2025/06 raporu KAP’ta yok ‖ 2024/12 raporu KAP’ta yok ‖ 2025/06 raporu KAP’ta yok,,BELGE_YOK,— | — | —,2025/06 raporu KAP’ta yok ‖ 2024/12 raporu KAP’ta yok ‖ 2025/06 raporu KAP’ta yok,BELGE_YOK
EKIM,Standart,2025/09,,BELGE_YOK,— | — | —,2025/09 raporu KAP’ta yok ‖ 2024/12 raporu KAP’ta yok ‖ 2025/09 raporu KAP’ta yok,,BELGE_YOK,— | — | —,2025/09 raporu KAP’ta yok ‖ 2024/12 raporu KAP’ta yok ‖ 2025/09 raporu KAP’ta yok,,BELGE_YOK,— | — | —,2025/09 raporu KAP’ta yok ‖ 2024/12 raporu KAP’ta yok ‖ 2025/09 raporu KAP’ta yok,,BELGE_YOK,— | — | —,2025/09 raporu KAP’ta yok ‖ 2024/12 raporu KAP’ta yok ‖ 2025/09 raporu KAP’ta yok,BELGE_YOK
EKIM,Standart,2025/12,,BELGE_YOK,—,2025/12 raporu KAP’ta yok,,BELGE_YOK,—,2025/12 raporu KAP’ta yok,,BELGE_YOK,—,2025/12 raporu KAP’ta yok,,BELGE_YOK,—,2025/12 raporu KAP’ta yok,BELGE_YOK
EKIM,Standart,2026/03,,BELGE_YOK,— | — | —,2026/03 raporu KAP’ta yok ‖ 2025/12 raporu KAP’ta yok ‖ 2026/03 raporu KAP’ta yok,,BELGE_YOK,— | — | —,2026/03 raporu KAP’ta yok ‖ 2025/12 raporu KAP’ta yok ‖ 2026/03 raporu KAP’ta yok,,BELGE_YOK,— | — | —,2026/03 raporu KAP’ta yok ‖ 2025/12 raporu KAP’ta yok ‖ 2026/03 raporu KAP’ta yok,,BELGE_YOK,— | — | —,2026/03 raporu KAP’ta yok ‖ 2025/12 raporu KAP’ta yok ‖ 2026/03 raporu KAP’ta yok,BELGE_YOK
EKIM,Standart,2026/06,,BELGE_YOK,— | — | —,2026/06 INDIRILMEDI ‖ 2025/12 raporu KAP’ta yok ‖ 2026/06 INDIRILMEDI,,BELGE_YOK,— | — | —,2026/06 INDIRILMEDI ‖ 2025/12 raporu KAP’ta yok ‖ 2026/06 INDIRILMEDI,,BELGE_YOK,— | — | —,2026/06 INDIRILMEDI ‖ 2025/12 raporu KAP’ta yok ‖ 2026/06 INDIRILMEDI,,BELGE_YOK,— | — | —,2026/06 INDIRILMEDI ‖ 2025/12 raporu KAP’ta yok ‖ 2026/06 INDIRILMEDI,BELGE_YOK
EKOS,Standart,2026/03,,BELGE_YOK,— | — | —,2026/03 INDIRILMEDI ‖ 2025/12 INDIRILMEDI ‖ 2026/03 INDIRILMEDI,,BELGE_YOK,— | — | —,2026/03 INDIRILMEDI ‖ 2025/12 INDIRILMEDI ‖ 2026/03 INDIRILMEDI,,BELGE_YOK,— | — | —,2026/03 INDIRILMEDI ‖ 2025/12 INDIRILMEDI ‖ 2026/03 INDIRILMEDI,,BELGE_YOK,— | — | —,2026/03 INDIRILMEDI ‖ 2025/12 INDIRILMEDI ‖ 2026/03 INDIRILMEDI,BELGE_YOK
EMKEL,Standart,2025/03,,BELGE_YOK,— | -78.281 | —,2025/03 INDIRILMEDI ‖ KAP 1403760 2024/12 cari · PDF s.12 (TL): A. İşletme Faaliyetlerinden Nakit Akışları -78.280.923 -16.178.370 ‖ 2025/03 INDIRILMEDI,,BELGE_YOK,— | -4.258 | —,"2025/03 INDIRILMEDI ‖ KAP 1403760 2024/12 cari · PDF s.13 (TL): Maddi ve maddi olmayan duran varlıkların alımından kaynaklanan nakit çıkışları [17,18,19] -4.258.046 -6.476.447 ‖ 2025/03 INDIRILMEDI",,BELGE_YOK,— | 0.000 | —,2025/03 INDIRILMEDI ‖ KAP 1403760 2024/12 cari ‖ 2025/03 INDIRILMEDI,,BELGE_YOK,— | 0.000 | —,2025/03 INDIRILMEDI ‖ KAP 1403760 2024/12 cari ‖ 2025/03 INDIRILMEDI,BELGE_YOK
EMNIS,Standart,2025/03,104.448,TEYITLI,-0.350 | 77.861 | -26.937,KAP 1432477 2025/03 cari · PDF s.7 (TL): A)İŞLETME FAALİYETLERİNDEN NAKİT AKIŞLARI (350.268) (26.937.434) ‖ KAP 1398858 2024/12 cari · PDF s.13 (TL): A)İŞLETME FAALİYETLERİNDEN NAKİT AKIŞLARI 77.860.847 111.224.126 ‖ KAP 1432477 2025/03 onceki · PDF s.7 (TL): A)İŞLETME FAALİYETLERİNDEN NAKİT AKIŞLARI (350.268) (26.937.434),-72.41,TEYITLI,0.000 | -72.450 | -0.040,"KAP 1432477 2025/03 cari ‖ KAP 1398858 2024/12 cari · PDF s.13 (TL): AKIŞLARI (72.450.027) (129.440.010) ‖ KAP 1432477 2025/03 onceki · PDF s.7 (TL): 12,13 -- (39.683)",0.0,TEYITLI,0.000 | 0.000 | 0.000,KAP 1432477 2025/03 cari ‖ KAP 1398858 2024/12 cari ‖ KAP 1432477 2025/03 onceki,0.0,TEYITLI,0.000 | 0.000 | 0.000,KAP 1432477 2025/03 cari ‖ KAP 1398858 2024/12 cari ‖ KAP 1432477 2025/03 onceki,TEYITLI
EMNIS,Standart,2025/06,,BELGE_YOK,— | 77.861 | —,2025/06 INDIRILMEDI ‖ KAP 1398858 2024/12 cari · PDF s.13 (TL): A)İŞLETME FAALİYETLERİNDEN NAKİT AKIŞLARI 77.860.847 111.224.126 ‖ 2025/06 INDIRILMEDI,,BELGE_YOK,— | -72.450 | —,2025/06 INDIRILMEDI ‖ KAP 1398858 2024/12 cari · PDF s.13 (TL): AKIŞLARI (72.450.027) (129.440.010) ‖ 2025/06 INDIRILMEDI,,BELGE_YOK,— | 0.000 | —,2025/06 INDIRILMEDI ‖ KAP 1398858 2024/12 cari ‖ 2025/06 INDIRILMEDI,,BELGE_YOK,— | 0.000 | —,2025/06 INDIRILMEDI ‖ KAP 1398858 2024/12 cari ‖ 2025/06 INDIRILMEDI,BELGE_YOK
EMNIS,Standart,2025/09,,BELGE_YOK,— | 77.861 | —,2025/09 INDIRILMEDI ‖ KAP 1398858 2024/12 cari · PDF s.13 (TL): A)İŞLETME FAALİYETLERİNDEN NAKİT AKIŞLARI 77.860.847 111.224.126 ‖ 2025/09 INDIRILMEDI,,BELGE_YOK,— | -72.450 | —,2025/09 INDIRILMEDI ‖ KAP 1398858 2024/12 cari · PDF s.13 (TL): AKIŞLARI (72.450.027) (129.440.010) ‖ 2025/09 INDIRILMEDI,,BELGE_YOK,— | 0.000 | —,2025/09 INDIRILMEDI ‖ KAP 1398858 2024/12 cari ‖ 2025/09 INDIRILMEDI,,BELGE_YOK,— | 0.000 | —,2025/09 INDIRILMEDI ‖ KAP 1398858 2024/12 cari ‖ 2025/09 INDIRILMEDI,BELGE_YOK
EMPAE,Standart,2025/03,,BELGE_YOK,— | — | —,2025/03 raporu KAP’ta yok ‖ 2024/12 raporu KAP’ta yok ‖ 2025/03 raporu KAP’ta yok,,BELGE_YOK,— | — | —,2025/03 raporu KAP’ta yok ‖ 2024/12 raporu KAP’ta yok ‖ 2025/03 raporu KAP’ta yok,,BELGE_YOK,— | — | —,2025/03 raporu KAP’ta yok ‖ 2024/12 raporu KAP’ta yok ‖ 2025/03 raporu KAP’ta yok,,BELGE_YOK,— | — | —,2025/03 raporu KAP’ta yok ‖ 2024/12 raporu KAP’ta yok ‖ 2025/03 raporu KAP’ta yok,BELGE_YOK
EMPAE,Standart,2025/06,,BELGE_YOK,— | — | —,2025/06 raporu KAP’ta yok ‖ 2024/12 raporu KAP’ta yok ‖ 2025/06 raporu KAP’ta yok,,BELGE_YOK,— | — | —,2025/06 raporu KAP’ta yok ‖ 2024/12 raporu KAP’ta yok ‖ 2025/06 raporu KAP’ta yok,,BELGE_YOK,— | — | —,2025/06 raporu KAP’ta yok ‖ 2024/12 raporu KAP’ta yok ‖ 2025/06 raporu KAP’ta yok,,BELGE_YOK,— | — | —,2025/06 raporu KAP’ta yok ‖ 2024/12 raporu KAP’ta yok ‖ 2025/06 raporu KAP’ta yok,BELGE_YOK
EMPAE,Standart,2025/09,,BELGE_YOK,— | — | —,2025/09 raporu KAP’ta yok ‖ 2024/12 raporu KAP’ta yok ‖ 2025/09 raporu KAP’ta yok,,BELGE_YOK,— | — | —,2025/09 raporu KAP’ta yok ‖ 2024/12 raporu KAP’ta yok ‖ 2025/09 raporu KAP’ta yok,,BELGE_YOK,— | — | —,2025/09 raporu KAP’ta yok ‖ 2024/12 raporu KAP’ta yok ‖ 2025/09 raporu KAP’ta yok,,BELGE_YOK,— | — | —,2025/09 raporu KAP’ta yok ‖ 2024/12 raporu KAP’ta yok ‖ 2025/09 raporu KAP’ta yok,BELGE_YOK
EMPAE,Standart,2026/03,,BELGE_YOK,— | — | —,2026/03 INDIRILMEDI ‖ 2025/12 INDIRILMEDI ‖ 2026/03 INDIRILMEDI,,BELGE_YOK,— | — | —,2026/03 INDIRILMEDI ‖ 2025/12 INDIRILMEDI ‖ 2026/03 INDIRILMEDI,,BELGE_YOK,— | — | —,2026/03 INDIRILMEDI ‖ 2025/12 INDIRILMEDI ‖ 2026/03 INDIRILMEDI,,BELGE_YOK,— | — | —,2026/03 INDIRILMEDI ‖ 2025/12 INDIRILMEDI ‖ 2026/03 INDIRILMEDI,BELGE_YOK
EMPAE,Standart,2026/06,,BELGE_YOK,— | — | —,2026/06 INDIRILMEDI ‖ 2025/12 INDIRILMEDI ‖ 2026/06 INDIRILMEDI,,BELGE_YOK,— | — | —,2026/06 INDIRILMEDI ‖ 2025/12 INDIRILMEDI ‖ 2026/06 INDIRILMEDI,,BELGE_YOK,— | — | —,2026/06 INDIRILMEDI ‖ 2025/12 INDIRILMEDI ‖ 2026/06 INDIRILMEDI,,BELGE_YOK,— | — | —,2026/06 INDIRILMEDI ‖ 2025/12 INDIRILMEDI ‖ 2026/06 INDIRILMEDI,BELGE_YOK
ENSRI,Standart,2025/03,,BELGE_YOK,— | -3.559 | —,2025/03 INDIRILMEDI ‖ KAP 1402471 2024/12 cari · PDF s.11 (TL): A. İşletme Faaliyetlerinden Kaynaklanan Nakit Akışları (3.558.903) (189.648.914) ‖ 2025/03 INDIRILMEDI,,BELGE_YOK,— | -17.958 | —,2025/03 INDIRILMEDI ‖ KAP 1402471 2024/12 cari · PDF s.11 (TL): 12-13 (17.957.531) (55.480.061) ‖ 2025/03 INDIRILMEDI,,BELGE_YOK,— | 0.000 | —,2025/03 INDIRILMEDI ‖ KAP 1402471 2024/12 cari ‖ 2025/03 INDIRILMEDI,,BELGE_YOK,— | -8.555 | —,2025/03 INDIRILMEDI ‖ KAP 1402471 2024/12 cari · PDF s.11 (TL): (8.554.776) (5.199.382) ‖ 2025/03 INDIRILMEDI,BELGE_YOK
ENSRI,Standart,2025/06,,BELGE_YOK,— | -3.559 | —,2025/06 INDIRILMEDI ‖ KAP 1402471 2024/12 cari · PDF s.11 (TL): A. İşletme Faaliyetlerinden Kaynaklanan Nakit Akışları (3.558.903) (189.648.914) ‖ 2025/06 INDIRILMEDI,,BELGE_YOK,— | -17.958 | —,2025/06 INDIRILMEDI ‖ KAP 1402471 2024/12 cari · PDF s.11 (TL): 12-13 (17.957.531) (55.480.061) ‖ 2025/06 INDIRILMEDI,,BELGE_YOK,— | 0.000 | —,2025/06 INDIRILMEDI ‖ KAP 1402471 2024/12 cari ‖ 2025/06 INDIRILMEDI,,BELGE_YOK,— | -8.555 | —,2025/06 INDIRILMEDI ‖ KAP 1402471 2024/12 cari · PDF s.11 (TL): (8.554.776) (5.199.382) ‖ 2025/06 INDIRILMEDI,BELGE_YOK
ENSRI,Standart,2025/09,,BELGE_YOK,— | -3.559 | —,2025/09 INDIRILMEDI ‖ KAP 1402471 2024/12 cari · PDF s.11 (TL): A. İşletme Faaliyetlerinden Kaynaklanan Nakit Akışları (3.558.903) (189.648.914) ‖ 2025/09 INDIRILMEDI,,BELGE_YOK,— | -17.958 | —,2025/09 INDIRILMEDI ‖ KAP 1402471 2024/12 cari · PDF s.11 (TL): 12-13 (17.957.531) (55.480.061) ‖ 2025/09 INDIRILMEDI,,BELGE_YOK,— | 0.000 | —,2025/09 INDIRILMEDI ‖ KAP 1402471 2024/12 cari ‖ 2025/09 INDIRILMEDI,,BELGE_YOK,— | -8.555 | —,2025/09 INDIRILMEDI ‖ KAP 1402471 2024/12 cari · PDF s.11 (TL): (8.554.776) (5.199.382) ‖ 2025/09 INDIRILMEDI,BELGE_YOK
ENSRI,Standart,2026/03,,BELGE_YOK,— | — | —,2026/03 INDIRILMEDI ‖ 2025/12 INDIRILMEDI ‖ 2026/03 INDIRILMEDI,,BELGE_YOK,— | — | —,2026/03 INDIRILMEDI ‖ 2025/12 INDIRILMEDI ‖ 2026/03 INDIRILMEDI,,BELGE_YOK,— | — | —,2026/03 INDIRILMEDI ‖ 2025/12 INDIRILMEDI ‖ 2026/03 INDIRILMEDI,,BELGE_YOK,— | — | —,2026/03 INDIRILMEDI ‖ 2025/12 INDIRILMEDI ‖ 2026/03 INDIRILMEDI,BELGE_YOK
ENSRI,Standart,2026/06,,BELGE_YOK,— | — | —,2026/06 INDIRILMEDI ‖ 2025/12 INDIRILMEDI ‖ 2026/06 INDIRILMEDI,,BELGE_YOK,— | — | —,2026/06 INDIRILMEDI ‖ 2025/12 INDIRILMEDI ‖ 2026/06 INDIRILMEDI,,BELGE_YOK,— | — | —,2026/06 INDIRILMEDI ‖ 2025/12 INDIRILMEDI ‖ 2026/06 INDIRILMEDI,,BELGE_YOK,— | — | —,2026/06 INDIRILMEDI ‖ 2025/12 INDIRILMEDI ‖ 2026/06 INDIRILMEDI,BELGE_YOK
EPLAS,Standart,2025/06,,BELGE_YOK,— | 56.845 | —,2025/06 INDIRILMEDI ‖ KAP 1405329 2024/12 cari · PDF s.12 (TL): İŞLETME FAALİYETLERİNDEN NAKİT AKIŞLARI 56.845.245 (196.496.727) ‖ 2025/06 INDIRILMEDI,,BELGE_YOK,— | -43.038 | —,"2025/06 INDIRILMEDI ‖ KAP 1405329 2024/12 cari · PDF s.12 (TL): Maddi Duran Varlıkların Alımından Kaynaklanan Nakit Çıkışları (-) 13,15 (43.038.085) (74.181.238) ‖ 2025/06 INDIRILMEDI",,BELGE_YOK,— | 0.000 | —,2025/06 INDIRILMEDI ‖ KAP 1405329 2024/12 cari ‖ 2025/06 INDIRILMEDI,,BELGE_YOK,— | -39.415 | —,2025/06 INDIRILMEDI ‖ KAP 1405329 2024/12 cari · PDF s.12 (TL): Kiralama Yükümlülükleriyle İlgili Nakit Çıkışları (-) 14 (39.414.961) (4.151.236) ‖ 2025/06 INDIRILMEDI,BELGE_YOK
EPLAS,Standart,2025/09,,BELGE_YOK,— | 56.845 | —,2025/09 INDIRILMEDI ‖ KAP 1405329 2024/12 cari · PDF s.12 (TL): İŞLETME FAALİYETLERİNDEN NAKİT AKIŞLARI 56.845.245 (196.496.727) ‖ 2025/09 INDIRILMEDI,,BELGE_YOK,— | -43.038 | —,"2025/09 INDIRILMEDI ‖ KAP 1405329 2024/12 cari · PDF s.12 (TL): Maddi Duran Varlıkların Alımından Kaynaklanan Nakit Çıkışları (-) 13,15 (43.038.085) (74.181.238) ‖ 2025/09 INDIRILMEDI",,BELGE_YOK,— | 0.000 | —,2025/09 INDIRILMEDI ‖ KAP 1405329 2024/12 cari ‖ 2025/09 INDIRILMEDI,,BELGE_YOK,— | -39.415 | —,2025/09 INDIRILMEDI ‖ KAP 1405329 2024/12 cari · PDF s.12 (TL): Kiralama Yükümlülükleriyle İlgili Nakit Çıkışları (-) 14 (39.414.961) (4.151.236) ‖ 2025/09 INDIRILMEDI,BELGE_YOK
EPLAS,Standart,2026/03,,BELGE_YOK,— | — | —,2026/03 INDIRILMEDI ‖ 2025/12 INDIRILMEDI ‖ 2026/03 INDIRILMEDI,,BELGE_YOK,— | — | —,2026/03 INDIRILMEDI ‖ 2025/12 INDIRILMEDI ‖ 2026/03 INDIRILMEDI,,BELGE_YOK,— | — | —,2026/03 INDIRILMEDI ‖ 2025/12 INDIRILMEDI ‖ 2026/03 INDIRILMEDI,,BELGE_YOK,— | — | —,2026/03 INDIRILMEDI ‖ 2025/12 INDIRILMEDI ‖ 2026/03 INDIRILMEDI,BELGE_YOK
EPLAS,Standart,2026/06,,BELGE_YOK,— | — | —,2026/06 INDIRILMEDI ‖ 2025/12 INDIRILMEDI ‖ 2026/06 INDIRILMEDI,,BELGE_YOK,— | — | —,2026/06 INDIRILMEDI ‖ 2025/12 INDIRILMEDI ‖ 2026/06 INDIRILMEDI,,BELGE_YOK,— | — | —,2026/06 INDIRILMEDI ‖ 2025/12 INDIRILMEDI ‖ 2026/06 INDIRILMEDI,,BELGE_YOK,— | — | —,2026/06 INDIRILMEDI ‖ 2025/12 INDIRILMEDI ‖ 2026/06 INDIRILMEDI,BELGE_YOK
EUPWR,Standart,2025/03,,BELGE_YOK,— | 0.396 | —,2025/03 INDIRILMEDI ‖ KAP 1410019 2024/12 cari · PDF s.13 (TL): A. İşletme Faaliyetlerinden Nakit Akımları 395.614 (2.056.974) ‖ 2025/03 INDIRILMEDI,,BELGE_YOK,— | -0.860 | —,"2025/03 INDIRILMEDI ‖ KAP 1410019 2024/12 cari · PDF s.13 (TL): Nakit Çıkışları 13,14 (859.552) (1.390.580) ‖ 2025/03 INDIRILMEDI",,BELGE_YOK,— | -0.013 | —,"2025/03 INDIRILMEDI ‖ KAP 1410019 2024/12 cari · PDF s.13 (bin TL): Amortisman ve İtfa Gideri İle İlgili Düzeltmeler 13,14 207.394 197.583 ‖ 2025/03 INDIRILMEDI",,BELGE_YOK,— | 0.000 | —,2025/03 INDIRILMEDI ‖ KAP 1410019 2024/12 cari ‖ 2025/03 INDIRILMEDI,BELGE_YOK
EUPWR,Standart,2025/06,,BELGE_YOK,— | 0.396 | —,2025/06 INDIRILMEDI ‖ KAP 1410019 2024/12 cari · PDF s.13 (TL): A. İşletme Faaliyetlerinden Nakit Akımları 395.614 (2.056.974) ‖ 2025/06 INDIRILMEDI,,BELGE_YOK,— | -0.860 | —,"2025/06 INDIRILMEDI ‖ KAP 1410019 2024/12 cari · PDF s.13 (TL): Nakit Çıkışları 13,14 (859.552) (1.390.580) ‖ 2025/06 INDIRILMEDI",,BELGE_YOK,— | -0.013 | —,"2025/06 INDIRILMEDI ‖ KAP 1410019 2024/12 cari · PDF s.13 (bin TL): Amortisman ve İtfa Gideri İle İlgili Düzeltmeler 13,14 207.394 197.583 ‖ 2025/06 INDIRILMEDI",,BELGE_YOK,— | 0.000 | —,2025/06 INDIRILMEDI ‖ KAP 1410019 2024/12 cari ‖ 2025/06 INDIRILMEDI,BELGE_YOK
EUPWR,Standart,2025/09,,BELGE_YOK,— | 0.396 | —,2025/09 INDIRILMEDI ‖ KAP 1410019 2024/12 cari · PDF s.13 (TL): A. İşletme Faaliyetlerinden Nakit Akımları 395.614 (2.056.974) ‖ 2025/09 INDIRILMEDI,,BELGE_YOK,— | -0.860 | —,"2025/09 INDIRILMEDI ‖ KAP 1410019 2024/12 cari · PDF s.13 (TL): Nakit Çıkışları 13,14 (859.552) (1.390.580) ‖ 2025/09 INDIRILMEDI",,BELGE_YOK,— | -0.013 | —,"2025/09 INDIRILMEDI ‖ KAP 1410019 2024/12 cari · PDF s.13 (bin TL): Amortisman ve İtfa Gideri İle İlgili Düzeltmeler 13,14 207.394 197.583 ‖ 2025/09 INDIRILMEDI",,BELGE_YOK,— | 0.000 | —,2025/09 INDIRILMEDI ‖ KAP 1410019 2024/12 cari ‖ 2025/09 INDIRILMEDI,BELGE_YOK
EUREN,Standart,2026/03,,BELGE_YOK,— | — | —,2026/03 INDIRILMEDI ‖ 2025/12 INDIRILMEDI ‖ 2026/03 INDIRILMEDI,,BELGE_YOK,— | — | —,2026/03 INDIRILMEDI ‖ 2025/12 INDIRILMEDI ‖ 2026/03 INDIRILMEDI,,BELGE_YOK,— | — | —,2026/03 INDIRILMEDI ‖ 2025/12 INDIRILMEDI ‖ 2026/03 INDIRILMEDI,,BELGE_YOK,— | — | —,2026/03 INDIRILMEDI ‖ 2025/12 INDIRILMEDI ‖ 2026/03 INDIRILMEDI,BELGE_YOK
EUREN,Standart,2026/06,,BELGE_YOK,— | — | —,2026/06 INDIRILMEDI ‖ 2025/12 INDIRILMEDI ‖ 2026/06 INDIRILMEDI,,BELGE_YOK,— | — | —,2026/06 INDIRILMEDI ‖ 2025/12 INDIRILMEDI ‖ 2026/06 INDIRILMEDI,,BELGE_YOK,— | — | —,2026/06 INDIRILMEDI ‖ 2025/12 INDIRILMEDI ‖ 2026/06 INDIRILMEDI,,BELGE_YOK,— | — | —,2026/06 INDIRILMEDI ‖ 2025/12 INDIRILMEDI ‖ 2026/06 INDIRILMEDI,BELGE_YOK
FADE,Standart,2025/12,,BELGE_YOK,—,2025/12 INDIRILMEDI,,BELGE_YOK,—,2025/12 INDIRILMEDI,,BELGE_YOK,—,2025/12 INDIRILMEDI,,BELGE_YOK,—,2025/12 INDIRILMEDI,BELGE_YOK
FADE,Standart,2026/03,,BELGE_YOK,— | — | —,2026/03 INDIRILMEDI ‖ 2025/12 INDIRILMEDI ‖ 2026/03 INDIRILMEDI,,BELGE_YOK,— | — | —,2026/03 INDIRILMEDI ‖ 2025/12 INDIRILMEDI ‖ 2026/03 INDIRILMEDI,,BELGE_YOK,— | — | —,2026/03 INDIRILMEDI ‖ 2025/12 INDIRILMEDI ‖ 2026/03 INDIRILMEDI,,BELGE_YOK,— | — | —,2026/03 INDIRILMEDI ‖ 2025/12 INDIRILMEDI ‖ 2026/03 INDIRILMEDI,BELGE_YOK
FADE,Standart,2026/06,,BELGE_YOK,— | — | —,2026/06 INDIRILMEDI ‖ 2025/12 INDIRILMEDI ‖ 2026/06 INDIRILMEDI,,BELGE_YOK,— | — | —,2026/06 INDIRILMEDI ‖ 2025/12 INDIRILMEDI ‖ 2026/06 INDIRILMEDI,,BELGE_YOK,— | — | —,2026/06 INDIRILMEDI ‖ 2025/12 INDIRILMEDI ‖ 2026/06 INDIRILMEDI,,BELGE_YOK,— | — | —,2026/06 INDIRILMEDI ‖ 2025/12 INDIRILMEDI ‖ 2026/06 INDIRILMEDI,BELGE_YOK
FENER,Standart,2025/03,,BELGE_YOK,— | — | —,2025/03 INDIRILMEDI ‖ 2024/12 INDIRILMEDI ‖ 2025/03 INDIRILMEDI,,BELGE_YOK,— | — | —,2025/03 INDIRILMEDI ‖ 2024/12 INDIRILMEDI ‖ 2025/03 INDIRILMEDI,,BELGE_YOK,— | — | —,2025/03 INDIRILMEDI ‖ 2024/12 INDIRILMEDI ‖ 2025/03 INDIRILMEDI,,BELGE_YOK,— | — | —,2025/03 INDIRILMEDI ‖ 2024/12 INDIRILMEDI ‖ 2025/03 INDIRILMEDI,BELGE_YOK
FENER,Standart,2025/06,,BELGE_YOK,— | — | —,2025/06 INDIRILMEDI ‖ 2024/12 INDIRILMEDI ‖ 2025/06 INDIRILMEDI,,BELGE_YOK,— | — | —,2025/06 INDIRILMEDI ‖ 2024/12 INDIRILMEDI ‖ 2025/06 INDIRILMEDI,,BELGE_YOK,— | — | —,2025/06 INDIRILMEDI ‖ 2024/12 INDIRILMEDI ‖ 2025/06 INDIRILMEDI,,BELGE_YOK,— | — | —,2025/06 INDIRILMEDI ‖ 2024/12 INDIRILMEDI ‖ 2025/06 INDIRILMEDI,BELGE_YOK
FENER,Standart,2025/09,,BELGE_YOK,— | — | —,2025/09 INDIRILMEDI ‖ 2024/12 INDIRILMEDI ‖ 2025/09 INDIRILMEDI,,BELGE_YOK,— | — | —,2025/09 INDIRILMEDI ‖ 2024/12 INDIRILMEDI ‖ 2025/09 INDIRILMEDI,,BELGE_YOK,— | — | —,2025/09 INDIRILMEDI ‖ 2024/12 INDIRILMEDI ‖ 2025/09 INDIRILMEDI,,BELGE_YOK,— | — | —,2025/09 INDIRILMEDI ‖ 2024/12 INDIRILMEDI ‖ 2025/09 INDIRILMEDI,BELGE_YOK
FENER,Standart,2025/12,,BELGE_YOK,—,2025/12 INDIRILMEDI,,BELGE_YOK,—,2025/12 INDIRILMEDI,,BELGE_YOK,—,2025/12 INDIRILMEDI,,BELGE_YOK,—,2025/12 INDIRILMEDI,BELGE_YOK
FENER,Standart,2026/03,,BELGE_YOK,— | — | —,2026/03 raporu KAP’ta yok ‖ 2025/12 INDIRILMEDI ‖ 2026/03 raporu KAP’ta yok,,BELGE_YOK,— | — | —,2026/03 raporu KAP’ta yok ‖ 2025/12 INDIRILMEDI ‖ 2026/03 raporu KAP’ta yok,,BELGE_YOK,— | — | —,2026/03 raporu KAP’ta yok ‖ 2025/12 INDIRILMEDI ‖ 2026/03 raporu KAP’ta yok,,BELGE_YOK,— | — | —,2026/03 raporu KAP’ta yok ‖ 2025/12 INDIRILMEDI ‖ 2026/03 raporu KAP’ta yok,BELGE_YOK
FENER,Standart,2026/06,,BELGE_YOK,— | — | —,2026/06 raporu KAP’ta yok ‖ 2025/12 INDIRILMEDI ‖ 2026/06 raporu KAP’ta yok,,BELGE_YOK,— | — | —,2026/06 raporu KAP’ta yok ‖ 2025/12 INDIRILMEDI ‖ 2026/06 raporu KAP’ta yok,,BELGE_YOK,— | — | —,2026/06 raporu KAP’ta yok ‖ 2025/12 INDIRILMEDI ‖ 2026/06 raporu KAP’ta yok,,BELGE_YOK,— | — | —,2026/06 raporu KAP’ta yok ‖ 2025/12 INDIRILMEDI ‖ 2026/06 raporu KAP’ta yok,BELGE_YOK
FLAP,Standart,2025/06,,BELGE_YOK,— | 20.758 | —,2025/06 INDIRILMEDI ‖ KAP 1407562 2024/12 cari · PDF s.12 (TL): A. İşletme Faaliyetlerinden Nakit Akışları 20.757.682 13.668.574 ‖ 2025/06 INDIRILMEDI,,BELGE_YOK,— | -2.702 | —,2025/06 INDIRILMEDI ‖ KAP 1407562 2024/12 cari · PDF s.13 (TL): B. Yatırım Faaliyetlerinden Kaynaklanan Nakit Akışları -2.702.310 -1.035.690 ‖ 2025/06 INDIRILMEDI,,BELGE_YOK,— | 0.000 | —,"2025/06 INDIRILMEDI ‖ KAP 1407562 2024/12 cari · PDF’te XBRL dışı satır: • Yatırım amaçlı gayrimenkullerin gerçeğe uygun değer kayıpları (kazançları) ile [12,28] -15.984.246 -22.372.598 || c) Dipnot 12 – Yatırım amaçlı gayrimenkullerin gerçeğe uygun değerleri , ‖ 2025/06 INDIRILMEDI",,BELGE_YOK,— | 0.000 | —,2025/06 INDIRILMEDI ‖ KAP 1407562 2024/12 cari ‖ 2025/06 INDIRILMEDI,BELGE_YOK
FLAP,Standart,2026/06,,BELGE_YOK,— | — | —,2026/06 INDIRILMEDI ‖ 2025/12 INDIRILMEDI ‖ 2026/06 INDIRILMEDI,,BELGE_YOK,— | — | —,2026/06 INDIRILMEDI ‖ 2025/12 INDIRILMEDI ‖ 2026/06 INDIRILMEDI,,BELGE_YOK,— | — | —,2026/06 INDIRILMEDI ‖ 2025/12 INDIRILMEDI ‖ 2026/06 INDIRILMEDI,,BELGE_YOK,— | — | —,2026/06 INDIRILMEDI ‖ 2025/12 INDIRILMEDI ‖ 2026/06 INDIRILMEDI,BELGE_YOK
FORMT,Standart,2025/03,171.245,TEYITLI,92.755 | 37.767 | -40.723,KAP 1432465 2025/03 cari · PDF s.7 (TL): A. İşletme Faaliyetlerinden Nakit Akışları 92.754.647 -40.722.880 ‖ KAP 1398727 2024/12 cari · PDF s.12 (TL): A. İşletme Faaliyetlerinden Nakit Akışları 37.767.076 -239.327.485 ‖ KAP 1432465 2025/03 onceki · PDF s.7 (TL): A. İşletme Faaliyetlerinden Nakit Akışları 92.754.647 -40.722.880,-164.529,TEYITLI,-19.143 | -259.569 | -114.183,"KAP 1432465 2025/03 cari · PDF s.8 (TL): Maddi ve maddi olmayan duran varlıkların alımından kaynaklanan nakit çıkışları [10,11] -19.143.323 -114.183.431 ‖ KAP 1398727 2024/12 cari · PDF s.13 (TL): Maddi ve maddi olmayan duran varlıkların alımından kaynaklanan nakit çıkışları [10,11] -259.569.272 -181.499.458 ‖ KAP 1432465 2025/03 onceki · PDF s.8 (TL): Maddi ve maddi olmayan duran varlıkların alımından kaynaklanan nakit çıkışları [10,11] -19.143.323 -114.183.431",,ELLE,0.000 | — | 0.000,KAP 1432465 2025/03 cari ‖ KAP 1398727 2024/12 cari · PDF’te XBRL dışı satır: • Yatırım amaçlı gayrimenkullerin gerçeğe uygun değer kayıpları (kazançları) ile – 17.390.279 ‖ KAP 1432465 2025/03 onceki,0.753,TEYITLI,-0.771 | -0.472 | -1.995,KAP 1432465 2025/03 cari · PDF s.8 (TL): Finansal kiralama sözleşmelerinden kaynaklanan borç ödemelerine ilişkin nakit [4] -770.558 -1.994.981 ‖ KAP 1398727 2024/12 cari · PDF s.13 (TL): Finansal kiralama sözleşmelerinden kaynaklanan borç ödemelerine ilişkin nakit [4] -471.756 -5.170.191 ‖ KAP 1432465 2025/03 onceki · PDF s.8 (TL): Finansal kiralama sözleşmelerinden kaynaklanan borç ödemelerine ilişkin nakit [4] -770.558 -1.994.981,ELLE
FORMT,Standart,2025/06,,BELGE_YOK,— | 37.767 | —,2025/06 INDIRILMEDI ‖ KAP 1398727 2024/12 cari · PDF s.12 (TL): A. İşletme Faaliyetlerinden Nakit Akışları 37.767.076 -239.327.485 ‖ 2025/06 INDIRILMEDI,,BELGE_YOK,— | -259.569 | —,"2025/06 INDIRILMEDI ‖ KAP 1398727 2024/12 cari · PDF s.13 (TL): Maddi ve maddi olmayan duran varlıkların alımından kaynaklanan nakit çıkışları [10,11] -259.569.272 -181.499.458 ‖ 2025/06 INDIRILMEDI",,BELGE_YOK,— | — | —,2025/06 INDIRILMEDI ‖ KAP 1398727 2024/12 cari · PDF’te XBRL dışı satır: • Yatırım amaçlı gayrimenkullerin gerçeğe uygun değer kayıpları (kazançları) ile – 17.390.279 ‖ 2025/06 INDIRILMEDI,,BELGE_YOK,— | -0.472 | —,2025/06 INDIRILMEDI ‖ KAP 1398727 2024/12 cari · PDF s.13 (TL): Finansal kiralama sözleşmelerinden kaynaklanan borç ödemelerine ilişkin nakit [4] -471.756 -5.170.191 ‖ 2025/06 INDIRILMEDI,BELGE_YOK
FRIGO,Standart,2025/03,,BELGE_YOK,— | -33.013 | —,2025/03 INDIRILMEDI ‖ KAP 1398682 2024/12 cari · PDF_YOK ‖ 2025/03 INDIRILMEDI,,BELGE_YOK,— | -118.371 | —,2025/03 INDIRILMEDI ‖ KAP 1398682 2024/12 cari · PDF_YOK ‖ 2025/03 INDIRILMEDI,,BELGE_YOK,— | — | —,2025/03 INDIRILMEDI ‖ KAP 1398682 2024/12 cari · PDF_YOK ‖ 2025/03 INDIRILMEDI,,BELGE_YOK,— | — | —,2025/03 INDIRILMEDI ‖ KAP 1398682 2024/12 cari · PDF_YOK ‖ 2025/03 INDIRILMEDI,BELGE_YOK
FRIGO,Standart,2025/06,,BELGE_YOK,— | -33.013 | —,2025/06 INDIRILMEDI ‖ KAP 1398682 2024/12 cari · PDF_YOK ‖ 2025/06 INDIRILMEDI,,BELGE_YOK,— | -118.371 | —,2025/06 INDIRILMEDI ‖ KAP 1398682 2024/12 cari · PDF_YOK ‖ 2025/06 INDIRILMEDI,,BELGE_YOK,— | — | —,2025/06 INDIRILMEDI ‖ KAP 1398682 2024/12 cari · PDF_YOK ‖ 2025/06 INDIRILMEDI,,BELGE_YOK,— | — | —,2025/06 INDIRILMEDI ‖ KAP 1398682 2024/12 cari · PDF_YOK ‖ 2025/06 INDIRILMEDI,BELGE_YOK
FRIGO,Standart,2025/09,,BELGE_YOK,— | -33.013 | —,2025/09 INDIRILMEDI ‖ KAP 1398682 2024/12 cari · PDF_YOK ‖ 2025/09 INDIRILMEDI,,BELGE_YOK,— | -118.371 | —,2025/09 INDIRILMEDI ‖ KAP 1398682 2024/12 cari · PDF_YOK ‖ 2025/09 INDIRILMEDI,,BELGE_YOK,— | — | —,2025/09 INDIRILMEDI ‖ KAP 1398682 2024/12 cari · PDF_YOK ‖ 2025/09 INDIRILMEDI,,BELGE_YOK,— | — | —,2025/09 INDIRILMEDI ‖ KAP 1398682 2024/12 cari · PDF_YOK ‖ 2025/09 INDIRILMEDI,BELGE_YOK
FRIGO,Standart,2025/12,,BELGE_YOK,—,2025/12 INDIRILMEDI,,BELGE_YOK,—,2025/12 INDIRILMEDI,,BELGE_YOK,—,2025/12 INDIRILMEDI,,BELGE_YOK,—,2025/12 INDIRILMEDI,BELGE_YOK
FRIGO,Standart,2026/03,,BELGE_YOK,— | — | —,2026/03 INDIRILMEDI ‖ 2025/12 INDIRILMEDI ‖ 2026/03 INDIRILMEDI,,BELGE_YOK,— | — | —,2026/03 INDIRILMEDI ‖ 2025/12 INDIRILMEDI ‖ 2026/03 INDIRILMEDI,,BELGE_YOK,— | — | —,2026/03 INDIRILMEDI ‖ 2025/12 INDIRILMEDI ‖ 2026/03 INDIRILMEDI,,BELGE_YOK,— | — | —,2026/03 INDIRILMEDI ‖ 2025/12 INDIRILMEDI ‖ 2026/03 INDIRILMEDI,BELGE_YOK
FRMPL,Standart,2025/03,,BELGE_YOK,— | — | —,2025/03 raporu KAP’ta yok ‖ 2024/12 raporu KAP’ta yok ‖ 2025/03 raporu KAP’ta yok,,BELGE_YOK,— | — | —,2025/03 raporu KAP’ta yok ‖ 2024/12 raporu KAP’ta yok ‖ 2025/03 raporu KAP’ta yok,,BELGE_YOK,— | — | —,2025/03 raporu KAP’ta yok ‖ 2024/12 raporu KAP’ta yok ‖ 2025/03 raporu KAP’ta yok,,BELGE_YOK,— | — | —,2025/03 raporu KAP’ta yok ‖ 2024/12 raporu KAP’ta yok ‖ 2025/03 raporu KAP’ta yok,BELGE_YOK
FRMPL,Standart,2025/06,,BELGE_YOK,— | — | —,2025/06 raporu KAP’ta yok ‖ 2024/12 raporu KAP’ta yok ‖ 2025/06 raporu KAP’ta yok,,BELGE_YOK,— | — | —,2025/06 raporu KAP’ta yok ‖ 2024/12 raporu KAP’ta yok ‖ 2025/06 raporu KAP’ta yok,,BELGE_YOK,— | — | —,2025/06 raporu KAP’ta yok ‖ 2024/12 raporu KAP’ta yok ‖ 2025/06 raporu KAP’ta yok,,BELGE_YOK,— | — | —,2025/06 raporu KAP’ta yok ‖ 2024/12 raporu KAP’ta yok ‖ 2025/06 raporu KAP’ta yok,BELGE_YOK
FRMPL,Standart,2025/09,,BELGE_YOK,— | — | —,2025/09 raporu KAP’ta yok ‖ 2024/12 raporu KAP’ta yok ‖ 2025/09 raporu KAP’ta yok,,BELGE_YOK,— | — | —,2025/09 raporu KAP’ta yok ‖ 2024/12 raporu KAP’ta yok ‖ 2025/09 raporu KAP’ta yok,,BELGE_YOK,— | — | —,2025/09 raporu KAP’ta yok ‖ 2024/12 raporu KAP’ta yok ‖ 2025/09 raporu KAP’ta yok,,BELGE_YOK,— | — | —,2025/09 raporu KAP’ta yok ‖ 2024/12 raporu KAP’ta yok ‖ 2025/09 raporu KAP’ta yok,BELGE_YOK
GEDZA,Standart,2026/03,,BELGE_YOK,— | — | —,2026/03 INDIRILMEDI ‖ 2025/12 INDIRILMEDI ‖ 2026/03 INDIRILMEDI,,BELGE_YOK,— | — | —,2026/03 INDIRILMEDI ‖ 2025/12 INDIRILMEDI ‖ 2026/03 INDIRILMEDI,,BELGE_YOK,— | — | —,2026/03 INDIRILMEDI ‖ 2025/12 INDIRILMEDI ‖ 2026/03 INDIRILMEDI,,BELGE_YOK,— | — | —,2026/03 INDIRILMEDI ‖ 2025/12 INDIRILMEDI ‖ 2026/03 INDIRILMEDI,BELGE_YOK
GEDZA,Standart,2026/06,,BELGE_YOK,— | — | —,2026/06 INDIRILMEDI ‖ 2025/12 INDIRILMEDI ‖ 2026/06 INDIRILMEDI,,BELGE_YOK,— | — | —,2026/06 INDIRILMEDI ‖ 2025/12 INDIRILMEDI ‖ 2026/06 INDIRILMEDI,,BELGE_YOK,— | — | —,2026/06 INDIRILMEDI ‖ 2025/12 INDIRILMEDI ‖ 2026/06 INDIRILMEDI,,BELGE_YOK,— | — | —,2026/06 INDIRILMEDI ‖ 2025/12 INDIRILMEDI ‖ 2026/06 INDIRILMEDI,BELGE_YOK
GENIL,Standart,2025/03,,BELGE_YOK,— | 1993.473 | —,"2025/03 INDIRILMEDI ‖ KAP 1400992 2024/12 cari · PDF s.14 (TL): İşletme Faaliyetlerinden Sağlanan Nakit Akışları, net 1.993.472.828 256.052.878 ‖ 2025/03 INDIRILMEDI",,BELGE_YOK,— | -591.544 | —,2025/03 INDIRILMEDI ‖ KAP 1400992 2024/12 cari · PDF s.14 (TL): Maddi duran varlıklardaki değişim 14 (309.134.971) (762.003.260) + Maddi olmayan duran varlıklardaki değişim 15 (282.409.524) (261.368.838) ‖ 2025/03 INDIRILMEDI,,BELGE_YOK,— | — | —,2025/03 INDIRILMEDI ‖ KAP 1400992 2024/12 cari · PDF’te XBRL dışı satır: Yatırım amaçlı gayrimenkullerdeki değişim 13 (169.821.695) -- ‖ 2025/03 INDIRILMEDI,,BELGE_YOK,— | 0.000 | —,2025/03 INDIRILMEDI ‖ KAP 1400992 2024/12 cari ‖ 2025/03 INDIRILMEDI,BELGE_YOK
GENIL,Standart,2025/06,,BELGE_YOK,— | 1993.473 | —,"2025/06 INDIRILMEDI ‖ KAP 1400992 2024/12 cari · PDF s.14 (TL): İşletme Faaliyetlerinden Sağlanan Nakit Akışları, net 1.993.472.828 256.052.878 ‖ 2025/06 INDIRILMEDI",,BELGE_YOK,— | -591.544 | —,2025/06 INDIRILMEDI ‖ KAP 1400992 2024/12 cari · PDF s.14 (TL): Maddi duran varlıklardaki değişim 14 (309.134.971) (762.003.260) + Maddi olmayan duran varlıklardaki değişim 15 (282.409.524) (261.368.838) ‖ 2025/06 INDIRILMEDI,,BELGE_YOK,— | — | —,2025/06 INDIRILMEDI ‖ KAP 1400992 2024/12 cari · PDF’te XBRL dışı satır: Yatırım amaçlı gayrimenkullerdeki değişim 13 (169.821.695) -- ‖ 2025/06 INDIRILMEDI,,BELGE_YOK,— | 0.000 | —,2025/06 INDIRILMEDI ‖ KAP 1400992 2024/12 cari ‖ 2025/06 INDIRILMEDI,BELGE_YOK
GENKM,Standart,2025/03,,BELGE_YOK,— | — | —,2025/03 raporu KAP’ta yok ‖ 2024/12 raporu KAP’ta yok ‖ 2025/03 raporu KAP’ta yok,,BELGE_YOK,— | — | —,2025/03 raporu KAP’ta yok ‖ 2024/12 raporu KAP’ta yok ‖ 2025/03 raporu KAP’ta yok,,BELGE_YOK,— | — | —,2025/03 raporu KAP’ta yok ‖ 2024/12 raporu KAP’ta yok ‖ 2025/03 raporu KAP’ta yok,,BELGE_YOK,— | — | —,2025/03 raporu KAP’ta yok ‖ 2024/12 raporu KAP’ta yok ‖ 2025/03 raporu KAP’ta yok,BELGE_YOK
GENKM,Standart,2025/06,,BELGE_YOK,— | — | —,2025/06 raporu KAP’ta yok ‖ 2024/12 raporu KAP’ta yok ‖ 2025/06 raporu KAP’ta yok,,BELGE_YOK,— | — | —,2025/06 raporu KAP’ta yok ‖ 2024/12 raporu KAP’ta yok ‖ 2025/06 raporu KAP’ta yok,,BELGE_YOK,— | — | —,2025/06 raporu KAP’ta yok ‖ 2024/12 raporu KAP’ta yok ‖ 2025/06 raporu KAP’ta yok,,BELGE_YOK,— | — | —,2025/06 raporu KAP’ta yok ‖ 2024/12 raporu KAP’ta yok ‖ 2025/06 raporu KAP’ta yok,BELGE_YOK
GENTS,Standart,2026/03,,BELGE_YOK,— | — | —,2026/03 INDIRILMEDI ‖ 2025/12 INDIRILMEDI ‖ 2026/03 INDIRILMEDI,,BELGE_YOK,— | — | —,2026/03 INDIRILMEDI ‖ 2025/12 INDIRILMEDI ‖ 2026/03 INDIRILMEDI,,BELGE_YOK,— | — | —,2026/03 INDIRILMEDI ‖ 2025/12 INDIRILMEDI ‖ 2026/03 INDIRILMEDI,,BELGE_YOK,— | — | —,2026/03 INDIRILMEDI ‖ 2025/12 INDIRILMEDI ‖ 2026/03 INDIRILMEDI,BELGE_YOK
GMTAS,Standart,2025/03,253.497,TEYITLI,-126.503 | 312.954 | -67.046,KAP 1431846 2025/03 cari · PDF s.6 (TL): A. İşletme Faaliyetlerinden Nakit Akışları -126.502.989 -67.046.076 ‖ KAP 1396789 2024/12 cari · PDF s.12 (TL): A. İşletme Faaliyetlerinden Nakit Akışları 312.953.605 142.051.408 ‖ KAP 1431846 2025/03 onceki · PDF s.6 (TL): A. İşletme Faaliyetlerinden Nakit Akışları -126.502.989 -67.046.076,-114.64,TEYITLI,-73.241 | -63.050 | -21.652,KAP 1431846 2025/03 cari · PDF s.6 (TL): B. Yatırım Faaliyetlerinden Kaynaklanan Nakit Akışları -73.241.223 -21.652.114 ‖ KAP 1396789 2024/12 cari · PDF s.12 (TL): B. Yatırım Faaliyetlerinden Kaynaklanan Nakit Akışları -63.050.464 -60.467.599 ‖ KAP 1431846 2025/03 onceki · PDF s.6 (TL): B. Yatırım Faaliyetlerinden Kaynaklanan Nakit Akışları -73.241.223 -21.652.114,0.0,TEYITLI,0.000 | 0.000 | 0.000,KAP 1431846 2025/03 cari ‖ KAP 1396789 2024/12 cari ‖ KAP 1431846 2025/03 onceki,0.0,TEYITLI,0.000 | 0.000 | 0.000,KAP 1431846 2025/03 cari ‖ KAP 1396789 2024/12 cari ‖ KAP 1431846 2025/03 onceki,TEYITLI
GMTAS,Standart,2025/06,,BELGE_YOK,— | 312.954 | —,2025/06 INDIRILMEDI ‖ KAP 1396789 2024/12 cari · PDF s.12 (TL): A. İşletme Faaliyetlerinden Nakit Akışları 312.953.605 142.051.408 ‖ 2025/06 INDIRILMEDI,,BELGE_YOK,— | -63.050 | —,2025/06 INDIRILMEDI ‖ KAP 1396789 2024/12 cari · PDF s.12 (TL): B. Yatırım Faaliyetlerinden Kaynaklanan Nakit Akışları -63.050.464 -60.467.599 ‖ 2025/06 INDIRILMEDI,,BELGE_YOK,— | 0.000 | —,2025/06 INDIRILMEDI ‖ KAP 1396789 2024/12 cari ‖ 2025/06 INDIRILMEDI,,BELGE_YOK,— | 0.000 | —,2025/06 INDIRILMEDI ‖ KAP 1396789 2024/12 cari ‖ 2025/06 INDIRILMEDI,BELGE_YOK
GMTAS,Standart,2025/09,,BELGE_YOK,— | 312.954 | —,2025/09 INDIRILMEDI ‖ KAP 1396789 2024/12 cari · PDF s.12 (TL): A. İşletme Faaliyetlerinden Nakit Akışları 312.953.605 142.051.408 ‖ 2025/09 INDIRILMEDI,,BELGE_YOK,— | -63.050 | —,2025/09 INDIRILMEDI ‖ KAP 1396789 2024/12 cari · PDF s.12 (TL): B. Yatırım Faaliyetlerinden Kaynaklanan Nakit Akışları -63.050.464 -60.467.599 ‖ 2025/09 INDIRILMEDI,,BELGE_YOK,— | 0.000 | —,2025/09 INDIRILMEDI ‖ KAP 1396789 2024/12 cari ‖ 2025/09 INDIRILMEDI,,BELGE_YOK,— | 0.000 | —,2025/09 INDIRILMEDI ‖ KAP 1396789 2024/12 cari ‖ 2025/09 INDIRILMEDI,BELGE_YOK
GMTAS,Standart,2026/03,,BELGE_YOK,— | — | —,2026/03 INDIRILMEDI ‖ 2025/12 INDIRILMEDI ‖ 2026/03 INDIRILMEDI,,BELGE_YOK,— | — | —,2026/03 INDIRILMEDI ‖ 2025/12 INDIRILMEDI ‖ 2026/03 INDIRILMEDI,,BELGE_YOK,— | — | —,2026/03 INDIRILMEDI ‖ 2025/12 INDIRILMEDI ‖ 2026/03 INDIRILMEDI,,BELGE_YOK,— | — | —,2026/03 INDIRILMEDI ‖ 2025/12 INDIRILMEDI ‖ 2026/03 INDIRILMEDI,BELGE_YOK
GMTAS,Standart,2026/06,,BELGE_YOK,— | — | —,2026/06 INDIRILMEDI ‖ 2025/12 INDIRILMEDI ‖ 2026/06 INDIRILMEDI,,BELGE_YOK,— | — | —,2026/06 INDIRILMEDI ‖ 2025/12 INDIRILMEDI ‖ 2026/06 INDIRILMEDI,,BELGE_YOK,— | — | —,2026/06 INDIRILMEDI ‖ 2025/12 INDIRILMEDI ‖ 2026/06 INDIRILMEDI,,BELGE_YOK,— | — | —,2026/06 INDIRILMEDI ‖ 2025/12 INDIRILMEDI ‖ 2026/06 INDIRILMEDI,BELGE_YOK
GOKNR,Standart,2025/03,,BELGE_YOK,— | 915.782 | —,2025/03 INDIRILMEDI ‖ KAP 1405308 2024/12 cari · PDF s.6 (TL): İşletme faaliyetlerden kaynaklanan nakit akışları 915.782.425 2.389.586.588 ‖ 2025/03 INDIRILMEDI,,BELGE_YOK,— | -347.843 | —,"2025/03 INDIRILMEDI ‖ KAP 1405308 2024/12 cari · PDF s.6 (TL): nakit çıkışları 13,14 (347.843.245) (278.662.052) ‖ 2025/03 INDIRILMEDI",,BELGE_YOK,— | 0.000 | —,2025/03 INDIRILMEDI ‖ KAP 1405308 2024/12 cari ‖ 2025/03 INDIRILMEDI,,BELGE_YOK,— | 0.000 | —,2025/03 INDIRILMEDI ‖ KAP 1405308 2024/12 cari ‖ 2025/03 INDIRILMEDI,BELGE_YOK
GOLDA,Standart,2025/03,,BELGE_YOK,— | — | —,2025/03 raporu KAP’ta yok ‖ 2024/12 raporu KAP’ta yok ‖ 2025/03 raporu KAP’ta yok,,BELGE_YOK,— | — | —,2025/03 raporu KAP’ta yok ‖ 2024/12 raporu KAP’ta yok ‖ 2025/03 raporu KAP’ta yok,,BELGE_YOK,— | — | —,2025/03 raporu KAP’ta yok ‖ 2024/12 raporu KAP’ta yok ‖ 2025/03 raporu KAP’ta yok,,BELGE_YOK,— | — | —,2025/03 raporu KAP’ta yok ‖ 2024/12 raporu KAP’ta yok ‖ 2025/03 raporu KAP’ta yok,BELGE_YOK
GOLDA,Standart,2025/06,,BELGE_YOK,— | — | —,2025/06 raporu KAP’ta yok ‖ 2024/12 raporu KAP’ta yok ‖ 2025/06 raporu KAP’ta yok,,BELGE_YOK,— | — | —,2025/06 raporu KAP’ta yok ‖ 2024/12 raporu KAP’ta yok ‖ 2025/06 raporu KAP’ta yok,,BELGE_YOK,— | — | —,2025/06 raporu KAP’ta yok ‖ 2024/12 raporu KAP’ta yok ‖ 2025/06 raporu KAP’ta yok,,BELGE_YOK,— | — | —,2025/06 raporu KAP’ta yok ‖ 2024/12 raporu KAP’ta yok ‖ 2025/06 raporu KAP’ta yok,BELGE_YOK
GOLDA,Standart,2025/09,,BELGE_YOK,— | — | —,2025/09 raporu KAP’ta yok ‖ 2024/12 raporu KAP’ta yok ‖ 2025/09 raporu KAP’ta yok,,BELGE_YOK,— | — | —,2025/09 raporu KAP’ta yok ‖ 2024/12 raporu KAP’ta yok ‖ 2025/09 raporu KAP’ta yok,,BELGE_YOK,— | — | —,2025/09 raporu KAP’ta yok ‖ 2024/12 raporu KAP’ta yok ‖ 2025/09 raporu KAP’ta yok,,BELGE_YOK,— | — | —,2025/09 raporu KAP’ta yok ‖ 2024/12 raporu KAP’ta yok ‖ 2025/09 raporu KAP’ta yok,BELGE_YOK
GOLDA,Standart,2025/12,,BELGE_YOK,—,2025/12 raporu KAP’ta yok,,BELGE_YOK,—,2025/12 raporu KAP’ta yok,,BELGE_YOK,—,2025/12 raporu KAP’ta yok,,BELGE_YOK,—,2025/12 raporu KAP’ta yok,BELGE_YOK
GOLDA,Standart,2026/03,,BELGE_YOK,— | — | —,2026/03 raporu KAP’ta yok ‖ 2025/12 raporu KAP’ta yok ‖ 2026/03 raporu KAP’ta yok,,BELGE_YOK,— | — | —,2026/03 raporu KAP’ta yok ‖ 2025/12 raporu KAP’ta yok ‖ 2026/03 raporu KAP’ta yok,,BELGE_YOK,— | — | —,2026/03 raporu KAP’ta yok ‖ 2025/12 raporu KAP’ta yok ‖ 2026/03 raporu KAP’ta yok,,BELGE_YOK,— | — | —,2026/03 raporu KAP’ta yok ‖ 2025/12 raporu KAP’ta yok ‖ 2026/03 raporu KAP’ta yok,BELGE_YOK
GOLDA,Standart,2026/06,,BELGE_YOK,— | — | —,2026/06 INDIRILMEDI ‖ 2025/12 raporu KAP’ta yok ‖ 2026/06 INDIRILMEDI,,BELGE_YOK,— | — | —,2026/06 INDIRILMEDI ‖ 2025/12 raporu KAP’ta yok ‖ 2026/06 INDIRILMEDI,,BELGE_YOK,— | — | —,2026/06 INDIRILMEDI ‖ 2025/12 raporu KAP’ta yok ‖ 2026/06 INDIRILMEDI,,BELGE_YOK,— | — | —,2026/06 INDIRILMEDI ‖ 2025/12 raporu KAP’ta yok ‖ 2026/06 INDIRILMEDI,BELGE_YOK
GRTHO,Standart,2025/03,,BELGE_YOK,— | 70.618 | —,2025/03 INDIRILMEDI ‖ KAP 1399080 2024/12 cari · PDF_YOK ‖ 2025/03 INDIRILMEDI,,BELGE_YOK,— | -62.038 | —,2025/03 INDIRILMEDI ‖ KAP 1399080 2024/12 cari · PDF_YOK ‖ 2025/03 INDIRILMEDI,,BELGE_YOK,— | -214.623 | —,2025/03 INDIRILMEDI ‖ KAP 1399080 2024/12 cari · PDF_YOK ‖ 2025/03 INDIRILMEDI,,BELGE_YOK,— | -0.349 | —,2025/03 INDIRILMEDI ‖ KAP 1399080 2024/12 cari · PDF_YOK ‖ 2025/03 INDIRILMEDI,BELGE_YOK
GRTHO,Standart,2025/06,,BELGE_YOK,— | 70.618 | —,2025/06 INDIRILMEDI ‖ KAP 1399080 2024/12 cari · PDF_YOK ‖ 2025/06 INDIRILMEDI,,BELGE_YOK,— | -62.038 | —,2025/06 INDIRILMEDI ‖ KAP 1399080 2024/12 cari · PDF_YOK ‖ 2025/06 INDIRILMEDI,,BELGE_YOK,— | -214.623 | —,2025/06 INDIRILMEDI ‖ KAP 1399080 2024/12 cari · PDF_YOK ‖ 2025/06 INDIRILMEDI,,BELGE_YOK,— | -0.349 | —,2025/06 INDIRILMEDI ‖ KAP 1399080 2024/12 cari · PDF_YOK ‖ 2025/06 INDIRILMEDI,BELGE_YOK
GRTHO,Standart,2025/09,,BELGE_YOK,— | 70.618 | —,2025/09 INDIRILMEDI ‖ KAP 1399080 2024/12 cari · PDF_YOK ‖ 2025/09 INDIRILMEDI,,BELGE_YOK,— | -62.038 | —,2025/09 INDIRILMEDI ‖ KAP 1399080 2024/12 cari · PDF_YOK ‖ 2025/09 INDIRILMEDI,,BELGE_YOK,— | -214.623 | —,2025/09 INDIRILMEDI ‖ KAP 1399080 2024/12 cari · PDF_YOK ‖ 2025/09 INDIRILMEDI,,BELGE_YOK,— | -0.349 | —,2025/09 INDIRILMEDI ‖ KAP 1399080 2024/12 cari · PDF_YOK ‖ 2025/09 INDIRILMEDI,BELGE_YOK
GRTHO,Standart,2026/03,,BELGE_YOK,— | — | —,2026/03 INDIRILMEDI ‖ 2025/12 INDIRILMEDI ‖ 2026/03 INDIRILMEDI,,BELGE_YOK,— | — | —,2026/03 INDIRILMEDI ‖ 2025/12 INDIRILMEDI ‖ 2026/03 INDIRILMEDI,,BELGE_YOK,— | — | —,2026/03 INDIRILMEDI ‖ 2025/12 INDIRILMEDI ‖ 2026/03 INDIRILMEDI,,BELGE_YOK,— | — | —,2026/03 INDIRILMEDI ‖ 2025/12 INDIRILMEDI ‖ 2026/03 INDIRILMEDI,BELGE_YOK
GSRAY,Standart,2025/03,,BELGE_YOK,— | — | —,2025/03 INDIRILMEDI ‖ 2024/12 INDIRILMEDI ‖ 2025/03 INDIRILMEDI,,BELGE_YOK,— | — | —,2025/03 INDIRILMEDI ‖ 2024/12 INDIRILMEDI ‖ 2025/03 INDIRILMEDI,,BELGE_YOK,— | — | —,2025/03 INDIRILMEDI ‖ 2024/12 INDIRILMEDI ‖ 2025/03 INDIRILMEDI,,BELGE_YOK,— | — | —,2025/03 INDIRILMEDI ‖ 2024/12 INDIRILMEDI ‖ 2025/03 INDIRILMEDI,BELGE_YOK
GSRAY,Standart,2025/06,,BELGE_YOK,— | — | —,2025/06 INDIRILMEDI ‖ 2024/12 INDIRILMEDI ‖ 2025/06 INDIRILMEDI,,BELGE_YOK,— | — | —,2025/06 INDIRILMEDI ‖ 2024/12 INDIRILMEDI ‖ 2025/06 INDIRILMEDI,,BELGE_YOK,— | — | —,2025/06 INDIRILMEDI ‖ 2024/12 INDIRILMEDI ‖ 2025/06 INDIRILMEDI,,BELGE_YOK,— | — | —,2025/06 INDIRILMEDI ‖ 2024/12 INDIRILMEDI ‖ 2025/06 INDIRILMEDI,BELGE_YOK
GSRAY,Standart,2025/09,,BELGE_YOK,— | — | —,2025/09 INDIRILMEDI ‖ 2024/12 INDIRILMEDI ‖ 2025/09 INDIRILMEDI,,BELGE_YOK,— | — | —,2025/09 INDIRILMEDI ‖ 2024/12 INDIRILMEDI ‖ 2025/09 INDIRILMEDI,,BELGE_YOK,— | — | —,2025/09 INDIRILMEDI ‖ 2024/12 INDIRILMEDI ‖ 2025/09 INDIRILMEDI,,BELGE_YOK,— | — | —,2025/09 INDIRILMEDI ‖ 2024/12 INDIRILMEDI ‖ 2025/09 INDIRILMEDI,BELGE_YOK
GSRAY,Standart,2025/12,,BELGE_YOK,—,2025/12 INDIRILMEDI,,BELGE_YOK,—,2025/12 INDIRILMEDI,,BELGE_YOK,—,2025/12 INDIRILMEDI,,BELGE_YOK,—,2025/12 INDIRILMEDI,BELGE_YOK
GSRAY,Standart,2026/03,,BELGE_YOK,— | — | —,2026/03 raporu KAP’ta yok ‖ 2025/12 INDIRILMEDI ‖ 2026/03 raporu KAP’ta yok,,BELGE_YOK,— | — | —,2026/03 raporu KAP’ta yok ‖ 2025/12 INDIRILMEDI ‖ 2026/03 raporu KAP’ta yok,,BELGE_YOK,— | — | —,2026/03 raporu KAP’ta yok ‖ 2025/12 INDIRILMEDI ‖ 2026/03 raporu KAP’ta yok,,BELGE_YOK,— | — | —,2026/03 raporu KAP’ta yok ‖ 2025/12 INDIRILMEDI ‖ 2026/03 raporu KAP’ta yok,BELGE_YOK
GSRAY,Standart,2026/06,,BELGE_YOK,— | — | —,2026/06 raporu KAP’ta yok ‖ 2025/12 INDIRILMEDI ‖ 2026/06 raporu KAP’ta yok,,BELGE_YOK,— | — | —,2026/06 raporu KAP’ta yok ‖ 2025/12 INDIRILMEDI ‖ 2026/06 raporu KAP’ta yok,,BELGE_YOK,— | — | —,2026/06 raporu KAP’ta yok ‖ 2025/12 INDIRILMEDI ‖ 2026/06 raporu KAP’ta yok,,BELGE_YOK,— | — | —,2026/06 raporu KAP’ta yok ‖ 2025/12 INDIRILMEDI ‖ 2026/06 raporu KAP’ta yok,BELGE_YOK
GWIND,Standart,2025/06,,BELGE_YOK,— | 1493.164 | —,2025/06 INDIRILMEDI ‖ KAP 1396922 2024/12 cari · PDF s.13 (TL): A. İŞLETME FAALİYETLERİNDEN NAKİT AKIŞLARI 1.493.164.152 2.867.767.633 ‖ 2025/06 INDIRILMEDI,,BELGE_YOK,— | -2004.878 | —,2025/06 INDIRILMEDI ‖ KAP 1396922 2024/12 cari · PDF s.14 (TL): Maddi duran varlıklar alımından kaynaklanan nakit çıkışlar 8 (1.994.322.855) (1.900.017.718) + Maddi olmayan duran varlıklar alımından kaynaklanan nakit çıkışlar 9 (10.555.380) (23.604) ‖ 2025/06 INDIRILMEDI,,BELGE_YOK,— | 0.000 | —,2025/06 INDIRILMEDI ‖ KAP 1396922 2024/12 cari ‖ 2025/06 INDIRILMEDI,,BELGE_YOK,— | -21.432 | —,2025/06 INDIRILMEDI ‖ KAP 1396922 2024/12 cari · PDF s.14 (TL): ilişkin nakit çıkışları 5 (21.432.368) (10.292.556) ‖ 2025/06 INDIRILMEDI,BELGE_YOK
GWIND,Standart,2025/09,,BELGE_YOK,— | 1493.164 | —,2025/09 INDIRILMEDI ‖ KAP 1396922 2024/12 cari · PDF s.13 (TL): A. İŞLETME FAALİYETLERİNDEN NAKİT AKIŞLARI 1.493.164.152 2.867.767.633 ‖ 2025/09 INDIRILMEDI,,BELGE_YOK,— | -2004.878 | —,2025/09 INDIRILMEDI ‖ KAP 1396922 2024/12 cari · PDF s.14 (TL): Maddi duran varlıklar alımından kaynaklanan nakit çıkışlar 8 (1.994.322.855) (1.900.017.718) + Maddi olmayan duran varlıklar alımından kaynaklanan nakit çıkışlar 9 (10.555.380) (23.604) ‖ 2025/09 INDIRILMEDI,,BELGE_YOK,— | 0.000 | —,2025/09 INDIRILMEDI ‖ KAP 1396922 2024/12 cari ‖ 2025/09 INDIRILMEDI,,BELGE_YOK,— | -21.432 | —,2025/09 INDIRILMEDI ‖ KAP 1396922 2024/12 cari · PDF s.14 (TL): ilişkin nakit çıkışları 5 (21.432.368) (10.292.556) ‖ 2025/09 INDIRILMEDI,BELGE_YOK
GWIND,Standart,2026/03,,BELGE_YOK,— | — | —,2026/03 INDIRILMEDI ‖ 2025/12 INDIRILMEDI ‖ 2026/03 INDIRILMEDI,,BELGE_YOK,— | — | —,2026/03 INDIRILMEDI ‖ 2025/12 INDIRILMEDI ‖ 2026/03 INDIRILMEDI,,BELGE_YOK,— | — | —,2026/03 INDIRILMEDI ‖ 2025/12 INDIRILMEDI ‖ 2026/03 INDIRILMEDI,,BELGE_YOK,— | — | —,2026/03 INDIRILMEDI ‖ 2025/12 INDIRILMEDI ‖ 2026/03 INDIRILMEDI,BELGE_YOK
GWIND,Standart,2026/06,,BELGE_YOK,— | — | —,2026/06 INDIRILMEDI ‖ 2025/12 INDIRILMEDI ‖ 2026/06 INDIRILMEDI,,BELGE_YOK,— | — | —,2026/06 INDIRILMEDI ‖ 2025/12 INDIRILMEDI ‖ 2026/06 INDIRILMEDI,,BELGE_YOK,— | — | —,2026/06 INDIRILMEDI ‖ 2025/12 INDIRILMEDI ‖ 2026/06 INDIRILMEDI,,BELGE_YOK,— | — | —,2026/06 INDIRILMEDI ‖ 2025/12 INDIRILMEDI ‖ 2026/06 INDIRILMEDI,BELGE_YOK
HEKTS,Standart,2025/03,2130.339,TEYITLI,470.814 | 3974.957 | 2315.432,KAP 1433090 2025/03 cari · PDF s.7 (TL): İŞLETME FAALİYETLERİNDEN NAKİT AKIŞLARI 470.813.964 2.315.431.672 ‖ KAP 1404904 2024/12 cari · PDF s.14 (TL): İŞLETME FAALİYETLERİNDEN NAKİT AKIŞLARI 3.974.956.994 3.822.017.989 ‖ KAP 1433090 2025/03 onceki · PDF s.7 (TL): İŞLETME FAALİYETLERİNDEN NAKİT AKIŞLARI 470.813.964 2.315.431.672,-455.62,TEYITLI,-86.801 | -668.359 | -299.540,KAP 1433090 2025/03 cari · PDF s.7 (TL): Maddi ve Maddi Olmayan Duran Varlıkları Alımından Kaynaklanan Nakit Çıkışları (86.801.203) (299.540.405) ‖ KAP 1404904 2024/12 cari · PDF s.14 (TL): Maddi ve Maddi Olmayan Duran Varlıkları Alımından Kaynaklanan Nakit Çıkışları (668.358.973) (3.942.186.441) ‖ KAP 1433090 2025/03 onceki · PDF s.7 (TL): Maddi ve Maddi Olmayan Duran Varlıkları Alımından Kaynaklanan Nakit Çıkışları (86.801.203) (299.540.405),-52.679,TEYITLI,0.000 | -52.679 | 0.000,KAP 1433090 2025/03 cari ‖ KAP 1404904 2024/12 cari · PDF s.14 (TL): Yatırım Amaçlı Gayrimenkul Alımından Kaynaklanan Nakit Çıkışları 16 (52.679.070) - ‖ KAP 1433090 2025/03 onceki,-191.664,TEYITLI,-43.027 | -192.382 | -43.745,KAP 1433090 2025/03 cari · PDF s.7 (TL): Kira Sözleşmelerinden Kaynaklanan Borç Ödemelerine İlişkin Nakit Çıkışları 5 (43.027.056) (43.744.845) ‖ KAP 1404904 2024/12 cari · PDF s.14 (TL): Kira Sözleşmelerinden Kaynaklanan Borç Ödemelerine İlişkin Nakit Çıkışları 6 (192.381.959) (130.877.051) ‖ KAP 1433090 2025/03 onceki · PDF s.7 (TL): Kira Sözleşmelerinden Kaynaklanan Borç Ödemelerine İlişkin Nakit Çıkışları 5 (43.027.056) (43.744.845),TEYITLI
HEKTS,Standart,2025/06,,BELGE_YOK,— | 3974.957 | —,2025/06 INDIRILMEDI ‖ KAP 1404904 2024/12 cari · PDF s.14 (TL): İŞLETME FAALİYETLERİNDEN NAKİT AKIŞLARI 3.974.956.994 3.822.017.989 ‖ 2025/06 INDIRILMEDI,,BELGE_YOK,— | -668.359 | —,2025/06 INDIRILMEDI ‖ KAP 1404904 2024/12 cari · PDF s.14 (TL): Maddi ve Maddi Olmayan Duran Varlıkları Alımından Kaynaklanan Nakit Çıkışları (668.358.973) (3.942.186.441) ‖ 2025/06 INDIRILMEDI,,BELGE_YOK,— | -52.679 | —,2025/06 INDIRILMEDI ‖ KAP 1404904 2024/12 cari · PDF s.14 (TL): Yatırım Amaçlı Gayrimenkul Alımından Kaynaklanan Nakit Çıkışları 16 (52.679.070) - ‖ 2025/06 INDIRILMEDI,,BELGE_YOK,— | -192.382 | —,2025/06 INDIRILMEDI ‖ KAP 1404904 2024/12 cari · PDF s.14 (TL): Kira Sözleşmelerinden Kaynaklanan Borç Ödemelerine İlişkin Nakit Çıkışları 6 (192.381.959) (130.877.051) ‖ 2025/06 INDIRILMEDI,BELGE_YOK
HEKTS,Standart,2025/09,,BELGE_YOK,— | 3974.957 | —,2025/09 INDIRILMEDI ‖ KAP 1404904 2024/12 cari · PDF s.14 (TL): İŞLETME FAALİYETLERİNDEN NAKİT AKIŞLARI 3.974.956.994 3.822.017.989 ‖ 2025/09 INDIRILMEDI,,BELGE_YOK,— | -668.359 | —,2025/09 INDIRILMEDI ‖ KAP 1404904 2024/12 cari · PDF s.14 (TL): Maddi ve Maddi Olmayan Duran Varlıkları Alımından Kaynaklanan Nakit Çıkışları (668.358.973) (3.942.186.441) ‖ 2025/09 INDIRILMEDI,,BELGE_YOK,— | -52.679 | —,2025/09 INDIRILMEDI ‖ KAP 1404904 2024/12 cari · PDF s.14 (TL): Yatırım Amaçlı Gayrimenkul Alımından Kaynaklanan Nakit Çıkışları 16 (52.679.070) - ‖ 2025/09 INDIRILMEDI,,BELGE_YOK,— | -192.382 | —,2025/09 INDIRILMEDI ‖ KAP 1404904 2024/12 cari · PDF s.14 (TL): Kira Sözleşmelerinden Kaynaklanan Borç Ödemelerine İlişkin Nakit Çıkışları 6 (192.381.959) (130.877.051) ‖ 2025/09 INDIRILMEDI,BELGE_YOK
IHGZT,Standart,2026/06,,BELGE_YOK,— | — | —,2026/06 INDIRILMEDI ‖ 2025/12 INDIRILMEDI ‖ 2026/06 INDIRILMEDI,,BELGE_YOK,— | — | —,2026/06 INDIRILMEDI ‖ 2025/12 INDIRILMEDI ‖ 2026/06 INDIRILMEDI,,BELGE_YOK,— | — | —,2026/06 INDIRILMEDI ‖ 2025/12 INDIRILMEDI ‖ 2026/06 INDIRILMEDI,,BELGE_YOK,— | — | —,2026/06 INDIRILMEDI ‖ 2025/12 INDIRILMEDI ‖ 2026/06 INDIRILMEDI,BELGE_YOK
IHYAY,Holding,2026/06,,BELGE_YOK,— | — | —,2026/06 INDIRILMEDI ‖ 2025/12 INDIRILMEDI ‖ 2026/06 INDIRILMEDI,,BELGE_YOK,— | — | —,2026/06 INDIRILMEDI ‖ 2025/12 INDIRILMEDI ‖ 2026/06 INDIRILMEDI,,BELGE_YOK,— | — | —,2026/06 INDIRILMEDI ‖ 2025/12 INDIRILMEDI ‖ 2026/06 INDIRILMEDI,,BELGE_YOK,— | — | —,2026/06 INDIRILMEDI ‖ 2025/12 INDIRILMEDI ‖ 2026/06 INDIRILMEDI,BELGE_YOK
INTEK,Standart,2025/03,,BELGE_YOK,— | 223.474 | —,2025/03 raporu KAP’ta yok ‖ KAP 1404977 2024/12 cari · PDF s.13 (TL): A. İŞLETME FAALİYETLERDEN NAKİT AKIŞLARI 223.473.888 12.554.304 ‖ 2025/03 raporu KAP’ta yok,,BELGE_YOK,— | -93.370 | —,2025/03 raporu KAP’ta yok ‖ KAP 1404977 2024/12 cari · PDF s.13 (TL): (93.369.641) (219.427) ‖ 2025/03 raporu KAP’ta yok,,BELGE_YOK,— | 0.000 | —,2025/03 raporu KAP’ta yok ‖ KAP 1404977 2024/12 cari ‖ 2025/03 raporu KAP’ta yok,,BELGE_YOK,— | 0.000 | —,2025/03 raporu KAP’ta yok ‖ KAP 1404977 2024/12 cari ‖ 2025/03 raporu KAP’ta yok,BELGE_YOK
INTEK,Standart,2025/06,,BELGE_YOK,— | 223.474 | —,2025/06 INDIRILMEDI ‖ KAP 1404977 2024/12 cari · PDF s.13 (TL): A. İŞLETME FAALİYETLERDEN NAKİT AKIŞLARI 223.473.888 12.554.304 ‖ 2025/06 INDIRILMEDI,,BELGE_YOK,— | -93.370 | —,2025/06 INDIRILMEDI ‖ KAP 1404977 2024/12 cari · PDF s.13 (TL): (93.369.641) (219.427) ‖ 2025/06 INDIRILMEDI,,BELGE_YOK,— | 0.000 | —,2025/06 INDIRILMEDI ‖ KAP 1404977 2024/12 cari ‖ 2025/06 INDIRILMEDI,,BELGE_YOK,— | 0.000 | —,2025/06 INDIRILMEDI ‖ KAP 1404977 2024/12 cari ‖ 2025/06 INDIRILMEDI,BELGE_YOK
INTEK,Standart,2025/09,,BELGE_YOK,— | 223.474 | —,2025/09 raporu KAP’ta yok ‖ KAP 1404977 2024/12 cari · PDF s.13 (TL): A. İŞLETME FAALİYETLERDEN NAKİT AKIŞLARI 223.473.888 12.554.304 ‖ 2025/09 raporu KAP’ta yok,,BELGE_YOK,— | -93.370 | —,2025/09 raporu KAP’ta yok ‖ KAP 1404977 2024/12 cari · PDF s.13 (TL): (93.369.641) (219.427) ‖ 2025/09 raporu KAP’ta yok,,BELGE_YOK,— | 0.000 | —,2025/09 raporu KAP’ta yok ‖ KAP 1404977 2024/12 cari ‖ 2025/09 raporu KAP’ta yok,,BELGE_YOK,— | 0.000 | —,2025/09 raporu KAP’ta yok ‖ KAP 1404977 2024/12 cari ‖ 2025/09 raporu KAP’ta yok,BELGE_YOK
INTEK,Standart,2026/03,,BELGE_YOK,— | — | —,2026/03 raporu KAP’ta yok ‖ 2025/12 INDIRILMEDI ‖ 2026/03 raporu KAP’ta yok,,BELGE_YOK,— | — | —,2026/03 raporu KAP’ta yok ‖ 2025/12 INDIRILMEDI ‖ 2026/03 raporu KAP’ta yok,,BELGE_YOK,— | — | —,2026/03 raporu KAP’ta yok ‖ 2025/12 INDIRILMEDI ‖ 2026/03 raporu KAP’ta yok,,BELGE_YOK,— | — | —,2026/03 raporu KAP’ta yok ‖ 2025/12 INDIRILMEDI ‖ 2026/03 raporu KAP’ta yok,BELGE_YOK
INTEK,Standart,2026/06,,BELGE_YOK,— | — | —,2026/06 INDIRILMEDI ‖ 2025/12 INDIRILMEDI ‖ 2026/06 INDIRILMEDI,,BELGE_YOK,— | — | —,2026/06 INDIRILMEDI ‖ 2025/12 INDIRILMEDI ‖ 2026/06 INDIRILMEDI,,BELGE_YOK,— | — | —,2026/06 INDIRILMEDI ‖ 2025/12 INDIRILMEDI ‖ 2026/06 INDIRILMEDI,,BELGE_YOK,— | — | —,2026/06 INDIRILMEDI ‖ 2025/12 INDIRILMEDI ‖ 2026/06 INDIRILMEDI,BELGE_YOK
INTET,Standart,2025/03,,BELGE_YOK,— | — | —,2025/03 raporu KAP’ta yok ‖ 2024/12 raporu KAP’ta yok ‖ 2025/03 raporu KAP’ta yok,,BELGE_YOK,— | — | —,2025/03 raporu KAP’ta yok ‖ 2024/12 raporu KAP’ta yok ‖ 2025/03 raporu KAP’ta yok,,BELGE_YOK,— | — | —,2025/03 raporu KAP’ta yok ‖ 2024/12 raporu KAP’ta yok ‖ 2025/03 raporu KAP’ta yok,,BELGE_YOK,— | — | —,2025/03 raporu KAP’ta yok ‖ 2024/12 raporu KAP’ta yok ‖ 2025/03 raporu KAP’ta yok,BELGE_YOK
INTET,Standart,2025/06,,BELGE_YOK,— | — | —,2025/06 raporu KAP’ta yok ‖ 2024/12 raporu KAP’ta yok ‖ 2025/06 raporu KAP’ta yok,,BELGE_YOK,— | — | —,2025/06 raporu KAP’ta yok ‖ 2024/12 raporu KAP’ta yok ‖ 2025/06 raporu KAP’ta yok,,BELGE_YOK,— | — | —,2025/06 raporu KAP’ta yok ‖ 2024/12 raporu KAP’ta yok ‖ 2025/06 raporu KAP’ta yok,,BELGE_YOK,— | — | —,2025/06 raporu KAP’ta yok ‖ 2024/12 raporu KAP’ta yok ‖ 2025/06 raporu KAP’ta yok,BELGE_YOK
INTET,Standart,2025/09,,BELGE_YOK,— | — | —,2025/09 raporu KAP’ta yok ‖ 2024/12 raporu KAP’ta yok ‖ 2025/09 raporu KAP’ta yok,,BELGE_YOK,— | — | —,2025/09 raporu KAP’ta yok ‖ 2024/12 raporu KAP’ta yok ‖ 2025/09 raporu KAP’ta yok,,BELGE_YOK,— | — | —,2025/09 raporu KAP’ta yok ‖ 2024/12 raporu KAP’ta yok ‖ 2025/09 raporu KAP’ta yok,,BELGE_YOK,— | — | —,2025/09 raporu KAP’ta yok ‖ 2024/12 raporu KAP’ta yok ‖ 2025/09 raporu KAP’ta yok,BELGE_YOK
INTET,Standart,2026/03,,BELGE_YOK,— | — | —,2026/03 raporu KAP’ta yok ‖ 2025/12 raporu KAP’ta yok ‖ 2026/03 raporu KAP’ta yok,,BELGE_YOK,— | — | —,2026/03 raporu KAP’ta yok ‖ 2025/12 raporu KAP’ta yok ‖ 2026/03 raporu KAP’ta yok,,BELGE_YOK,— | — | —,2026/03 raporu KAP’ta yok ‖ 2025/12 raporu KAP’ta yok ‖ 2026/03 raporu KAP’ta yok,,BELGE_YOK,— | — | —,2026/03 raporu KAP’ta yok ‖ 2025/12 raporu KAP’ta yok ‖ 2026/03 raporu KAP’ta yok,BELGE_YOK
INTET,Standart,2026/06,,BELGE_YOK,— | — | —,2026/06 raporu KAP’ta yok ‖ 2025/12 raporu KAP’ta yok ‖ 2026/06 raporu KAP’ta yok,,BELGE_YOK,— | — | —,2026/06 raporu KAP’ta yok ‖ 2025/12 raporu KAP’ta yok ‖ 2026/06 raporu KAP’ta yok,,BELGE_YOK,— | — | —,2026/06 raporu KAP’ta yok ‖ 2025/12 raporu KAP’ta yok ‖ 2026/06 raporu KAP’ta yok,,BELGE_YOK,— | — | —,2026/06 raporu KAP’ta yok ‖ 2025/12 raporu KAP’ta yok ‖ 2026/06 raporu KAP’ta yok,BELGE_YOK
INVES,Holding,2025/03,-4641.1,TEYITLI,-3935.566 | -254.790 | 450.744,KAP 1432231 2025/03 cari · PDF s.7 (TL): (3.935.566.305) 450.743.923 ‖ KAP 1396818 2024/12 cari · PDF s.12 (TL): (254.789.954) (546.030.444) ‖ KAP 1432231 2025/03 onceki · PDF s.7 (TL): (3.935.566.305) 450.743.923,-0.124,TEYITLI,-0.037 | -0.144 | -0.056,KAP 1432231 2025/03 cari · PDF s.7 (TL): kaynaklanan nakit çıkışları (36.502) (56.451) ‖ KAP 1396818 2024/12 cari · PDF s.12 (TL): kaynaklanan nakit çıkışları (144.438) (30.464) ‖ KAP 1432231 2025/03 onceki · PDF s.7 (TL): kaynaklanan nakit çıkışları (36.502) (56.451),0.0,TEYITLI,0.000 | 0.000 | 0.000,KAP 1432231 2025/03 cari ‖ KAP 1396818 2024/12 cari ‖ KAP 1432231 2025/03 onceki,0.0,TEYITLI,0.000 | 0.000 | 0.000,KAP 1432231 2025/03 cari ‖ KAP 1396818 2024/12 cari ‖ KAP 1432231 2025/03 onceki,TEYITLI
INVES,Holding,2025/06,,BELGE_YOK,— | -254.790 | —,2025/06 INDIRILMEDI ‖ KAP 1396818 2024/12 cari · PDF s.12 (TL): (254.789.954) (546.030.444) ‖ 2025/06 INDIRILMEDI,,BELGE_YOK,— | -0.144 | —,2025/06 INDIRILMEDI ‖ KAP 1396818 2024/12 cari · PDF s.12 (TL): kaynaklanan nakit çıkışları (144.438) (30.464) ‖ 2025/06 INDIRILMEDI,,BELGE_YOK,— | 0.000 | —,2025/06 INDIRILMEDI ‖ KAP 1396818 2024/12 cari ‖ 2025/06 INDIRILMEDI,,BELGE_YOK,— | 0.000 | —,2025/06 INDIRILMEDI ‖ KAP 1396818 2024/12 cari ‖ 2025/06 INDIRILMEDI,BELGE_YOK
INVES,Holding,2025/09,,BELGE_YOK,— | -254.790 | —,2025/09 INDIRILMEDI ‖ KAP 1396818 2024/12 cari · PDF s.12 (TL): (254.789.954) (546.030.444) ‖ 2025/09 INDIRILMEDI,,BELGE_YOK,— | -0.144 | —,2025/09 INDIRILMEDI ‖ KAP 1396818 2024/12 cari · PDF s.12 (TL): kaynaklanan nakit çıkışları (144.438) (30.464) ‖ 2025/09 INDIRILMEDI,,BELGE_YOK,— | 0.000 | —,2025/09 INDIRILMEDI ‖ KAP 1396818 2024/12 cari ‖ 2025/09 INDIRILMEDI,,BELGE_YOK,— | 0.000 | —,2025/09 INDIRILMEDI ‖ KAP 1396818 2024/12 cari ‖ 2025/09 INDIRILMEDI,BELGE_YOK
INVES,Holding,2026/03,,BELGE_YOK,— | — | —,2026/03 INDIRILMEDI ‖ 2025/12 INDIRILMEDI ‖ 2026/03 INDIRILMEDI,,BELGE_YOK,— | — | —,2026/03 INDIRILMEDI ‖ 2025/12 INDIRILMEDI ‖ 2026/03 INDIRILMEDI,,BELGE_YOK,— | — | —,2026/03 INDIRILMEDI ‖ 2025/12 INDIRILMEDI ‖ 2026/03 INDIRILMEDI,,BELGE_YOK,— | — | —,2026/03 INDIRILMEDI ‖ 2025/12 INDIRILMEDI ‖ 2026/03 INDIRILMEDI,BELGE_YOK
INVES,Holding,2026/06,,BELGE_YOK,— | — | —,2026/06 INDIRILMEDI ‖ 2025/12 INDIRILMEDI ‖ 2026/06 INDIRILMEDI,,BELGE_YOK,— | — | —,2026/06 INDIRILMEDI ‖ 2025/12 INDIRILMEDI ‖ 2026/06 INDIRILMEDI,,BELGE_YOK,— | — | —,2026/06 INDIRILMEDI ‖ 2025/12 INDIRILMEDI ‖ 2026/06 INDIRILMEDI,,BELGE_YOK,— | — | —,2026/06 INDIRILMEDI ‖ 2025/12 INDIRILMEDI ‖ 2026/06 INDIRILMEDI,BELGE_YOK
IPEKE,Standart,2025/03,,BELGE_YOK,— | — | —,2025/03 raporu KAP’ta yok ‖ 2024/12 raporu KAP’ta yok ‖ 2025/03 raporu KAP’ta yok,,BELGE_YOK,— | — | —,2025/03 raporu KAP’ta yok ‖ 2024/12 raporu KAP’ta yok ‖ 2025/03 raporu KAP’ta yok,,BELGE_YOK,— | — | —,2025/03 raporu KAP’ta yok ‖ 2024/12 raporu KAP’ta yok ‖ 2025/03 raporu KAP’ta yok,,BELGE_YOK,— | — | —,2025/03 raporu KAP’ta yok ‖ 2024/12 raporu KAP’ta yok ‖ 2025/03 raporu KAP’ta yok,BELGE_YOK
IPEKE,Standart,2025/06,,BELGE_YOK,— | — | —,2025/06 raporu KAP’ta yok ‖ 2024/12 raporu KAP’ta yok ‖ 2025/06 raporu KAP’ta yok,,BELGE_YOK,— | — | —,2025/06 raporu KAP’ta yok ‖ 2024/12 raporu KAP’ta yok ‖ 2025/06 raporu KAP’ta yok,,BELGE_YOK,— | — | —,2025/06 raporu KAP’ta yok ‖ 2024/12 raporu KAP’ta yok ‖ 2025/06 raporu KAP’ta yok,,BELGE_YOK,— | — | —,2025/06 raporu KAP’ta yok ‖ 2024/12 raporu KAP’ta yok ‖ 2025/06 raporu KAP’ta yok,BELGE_YOK
IPEKE,Standart,2025/09,,BELGE_YOK,— | — | —,2025/09 raporu KAP’ta yok ‖ 2024/12 raporu KAP’ta yok ‖ 2025/09 raporu KAP’ta yok,,BELGE_YOK,— | — | —,2025/09 raporu KAP’ta yok ‖ 2024/12 raporu KAP’ta yok ‖ 2025/09 raporu KAP’ta yok,,BELGE_YOK,— | — | —,2025/09 raporu KAP’ta yok ‖ 2024/12 raporu KAP’ta yok ‖ 2025/09 raporu KAP’ta yok,,BELGE_YOK,— | — | —,2025/09 raporu KAP’ta yok ‖ 2024/12 raporu KAP’ta yok ‖ 2025/09 raporu KAP’ta yok,BELGE_YOK
IPEKE,Standart,2025/12,,BELGE_YOK,—,2025/12 raporu KAP’ta yok,,BELGE_YOK,—,2025/12 raporu KAP’ta yok,,BELGE_YOK,—,2025/12 raporu KAP’ta yok,,BELGE_YOK,—,2025/12 raporu KAP’ta yok,BELGE_YOK
IPEKE,Standart,2026/03,,BELGE_YOK,— | — | —,2026/03 raporu KAP’ta yok ‖ 2025/12 raporu KAP’ta yok ‖ 2026/03 raporu KAP’ta yok,,BELGE_YOK,— | — | —,2026/03 raporu KAP’ta yok ‖ 2025/12 raporu KAP’ta yok ‖ 2026/03 raporu KAP’ta yok,,BELGE_YOK,— | — | —,2026/03 raporu KAP’ta yok ‖ 2025/12 raporu KAP’ta yok ‖ 2026/03 raporu KAP’ta yok,,BELGE_YOK,— | — | —,2026/03 raporu KAP’ta yok ‖ 2025/12 raporu KAP’ta yok ‖ 2026/03 raporu KAP’ta yok,BELGE_YOK
IPEKE,Standart,2026/06,,BELGE_YOK,— | — | —,2026/06 raporu KAP’ta yok ‖ 2025/12 raporu KAP’ta yok ‖ 2026/06 raporu KAP’ta yok,,BELGE_YOK,— | — | —,2026/06 raporu KAP’ta yok ‖ 2025/12 raporu KAP’ta yok ‖ 2026/06 raporu KAP’ta yok,,BELGE_YOK,— | — | —,2026/06 raporu KAP’ta yok ‖ 2025/12 raporu KAP’ta yok ‖ 2026/06 raporu KAP’ta yok,,BELGE_YOK,— | — | —,2026/06 raporu KAP’ta yok ‖ 2025/12 raporu KAP’ta yok ‖ 2026/06 raporu KAP’ta yok,BELGE_YOK
ISBIR,Holding,2025/03,,BELGE_YOK,— | 850.571 | —,"2025/03 raporu KAP’ta yok ‖ KAP 1404332 2024/12 cari · PDF s.14 (TL): A. İşletme faaliyetlerinden nakit akışları, net 850.571.452 1.405.048.692 ‖ 2025/03 raporu KAP’ta yok",,BELGE_YOK,— | -455.283 | —,2025/03 raporu KAP’ta yok ‖ KAP 1404332 2024/12 cari · PDF s.14 (TL): Maddi ve maddi olmayan duran varlıkların alımından kaynaklanan nakit çıkışları (455.283.160) (217.999.289) ‖ 2025/03 raporu KAP’ta yok,,BELGE_YOK,— | -17.119 | —,2025/03 raporu KAP’ta yok ‖ KAP 1404332 2024/12 cari · PDF s.14 (TL): Yatırım amaçlı gayrimenkul alımları (17.119.473) - ‖ 2025/03 raporu KAP’ta yok,,BELGE_YOK,— | — | —,"2025/03 raporu KAP’ta yok ‖ KAP 1404332 2024/12 cari · PDF’te XBRL dışı satır: Finansal kiralama sözleşmelerinden kaynaklanan nakit girişleri, net (117.471.897) (181.120.310) ‖ 2025/03 raporu KAP’ta yok",BELGE_YOK
ISBIR,Holding,2025/06,,BELGE_YOK,— | 850.571 | —,"2025/06 INDIRILMEDI ‖ KAP 1404332 2024/12 cari · PDF s.14 (TL): A. İşletme faaliyetlerinden nakit akışları, net 850.571.452 1.405.048.692 ‖ 2025/06 INDIRILMEDI",,BELGE_YOK,— | -455.283 | —,2025/06 INDIRILMEDI ‖ KAP 1404332 2024/12 cari · PDF s.14 (TL): Maddi ve maddi olmayan duran varlıkların alımından kaynaklanan nakit çıkışları (455.283.160) (217.999.289) ‖ 2025/06 INDIRILMEDI,,BELGE_YOK,— | -17.119 | —,2025/06 INDIRILMEDI ‖ KAP 1404332 2024/12 cari · PDF s.14 (TL): Yatırım amaçlı gayrimenkul alımları (17.119.473) - ‖ 2025/06 INDIRILMEDI,,BELGE_YOK,— | — | —,"2025/06 INDIRILMEDI ‖ KAP 1404332 2024/12 cari · PDF’te XBRL dışı satır: Finansal kiralama sözleşmelerinden kaynaklanan nakit girişleri, net (117.471.897) (181.120.310) ‖ 2025/06 INDIRILMEDI",BELGE_YOK
ISBIR,Holding,2025/09,,BELGE_YOK,— | 850.571 | —,"2025/09 raporu KAP’ta yok ‖ KAP 1404332 2024/12 cari · PDF s.14 (TL): A. İşletme faaliyetlerinden nakit akışları, net 850.571.452 1.405.048.692 ‖ 2025/09 raporu KAP’ta yok",,BELGE_YOK,— | -455.283 | —,2025/09 raporu KAP’ta yok ‖ KAP 1404332 2024/12 cari · PDF s.14 (TL): Maddi ve maddi olmayan duran varlıkların alımından kaynaklanan nakit çıkışları (455.283.160) (217.999.289) ‖ 2025/09 raporu KAP’ta yok,,BELGE_YOK,— | -17.119 | —,2025/09 raporu KAP’ta yok ‖ KAP 1404332 2024/12 cari · PDF s.14 (TL): Yatırım amaçlı gayrimenkul alımları (17.119.473) - ‖ 2025/09 raporu KAP’ta yok,,BELGE_YOK,— | — | —,"2025/09 raporu KAP’ta yok ‖ KAP 1404332 2024/12 cari · PDF’te XBRL dışı satır: Finansal kiralama sözleşmelerinden kaynaklanan nakit girişleri, net (117.471.897) (181.120.310) ‖ 2025/09 raporu KAP’ta yok",BELGE_YOK
ISBIR,Holding,2026/03,,BELGE_YOK,— | — | —,2026/03 raporu KAP’ta yok ‖ 2025/12 INDIRILMEDI ‖ 2026/03 raporu KAP’ta yok,,BELGE_YOK,— | — | —,2026/03 raporu KAP’ta yok ‖ 2025/12 INDIRILMEDI ‖ 2026/03 raporu KAP’ta yok,,BELGE_YOK,— | — | —,2026/03 raporu KAP’ta yok ‖ 2025/12 INDIRILMEDI ‖ 2026/03 raporu KAP’ta yok,,BELGE_YOK,— | — | —,2026/03 raporu KAP’ta yok ‖ 2025/12 INDIRILMEDI ‖ 2026/03 raporu KAP’ta yok,BELGE_YOK
ISBIR,Holding,2026/06,,BELGE_YOK,— | — | —,2026/06 INDIRILMEDI ‖ 2025/12 INDIRILMEDI ‖ 2026/06 INDIRILMEDI,,BELGE_YOK,— | — | —,2026/06 INDIRILMEDI ‖ 2025/12 INDIRILMEDI ‖ 2026/06 INDIRILMEDI,,BELGE_YOK,— | — | —,2026/06 INDIRILMEDI ‖ 2025/12 INDIRILMEDI ‖ 2026/06 INDIRILMEDI,,BELGE_YOK,— | — | —,2026/06 INDIRILMEDI ‖ 2025/12 INDIRILMEDI ‖ 2026/06 INDIRILMEDI,BELGE_YOK
ISVEA,Standart,2025/03,,BELGE_YOK,— | — | —,2025/03 raporu KAP’ta yok ‖ 2024/12 raporu KAP’ta yok ‖ 2025/03 raporu KAP’ta yok,,BELGE_YOK,— | — | —,2025/03 raporu KAP’ta yok ‖ 2024/12 raporu KAP’ta yok ‖ 2025/03 raporu KAP’ta yok,,BELGE_YOK,— | — | —,2025/03 raporu KAP’ta yok ‖ 2024/12 raporu KAP’ta yok ‖ 2025/03 raporu KAP’ta yok,,BELGE_YOK,— | — | —,2025/03 raporu KAP’ta yok ‖ 2024/12 raporu KAP’ta yok ‖ 2025/03 raporu KAP’ta yok,BELGE_YOK
ISVEA,Standart,2025/06,,BELGE_YOK,— | — | —,2025/06 raporu KAP’ta yok ‖ 2024/12 raporu KAP’ta yok ‖ 2025/06 raporu KAP’ta yok,,BELGE_YOK,— | — | —,2025/06 raporu KAP’ta yok ‖ 2024/12 raporu KAP’ta yok ‖ 2025/06 raporu KAP’ta yok,,BELGE_YOK,— | — | —,2025/06 raporu KAP’ta yok ‖ 2024/12 raporu KAP’ta yok ‖ 2025/06 raporu KAP’ta yok,,BELGE_YOK,— | — | —,2025/06 raporu KAP’ta yok ‖ 2024/12 raporu KAP’ta yok ‖ 2025/06 raporu KAP’ta yok,BELGE_YOK
ISVEA,Standart,2025/09,,BELGE_YOK,— | — | —,2025/09 raporu KAP’ta yok ‖ 2024/12 raporu KAP’ta yok ‖ 2025/09 raporu KAP’ta yok,,BELGE_YOK,— | — | —,2025/09 raporu KAP’ta yok ‖ 2024/12 raporu KAP’ta yok ‖ 2025/09 raporu KAP’ta yok,,BELGE_YOK,— | — | —,2025/09 raporu KAP’ta yok ‖ 2024/12 raporu KAP’ta yok ‖ 2025/09 raporu KAP’ta yok,,BELGE_YOK,— | — | —,2025/09 raporu KAP’ta yok ‖ 2024/12 raporu KAP’ta yok ‖ 2025/09 raporu KAP’ta yok,BELGE_YOK
ISVEA,Standart,2025/12,,BELGE_YOK,—,2025/12 raporu KAP’ta yok,,BELGE_YOK,—,2025/12 raporu KAP’ta yok,,BELGE_YOK,—,2025/12 raporu KAP’ta yok,,BELGE_YOK,—,2025/12 raporu KAP’ta yok,BELGE_YOK
ISVEA,Standart,2026/03,,BELGE_YOK,— | — | —,2026/03 raporu KAP’ta yok ‖ 2025/12 raporu KAP’ta yok ‖ 2026/03 raporu KAP’ta yok,,BELGE_YOK,— | — | —,2026/03 raporu KAP’ta yok ‖ 2025/12 raporu KAP’ta yok ‖ 2026/03 raporu KAP’ta yok,,BELGE_YOK,— | — | —,2026/03 raporu KAP’ta yok ‖ 2025/12 raporu KAP’ta yok ‖ 2026/03 raporu KAP’ta yok,,BELGE_YOK,— | — | —,2026/03 raporu KAP’ta yok ‖ 2025/12 raporu KAP’ta yok ‖ 2026/03 raporu KAP’ta yok,BELGE_YOK
ISVEA,Standart,2026/06,,BELGE_YOK,— | — | —,2026/06 INDIRILMEDI ‖ 2025/12 raporu KAP’ta yok ‖ 2026/06 INDIRILMEDI,,BELGE_YOK,— | — | —,2026/06 INDIRILMEDI ‖ 2025/12 raporu KAP’ta yok ‖ 2026/06 INDIRILMEDI,,BELGE_YOK,— | — | —,2026/06 INDIRILMEDI ‖ 2025/12 raporu KAP’ta yok ‖ 2026/06 INDIRILMEDI,,BELGE_YOK,— | — | —,2026/06 INDIRILMEDI ‖ 2025/12 raporu KAP’ta yok ‖ 2026/06 INDIRILMEDI,BELGE_YOK
IZMDC,Standart,2025/09,,BELGE_YOK,— | -1866.933 | —,2025/09 INDIRILMEDI ‖ KAP 1405042 2024/12 cari · PDF s.12 (TL): A. İŞLETME FAALİYETLERİNDEN NAKİT AKIŞLARI (1.866.932.689) (84.417.281) ‖ 2025/09 INDIRILMEDI,,BELGE_YOK,— | -1346.315 | —,2025/09 INDIRILMEDI ‖ KAP 1405042 2024/12 cari · PDF s.12 (TL): Duran varlıkların alımından kaynaklanan nakit çıkışları (1.346.315.056) (4.851.783.692) ‖ 2025/09 INDIRILMEDI,,BELGE_YOK,— | — | —,2025/09 INDIRILMEDI ‖ KAP 1405042 2024/12 cari · PDF’te XBRL dışı satır: Yatırım Amaçlı Gayrimenkul Satımından Kaynaklanan Nakit Girişleri 671.193.206 - ‖ 2025/09 INDIRILMEDI,,BELGE_YOK,— | -54.608 | —,2025/09 INDIRILMEDI ‖ KAP 1405042 2024/12 cari · PDF s.12 (TL): Kiralama sözleşmelerinden kaynaklanan borç ödemelerine ilişkin nakit çıkışları (54.608.159) (56.273.438) ‖ 2025/09 INDIRILMEDI,BELGE_YOK
KARCL,Standart,2025/03,,BELGE_YOK,— | — | —,2025/03 raporu KAP’ta yok ‖ 2024/12 raporu KAP’ta yok ‖ 2025/03 raporu KAP’ta yok,,BELGE_YOK,— | — | —,2025/03 raporu KAP’ta yok ‖ 2024/12 raporu KAP’ta yok ‖ 2025/03 raporu KAP’ta yok,,BELGE_YOK,— | — | —,2025/03 raporu KAP’ta yok ‖ 2024/12 raporu KAP’ta yok ‖ 2025/03 raporu KAP’ta yok,,BELGE_YOK,— | — | —,2025/03 raporu KAP’ta yok ‖ 2024/12 raporu KAP’ta yok ‖ 2025/03 raporu KAP’ta yok,BELGE_YOK
KARCL,Standart,2025/06,,BELGE_YOK,— | — | —,2025/06 raporu KAP’ta yok ‖ 2024/12 raporu KAP’ta yok ‖ 2025/06 raporu KAP’ta yok,,BELGE_YOK,— | — | —,2025/06 raporu KAP’ta yok ‖ 2024/12 raporu KAP’ta yok ‖ 2025/06 raporu KAP’ta yok,,BELGE_YOK,— | — | —,2025/06 raporu KAP’ta yok ‖ 2024/12 raporu KAP’ta yok ‖ 2025/06 raporu KAP’ta yok,,BELGE_YOK,— | — | —,2025/06 raporu KAP’ta yok ‖ 2024/12 raporu KAP’ta yok ‖ 2025/06 raporu KAP’ta yok,BELGE_YOK
KARCL,Standart,2025/09,,BELGE_YOK,— | — | —,2025/09 raporu KAP’ta yok ‖ 2024/12 raporu KAP’ta yok ‖ 2025/09 raporu KAP’ta yok,,BELGE_YOK,— | — | —,2025/09 raporu KAP’ta yok ‖ 2024/12 raporu KAP’ta yok ‖ 2025/09 raporu KAP’ta yok,,BELGE_YOK,— | — | —,2025/09 raporu KAP’ta yok ‖ 2024/12 raporu KAP’ta yok ‖ 2025/09 raporu KAP’ta yok,,BELGE_YOK,— | — | —,2025/09 raporu KAP’ta yok ‖ 2024/12 raporu KAP’ta yok ‖ 2025/09 raporu KAP’ta yok,BELGE_YOK
KARSN,Standart,2025/06,,BELGE_YOK,— | 0.546 | —,2025/06 INDIRILMEDI ‖ KAP 1405353 2024/12 cari · PDF s.17 (TL): İşletme faaliyetlerinden kaynaklanan net nakit akışı (+/-) 546.438 3.061.125 ‖ 2025/06 INDIRILMEDI,,BELGE_YOK,— | -0.964 | —,2025/06 INDIRILMEDI ‖ KAP 1405353 2024/12 cari · PDF s.18 (TL): nakit çıkışları* (964.167) (290.135) ‖ 2025/06 INDIRILMEDI,,BELGE_YOK,— | 0.000 | —,2025/06 INDIRILMEDI ‖ KAP 1405353 2024/12 cari ‖ 2025/06 INDIRILMEDI,,BELGE_YOK,— | -0.054 | —,2025/06 INDIRILMEDI ‖ KAP 1405353 2024/12 cari · PDF s.18 (TL): çıkışları 19 (54.328) (41.385) ‖ 2025/06 INDIRILMEDI,BELGE_YOK
KARSN,Standart,2025/09,,BELGE_YOK,— | 0.546 | —,2025/09 INDIRILMEDI ‖ KAP 1405353 2024/12 cari · PDF s.17 (TL): İşletme faaliyetlerinden kaynaklanan net nakit akışı (+/-) 546.438 3.061.125 ‖ 2025/09 INDIRILMEDI,,BELGE_YOK,— | -0.964 | —,2025/09 INDIRILMEDI ‖ KAP 1405353 2024/12 cari · PDF s.18 (TL): nakit çıkışları* (964.167) (290.135) ‖ 2025/09 INDIRILMEDI,,BELGE_YOK,— | 0.000 | —,2025/09 INDIRILMEDI ‖ KAP 1405353 2024/12 cari ‖ 2025/09 INDIRILMEDI,,BELGE_YOK,— | -0.054 | —,2025/09 INDIRILMEDI ‖ KAP 1405353 2024/12 cari · PDF s.18 (TL): çıkışları 19 (54.328) (41.385) ‖ 2025/09 INDIRILMEDI,BELGE_YOK
KARSN,Standart,2026/03,,BELGE_YOK,— | — | —,2026/03 INDIRILMEDI ‖ 2025/12 INDIRILMEDI ‖ 2026/03 INDIRILMEDI,,BELGE_YOK,— | — | —,2026/03 INDIRILMEDI ‖ 2025/12 INDIRILMEDI ‖ 2026/03 INDIRILMEDI,,BELGE_YOK,— | — | —,2026/03 INDIRILMEDI ‖ 2025/12 INDIRILMEDI ‖ 2026/03 INDIRILMEDI,,BELGE_YOK,— | — | —,2026/03 INDIRILMEDI ‖ 2025/12 INDIRILMEDI ‖ 2026/03 INDIRILMEDI,BELGE_YOK
KARSN,Standart,2026/06,,BELGE_YOK,— | — | —,2026/06 INDIRILMEDI ‖ 2025/12 INDIRILMEDI ‖ 2026/06 INDIRILMEDI,,BELGE_YOK,— | — | —,2026/06 INDIRILMEDI ‖ 2025/12 INDIRILMEDI ‖ 2026/06 INDIRILMEDI,,BELGE_YOK,— | — | —,2026/06 INDIRILMEDI ‖ 2025/12 INDIRILMEDI ‖ 2026/06 INDIRILMEDI,,BELGE_YOK,— | — | —,2026/06 INDIRILMEDI ‖ 2025/12 INDIRILMEDI ‖ 2026/06 INDIRILMEDI,BELGE_YOK
KAYSE,Standart,2025/03,,BELGE_YOK,— | — | —,2025/03 INDIRILMEDI ‖ 2024/12 INDIRILMEDI ‖ 2025/03 INDIRILMEDI,,BELGE_YOK,— | — | —,2025/03 INDIRILMEDI ‖ 2024/12 INDIRILMEDI ‖ 2025/03 INDIRILMEDI,,BELGE_YOK,— | — | —,2025/03 INDIRILMEDI ‖ 2024/12 INDIRILMEDI ‖ 2025/03 INDIRILMEDI,,BELGE_YOK,— | — | —,2025/03 INDIRILMEDI ‖ 2024/12 INDIRILMEDI ‖ 2025/03 INDIRILMEDI,BELGE_YOK
KAYSE,Standart,2025/06,,BELGE_YOK,— | — | —,2025/06 INDIRILMEDI ‖ 2024/12 INDIRILMEDI ‖ 2025/06 INDIRILMEDI,,BELGE_YOK,— | — | —,2025/06 INDIRILMEDI ‖ 2024/12 INDIRILMEDI ‖ 2025/06 INDIRILMEDI,,BELGE_YOK,— | — | —,2025/06 INDIRILMEDI ‖ 2024/12 INDIRILMEDI ‖ 2025/06 INDIRILMEDI,,BELGE_YOK,— | — | —,2025/06 INDIRILMEDI ‖ 2024/12 INDIRILMEDI ‖ 2025/06 INDIRILMEDI,BELGE_YOK
KAYSE,Standart,2025/09,,BELGE_YOK,— | — | —,2025/09 INDIRILMEDI ‖ 2024/12 INDIRILMEDI ‖ 2025/09 INDIRILMEDI,,BELGE_YOK,— | — | —,2025/09 INDIRILMEDI ‖ 2024/12 INDIRILMEDI ‖ 2025/09 INDIRILMEDI,,BELGE_YOK,— | — | —,2025/09 INDIRILMEDI ‖ 2024/12 INDIRILMEDI ‖ 2025/09 INDIRILMEDI,,BELGE_YOK,— | — | —,2025/09 INDIRILMEDI ‖ 2024/12 INDIRILMEDI ‖ 2025/09 INDIRILMEDI,BELGE_YOK
KAYSE,Standart,2025/12,,BELGE_YOK,—,2025/12 INDIRILMEDI,,BELGE_YOK,—,2025/12 INDIRILMEDI,,BELGE_YOK,—,2025/12 INDIRILMEDI,,BELGE_YOK,—,2025/12 INDIRILMEDI,BELGE_YOK
KAYSE,Standart,2026/03,,BELGE_YOK,— | — | —,2026/03 INDIRILMEDI ‖ 2025/12 INDIRILMEDI ‖ 2026/03 INDIRILMEDI,,BELGE_YOK,— | — | —,2026/03 INDIRILMEDI ‖ 2025/12 INDIRILMEDI ‖ 2026/03 INDIRILMEDI,,BELGE_YOK,— | — | —,2026/03 INDIRILMEDI ‖ 2025/12 INDIRILMEDI ‖ 2026/03 INDIRILMEDI,,BELGE_YOK,— | — | —,2026/03 INDIRILMEDI ‖ 2025/12 INDIRILMEDI ‖ 2026/03 INDIRILMEDI,BELGE_YOK
KAYSE,Standart,2026/06,,BELGE_YOK,— | — | —,2026/06 raporu KAP’ta yok ‖ 2025/12 INDIRILMEDI ‖ 2026/06 raporu KAP’ta yok,,BELGE_YOK,— | — | —,2026/06 raporu KAP’ta yok ‖ 2025/12 INDIRILMEDI ‖ 2026/06 raporu KAP’ta yok,,BELGE_YOK,— | — | —,2026/06 raporu KAP’ta yok ‖ 2025/12 INDIRILMEDI ‖ 2026/06 raporu KAP’ta yok,,BELGE_YOK,— | — | —,2026/06 raporu KAP’ta yok ‖ 2025/12 INDIRILMEDI ‖ 2026/06 raporu KAP’ta yok,BELGE_YOK
KCAER,Standart,2025/03,1726.716,ELLE,824.807 | 1912.847 | 1010.938,KAP 1434382 2025/03 cari · PDF s.8 (TL): A) İŞLETME FAALİYETLERİNDEN NAKİT AKIŞLARI 824.806.602 1.010.937.791 ‖ KAP 1402609 2024/12 cari · PDF_YOK ‖ KAP 1434382 2025/03 onceki · PDF s.8 (TL): A) İŞLETME FAALİYETLERİNDEN NAKİT AKIŞLARI 824.806.602 1.010.937.791,-905.496,ELLE,-217.299 | -1339.801 | -651.604,KAP 1434382 2025/03 cari · PDF s.8 (TL): Maddi ve Maddi Olmayan Duran Varlıkların Alımından Kaynaklanan Nakit Çıkışları 18 (217.298.513) (651.603.975) ‖ KAP 1402609 2024/12 cari · PDF_YOK ‖ KAP 1434382 2025/03 onceki · PDF s.8 (TL): Maddi ve Maddi Olmayan Duran Varlıkların Alımından Kaynaklanan Nakit Çıkışları 18 (217.298.513) (651.603.975),-37.426,ELLE,0.000 | -37.426 | 0.000,KAP 1434382 2025/03 cari ‖ KAP 1402609 2024/12 cari · PDF_YOK ‖ KAP 1434382 2025/03 onceki,,ELLE,0.000 | — | 0.000,KAP 1434382 2025/03 cari ‖ KAP 1402609 2024/12 cari · PDF_YOK ‖ KAP 1434382 2025/03 onceki,ELLE
KCAER,Standart,2025/06,,BELGE_YOK,— | 1912.847 | —,2025/06 INDIRILMEDI ‖ KAP 1402609 2024/12 cari · PDF_YOK ‖ 2025/06 INDIRILMEDI,,BELGE_YOK,— | -1339.801 | —,2025/06 INDIRILMEDI ‖ KAP 1402609 2024/12 cari · PDF_YOK ‖ 2025/06 INDIRILMEDI,,BELGE_YOK,— | -37.426 | —,2025/06 INDIRILMEDI ‖ KAP 1402609 2024/12 cari · PDF_YOK ‖ 2025/06 INDIRILMEDI,,BELGE_YOK,— | — | —,2025/06 INDIRILMEDI ‖ KAP 1402609 2024/12 cari · PDF_YOK ‖ 2025/06 INDIRILMEDI,BELGE_YOK
KCAER,Standart,2025/09,,BELGE_YOK,— | 1912.847 | —,2025/09 INDIRILMEDI ‖ KAP 1402609 2024/12 cari · PDF_YOK ‖ 2025/09 INDIRILMEDI,,BELGE_YOK,— | -1339.801 | —,2025/09 INDIRILMEDI ‖ KAP 1402609 2024/12 cari · PDF_YOK ‖ 2025/09 INDIRILMEDI,,BELGE_YOK,— | -37.426 | —,2025/09 INDIRILMEDI ‖ KAP 1402609 2024/12 cari · PDF_YOK ‖ 2025/09 INDIRILMEDI,,BELGE_YOK,— | — | —,2025/09 INDIRILMEDI ‖ KAP 1402609 2024/12 cari · PDF_YOK ‖ 2025/09 INDIRILMEDI,BELGE_YOK
KCAER,Standart,2025/12,,BELGE_YOK,—,2025/12 INDIRILMEDI,,BELGE_YOK,—,2025/12 INDIRILMEDI,,BELGE_YOK,—,2025/12 INDIRILMEDI,,BELGE_YOK,—,2025/12 INDIRILMEDI,BELGE_YOK
KCAER,Standart,2026/03,,BELGE_YOK,— | — | —,2026/03 INDIRILMEDI ‖ 2025/12 INDIRILMEDI ‖ 2026/03 INDIRILMEDI,,BELGE_YOK,— | — | —,2026/03 INDIRILMEDI ‖ 2025/12 INDIRILMEDI ‖ 2026/03 INDIRILMEDI,,BELGE_YOK,— | — | —,2026/03 INDIRILMEDI ‖ 2025/12 INDIRILMEDI ‖ 2026/03 INDIRILMEDI,,BELGE_YOK,— | — | —,2026/03 INDIRILMEDI ‖ 2025/12 INDIRILMEDI ‖ 2026/03 INDIRILMEDI,BELGE_YOK
KCAER,Standart,2026/06,,BELGE_YOK,— | — | —,2026/06 INDIRILMEDI ‖ 2025/12 INDIRILMEDI ‖ 2026/06 INDIRILMEDI,,BELGE_YOK,— | — | —,2026/06 INDIRILMEDI ‖ 2025/12 INDIRILMEDI ‖ 2026/06 INDIRILMEDI,,BELGE_YOK,— | — | —,2026/06 INDIRILMEDI ‖ 2025/12 INDIRILMEDI ‖ 2026/06 INDIRILMEDI,,BELGE_YOK,— | — | —,2026/06 INDIRILMEDI ‖ 2025/12 INDIRILMEDI ‖ 2026/06 INDIRILMEDI,BELGE_YOK
KFEIN,Standart,2025/06,,BELGE_YOK,— | 51.470 | —,2025/06 INDIRILMEDI ‖ KAP 1405090 2024/12 cari · PDF s.14 (TL): A) İşletme Faaliyetlerden Nakit Akışları 51.469.536 255.594.780 ‖ 2025/06 INDIRILMEDI,,BELGE_YOK,— | -133.765 | —,2025/06 INDIRILMEDI ‖ KAP 1405090 2024/12 cari · PDF s.14 (TL): Maddi ve maddi olm. duran varlıkların alımından kaynak. nakit çıkışları 16-17 (133.765.220) (81.745.290) ‖ 2025/06 INDIRILMEDI,,BELGE_YOK,— | 0.000 | —,2025/06 INDIRILMEDI ‖ KAP 1405090 2024/12 cari ‖ 2025/06 INDIRILMEDI,,BELGE_YOK,— | -18.778 | —,2025/06 INDIRILMEDI ‖ KAP 1405090 2024/12 cari · PDF s.14 (TL): Kira sözleşmelerinden kaynaklanan ilişkin nakit çıkışları (18.777.929) (10.260.650) ‖ 2025/06 INDIRILMEDI,BELGE_YOK
KFEIN,Standart,2025/09,,BELGE_YOK,— | 51.470 | —,2025/09 INDIRILMEDI ‖ KAP 1405090 2024/12 cari · PDF s.14 (TL): A) İşletme Faaliyetlerden Nakit Akışları 51.469.536 255.594.780 ‖ 2025/09 INDIRILMEDI,,BELGE_YOK,— | -133.765 | —,2025/09 INDIRILMEDI ‖ KAP 1405090 2024/12 cari · PDF s.14 (TL): Maddi ve maddi olm. duran varlıkların alımından kaynak. nakit çıkışları 16-17 (133.765.220) (81.745.290) ‖ 2025/09 INDIRILMEDI,,BELGE_YOK,— | 0.000 | —,2025/09 INDIRILMEDI ‖ KAP 1405090 2024/12 cari ‖ 2025/09 INDIRILMEDI,,BELGE_YOK,— | -18.778 | —,2025/09 INDIRILMEDI ‖ KAP 1405090 2024/12 cari · PDF s.14 (TL): Kira sözleşmelerinden kaynaklanan ilişkin nakit çıkışları (18.777.929) (10.260.650) ‖ 2025/09 INDIRILMEDI,BELGE_YOK
KFEIN,Standart,2026/03,,BELGE_YOK,— | — | —,2026/03 INDIRILMEDI ‖ 2025/12 INDIRILMEDI ‖ 2026/03 INDIRILMEDI,,BELGE_YOK,— | — | —,2026/03 INDIRILMEDI ‖ 2025/12 INDIRILMEDI ‖ 2026/03 INDIRILMEDI,,BELGE_YOK,— | — | —,2026/03 INDIRILMEDI ‖ 2025/12 INDIRILMEDI ‖ 2026/03 INDIRILMEDI,,BELGE_YOK,— | — | —,2026/03 INDIRILMEDI ‖ 2025/12 INDIRILMEDI ‖ 2026/03 INDIRILMEDI,BELGE_YOK
KFEIN,Standart,2026/06,,BELGE_YOK,— | — | —,2026/06 INDIRILMEDI ‖ 2025/12 INDIRILMEDI ‖ 2026/06 INDIRILMEDI,,BELGE_YOK,— | — | —,2026/06 INDIRILMEDI ‖ 2025/12 INDIRILMEDI ‖ 2026/06 INDIRILMEDI,,BELGE_YOK,— | — | —,2026/06 INDIRILMEDI ‖ 2025/12 INDIRILMEDI ‖ 2026/06 INDIRILMEDI,,BELGE_YOK,— | — | —,2026/06 INDIRILMEDI ‖ 2025/12 INDIRILMEDI ‖ 2026/06 INDIRILMEDI,BELGE_YOK
KIMMR,Standart,2025/03,737.368,TEYITLI,184.704 | 674.268 | 121.604,KAP 1432323 2025/03 cari · PDF s.6 (TL): A. İŞLETME FAALİYETLERİNDEN NAKİT AKIŞLARI 184.704.018 121.604.242 ‖ KAP 1399197 2024/12 cari · PDF s.12 (TL): A. İŞLETME FAALİYETLERİNDEN NAKİT AKIŞLARI 674.268.084 675.392.716 ‖ KAP 1432323 2025/03 onceki · PDF s.6 (TL): A. İŞLETME FAALİYETLERİNDEN NAKİT AKIŞLARI 184.704.018 121.604.242,-194.802,TEYITLI,-11.987 | -205.207 | -22.392,KAP 1432323 2025/03 cari · PDF s.6 (TL): Maddi duran varlıkların alımından kaynaklanan nakit çıkışları 10 (11.986.752) (22.391.763) ‖ KAP 1399197 2024/12 cari · PDF s.12 (TL): Maddi duran varlıkların alımından kaynaklanan nakit çıkışları 12 (204.698.662) (264.014.167) + Maddi olmayan duran varlıkların alımından kaynaklanan nakit çıkışları 11 (508.174) (3.285.899) ‖ KAP 1432323 2025/03 onceki · PDF s.6 (TL): Maddi duran varlıkların alımından kaynaklanan nakit çıkışları 10 (11.986.752) (22.391.763),-210.361,TEYITLI,-164.775 | -45.586 | 0.000,KAP 1432323 2025/03 cari · PDF s.6 (TL): Yatırım amaçlı gayrimenkullerin alımından kaynaklanan nakit çıkışları 8 (164.774.789) - ‖ KAP 1399197 2024/12 cari · PDF s.12 (TL): Yatırım amaçlı gayrimenkullerin alımından kaynaklanan nakit çıkışları 10 (45.585.919) (16.251.959) ‖ KAP 1432323 2025/03 onceki,,ELLE,— | — | —,KAP 1432323 2025/03 cari · PDF’te XBRL dışı satır: Kullanım hakkı ve kiralama işlemlerindeki artış azalış (86.419.318) (90.115.541) ‖ KAP 1399197 2024/12 cari · PDF’te XBRL dışı satır: Kullanım hakkı ve kiralama işlemlerindeki artış azalış (118.723.988) (223.390.205) ‖ KAP 1432323 2025/03 onceki · PDF’te XBRL dışı satır: Kullanım hakkı ve kiralama işlemlerindeki artış azalış (86.419.318) (90.115.541),ELLE
KIMMR,Standart,2025/06,,BELGE_YOK,— | 674.268 | —,2025/06 INDIRILMEDI ‖ KAP 1399197 2024/12 cari · PDF s.12 (TL): A. İŞLETME FAALİYETLERİNDEN NAKİT AKIŞLARI 674.268.084 675.392.716 ‖ 2025/06 INDIRILMEDI,,BELGE_YOK,— | -205.207 | —,2025/06 INDIRILMEDI ‖ KAP 1399197 2024/12 cari · PDF s.12 (TL): Maddi duran varlıkların alımından kaynaklanan nakit çıkışları 12 (204.698.662) (264.014.167) + Maddi olmayan duran varlıkların alımından kaynaklanan nakit çıkışları 11 (508.174) (3.285.899) ‖ 2025/06 INDIRILMEDI,,BELGE_YOK,— | -45.586 | —,2025/06 INDIRILMEDI ‖ KAP 1399197 2024/12 cari · PDF s.12 (TL): Yatırım amaçlı gayrimenkullerin alımından kaynaklanan nakit çıkışları 10 (45.585.919) (16.251.959) ‖ 2025/06 INDIRILMEDI,,BELGE_YOK,— | — | —,2025/06 INDIRILMEDI ‖ KAP 1399197 2024/12 cari · PDF’te XBRL dışı satır: Kullanım hakkı ve kiralama işlemlerindeki artış azalış (118.723.988) (223.390.205) ‖ 2025/06 INDIRILMEDI,BELGE_YOK
KIMMR,Standart,2026/06,,BELGE_YOK,— | — | —,2026/06 INDIRILMEDI ‖ 2025/12 INDIRILMEDI ‖ 2026/06 INDIRILMEDI,,BELGE_YOK,— | — | —,2026/06 INDIRILMEDI ‖ 2025/12 INDIRILMEDI ‖ 2026/06 INDIRILMEDI,,BELGE_YOK,— | — | —,2026/06 INDIRILMEDI ‖ 2025/12 INDIRILMEDI ‖ 2026/06 INDIRILMEDI,,BELGE_YOK,— | — | —,2026/06 INDIRILMEDI ‖ 2025/12 INDIRILMEDI ‖ 2026/06 INDIRILMEDI,BELGE_YOK
KLRHO,Holding,2025/03,,BELGE_YOK,— | 0.778 | —,2025/03 INDIRILMEDI ‖ KAP 1424641 2024/12 cari · PDF_YOK ‖ 2025/03 INDIRILMEDI,,BELGE_YOK,— | -1.741 | —,2025/03 INDIRILMEDI ‖ KAP 1424641 2024/12 cari · PDF_YOK ‖ 2025/03 INDIRILMEDI,,BELGE_YOK,— | — | —,2025/03 INDIRILMEDI ‖ KAP 1424641 2024/12 cari · PDF_YOK ‖ 2025/03 INDIRILMEDI,,BELGE_YOK,— | — | —,2025/03 INDIRILMEDI ‖ KAP 1424641 2024/12 cari · PDF_YOK ‖ 2025/03 INDIRILMEDI,BELGE_YOK
KLRHO,Holding,2025/06,,BELGE_YOK,— | 0.778 | —,2025/06 INDIRILMEDI ‖ KAP 1424641 2024/12 cari · PDF_YOK ‖ 2025/06 INDIRILMEDI,,BELGE_YOK,— | -1.741 | —,2025/06 INDIRILMEDI ‖ KAP 1424641 2024/12 cari · PDF_YOK ‖ 2025/06 INDIRILMEDI,,BELGE_YOK,— | — | —,2025/06 INDIRILMEDI ‖ KAP 1424641 2024/12 cari · PDF_YOK ‖ 2025/06 INDIRILMEDI,,BELGE_YOK,— | — | —,2025/06 INDIRILMEDI ‖ KAP 1424641 2024/12 cari · PDF_YOK ‖ 2025/06 INDIRILMEDI,BELGE_YOK
KLRHO,Holding,2025/09,,BELGE_YOK,— | 0.778 | —,2025/09 INDIRILMEDI ‖ KAP 1424641 2024/12 cari · PDF_YOK ‖ 2025/09 INDIRILMEDI,,BELGE_YOK,— | -1.741 | —,2025/09 INDIRILMEDI ‖ KAP 1424641 2024/12 cari · PDF_YOK ‖ 2025/09 INDIRILMEDI,,BELGE_YOK,— | — | —,2025/09 INDIRILMEDI ‖ KAP 1424641 2024/12 cari · PDF_YOK ‖ 2025/09 INDIRILMEDI,,BELGE_YOK,— | — | —,2025/09 INDIRILMEDI ‖ KAP 1424641 2024/12 cari · PDF_YOK ‖ 2025/09 INDIRILMEDI,BELGE_YOK
KLRHO,Holding,2025/12,,BELGE_YOK,—,2025/12 INDIRILMEDI,,BELGE_YOK,—,2025/12 INDIRILMEDI,,BELGE_YOK,—,2025/12 INDIRILMEDI,,BELGE_YOK,—,2025/12 INDIRILMEDI,BELGE_YOK
KLRHO,Holding,2026/03,,BELGE_YOK,— | — | —,2026/03 INDIRILMEDI ‖ 2025/12 INDIRILMEDI ‖ 2026/03 INDIRILMEDI,,BELGE_YOK,— | — | —,2026/03 INDIRILMEDI ‖ 2025/12 INDIRILMEDI ‖ 2026/03 INDIRILMEDI,,BELGE_YOK,— | — | —,2026/03 INDIRILMEDI ‖ 2025/12 INDIRILMEDI ‖ 2026/03 INDIRILMEDI,,BELGE_YOK,— | — | —,2026/03 INDIRILMEDI ‖ 2025/12 INDIRILMEDI ‖ 2026/03 INDIRILMEDI,BELGE_YOK
KLRHO,Holding,2026/06,,BELGE_YOK,— | — | —,2026/06 INDIRILMEDI ‖ 2025/12 INDIRILMEDI ‖ 2026/06 INDIRILMEDI,,BELGE_YOK,— | — | —,2026/06 INDIRILMEDI ‖ 2025/12 INDIRILMEDI ‖ 2026/06 INDIRILMEDI,,BELGE_YOK,— | — | —,2026/06 INDIRILMEDI ‖ 2025/12 INDIRILMEDI ‖ 2026/06 INDIRILMEDI,,BELGE_YOK,— | — | —,2026/06 INDIRILMEDI ‖ 2025/12 INDIRILMEDI ‖ 2026/06 INDIRILMEDI,BELGE_YOK
KLSER,Standart,2025/03,,BELGE_YOK,— | -1929.644 | —,2025/03 INDIRILMEDI ‖ KAP 1404780 2024/12 cari · PDF s.13 (TL): İŞLETME FAALİYETLERİNDEN NAKİT AKIŞLARI (1.929.644.445) 208.394.311 ‖ 2025/03 INDIRILMEDI,,BELGE_YOK,— | -1593.467 | —,"2025/03 INDIRILMEDI ‖ KAP 1404780 2024/12 cari · PDF s.13 (TL): Maddi ve maddi olmayan duran varlıkların alımından kaynaklanan nakit çıkışları 11, 12 (1.593.466.714) (1.711.808.349) ‖ 2025/03 INDIRILMEDI",,BELGE_YOK,— | 0.000 | —,2025/03 INDIRILMEDI ‖ KAP 1404780 2024/12 cari ‖ 2025/03 INDIRILMEDI,,BELGE_YOK,— | 0.000 | —,2025/03 INDIRILMEDI ‖ KAP 1404780 2024/12 cari ‖ 2025/03 INDIRILMEDI,BELGE_YOK
KLSER,Standart,2025/06,,BELGE_YOK,— | -1929.644 | —,2025/06 INDIRILMEDI ‖ KAP 1404780 2024/12 cari · PDF s.13 (TL): İŞLETME FAALİYETLERİNDEN NAKİT AKIŞLARI (1.929.644.445) 208.394.311 ‖ 2025/06 INDIRILMEDI,,BELGE_YOK,— | -1593.467 | —,"2025/06 INDIRILMEDI ‖ KAP 1404780 2024/12 cari · PDF s.13 (TL): Maddi ve maddi olmayan duran varlıkların alımından kaynaklanan nakit çıkışları 11, 12 (1.593.466.714) (1.711.808.349) ‖ 2025/06 INDIRILMEDI",,BELGE_YOK,— | 0.000 | —,2025/06 INDIRILMEDI ‖ KAP 1404780 2024/12 cari ‖ 2025/06 INDIRILMEDI,,BELGE_YOK,— | 0.000 | —,2025/06 INDIRILMEDI ‖ KAP 1404780 2024/12 cari ‖ 2025/06 INDIRILMEDI,BELGE_YOK
KLSER,Standart,2025/09,,BELGE_YOK,— | -1929.644 | —,2025/09 INDIRILMEDI ‖ KAP 1404780 2024/12 cari · PDF s.13 (TL): İŞLETME FAALİYETLERİNDEN NAKİT AKIŞLARI (1.929.644.445) 208.394.311 ‖ 2025/09 INDIRILMEDI,,BELGE_YOK,— | -1593.467 | —,"2025/09 INDIRILMEDI ‖ KAP 1404780 2024/12 cari · PDF s.13 (TL): Maddi ve maddi olmayan duran varlıkların alımından kaynaklanan nakit çıkışları 11, 12 (1.593.466.714) (1.711.808.349) ‖ 2025/09 INDIRILMEDI",,BELGE_YOK,— | 0.000 | —,2025/09 INDIRILMEDI ‖ KAP 1404780 2024/12 cari ‖ 2025/09 INDIRILMEDI,,BELGE_YOK,— | 0.000 | —,2025/09 INDIRILMEDI ‖ KAP 1404780 2024/12 cari ‖ 2025/09 INDIRILMEDI,BELGE_YOK
KLSER,Standart,2025/12,,BELGE_YOK,—,2025/12 INDIRILMEDI,,BELGE_YOK,—,2025/12 INDIRILMEDI,,BELGE_YOK,—,2025/12 INDIRILMEDI,,BELGE_YOK,—,2025/12 INDIRILMEDI,BELGE_YOK
KLSER,Standart,2026/03,,BELGE_YOK,— | — | —,2026/03 INDIRILMEDI ‖ 2025/12 INDIRILMEDI ‖ 2026/03 INDIRILMEDI,,BELGE_YOK,— | — | —,2026/03 INDIRILMEDI ‖ 2025/12 INDIRILMEDI ‖ 2026/03 INDIRILMEDI,,BELGE_YOK,— | — | —,2026/03 INDIRILMEDI ‖ 2025/12 INDIRILMEDI ‖ 2026/03 INDIRILMEDI,,BELGE_YOK,— | — | —,2026/03 INDIRILMEDI ‖ 2025/12 INDIRILMEDI ‖ 2026/03 INDIRILMEDI,BELGE_YOK
KLSER,Standart,2026/06,,BELGE_YOK,— | — | —,2026/06 INDIRILMEDI ‖ 2025/12 INDIRILMEDI ‖ 2026/06 INDIRILMEDI,,BELGE_YOK,— | — | —,2026/06 INDIRILMEDI ‖ 2025/12 INDIRILMEDI ‖ 2026/06 INDIRILMEDI,,BELGE_YOK,— | — | —,2026/06 INDIRILMEDI ‖ 2025/12 INDIRILMEDI ‖ 2026/06 INDIRILMEDI,,BELGE_YOK,— | — | —,2026/06 INDIRILMEDI ‖ 2025/12 INDIRILMEDI ‖ 2026/06 INDIRILMEDI,BELGE_YOK
KLSYN,Standart,2025/03,304.149,TEYITLI,66.307 | 460.657 | 222.815,KAP 1430384 2025/03 cari · PDF s.9 (TL): A) İŞLETME FAALİYETLERİNDEN NAKİT AKIŞLARI 66.307.362 222.815.165 ‖ KAP 1393024 2024/12 cari · PDF s.13 (TL): A) İŞLETME FAALİYETLERİNDEN NAKİT AKIŞLARI 460.656.909 (364.734.218) ‖ KAP 1430384 2025/03 onceki · PDF s.9 (TL): A) İŞLETME FAALİYETLERİNDEN NAKİT AKIŞLARI 66.307.362 222.815.165,-35.214,TEYITLI,-2.645 | -392.514 | -359.945,KAP 1430384 2025/03 cari · PDF s.9 (TL): Maddi ve Maddi Olmayan Duran Varlıkların Alımından Kaynaklanan Nakit Çıkışları (2.644.532) (359.944.948) ‖ KAP 1393024 2024/12 cari · PDF s.13 (TL): Maddi ve Maddi Olmayan Duran Varlıkların Alımından Kaynaklanan Nakit Çıkışları 15-16 (392.514.207) 352.457.393 ‖ KAP 1430384 2025/03 onceki · PDF s.9 (TL): Maddi ve Maddi Olmayan Duran Varlıkların Alımından Kaynaklanan Nakit Çıkışları (2.644.532) (359.944.948),0.0,TEYITLI,0.000 | 0.000 | 0.000,KAP 1430384 2025/03 cari ‖ KAP 1393024 2024/12 cari ‖ KAP 1430384 2025/03 onceki,,ELLE,— | — | —,KAP 1430384 2025/03 cari · PDF’te XBRL dışı satır: Kiralama İşlemlerinden Borçlar (5.062.352) - || aktifinde yer alan gayrimenkullerin kiraya verilmesi oluşturmaktadır. 31 Mart 2025 tarihi itibarıyla çalışan ‖ KAP 1393024 2024/12 cari · PDF’te XBRL dışı satır: Kiralama İşlemlerinden Borçlar 20.082.026 - || aktifinde yer alan gayrimenkullerin kiraya verilmesi oluşturmaktadır. 31 Aralık 2024 tarihi itibarıyla çalışan ‖ KAP 1430384 2025/03 onceki · PDF’te XBRL dışı satır: Kiralama İşlemlerinden Borçlar (5.062.352) - || aktifinde yer alan gayrimenkullerin kiraya verilmesi oluşturmaktadır. 31 Mart 2025 tarihi itibarıyla çalışan,ELLE
KLSYN,Standart,2025/06,,BELGE_YOK,— | 460.657 | —,2025/06 INDIRILMEDI ‖ KAP 1393024 2024/12 cari · PDF s.13 (TL): A) İŞLETME FAALİYETLERİNDEN NAKİT AKIŞLARI 460.656.909 (364.734.218) ‖ 2025/06 INDIRILMEDI,,BELGE_YOK,— | -392.514 | —,2025/06 INDIRILMEDI ‖ KAP 1393024 2024/12 cari · PDF s.13 (TL): Maddi ve Maddi Olmayan Duran Varlıkların Alımından Kaynaklanan Nakit Çıkışları 15-16 (392.514.207) 352.457.393 ‖ 2025/06 INDIRILMEDI,,BELGE_YOK,— | 0.000 | —,2025/06 INDIRILMEDI ‖ KAP 1393024 2024/12 cari ‖ 2025/06 INDIRILMEDI,,BELGE_YOK,— | — | —,2025/06 INDIRILMEDI ‖ KAP 1393024 2024/12 cari · PDF’te XBRL dışı satır: Kiralama İşlemlerinden Borçlar 20.082.026 - || aktifinde yer alan gayrimenkullerin kiraya verilmesi oluşturmaktadır. 31 Aralık 2024 tarihi itibarıyla çalışan ‖ 2025/06 INDIRILMEDI,BELGE_YOK
KLSYN,Standart,2025/09,,BELGE_YOK,— | 460.657 | —,2025/09 INDIRILMEDI ‖ KAP 1393024 2024/12 cari · PDF s.13 (TL): A) İŞLETME FAALİYETLERİNDEN NAKİT AKIŞLARI 460.656.909 (364.734.218) ‖ 2025/09 INDIRILMEDI,,BELGE_YOK,— | -392.514 | —,2025/09 INDIRILMEDI ‖ KAP 1393024 2024/12 cari · PDF s.13 (TL): Maddi ve Maddi Olmayan Duran Varlıkların Alımından Kaynaklanan Nakit Çıkışları 15-16 (392.514.207) 352.457.393 ‖ 2025/09 INDIRILMEDI,,BELGE_YOK,— | 0.000 | —,2025/09 INDIRILMEDI ‖ KAP 1393024 2024/12 cari ‖ 2025/09 INDIRILMEDI,,BELGE_YOK,— | — | —,2025/09 INDIRILMEDI ‖ KAP 1393024 2024/12 cari · PDF’te XBRL dışı satır: Kiralama İşlemlerinden Borçlar 20.082.026 - || aktifinde yer alan gayrimenkullerin kiraya verilmesi oluşturmaktadır. 31 Aralık 2024 tarihi itibarıyla çalışan ‖ 2025/09 INDIRILMEDI,BELGE_YOK
KLSYN,Standart,2025/12,,BELGE_YOK,—,2025/12 INDIRILMEDI,,BELGE_YOK,—,2025/12 INDIRILMEDI,,BELGE_YOK,—,2025/12 INDIRILMEDI,,BELGE_YOK,—,2025/12 INDIRILMEDI,BELGE_YOK
KLSYN,Standart,2026/03,,BELGE_YOK,— | — | —,2026/03 INDIRILMEDI ‖ 2025/12 INDIRILMEDI ‖ 2026/03 INDIRILMEDI,,BELGE_YOK,— | — | —,2026/03 INDIRILMEDI ‖ 2025/12 INDIRILMEDI ‖ 2026/03 INDIRILMEDI,,BELGE_YOK,— | — | —,2026/03 INDIRILMEDI ‖ 2025/12 INDIRILMEDI ‖ 2026/03 INDIRILMEDI,,BELGE_YOK,— | — | —,2026/03 INDIRILMEDI ‖ 2025/12 INDIRILMEDI ‖ 2026/03 INDIRILMEDI,BELGE_YOK
KLSYN,Standart,2026/06,,BELGE_YOK,— | — | —,2026/06 INDIRILMEDI ‖ 2025/12 INDIRILMEDI ‖ 2026/06 INDIRILMEDI,,BELGE_YOK,— | — | —,2026/06 INDIRILMEDI ‖ 2025/12 INDIRILMEDI ‖ 2026/06 INDIRILMEDI,,BELGE_YOK,— | — | —,2026/06 INDIRILMEDI ‖ 2025/12 INDIRILMEDI ‖ 2026/06 INDIRILMEDI,,BELGE_YOK,— | — | —,2026/06 INDIRILMEDI ‖ 2025/12 INDIRILMEDI ‖ 2026/06 INDIRILMEDI,BELGE_YOK
KONKA,Standart,2025/03,-135.207,TEYITLI,91.964 | 42.766 | 269.938,KAP 1432039 2025/03 cari · PDF s.7 (TL): A. İŞLETME FAALİYETLERİNDEN NAKİT AKIŞLARI 91.964.090 269.937.778 ‖ KAP 1399135 2024/12 cari · PDF s.13 (TL): A. İŞLETME FAALİYETLERİNDEN NAKİT AKIŞLARI 42.766.291 77.112.376 ‖ KAP 1432039 2025/03 onceki · PDF s.7 (TL): A. İŞLETME FAALİYETLERİNDEN NAKİT AKIŞLARI 91.964.090 269.937.778,,ELLE,0.000 | — | 0.000,KAP 1432039 2025/03 cari ‖ KAP 1399135 2024/12 cari · PDF’te XBRL dışı satır: Maddi Duran Varlıkların Alım ve Satışından Kaynaklanan Nakit Girişleri / Çıkışları 14 (188.362.960) (38.541.619) ‖ KAP 1432039 2025/03 onceki,,ELLE,0.000 | — | 0.000,KAP 1432039 2025/03 cari ‖ KAP 1399135 2024/12 cari · PDF’te XBRL dışı satır: - Yatırım Amaçlı Gayrimenkuller Değer Azalışı/(Artışı) İle İlgili Düzeltmeler 13 -- (370.013.781) ‖ KAP 1432039 2025/03 onceki,0.0,TEYITLI,0.000 | 0.000 | 0.000,KAP 1432039 2025/03 cari ‖ KAP 1399135 2024/12 cari ‖ KAP 1432039 2025/03 onceki,ELLE
KONKA,Standart,2025/06,,BELGE_YOK,— | 42.766 | —,2025/06 INDIRILMEDI ‖ KAP 1399135 2024/12 cari · PDF s.13 (TL): A. İŞLETME FAALİYETLERİNDEN NAKİT AKIŞLARI 42.766.291 77.112.376 ‖ 2025/06 INDIRILMEDI,,BELGE_YOK,— | — | —,2025/06 INDIRILMEDI ‖ KAP 1399135 2024/12 cari · PDF’te XBRL dışı satır: Maddi Duran Varlıkların Alım ve Satışından Kaynaklanan Nakit Girişleri / Çıkışları 14 (188.362.960) (38.541.619) ‖ 2025/06 INDIRILMEDI,,BELGE_YOK,— | — | —,2025/06 INDIRILMEDI ‖ KAP 1399135 2024/12 cari · PDF’te XBRL dışı satır: - Yatırım Amaçlı Gayrimenkuller Değer Azalışı/(Artışı) İle İlgili Düzeltmeler 13 -- (370.013.781) ‖ 2025/06 INDIRILMEDI,,BELGE_YOK,— | 0.000 | —,2025/06 INDIRILMEDI ‖ KAP 1399135 2024/12 cari ‖ 2025/06 INDIRILMEDI,BELGE_YOK
KONKA,Standart,2025/12,,BELGE_YOK,—,2025/12 INDIRILMEDI,,BELGE_YOK,—,2025/12 INDIRILMEDI,,BELGE_YOK,—,2025/12 INDIRILMEDI,,BELGE_YOK,—,2025/12 INDIRILMEDI,BELGE_YOK
KONKA,Standart,2026/03,,BELGE_YOK,— | — | —,2026/03 INDIRILMEDI ‖ 2025/12 INDIRILMEDI ‖ 2026/03 INDIRILMEDI,,BELGE_YOK,— | — | —,2026/03 INDIRILMEDI ‖ 2025/12 INDIRILMEDI ‖ 2026/03 INDIRILMEDI,,BELGE_YOK,— | — | —,2026/03 INDIRILMEDI ‖ 2025/12 INDIRILMEDI ‖ 2026/03 INDIRILMEDI,,BELGE_YOK,— | — | —,2026/03 INDIRILMEDI ‖ 2025/12 INDIRILMEDI ‖ 2026/03 INDIRILMEDI,BELGE_YOK
KONKA,Standart,2026/06,,BELGE_YOK,— | — | —,2026/06 INDIRILMEDI ‖ 2025/12 INDIRILMEDI ‖ 2026/06 INDIRILMEDI,,BELGE_YOK,— | — | —,2026/06 INDIRILMEDI ‖ 2025/12 INDIRILMEDI ‖ 2026/06 INDIRILMEDI,,BELGE_YOK,— | — | —,2026/06 INDIRILMEDI ‖ 2025/12 INDIRILMEDI ‖ 2026/06 INDIRILMEDI,,BELGE_YOK,— | — | —,2026/06 INDIRILMEDI ‖ 2025/12 INDIRILMEDI ‖ 2026/06 INDIRILMEDI,BELGE_YOK
KOPOL,Standart,2025/03,-369.007,TEYITLI,-138.957 | 259.583 | 489.632,KAP 1432232 2025/03 cari · PDF s.7 (TL): İşletme Faaliyetlerinden (Kullanılan)/Elde Edilen Net Nakit (138.957.239) 489.632.480 ‖ KAP 1399357 2024/12 cari · PDF s.13 (TL): İşletme Faaliyetlerinden (Kullanılan)/Elde Edilen Net Nakit 259.582.781 357.119.437 ‖ KAP 1432232 2025/03 onceki · PDF s.7 (TL): İşletme Faaliyetlerinden (Kullanılan)/Elde Edilen Net Nakit (138.957.239) 489.632.480,-161.637,TEYITLI,-4.791 | -164.657 | -7.812,KAP 1432232 2025/03 cari · PDF s.7 (TL): YATIRIM FAALİYETLERİNDEN KAYNAKLANAN NAKİT AKIŞLARI (4.791.122) (8.372.650) ‖ KAP 1399357 2024/12 cari · PDF s.13 (TL): Maddi ve Maddi Olmayan Duran Varlıkların Alımından Kaynaklanan Nakit Çıkışları (164.657.263) (144.806.544) ‖ KAP 1432232 2025/03 onceki · PDF s.7 (TL): Maddi ve Maddi Olmayan Duran Varlıkların Alımından Kaynaklanan Nakit Çıkışları (4.791.122) (7.811.601),0.0,TEYITLI,0.000 | 0.000 | 0.000,KAP 1432232 2025/03 cari ‖ KAP 1399357 2024/12 cari ‖ KAP 1432232 2025/03 onceki,,ELLE,-15.268 | — | -34.162,KAP 1432232 2025/03 cari · PDF s.7 (TL): - Kira Sözleşmelerinden Kaynaklanan Borç Ödemelerine İlişkin Nakit Çıkışları (15.268.033) (34.161.885) ‖ KAP 1399357 2024/12 cari · PDF’te XBRL dışı satır: - Kira Sözleşmelerinden Kaynaklanan Borç Ödemelerine İlişkin Nakit Çıkışları (50.911.480) (34.161.885) ‖ KAP 1432232 2025/03 onceki · PDF s.7 (TL): - Kira Sözleşmelerinden Kaynaklanan Borç Ödemelerine İlişkin Nakit Çıkışları (15.268.033) (34.161.885),ELLE
KORDS,Standart,2025/06,,BELGE_YOK,— | 1833.683 | —,2025/06 INDIRILMEDI ‖ KAP 1397822 2024/12 cari · PDF s.8 (TL): A. İŞLETME FAALİYETLERİNDEN NAKİT AKIŞLARI 1.833.683.298 3.213.212.412 ‖ 2025/06 INDIRILMEDI,,BELGE_YOK,— | -1612.833 | —,"2025/06 INDIRILMEDI ‖ KAP 1397822 2024/12 cari · PDF s.8 (TL): Maddi ve Maddi Olmayan Duran Varlıkların Alımından Kaynaklanan Nakit Çıkışları 11,12 (1.612.832.704) (1.295.025.908) ‖ 2025/06 INDIRILMEDI",,BELGE_YOK,— | — | —,2025/06 INDIRILMEDI ‖ KAP 1397822 2024/12 cari · PDF’te XBRL dışı satır: Yatırım Amaçlı Gayrimenkullerin Gerçeğe Uygun Değer Kayıpları (Kazançları) ile İlgili Düzeltmeler 23 32.407.464 (20.480.692) ‖ 2025/06 INDIRILMEDI,,BELGE_YOK,— | -46.002 | —,2025/06 INDIRILMEDI ‖ KAP 1397822 2024/12 cari · PDF s.8 (TL): Kira Sözleşmelerinden Kaynaklanan Borç Ödemelerine İlişkin Nakit Çıkışları (46.001.714) (45.111.805) ‖ 2025/06 INDIRILMEDI,BELGE_YOK
KORDS,Standart,2025/09,,BELGE_YOK,— | 1833.683 | —,2025/09 INDIRILMEDI ‖ KAP 1397822 2024/12 cari · PDF s.8 (TL): A. İŞLETME FAALİYETLERİNDEN NAKİT AKIŞLARI 1.833.683.298 3.213.212.412 ‖ 2025/09 INDIRILMEDI,,BELGE_YOK,— | -1612.833 | —,"2025/09 INDIRILMEDI ‖ KAP 1397822 2024/12 cari · PDF s.8 (TL): Maddi ve Maddi Olmayan Duran Varlıkların Alımından Kaynaklanan Nakit Çıkışları 11,12 (1.612.832.704) (1.295.025.908) ‖ 2025/09 INDIRILMEDI",,BELGE_YOK,— | — | —,2025/09 INDIRILMEDI ‖ KAP 1397822 2024/12 cari · PDF’te XBRL dışı satır: Yatırım Amaçlı Gayrimenkullerin Gerçeğe Uygun Değer Kayıpları (Kazançları) ile İlgili Düzeltmeler 23 32.407.464 (20.480.692) ‖ 2025/09 INDIRILMEDI,,BELGE_YOK,— | -46.002 | —,2025/09 INDIRILMEDI ‖ KAP 1397822 2024/12 cari · PDF s.8 (TL): Kira Sözleşmelerinden Kaynaklanan Borç Ödemelerine İlişkin Nakit Çıkışları (46.001.714) (45.111.805) ‖ 2025/09 INDIRILMEDI,BELGE_YOK
KORDS,Standart,2026/03,,BELGE_YOK,— | — | —,2026/03 INDIRILMEDI ‖ 2025/12 INDIRILMEDI ‖ 2026/03 INDIRILMEDI,,BELGE_YOK,— | — | —,2026/03 INDIRILMEDI ‖ 2025/12 INDIRILMEDI ‖ 2026/03 INDIRILMEDI,,BELGE_YOK,— | — | —,2026/03 INDIRILMEDI ‖ 2025/12 INDIRILMEDI ‖ 2026/03 INDIRILMEDI,,BELGE_YOK,— | — | —,2026/03 INDIRILMEDI ‖ 2025/12 INDIRILMEDI ‖ 2026/03 INDIRILMEDI,BELGE_YOK
KORDS,Standart,2026/06,,BELGE_YOK,— | — | —,2026/06 INDIRILMEDI ‖ 2025/12 INDIRILMEDI ‖ 2026/06 INDIRILMEDI,,BELGE_YOK,— | — | —,2026/06 INDIRILMEDI ‖ 2025/12 INDIRILMEDI ‖ 2026/06 INDIRILMEDI,,BELGE_YOK,— | — | —,2026/06 INDIRILMEDI ‖ 2025/12 INDIRILMEDI ‖ 2026/06 INDIRILMEDI,,BELGE_YOK,— | — | —,2026/06 INDIRILMEDI ‖ 2025/12 INDIRILMEDI ‖ 2026/06 INDIRILMEDI,BELGE_YOK
KOZAA,Standart,2025/03,,BELGE_YOK,— | — | —,2025/03 raporu KAP’ta yok ‖ 2024/12 raporu KAP’ta yok ‖ 2025/03 raporu KAP’ta yok,,BELGE_YOK,— | — | —,2025/03 raporu KAP’ta yok ‖ 2024/12 raporu KAP’ta yok ‖ 2025/03 raporu KAP’ta yok,,BELGE_YOK,— | — | —,2025/03 raporu KAP’ta yok ‖ 2024/12 raporu KAP’ta yok ‖ 2025/03 raporu KAP’ta yok,,BELGE_YOK,— | — | —,2025/03 raporu KAP’ta yok ‖ 2024/12 raporu KAP’ta yok ‖ 2025/03 raporu KAP’ta yok,BELGE_YOK
KOZAA,Standart,2025/06,,BELGE_YOK,— | — | —,2025/06 raporu KAP’ta yok ‖ 2024/12 raporu KAP’ta yok ‖ 2025/06 raporu KAP’ta yok,,BELGE_YOK,— | — | —,2025/06 raporu KAP’ta yok ‖ 2024/12 raporu KAP’ta yok ‖ 2025/06 raporu KAP’ta yok,,BELGE_YOK,— | — | —,2025/06 raporu KAP’ta yok ‖ 2024/12 raporu KAP’ta yok ‖ 2025/06 raporu KAP’ta yok,,BELGE_YOK,— | — | —,2025/06 raporu KAP’ta yok ‖ 2024/12 raporu KAP’ta yok ‖ 2025/06 raporu KAP’ta yok,BELGE_YOK
KOZAA,Standart,2025/09,,BELGE_YOK,— | — | —,2025/09 raporu KAP’ta yok ‖ 2024/12 raporu KAP’ta yok ‖ 2025/09 raporu KAP’ta yok,,BELGE_YOK,— | — | —,2025/09 raporu KAP’ta yok ‖ 2024/12 raporu KAP’ta yok ‖ 2025/09 raporu KAP’ta yok,,BELGE_YOK,— | — | —,2025/09 raporu KAP’ta yok ‖ 2024/12 raporu KAP’ta yok ‖ 2025/09 raporu KAP’ta yok,,BELGE_YOK,— | — | —,2025/09 raporu KAP’ta yok ‖ 2024/12 raporu KAP’ta yok ‖ 2025/09 raporu KAP’ta yok,BELGE_YOK
KOZAA,Standart,2025/12,,BELGE_YOK,—,2025/12 raporu KAP’ta yok,,BELGE_YOK,—,2025/12 raporu KAP’ta yok,,BELGE_YOK,—,2025/12 raporu KAP’ta yok,,BELGE_YOK,—,2025/12 raporu KAP’ta yok,BELGE_YOK
KOZAA,Standart,2026/03,,BELGE_YOK,— | — | —,2026/03 raporu KAP’ta yok ‖ 2025/12 raporu KAP’ta yok ‖ 2026/03 raporu KAP’ta yok,,BELGE_YOK,— | — | —,2026/03 raporu KAP’ta yok ‖ 2025/12 raporu KAP’ta yok ‖ 2026/03 raporu KAP’ta yok,,BELGE_YOK,— | — | —,2026/03 raporu KAP’ta yok ‖ 2025/12 raporu KAP’ta yok ‖ 2026/03 raporu KAP’ta yok,,BELGE_YOK,— | — | —,2026/03 raporu KAP’ta yok ‖ 2025/12 raporu KAP’ta yok ‖ 2026/03 raporu KAP’ta yok,BELGE_YOK
KOZAA,Standart,2026/06,,BELGE_YOK,— | — | —,2026/06 raporu KAP’ta yok ‖ 2025/12 raporu KAP’ta yok ‖ 2026/06 raporu KAP’ta yok,,BELGE_YOK,— | — | —,2026/06 raporu KAP’ta yok ‖ 2025/12 raporu KAP’ta yok ‖ 2026/06 raporu KAP’ta yok,,BELGE_YOK,— | — | —,2026/06 raporu KAP’ta yok ‖ 2025/12 raporu KAP’ta yok ‖ 2026/06 raporu KAP’ta yok,,BELGE_YOK,— | — | —,2026/06 raporu KAP’ta yok ‖ 2025/12 raporu KAP’ta yok ‖ 2026/06 raporu KAP’ta yok,BELGE_YOK
KOZAL,Standart,2025/03,,BELGE_YOK,— | — | —,2025/03 raporu KAP’ta yok ‖ 2024/12 raporu KAP’ta yok ‖ 2025/03 raporu KAP’ta yok,,BELGE_YOK,— | — | —,2025/03 raporu KAP’ta yok ‖ 2024/12 raporu KAP’ta yok ‖ 2025/03 raporu KAP’ta yok,,BELGE_YOK,— | — | —,2025/03 raporu KAP’ta yok ‖ 2024/12 raporu KAP’ta yok ‖ 2025/03 raporu KAP’ta yok,,BELGE_YOK,— | — | —,2025/03 raporu KAP’ta yok ‖ 2024/12 raporu KAP’ta yok ‖ 2025/03 raporu KAP’ta yok,BELGE_YOK
KOZAL,Standart,2025/06,,BELGE_YOK,— | — | —,2025/06 raporu KAP’ta yok ‖ 2024/12 raporu KAP’ta yok ‖ 2025/06 raporu KAP’ta yok,,BELGE_YOK,— | — | —,2025/06 raporu KAP’ta yok ‖ 2024/12 raporu KAP’ta yok ‖ 2025/06 raporu KAP’ta yok,,BELGE_YOK,— | — | —,2025/06 raporu KAP’ta yok ‖ 2024/12 raporu KAP’ta yok ‖ 2025/06 raporu KAP’ta yok,,BELGE_YOK,— | — | —,2025/06 raporu KAP’ta yok ‖ 2024/12 raporu KAP’ta yok ‖ 2025/06 raporu KAP’ta yok,BELGE_YOK
KOZAL,Standart,2025/09,,BELGE_YOK,— | — | —,2025/09 raporu KAP’ta yok ‖ 2024/12 raporu KAP’ta yok ‖ 2025/09 raporu KAP’ta yok,,BELGE_YOK,— | — | —,2025/09 raporu KAP’ta yok ‖ 2024/12 raporu KAP’ta yok ‖ 2025/09 raporu KAP’ta yok,,BELGE_YOK,— | — | —,2025/09 raporu KAP’ta yok ‖ 2024/12 raporu KAP’ta yok ‖ 2025/09 raporu KAP’ta yok,,BELGE_YOK,— | — | —,2025/09 raporu KAP’ta yok ‖ 2024/12 raporu KAP’ta yok ‖ 2025/09 raporu KAP’ta yok,BELGE_YOK
KOZAL,Standart,2025/12,,BELGE_YOK,—,2025/12 raporu KAP’ta yok,,BELGE_YOK,—,2025/12 raporu KAP’ta yok,,BELGE_YOK,—,2025/12 raporu KAP’ta yok,,BELGE_YOK,—,2025/12 raporu KAP’ta yok,BELGE_YOK
KOZAL,Standart,2026/03,,BELGE_YOK,— | — | —,2026/03 raporu KAP’ta yok ‖ 2025/12 raporu KAP’ta yok ‖ 2026/03 raporu KAP’ta yok,,BELGE_YOK,— | — | —,2026/03 raporu KAP’ta yok ‖ 2025/12 raporu KAP’ta yok ‖ 2026/03 raporu KAP’ta yok,,BELGE_YOK,— | — | —,2026/03 raporu KAP’ta yok ‖ 2025/12 raporu KAP’ta yok ‖ 2026/03 raporu KAP’ta yok,,BELGE_YOK,— | — | —,2026/03 raporu KAP’ta yok ‖ 2025/12 raporu KAP’ta yok ‖ 2026/03 raporu KAP’ta yok,BELGE_YOK
KOZAL,Standart,2026/06,,BELGE_YOK,— | — | —,2026/06 raporu KAP’ta yok ‖ 2025/12 raporu KAP’ta yok ‖ 2026/06 raporu KAP’ta yok,,BELGE_YOK,— | — | —,2026/06 raporu KAP’ta yok ‖ 2025/12 raporu KAP’ta yok ‖ 2026/06 raporu KAP’ta yok,,BELGE_YOK,— | — | —,2026/06 raporu KAP’ta yok ‖ 2025/12 raporu KAP’ta yok ‖ 2026/06 raporu KAP’ta yok,,BELGE_YOK,— | — | —,2026/06 raporu KAP’ta yok ‖ 2025/12 raporu KAP’ta yok ‖ 2026/06 raporu KAP’ta yok,BELGE_YOK
KPEKS,Standart,2025/03,,BELGE_YOK,— | — | —,2025/03 raporu KAP’ta yok ‖ 2024/12 raporu KAP’ta yok ‖ 2025/03 raporu KAP’ta yok,,BELGE_YOK,— | — | —,2025/03 raporu KAP’ta yok ‖ 2024/12 raporu KAP’ta yok ‖ 2025/03 raporu KAP’ta yok,,BELGE_YOK,— | — | —,2025/03 raporu KAP’ta yok ‖ 2024/12 raporu KAP’ta yok ‖ 2025/03 raporu KAP’ta yok,,BELGE_YOK,— | — | —,2025/03 raporu KAP’ta yok ‖ 2024/12 raporu KAP’ta yok ‖ 2025/03 raporu KAP’ta yok,BELGE_YOK
KPEKS,Standart,2025/06,,BELGE_YOK,— | — | —,2025/06 raporu KAP’ta yok ‖ 2024/12 raporu KAP’ta yok ‖ 2025/06 raporu KAP’ta yok,,BELGE_YOK,— | — | —,2025/06 raporu KAP’ta yok ‖ 2024/12 raporu KAP’ta yok ‖ 2025/06 raporu KAP’ta yok,,BELGE_YOK,— | — | —,2025/06 raporu KAP’ta yok ‖ 2024/12 raporu KAP’ta yok ‖ 2025/06 raporu KAP’ta yok,,BELGE_YOK,— | — | —,2025/06 raporu KAP’ta yok ‖ 2024/12 raporu KAP’ta yok ‖ 2025/06 raporu KAP’ta yok,BELGE_YOK
KPEKS,Standart,2025/09,,BELGE_YOK,— | — | —,2025/09 raporu KAP’ta yok ‖ 2024/12 raporu KAP’ta yok ‖ 2025/09 raporu KAP’ta yok,,BELGE_YOK,— | — | —,2025/09 raporu KAP’ta yok ‖ 2024/12 raporu KAP’ta yok ‖ 2025/09 raporu KAP’ta yok,,BELGE_YOK,— | — | —,2025/09 raporu KAP’ta yok ‖ 2024/12 raporu KAP’ta yok ‖ 2025/09 raporu KAP’ta yok,,BELGE_YOK,— | — | —,2025/09 raporu KAP’ta yok ‖ 2024/12 raporu KAP’ta yok ‖ 2025/09 raporu KAP’ta yok,BELGE_YOK
KPEKS,Standart,2025/12,,BELGE_YOK,—,2025/12 raporu KAP’ta yok,,BELGE_YOK,—,2025/12 raporu KAP’ta yok,,BELGE_YOK,—,2025/12 raporu KAP’ta yok,,BELGE_YOK,—,2025/12 raporu KAP’ta yok,BELGE_YOK
KPEKS,Standart,2026/03,,BELGE_YOK,— | — | —,2026/03 raporu KAP’ta yok ‖ 2025/12 raporu KAP’ta yok ‖ 2026/03 raporu KAP’ta yok,,BELGE_YOK,— | — | —,2026/03 raporu KAP’ta yok ‖ 2025/12 raporu KAP’ta yok ‖ 2026/03 raporu KAP’ta yok,,BELGE_YOK,— | — | —,2026/03 raporu KAP’ta yok ‖ 2025/12 raporu KAP’ta yok ‖ 2026/03 raporu KAP’ta yok,,BELGE_YOK,— | — | —,2026/03 raporu KAP’ta yok ‖ 2025/12 raporu KAP’ta yok ‖ 2026/03 raporu KAP’ta yok,BELGE_YOK
KPEKS,Standart,2026/06,,BELGE_YOK,— | — | —,2026/06 INDIRILMEDI ‖ 2025/12 raporu KAP’ta yok ‖ 2026/06 INDIRILMEDI,,BELGE_YOK,— | — | —,2026/06 INDIRILMEDI ‖ 2025/12 raporu KAP’ta yok ‖ 2026/06 INDIRILMEDI,,BELGE_YOK,— | — | —,2026/06 INDIRILMEDI ‖ 2025/12 raporu KAP’ta yok ‖ 2026/06 INDIRILMEDI,,BELGE_YOK,— | — | —,2026/06 INDIRILMEDI ‖ 2025/12 raporu KAP’ta yok ‖ 2026/06 INDIRILMEDI,BELGE_YOK
KRDMA,Standart,2025/03,,BELGE_YOK,— | -793.109 | —,2025/03 INDIRILMEDI ‖ KAP 1402671 2024/12 cari · PDF s.12 (TL): İŞLETME FAALİYETLERİNDEN NAKİT AKIŞLARI (793.108.695) 9.512.746.862 ‖ 2025/03 INDIRILMEDI,,BELGE_YOK,— | -2782.982 | —,2025/03 INDIRILMEDI ‖ KAP 1402671 2024/12 cari · PDF s.12 (TL): Maddi duran varlık alımları (2.746.070.797) (2.036.278.353) + Maddi olmayan duran varlık alımları 11 (36.910.889) (107.797.415) ‖ 2025/03 INDIRILMEDI,,BELGE_YOK,— | 0.000 | —,2025/03 INDIRILMEDI ‖ KAP 1402671 2024/12 cari ‖ 2025/03 INDIRILMEDI,,BELGE_YOK,— | — | —,2025/03 INDIRILMEDI ‖ KAP 1402671 2024/12 cari · PDF’te XBRL dışı satır: Finansal kiralama sözleşmelerinden nakit girişleri 432.510 1.028.929 || Finansal kiralama sözleşmelerinden kaynaklanan borç ödemelerine ilişkin nakit çıkışları (2.840.354) (6.757.120) ‖ 2025/03 INDIRILMEDI,BELGE_YOK
KRDMA,Standart,2025/06,,BELGE_YOK,— | -793.109 | —,2025/06 INDIRILMEDI ‖ KAP 1402671 2024/12 cari · PDF s.12 (TL): İŞLETME FAALİYETLERİNDEN NAKİT AKIŞLARI (793.108.695) 9.512.746.862 ‖ 2025/06 INDIRILMEDI,,BELGE_YOK,— | -2782.982 | —,2025/06 INDIRILMEDI ‖ KAP 1402671 2024/12 cari · PDF s.12 (TL): Maddi duran varlık alımları (2.746.070.797) (2.036.278.353) + Maddi olmayan duran varlık alımları 11 (36.910.889) (107.797.415) ‖ 2025/06 INDIRILMEDI,,BELGE_YOK,— | 0.000 | —,2025/06 INDIRILMEDI ‖ KAP 1402671 2024/12 cari ‖ 2025/06 INDIRILMEDI,,BELGE_YOK,— | — | —,2025/06 INDIRILMEDI ‖ KAP 1402671 2024/12 cari · PDF’te XBRL dışı satır: Finansal kiralama sözleşmelerinden nakit girişleri 432.510 1.028.929 || Finansal kiralama sözleşmelerinden kaynaklanan borç ödemelerine ilişkin nakit çıkışları (2.840.354) (6.757.120) ‖ 2025/06 INDIRILMEDI,BELGE_YOK
KRDMA,Standart,2025/09,,BELGE_YOK,— | -793.109 | —,2025/09 INDIRILMEDI ‖ KAP 1402671 2024/12 cari · PDF s.12 (TL): İŞLETME FAALİYETLERİNDEN NAKİT AKIŞLARI (793.108.695) 9.512.746.862 ‖ 2025/09 INDIRILMEDI,,BELGE_YOK,— | -2782.982 | —,2025/09 INDIRILMEDI ‖ KAP 1402671 2024/12 cari · PDF s.12 (TL): Maddi duran varlık alımları (2.746.070.797) (2.036.278.353) + Maddi olmayan duran varlık alımları 11 (36.910.889) (107.797.415) ‖ 2025/09 INDIRILMEDI,,BELGE_YOK,— | 0.000 | —,2025/09 INDIRILMEDI ‖ KAP 1402671 2024/12 cari ‖ 2025/09 INDIRILMEDI,,BELGE_YOK,— | — | —,2025/09 INDIRILMEDI ‖ KAP 1402671 2024/12 cari · PDF’te XBRL dışı satır: Finansal kiralama sözleşmelerinden nakit girişleri 432.510 1.028.929 || Finansal kiralama sözleşmelerinden kaynaklanan borç ödemelerine ilişkin nakit çıkışları (2.840.354) (6.757.120) ‖ 2025/09 INDIRILMEDI,BELGE_YOK
KRDMA,Standart,2026/03,,BELGE_YOK,— | — | —,2026/03 INDIRILMEDI ‖ 2025/12 INDIRILMEDI ‖ 2026/03 INDIRILMEDI,,BELGE_YOK,— | — | —,2026/03 INDIRILMEDI ‖ 2025/12 INDIRILMEDI ‖ 2026/03 INDIRILMEDI,,BELGE_YOK,— | — | —,2026/03 INDIRILMEDI ‖ 2025/12 INDIRILMEDI ‖ 2026/03 INDIRILMEDI,,BELGE_YOK,— | — | —,2026/03 INDIRILMEDI ‖ 2025/12 INDIRILMEDI ‖ 2026/03 INDIRILMEDI,BELGE_YOK
KRDMB,Standart,2025/03,,BELGE_YOK,— | -793.109 | —,2025/03 INDIRILMEDI ‖ KAP 1402671 2024/12 cari · PDF s.12 (TL): İŞLETME FAALİYETLERİNDEN NAKİT AKIŞLARI (793.108.695) 9.512.746.862 ‖ 2025/03 INDIRILMEDI,,BELGE_YOK,— | -2782.982 | —,2025/03 INDIRILMEDI ‖ KAP 1402671 2024/12 cari · PDF s.12 (TL): Maddi duran varlık alımları (2.746.070.797) (2.036.278.353) + Maddi olmayan duran varlık alımları 11 (36.910.889) (107.797.415) ‖ 2025/03 INDIRILMEDI,,BELGE_YOK,— | 0.000 | —,2025/03 INDIRILMEDI ‖ KAP 1402671 2024/12 cari ‖ 2025/03 INDIRILMEDI,,BELGE_YOK,— | — | —,2025/03 INDIRILMEDI ‖ KAP 1402671 2024/12 cari · PDF’te XBRL dışı satır: Finansal kiralama sözleşmelerinden nakit girişleri 432.510 1.028.929 || Finansal kiralama sözleşmelerinden kaynaklanan borç ödemelerine ilişkin nakit çıkışları (2.840.354) (6.757.120) ‖ 2025/03 INDIRILMEDI,BELGE_YOK
KRDMB,Standart,2025/06,,BELGE_YOK,— | -793.109 | —,2025/06 INDIRILMEDI ‖ KAP 1402671 2024/12 cari · PDF s.12 (TL): İŞLETME FAALİYETLERİNDEN NAKİT AKIŞLARI (793.108.695) 9.512.746.862 ‖ 2025/06 INDIRILMEDI,,BELGE_YOK,— | -2782.982 | —,2025/06 INDIRILMEDI ‖ KAP 1402671 2024/12 cari · PDF s.12 (TL): Maddi duran varlık alımları (2.746.070.797) (2.036.278.353) + Maddi olmayan duran varlık alımları 11 (36.910.889) (107.797.415) ‖ 2025/06 INDIRILMEDI,,BELGE_YOK,— | 0.000 | —,2025/06 INDIRILMEDI ‖ KAP 1402671 2024/12 cari ‖ 2025/06 INDIRILMEDI,,BELGE_YOK,— | — | —,2025/06 INDIRILMEDI ‖ KAP 1402671 2024/12 cari · PDF’te XBRL dışı satır: Finansal kiralama sözleşmelerinden nakit girişleri 432.510 1.028.929 || Finansal kiralama sözleşmelerinden kaynaklanan borç ödemelerine ilişkin nakit çıkışları (2.840.354) (6.757.120) ‖ 2025/06 INDIRILMEDI,BELGE_YOK
KRDMB,Standart,2025/09,,BELGE_YOK,— | -793.109 | —,2025/09 INDIRILMEDI ‖ KAP 1402671 2024/12 cari · PDF s.12 (TL): İŞLETME FAALİYETLERİNDEN NAKİT AKIŞLARI (793.108.695) 9.512.746.862 ‖ 2025/09 INDIRILMEDI,,BELGE_YOK,— | -2782.982 | —,2025/09 INDIRILMEDI ‖ KAP 1402671 2024/12 cari · PDF s.12 (TL): Maddi duran varlık alımları (2.746.070.797) (2.036.278.353) + Maddi olmayan duran varlık alımları 11 (36.910.889) (107.797.415) ‖ 2025/09 INDIRILMEDI,,BELGE_YOK,— | 0.000 | —,2025/09 INDIRILMEDI ‖ KAP 1402671 2024/12 cari ‖ 2025/09 INDIRILMEDI,,BELGE_YOK,— | — | —,2025/09 INDIRILMEDI ‖ KAP 1402671 2024/12 cari · PDF’te XBRL dışı satır: Finansal kiralama sözleşmelerinden nakit girişleri 432.510 1.028.929 || Finansal kiralama sözleşmelerinden kaynaklanan borç ödemelerine ilişkin nakit çıkışları (2.840.354) (6.757.120) ‖ 2025/09 INDIRILMEDI,BELGE_YOK
KRDMB,Standart,2026/03,,BELGE_YOK,— | — | —,2026/03 INDIRILMEDI ‖ 2025/12 INDIRILMEDI ‖ 2026/03 INDIRILMEDI,,BELGE_YOK,— | — | —,2026/03 INDIRILMEDI ‖ 2025/12 INDIRILMEDI ‖ 2026/03 INDIRILMEDI,,BELGE_YOK,— | — | —,2026/03 INDIRILMEDI ‖ 2025/12 INDIRILMEDI ‖ 2026/03 INDIRILMEDI,,BELGE_YOK,— | — | —,2026/03 INDIRILMEDI ‖ 2025/12 INDIRILMEDI ‖ 2026/03 INDIRILMEDI,BELGE_YOK
KRDMD,Standart,2025/03,,BELGE_YOK,— | -793.109 | —,2025/03 INDIRILMEDI ‖ KAP 1402671 2024/12 cari · PDF s.12 (TL): İŞLETME FAALİYETLERİNDEN NAKİT AKIŞLARI (793.108.695) 9.512.746.862 ‖ 2025/03 INDIRILMEDI,,BELGE_YOK,— | -2782.982 | —,2025/03 INDIRILMEDI ‖ KAP 1402671 2024/12 cari · PDF s.12 (TL): Maddi duran varlık alımları (2.746.070.797) (2.036.278.353) + Maddi olmayan duran varlık alımları 11 (36.910.889) (107.797.415) ‖ 2025/03 INDIRILMEDI,,BELGE_YOK,— | 0.000 | —,2025/03 INDIRILMEDI ‖ KAP 1402671 2024/12 cari ‖ 2025/03 INDIRILMEDI,,BELGE_YOK,— | — | —,2025/03 INDIRILMEDI ‖ KAP 1402671 2024/12 cari · PDF’te XBRL dışı satır: Finansal kiralama sözleşmelerinden nakit girişleri 432.510 1.028.929 || Finansal kiralama sözleşmelerinden kaynaklanan borç ödemelerine ilişkin nakit çıkışları (2.840.354) (6.757.120) ‖ 2025/03 INDIRILMEDI,BELGE_YOK
KRDMD,Standart,2025/06,,BELGE_YOK,— | -793.109 | —,2025/06 INDIRILMEDI ‖ KAP 1402671 2024/12 cari · PDF s.12 (TL): İŞLETME FAALİYETLERİNDEN NAKİT AKIŞLARI (793.108.695) 9.512.746.862 ‖ 2025/06 INDIRILMEDI,,BELGE_YOK,— | -2782.982 | —,2025/06 INDIRILMEDI ‖ KAP 1402671 2024/12 cari · PDF s.12 (TL): Maddi duran varlık alımları (2.746.070.797) (2.036.278.353) + Maddi olmayan duran varlık alımları 11 (36.910.889) (107.797.415) ‖ 2025/06 INDIRILMEDI,,BELGE_YOK,— | 0.000 | —,2025/06 INDIRILMEDI ‖ KAP 1402671 2024/12 cari ‖ 2025/06 INDIRILMEDI,,BELGE_YOK,— | — | —,2025/06 INDIRILMEDI ‖ KAP 1402671 2024/12 cari · PDF’te XBRL dışı satır: Finansal kiralama sözleşmelerinden nakit girişleri 432.510 1.028.929 || Finansal kiralama sözleşmelerinden kaynaklanan borç ödemelerine ilişkin nakit çıkışları (2.840.354) (6.757.120) ‖ 2025/06 INDIRILMEDI,BELGE_YOK
KRDMD,Standart,2025/09,,BELGE_YOK,— | -793.109 | —,2025/09 INDIRILMEDI ‖ KAP 1402671 2024/12 cari · PDF s.12 (TL): İŞLETME FAALİYETLERİNDEN NAKİT AKIŞLARI (793.108.695) 9.512.746.862 ‖ 2025/09 INDIRILMEDI,,BELGE_YOK,— | -2782.982 | —,2025/09 INDIRILMEDI ‖ KAP 1402671 2024/12 cari · PDF s.12 (TL): Maddi duran varlık alımları (2.746.070.797) (2.036.278.353) + Maddi olmayan duran varlık alımları 11 (36.910.889) (107.797.415) ‖ 2025/09 INDIRILMEDI,,BELGE_YOK,— | 0.000 | —,2025/09 INDIRILMEDI ‖ KAP 1402671 2024/12 cari ‖ 2025/09 INDIRILMEDI,,BELGE_YOK,— | — | —,2025/09 INDIRILMEDI ‖ KAP 1402671 2024/12 cari · PDF’te XBRL dışı satır: Finansal kiralama sözleşmelerinden nakit girişleri 432.510 1.028.929 || Finansal kiralama sözleşmelerinden kaynaklanan borç ödemelerine ilişkin nakit çıkışları (2.840.354) (6.757.120) ‖ 2025/09 INDIRILMEDI,BELGE_YOK
KRDMD,Standart,2026/03,,BELGE_YOK,— | — | —,2026/03 INDIRILMEDI ‖ 2025/12 INDIRILMEDI ‖ 2026/03 INDIRILMEDI,,BELGE_YOK,— | — | —,2026/03 INDIRILMEDI ‖ 2025/12 INDIRILMEDI ‖ 2026/03 INDIRILMEDI,,BELGE_YOK,— | — | —,2026/03 INDIRILMEDI ‖ 2025/12 INDIRILMEDI ‖ 2026/03 INDIRILMEDI,,BELGE_YOK,— | — | —,2026/03 INDIRILMEDI ‖ 2025/12 INDIRILMEDI ‖ 2026/03 INDIRILMEDI,BELGE_YOK
KSTUR,Standart,2025/03,,BELGE_YOK,— | 31.046 | —,2025/03 raporu KAP’ta yok ‖ KAP 1394874 2024/12 cari · PDF s.11 (mn TL): 01 OCAK 2024-31 ARALIK 2024 DÖNEMİNE AİT NAKİT AKIŞ TABLOSU ‖ 2025/03 raporu KAP’ta yok,,BELGE_YOK,— | -30.955 | —,2025/03 raporu KAP’ta yok ‖ KAP 1394874 2024/12 cari · PDF s.11 (mn TL): 01 OCAK 2024-31 ARALIK 2024 DÖNEMİNE AİT NAKİT AKIŞ TABLOSU ‖ 2025/03 raporu KAP’ta yok,,BELGE_YOK,— | 0.000 | —,2025/03 raporu KAP’ta yok ‖ KAP 1394874 2024/12 cari ‖ 2025/03 raporu KAP’ta yok,,BELGE_YOK,— | — | —,2025/03 raporu KAP’ta yok ‖ KAP 1394874 2024/12 cari · PDF’te XBRL dışı satır: Müşteri Sözleşmelerinden Hasılat ile TFRS-16 Kiralamalar standartlarındaki değişiklikler ile birlikte 15 Nisan 2019 ‖ 2025/03 raporu KAP’ta yok,BELGE_YOK
KSTUR,Standart,2025/06,,BELGE_YOK,— | 31.046 | —,2025/06 INDIRILMEDI ‖ KAP 1394874 2024/12 cari · PDF s.11 (mn TL): 01 OCAK 2024-31 ARALIK 2024 DÖNEMİNE AİT NAKİT AKIŞ TABLOSU ‖ 2025/06 INDIRILMEDI,,BELGE_YOK,— | -30.955 | —,2025/06 INDIRILMEDI ‖ KAP 1394874 2024/12 cari · PDF s.11 (mn TL): 01 OCAK 2024-31 ARALIK 2024 DÖNEMİNE AİT NAKİT AKIŞ TABLOSU ‖ 2025/06 INDIRILMEDI,,BELGE_YOK,— | 0.000 | —,2025/06 INDIRILMEDI ‖ KAP 1394874 2024/12 cari ‖ 2025/06 INDIRILMEDI,,BELGE_YOK,— | — | —,2025/06 INDIRILMEDI ‖ KAP 1394874 2024/12 cari · PDF’te XBRL dışı satır: Müşteri Sözleşmelerinden Hasılat ile TFRS-16 Kiralamalar standartlarındaki değişiklikler ile birlikte 15 Nisan 2019 ‖ 2025/06 INDIRILMEDI,BELGE_YOK
KSTUR,Standart,2025/09,,BELGE_YOK,— | 31.046 | —,2025/09 raporu KAP’ta yok ‖ KAP 1394874 2024/12 cari · PDF s.11 (mn TL): 01 OCAK 2024-31 ARALIK 2024 DÖNEMİNE AİT NAKİT AKIŞ TABLOSU ‖ 2025/09 raporu KAP’ta yok,,BELGE_YOK,— | -30.955 | —,2025/09 raporu KAP’ta yok ‖ KAP 1394874 2024/12 cari · PDF s.11 (mn TL): 01 OCAK 2024-31 ARALIK 2024 DÖNEMİNE AİT NAKİT AKIŞ TABLOSU ‖ 2025/09 raporu KAP’ta yok,,BELGE_YOK,— | 0.000 | —,2025/09 raporu KAP’ta yok ‖ KAP 1394874 2024/12 cari ‖ 2025/09 raporu KAP’ta yok,,BELGE_YOK,— | — | —,2025/09 raporu KAP’ta yok ‖ KAP 1394874 2024/12 cari · PDF’te XBRL dışı satır: Müşteri Sözleşmelerinden Hasılat ile TFRS-16 Kiralamalar standartlarındaki değişiklikler ile birlikte 15 Nisan 2019 ‖ 2025/09 raporu KAP’ta yok,BELGE_YOK
KSTUR,Standart,2025/12,,BELGE_YOK,—,2025/12 INDIRILMEDI,,BELGE_YOK,—,2025/12 INDIRILMEDI,,BELGE_YOK,—,2025/12 INDIRILMEDI,,BELGE_YOK,—,2025/12 INDIRILMEDI,BELGE_YOK
KSTUR,Standart,2026/03,,BELGE_YOK,— | — | —,2026/03 raporu KAP’ta yok ‖ 2025/12 INDIRILMEDI ‖ 2026/03 raporu KAP’ta yok,,BELGE_YOK,— | — | —,2026/03 raporu KAP’ta yok ‖ 2025/12 INDIRILMEDI ‖ 2026/03 raporu KAP’ta yok,,BELGE_YOK,— | — | —,2026/03 raporu KAP’ta yok ‖ 2025/12 INDIRILMEDI ‖ 2026/03 raporu KAP’ta yok,,BELGE_YOK,— | — | —,2026/03 raporu KAP’ta yok ‖ 2025/12 INDIRILMEDI ‖ 2026/03 raporu KAP’ta yok,BELGE_YOK
KSTUR,Standart,2026/06,,BELGE_YOK,— | — | —,2026/06 INDIRILMEDI ‖ 2025/12 INDIRILMEDI ‖ 2026/06 INDIRILMEDI,,BELGE_YOK,— | — | —,2026/06 INDIRILMEDI ‖ 2025/12 INDIRILMEDI ‖ 2026/06 INDIRILMEDI,,BELGE_YOK,— | — | —,2026/06 INDIRILMEDI ‖ 2025/12 INDIRILMEDI ‖ 2026/06 INDIRILMEDI,,BELGE_YOK,— | — | —,2026/06 INDIRILMEDI ‖ 2025/12 INDIRILMEDI ‖ 2026/06 INDIRILMEDI,BELGE_YOK
KUVVA,Standart,2026/03,,BELGE_YOK,— | — | —,2026/03 INDIRILMEDI ‖ 2025/12 INDIRILMEDI ‖ 2026/03 INDIRILMEDI,,BELGE_YOK,— | — | —,2026/03 INDIRILMEDI ‖ 2025/12 INDIRILMEDI ‖ 2026/03 INDIRILMEDI,,BELGE_YOK,— | — | —,2026/03 INDIRILMEDI ‖ 2025/12 INDIRILMEDI ‖ 2026/03 INDIRILMEDI,,BELGE_YOK,— | — | —,2026/03 INDIRILMEDI ‖ 2025/12 INDIRILMEDI ‖ 2026/03 INDIRILMEDI,BELGE_YOK
KUVVA,Standart,2026/06,,BELGE_YOK,— | — | —,2026/06 INDIRILMEDI ‖ 2025/12 INDIRILMEDI ‖ 2026/06 INDIRILMEDI,,BELGE_YOK,— | — | —,2026/06 INDIRILMEDI ‖ 2025/12 INDIRILMEDI ‖ 2026/06 INDIRILMEDI,,BELGE_YOK,— | — | —,2026/06 INDIRILMEDI ‖ 2025/12 INDIRILMEDI ‖ 2026/06 INDIRILMEDI,,BELGE_YOK,— | — | —,2026/06 INDIRILMEDI ‖ 2025/12 INDIRILMEDI ‖ 2026/06 INDIRILMEDI,BELGE_YOK
LILAK,Standart,2026/06,,BELGE_YOK,— | — | —,2026/06 INDIRILMEDI ‖ 2025/12 INDIRILMEDI ‖ 2026/06 INDIRILMEDI,,BELGE_YOK,— | — | —,2026/06 INDIRILMEDI ‖ 2025/12 INDIRILMEDI ‖ 2026/06 INDIRILMEDI,,BELGE_YOK,— | — | —,2026/06 INDIRILMEDI ‖ 2025/12 INDIRILMEDI ‖ 2026/06 INDIRILMEDI,,BELGE_YOK,— | — | —,2026/06 INDIRILMEDI ‖ 2025/12 INDIRILMEDI ‖ 2026/06 INDIRILMEDI,BELGE_YOK
LMKDC,Standart,2026/03,,BELGE_YOK,— | — | —,2026/03 INDIRILMEDI ‖ 2025/12 INDIRILMEDI ‖ 2026/03 INDIRILMEDI,,BELGE_YOK,— | — | —,2026/03 INDIRILMEDI ‖ 2025/12 INDIRILMEDI ‖ 2026/03 INDIRILMEDI,,BELGE_YOK,— | — | —,2026/03 INDIRILMEDI ‖ 2025/12 INDIRILMEDI ‖ 2026/03 INDIRILMEDI,,BELGE_YOK,— | — | —,2026/03 INDIRILMEDI ‖ 2025/12 INDIRILMEDI ‖ 2026/03 INDIRILMEDI,BELGE_YOK
LMKDC,Standart,2026/06,,BELGE_YOK,— | — | —,2026/06 INDIRILMEDI ‖ 2025/12 INDIRILMEDI ‖ 2026/06 INDIRILMEDI,,BELGE_YOK,— | — | —,2026/06 INDIRILMEDI ‖ 2025/12 INDIRILMEDI ‖ 2026/06 INDIRILMEDI,,BELGE_YOK,— | — | —,2026/06 INDIRILMEDI ‖ 2025/12 INDIRILMEDI ‖ 2026/06 INDIRILMEDI,,BELGE_YOK,— | — | —,2026/06 INDIRILMEDI ‖ 2025/12 INDIRILMEDI ‖ 2026/06 INDIRILMEDI,BELGE_YOK
LUKSK,Standart,2026/03,,BELGE_YOK,— | — | —,2026/03 INDIRILMEDI ‖ 2025/12 INDIRILMEDI ‖ 2026/03 INDIRILMEDI,,BELGE_YOK,— | — | —,2026/03 INDIRILMEDI ‖ 2025/12 INDIRILMEDI ‖ 2026/03 INDIRILMEDI,,BELGE_YOK,— | — | —,2026/03 INDIRILMEDI ‖ 2025/12 INDIRILMEDI ‖ 2026/03 INDIRILMEDI,,BELGE_YOK,— | — | —,2026/03 INDIRILMEDI ‖ 2025/12 INDIRILMEDI ‖ 2026/03 INDIRILMEDI,BELGE_YOK
LUKSK,Standart,2026/06,,BELGE_YOK,— | — | —,2026/06 INDIRILMEDI ‖ 2025/12 INDIRILMEDI ‖ 2026/06 INDIRILMEDI,,BELGE_YOK,— | — | —,2026/06 INDIRILMEDI ‖ 2025/12 INDIRILMEDI ‖ 2026/06 INDIRILMEDI,,BELGE_YOK,— | — | —,2026/06 INDIRILMEDI ‖ 2025/12 INDIRILMEDI ‖ 2026/06 INDIRILMEDI,,BELGE_YOK,— | — | —,2026/06 INDIRILMEDI ‖ 2025/12 INDIRILMEDI ‖ 2026/06 INDIRILMEDI,BELGE_YOK
LYDHO,Standart,2025/03,,BELGE_YOK,— | 2070.228 | —,2025/03 INDIRILMEDI ‖ KAP 1404481 2024/12 cari · PDF s.11 (TL): A. İŞLETME FAALİYETLERDEN NAKİT AKIŞLARI 2.070.227.536 (136.995.232) ‖ 2025/03 INDIRILMEDI,,BELGE_YOK,— | -11.741 | —,2025/03 INDIRILMEDI ‖ KAP 1404481 2024/12 cari · PDF s.11 (TL): 13-14 (11.741.246) (8.437.714) ‖ 2025/03 INDIRILMEDI,,BELGE_YOK,— | 0.000 | —,2025/03 INDIRILMEDI ‖ KAP 1404481 2024/12 cari ‖ 2025/03 INDIRILMEDI,,BELGE_YOK,— | 0.000 | —,2025/03 INDIRILMEDI ‖ KAP 1404481 2024/12 cari ‖ 2025/03 INDIRILMEDI,BELGE_YOK
LYDHO,Standart,2025/06,,BELGE_YOK,— | 2070.228 | —,2025/06 INDIRILMEDI ‖ KAP 1404481 2024/12 cari · PDF s.11 (TL): A. İŞLETME FAALİYETLERDEN NAKİT AKIŞLARI 2.070.227.536 (136.995.232) ‖ 2025/06 INDIRILMEDI,,BELGE_YOK,— | -11.741 | —,2025/06 INDIRILMEDI ‖ KAP 1404481 2024/12 cari · PDF s.11 (TL): 13-14 (11.741.246) (8.437.714) ‖ 2025/06 INDIRILMEDI,,BELGE_YOK,— | 0.000 | —,2025/06 INDIRILMEDI ‖ KAP 1404481 2024/12 cari ‖ 2025/06 INDIRILMEDI,,BELGE_YOK,— | 0.000 | —,2025/06 INDIRILMEDI ‖ KAP 1404481 2024/12 cari ‖ 2025/06 INDIRILMEDI,BELGE_YOK
LYDHO,Standart,2025/09,,BELGE_YOK,— | 2070.228 | —,2025/09 INDIRILMEDI ‖ KAP 1404481 2024/12 cari · PDF s.11 (TL): A. İŞLETME FAALİYETLERDEN NAKİT AKIŞLARI 2.070.227.536 (136.995.232) ‖ 2025/09 INDIRILMEDI,,BELGE_YOK,— | -11.741 | —,2025/09 INDIRILMEDI ‖ KAP 1404481 2024/12 cari · PDF s.11 (TL): 13-14 (11.741.246) (8.437.714) ‖ 2025/09 INDIRILMEDI,,BELGE_YOK,— | 0.000 | —,2025/09 INDIRILMEDI ‖ KAP 1404481 2024/12 cari ‖ 2025/09 INDIRILMEDI,,BELGE_YOK,— | 0.000 | —,2025/09 INDIRILMEDI ‖ KAP 1404481 2024/12 cari ‖ 2025/09 INDIRILMEDI,BELGE_YOK
LYDHO,Standart,2026/06,,BELGE_YOK,— | — | —,2026/06 INDIRILMEDI ‖ 2025/12 INDIRILMEDI ‖ 2026/06 INDIRILMEDI,,BELGE_YOK,— | — | —,2026/06 INDIRILMEDI ‖ 2025/12 INDIRILMEDI ‖ 2026/06 INDIRILMEDI,,BELGE_YOK,— | — | —,2026/06 INDIRILMEDI ‖ 2025/12 INDIRILMEDI ‖ 2026/06 INDIRILMEDI,,BELGE_YOK,— | — | —,2026/06 INDIRILMEDI ‖ 2025/12 INDIRILMEDI ‖ 2026/06 INDIRILMEDI,BELGE_YOK
LYDYE,Standart,2025/06,,BELGE_YOK,— | 57.591 | —,2025/06 INDIRILMEDI ‖ KAP 1395842 2024/12 cari · PDF s.11 (TL): A. İŞLETME FAALİYETLERDEN NAKİT AKIŞLARI 57.590.537 (13.619.977) ‖ 2025/06 INDIRILMEDI,,BELGE_YOK,— | -0.161 | —,2025/06 INDIRILMEDI ‖ KAP 1395842 2024/12 cari · PDF s.11 (TL): 12-13 (161.310) (6.694.295) ‖ 2025/06 INDIRILMEDI,,BELGE_YOK,— | 0.000 | —,2025/06 INDIRILMEDI ‖ KAP 1395842 2024/12 cari ‖ 2025/06 INDIRILMEDI,,BELGE_YOK,— | 0.000 | —,2025/06 INDIRILMEDI ‖ KAP 1395842 2024/12 cari ‖ 2025/06 INDIRILMEDI,BELGE_YOK
LYDYE,Standart,2026/03,,BELGE_YOK,— | — | —,2026/03 INDIRILMEDI ‖ 2025/12 INDIRILMEDI ‖ 2026/03 INDIRILMEDI,,BELGE_YOK,— | — | —,2026/03 INDIRILMEDI ‖ 2025/12 INDIRILMEDI ‖ 2026/03 INDIRILMEDI,,BELGE_YOK,— | — | —,2026/03 INDIRILMEDI ‖ 2025/12 INDIRILMEDI ‖ 2026/03 INDIRILMEDI,,BELGE_YOK,— | — | —,2026/03 INDIRILMEDI ‖ 2025/12 INDIRILMEDI ‖ 2026/03 INDIRILMEDI,BELGE_YOK
LYDYE,Standart,2026/06,,BELGE_YOK,— | — | —,2026/06 INDIRILMEDI ‖ 2025/12 INDIRILMEDI ‖ 2026/06 INDIRILMEDI,,BELGE_YOK,— | — | —,2026/06 INDIRILMEDI ‖ 2025/12 INDIRILMEDI ‖ 2026/06 INDIRILMEDI,,BELGE_YOK,— | — | —,2026/06 INDIRILMEDI ‖ 2025/12 INDIRILMEDI ‖ 2026/06 INDIRILMEDI,,BELGE_YOK,— | — | —,2026/06 INDIRILMEDI ‖ 2025/12 INDIRILMEDI ‖ 2026/06 INDIRILMEDI,BELGE_YOK
MACKO,Standart,2026/03,,BELGE_YOK,— | — | —,2026/03 INDIRILMEDI ‖ 2025/12 INDIRILMEDI ‖ 2026/03 INDIRILMEDI,,BELGE_YOK,— | — | —,2026/03 INDIRILMEDI ‖ 2025/12 INDIRILMEDI ‖ 2026/03 INDIRILMEDI,,BELGE_YOK,— | — | —,2026/03 INDIRILMEDI ‖ 2025/12 INDIRILMEDI ‖ 2026/03 INDIRILMEDI,,BELGE_YOK,— | — | —,2026/03 INDIRILMEDI ‖ 2025/12 INDIRILMEDI ‖ 2026/03 INDIRILMEDI,BELGE_YOK
MACKO,Standart,2026/06,,BELGE_YOK,— | — | —,2026/06 INDIRILMEDI ‖ 2025/12 INDIRILMEDI ‖ 2026/06 INDIRILMEDI,,BELGE_YOK,— | — | —,2026/06 INDIRILMEDI ‖ 2025/12 INDIRILMEDI ‖ 2026/06 INDIRILMEDI,,BELGE_YOK,— | — | —,2026/06 INDIRILMEDI ‖ 2025/12 INDIRILMEDI ‖ 2026/06 INDIRILMEDI,,BELGE_YOK,— | — | —,2026/06 INDIRILMEDI ‖ 2025/12 INDIRILMEDI ‖ 2026/06 INDIRILMEDI,BELGE_YOK
MANAS,Standart,2026/06,,BELGE_YOK,— | — | —,2026/06 INDIRILMEDI ‖ 2025/12 INDIRILMEDI ‖ 2026/06 INDIRILMEDI,,BELGE_YOK,— | — | —,2026/06 INDIRILMEDI ‖ 2025/12 INDIRILMEDI ‖ 2026/06 INDIRILMEDI,,BELGE_YOK,— | — | —,2026/06 INDIRILMEDI ‖ 2025/12 INDIRILMEDI ‖ 2026/06 INDIRILMEDI,,BELGE_YOK,— | — | —,2026/06 INDIRILMEDI ‖ 2025/12 INDIRILMEDI ‖ 2026/06 INDIRILMEDI,BELGE_YOK
MARKA,Holding,2025/03,,BELGE_YOK,— | — | —,2025/03 raporu KAP’ta yok ‖ 2024/12 raporu KAP’ta yok ‖ 2025/03 raporu KAP’ta yok,,BELGE_YOK,— | — | —,2025/03 raporu KAP’ta yok ‖ 2024/12 raporu KAP’ta yok ‖ 2025/03 raporu KAP’ta yok,,BELGE_YOK,— | — | —,2025/03 raporu KAP’ta yok ‖ 2024/12 raporu KAP’ta yok ‖ 2025/03 raporu KAP’ta yok,,BELGE_YOK,— | — | —,2025/03 raporu KAP’ta yok ‖ 2024/12 raporu KAP’ta yok ‖ 2025/03 raporu KAP’ta yok,BELGE_YOK
MARKA,Holding,2025/06,,BELGE_YOK,— | — | —,2025/06 raporu KAP’ta yok ‖ 2024/12 raporu KAP’ta yok ‖ 2025/06 raporu KAP’ta yok,,BELGE_YOK,— | — | —,2025/06 raporu KAP’ta yok ‖ 2024/12 raporu KAP’ta yok ‖ 2025/06 raporu KAP’ta yok,,BELGE_YOK,— | — | —,2025/06 raporu KAP’ta yok ‖ 2024/12 raporu KAP’ta yok ‖ 2025/06 raporu KAP’ta yok,,BELGE_YOK,— | — | —,2025/06 raporu KAP’ta yok ‖ 2024/12 raporu KAP’ta yok ‖ 2025/06 raporu KAP’ta yok,BELGE_YOK
MARKA,Holding,2025/09,,BELGE_YOK,— | — | —,2025/09 raporu KAP’ta yok ‖ 2024/12 raporu KAP’ta yok ‖ 2025/09 raporu KAP’ta yok,,BELGE_YOK,— | — | —,2025/09 raporu KAP’ta yok ‖ 2024/12 raporu KAP’ta yok ‖ 2025/09 raporu KAP’ta yok,,BELGE_YOK,— | — | —,2025/09 raporu KAP’ta yok ‖ 2024/12 raporu KAP’ta yok ‖ 2025/09 raporu KAP’ta yok,,BELGE_YOK,— | — | —,2025/09 raporu KAP’ta yok ‖ 2024/12 raporu KAP’ta yok ‖ 2025/09 raporu KAP’ta yok,BELGE_YOK
MARKA,Holding,2026/03,,BELGE_YOK,— | — | —,2026/03 raporu KAP’ta yok ‖ 2025/12 raporu KAP’ta yok ‖ 2026/03 raporu KAP’ta yok,,BELGE_YOK,— | — | —,2026/03 raporu KAP’ta yok ‖ 2025/12 raporu KAP’ta yok ‖ 2026/03 raporu KAP’ta yok,,BELGE_YOK,— | — | —,2026/03 raporu KAP’ta yok ‖ 2025/12 raporu KAP’ta yok ‖ 2026/03 raporu KAP’ta yok,,BELGE_YOK,— | — | —,2026/03 raporu KAP’ta yok ‖ 2025/12 raporu KAP’ta yok ‖ 2026/03 raporu KAP’ta yok,BELGE_YOK
MARKA,Holding,2026/06,,BELGE_YOK,— | — | —,2026/06 raporu KAP’ta yok ‖ 2025/12 raporu KAP’ta yok ‖ 2026/06 raporu KAP’ta yok,,BELGE_YOK,— | — | —,2026/06 raporu KAP’ta yok ‖ 2025/12 raporu KAP’ta yok ‖ 2026/06 raporu KAP’ta yok,,BELGE_YOK,— | — | —,2026/06 raporu KAP’ta yok ‖ 2025/12 raporu KAP’ta yok ‖ 2026/06 raporu KAP’ta yok,,BELGE_YOK,— | — | —,2026/06 raporu KAP’ta yok ‖ 2025/12 raporu KAP’ta yok ‖ 2026/06 raporu KAP’ta yok,BELGE_YOK
MARMR,Holding,2025/03,,BELGE_YOK,— | — | —,2025/03 raporu KAP’ta yok ‖ 2024/12 raporu KAP’ta yok ‖ 2025/03 raporu KAP’ta yok,,BELGE_YOK,— | — | —,2025/03 raporu KAP’ta yok ‖ 2024/12 raporu KAP’ta yok ‖ 2025/03 raporu KAP’ta yok,,BELGE_YOK,— | — | —,2025/03 raporu KAP’ta yok ‖ 2024/12 raporu KAP’ta yok ‖ 2025/03 raporu KAP’ta yok,,BELGE_YOK,— | — | —,2025/03 raporu KAP’ta yok ‖ 2024/12 raporu KAP’ta yok ‖ 2025/03 raporu KAP’ta yok,BELGE_YOK
MARMR,Holding,2025/06,,BELGE_YOK,— | — | —,2025/06 raporu KAP’ta yok ‖ 2024/12 raporu KAP’ta yok ‖ 2025/06 raporu KAP’ta yok,,BELGE_YOK,— | — | —,2025/06 raporu KAP’ta yok ‖ 2024/12 raporu KAP’ta yok ‖ 2025/06 raporu KAP’ta yok,,BELGE_YOK,— | — | —,2025/06 raporu KAP’ta yok ‖ 2024/12 raporu KAP’ta yok ‖ 2025/06 raporu KAP’ta yok,,BELGE_YOK,— | — | —,2025/06 raporu KAP’ta yok ‖ 2024/12 raporu KAP’ta yok ‖ 2025/06 raporu KAP’ta yok,BELGE_YOK
MARMR,Holding,2025/09,,BELGE_YOK,— | — | —,2025/09 INDIRILMEDI ‖ 2024/12 raporu KAP’ta yok ‖ 2025/09 INDIRILMEDI,,BELGE_YOK,— | — | —,2025/09 INDIRILMEDI ‖ 2024/12 raporu KAP’ta yok ‖ 2025/09 INDIRILMEDI,,BELGE_YOK,— | — | —,2025/09 INDIRILMEDI ‖ 2024/12 raporu KAP’ta yok ‖ 2025/09 INDIRILMEDI,,BELGE_YOK,— | — | —,2025/09 INDIRILMEDI ‖ 2024/12 raporu KAP’ta yok ‖ 2025/09 INDIRILMEDI,BELGE_YOK
MARMR,Holding,2026/03,,BELGE_YOK,— | — | —,2026/03 INDIRILMEDI ‖ 2025/12 INDIRILMEDI ‖ 2026/03 INDIRILMEDI,,BELGE_YOK,— | — | —,2026/03 INDIRILMEDI ‖ 2025/12 INDIRILMEDI ‖ 2026/03 INDIRILMEDI,,BELGE_YOK,— | — | —,2026/03 INDIRILMEDI ‖ 2025/12 INDIRILMEDI ‖ 2026/03 INDIRILMEDI,,BELGE_YOK,— | — | —,2026/03 INDIRILMEDI ‖ 2025/12 INDIRILMEDI ‖ 2026/03 INDIRILMEDI,BELGE_YOK
MARMR,Holding,2026/06,,BELGE_YOK,— | — | —,2026/06 INDIRILMEDI ‖ 2025/12 INDIRILMEDI ‖ 2026/06 INDIRILMEDI,,BELGE_YOK,— | — | —,2026/06 INDIRILMEDI ‖ 2025/12 INDIRILMEDI ‖ 2026/06 INDIRILMEDI,,BELGE_YOK,— | — | —,2026/06 INDIRILMEDI ‖ 2025/12 INDIRILMEDI ‖ 2026/06 INDIRILMEDI,,BELGE_YOK,— | — | —,2026/06 INDIRILMEDI ‖ 2025/12 INDIRILMEDI ‖ 2026/06 INDIRILMEDI,BELGE_YOK
MCARD,Standart,2025/03,,BELGE_YOK,— | — | —,2025/03 raporu KAP’ta yok ‖ 2024/12 raporu KAP’ta yok ‖ 2025/03 raporu KAP’ta yok,,BELGE_YOK,— | — | —,2025/03 raporu KAP’ta yok ‖ 2024/12 raporu KAP’ta yok ‖ 2025/03 raporu KAP’ta yok,,BELGE_YOK,— | — | —,2025/03 raporu KAP’ta yok ‖ 2024/12 raporu KAP’ta yok ‖ 2025/03 raporu KAP’ta yok,,BELGE_YOK,— | — | —,2025/03 raporu KAP’ta yok ‖ 2024/12 raporu KAP’ta yok ‖ 2025/03 raporu KAP’ta yok,BELGE_YOK
MCARD,Standart,2025/06,,BELGE_YOK,— | — | —,2025/06 raporu KAP’ta yok ‖ 2024/12 raporu KAP’ta yok ‖ 2025/06 raporu KAP’ta yok,,BELGE_YOK,— | — | —,2025/06 raporu KAP’ta yok ‖ 2024/12 raporu KAP’ta yok ‖ 2025/06 raporu KAP’ta yok,,BELGE_YOK,— | — | —,2025/06 raporu KAP’ta yok ‖ 2024/12 raporu KAP’ta yok ‖ 2025/06 raporu KAP’ta yok,,BELGE_YOK,— | — | —,2025/06 raporu KAP’ta yok ‖ 2024/12 raporu KAP’ta yok ‖ 2025/06 raporu KAP’ta yok,BELGE_YOK
MCARD,Standart,2026/03,,BELGE_YOK,— | — | —,2026/03 INDIRILMEDI ‖ 2025/12 raporu KAP’ta yok ‖ 2026/03 INDIRILMEDI,,BELGE_YOK,— | — | —,2026/03 INDIRILMEDI ‖ 2025/12 raporu KAP’ta yok ‖ 2026/03 INDIRILMEDI,,BELGE_YOK,— | — | —,2026/03 INDIRILMEDI ‖ 2025/12 raporu KAP’ta yok ‖ 2026/03 INDIRILMEDI,,BELGE_YOK,— | — | —,2026/03 INDIRILMEDI ‖ 2025/12 raporu KAP’ta yok ‖ 2026/03 INDIRILMEDI,BELGE_YOK
MCARD,Standart,2026/06,,BELGE_YOK,— | — | —,2026/06 INDIRILMEDI ‖ 2025/12 raporu KAP’ta yok ‖ 2026/06 INDIRILMEDI,,BELGE_YOK,— | — | —,2026/06 INDIRILMEDI ‖ 2025/12 raporu KAP’ta yok ‖ 2026/06 INDIRILMEDI,,BELGE_YOK,— | — | —,2026/06 INDIRILMEDI ‖ 2025/12 raporu KAP’ta yok ‖ 2026/06 INDIRILMEDI,,BELGE_YOK,— | — | —,2026/06 INDIRILMEDI ‖ 2025/12 raporu KAP’ta yok ‖ 2026/06 INDIRILMEDI,BELGE_YOK
MEDTR,Standart,2025/03,,BELGE_YOK,— | 596.436 | —,2025/03 INDIRILMEDI ‖ KAP 1401657 2024/12 cari · PDF s.12 (TL): A. ESAS FAALİYETLERDEN NAKİT AKIŞLARI 596.436.259 801.020.007 ‖ 2025/03 INDIRILMEDI,,BELGE_YOK,— | -201.323 | —,2025/03 INDIRILMEDI ‖ KAP 1401657 2024/12 cari · PDF s.12 (TL): Maddi ve Maddi Olmayan Duran Varlıkların Alımından Kaynaklanan Nakit Çıkışları (201.322.513) (299.695.433) ‖ 2025/03 INDIRILMEDI,,BELGE_YOK,— | — | —,2025/03 INDIRILMEDI ‖ KAP 1401657 2024/12 cari · PDF’te XBRL dışı satır: -Yatırım Amaçlı Gayrimenkullerin Gerçeğe Uygun Değer Kayıpları (Kazançları) ile İlgili Düzeltmeler (1.518.642) (13.437.025) ‖ 2025/03 INDIRILMEDI,,BELGE_YOK,— | 0.000 | —,2025/03 INDIRILMEDI ‖ KAP 1401657 2024/12 cari ‖ 2025/03 INDIRILMEDI,BELGE_YOK
MEDTR,Standart,2025/06,,BELGE_YOK,— | 596.436 | —,2025/06 INDIRILMEDI ‖ KAP 1401657 2024/12 cari · PDF s.12 (TL): A. ESAS FAALİYETLERDEN NAKİT AKIŞLARI 596.436.259 801.020.007 ‖ 2025/06 INDIRILMEDI,,BELGE_YOK,— | -201.323 | —,2025/06 INDIRILMEDI ‖ KAP 1401657 2024/12 cari · PDF s.12 (TL): Maddi ve Maddi Olmayan Duran Varlıkların Alımından Kaynaklanan Nakit Çıkışları (201.322.513) (299.695.433) ‖ 2025/06 INDIRILMEDI,,BELGE_YOK,— | — | —,2025/06 INDIRILMEDI ‖ KAP 1401657 2024/12 cari · PDF’te XBRL dışı satır: -Yatırım Amaçlı Gayrimenkullerin Gerçeğe Uygun Değer Kayıpları (Kazançları) ile İlgili Düzeltmeler (1.518.642) (13.437.025) ‖ 2025/06 INDIRILMEDI,,BELGE_YOK,— | 0.000 | —,2025/06 INDIRILMEDI ‖ KAP 1401657 2024/12 cari ‖ 2025/06 INDIRILMEDI,BELGE_YOK
MEDTR,Standart,2025/09,,BELGE_YOK,— | 596.436 | —,2025/09 INDIRILMEDI ‖ KAP 1401657 2024/12 cari · PDF s.12 (TL): A. ESAS FAALİYETLERDEN NAKİT AKIŞLARI 596.436.259 801.020.007 ‖ 2025/09 INDIRILMEDI,,BELGE_YOK,— | -201.323 | —,2025/09 INDIRILMEDI ‖ KAP 1401657 2024/12 cari · PDF s.12 (TL): Maddi ve Maddi Olmayan Duran Varlıkların Alımından Kaynaklanan Nakit Çıkışları (201.322.513) (299.695.433) ‖ 2025/09 INDIRILMEDI,,BELGE_YOK,— | — | —,2025/09 INDIRILMEDI ‖ KAP 1401657 2024/12 cari · PDF’te XBRL dışı satır: -Yatırım Amaçlı Gayrimenkullerin Gerçeğe Uygun Değer Kayıpları (Kazançları) ile İlgili Düzeltmeler (1.518.642) (13.437.025) ‖ 2025/09 INDIRILMEDI,,BELGE_YOK,— | 0.000 | —,2025/09 INDIRILMEDI ‖ KAP 1401657 2024/12 cari ‖ 2025/09 INDIRILMEDI,BELGE_YOK
MEDTR,Standart,2025/12,,BELGE_YOK,—,2025/12 INDIRILMEDI,,BELGE_YOK,—,2025/12 INDIRILMEDI,,BELGE_YOK,—,2025/12 INDIRILMEDI,,BELGE_YOK,—,2025/12 INDIRILMEDI,BELGE_YOK
MEDTR,Standart,2026/03,,BELGE_YOK,— | — | —,2026/03 INDIRILMEDI ‖ 2025/12 INDIRILMEDI ‖ 2026/03 INDIRILMEDI,,BELGE_YOK,— | — | —,2026/03 INDIRILMEDI ‖ 2025/12 INDIRILMEDI ‖ 2026/03 INDIRILMEDI,,BELGE_YOK,— | — | —,2026/03 INDIRILMEDI ‖ 2025/12 INDIRILMEDI ‖ 2026/03 INDIRILMEDI,,BELGE_YOK,— | — | —,2026/03 INDIRILMEDI ‖ 2025/12 INDIRILMEDI ‖ 2026/03 INDIRILMEDI,BELGE_YOK
MEDTR,Standart,2026/06,,BELGE_YOK,— | — | —,2026/06 INDIRILMEDI ‖ 2025/12 INDIRILMEDI ‖ 2026/06 INDIRILMEDI,,BELGE_YOK,— | — | —,2026/06 INDIRILMEDI ‖ 2025/12 INDIRILMEDI ‖ 2026/06 INDIRILMEDI,,BELGE_YOK,— | — | —,2026/06 INDIRILMEDI ‖ 2025/12 INDIRILMEDI ‖ 2026/06 INDIRILMEDI,,BELGE_YOK,— | — | —,2026/06 INDIRILMEDI ‖ 2025/12 INDIRILMEDI ‖ 2026/06 INDIRILMEDI,BELGE_YOK
MEGAP,Standart,2025/03,,BELGE_YOK,— | 109.288 | —,2025/03 INDIRILMEDI ‖ KAP 1397704 2024/12 cari · PDF_YOK ‖ 2025/03 INDIRILMEDI,,BELGE_YOK,— | -122.944 | —,2025/03 INDIRILMEDI ‖ KAP 1397704 2024/12 cari · PDF_YOK ‖ 2025/03 INDIRILMEDI,,BELGE_YOK,— | — | —,2025/03 INDIRILMEDI ‖ KAP 1397704 2024/12 cari · PDF_YOK ‖ 2025/03 INDIRILMEDI,,BELGE_YOK,— | 0.956 | —,2025/03 INDIRILMEDI ‖ KAP 1397704 2024/12 cari · PDF_YOK ‖ 2025/03 INDIRILMEDI,BELGE_YOK
MEGAP,Standart,2025/06,,BELGE_YOK,— | 109.288 | —,2025/06 INDIRILMEDI ‖ KAP 1397704 2024/12 cari · PDF_YOK ‖ 2025/06 INDIRILMEDI,,BELGE_YOK,— | -122.944 | —,2025/06 INDIRILMEDI ‖ KAP 1397704 2024/12 cari · PDF_YOK ‖ 2025/06 INDIRILMEDI,,BELGE_YOK,— | — | —,2025/06 INDIRILMEDI ‖ KAP 1397704 2024/12 cari · PDF_YOK ‖ 2025/06 INDIRILMEDI,,BELGE_YOK,— | 0.956 | —,2025/06 INDIRILMEDI ‖ KAP 1397704 2024/12 cari · PDF_YOK ‖ 2025/06 INDIRILMEDI,BELGE_YOK
MEGAP,Standart,2025/09,,BELGE_YOK,— | 109.288 | —,2025/09 INDIRILMEDI ‖ KAP 1397704 2024/12 cari · PDF_YOK ‖ 2025/09 INDIRILMEDI,,BELGE_YOK,— | -122.944 | —,2025/09 INDIRILMEDI ‖ KAP 1397704 2024/12 cari · PDF_YOK ‖ 2025/09 INDIRILMEDI,,BELGE_YOK,— | — | —,2025/09 INDIRILMEDI ‖ KAP 1397704 2024/12 cari · PDF_YOK ‖ 2025/09 INDIRILMEDI,,BELGE_YOK,— | 0.956 | —,2025/09 INDIRILMEDI ‖ KAP 1397704 2024/12 cari · PDF_YOK ‖ 2025/09 INDIRILMEDI,BELGE_YOK
MEGAP,Standart,2025/12,,BELGE_YOK,—,2025/12 INDIRILMEDI,,BELGE_YOK,—,2025/12 INDIRILMEDI,,BELGE_YOK,—,2025/12 INDIRILMEDI,,BELGE_YOK,—,2025/12 INDIRILMEDI,BELGE_YOK
MEGAP,Standart,2026/03,,BELGE_YOK,— | — | —,2026/03 INDIRILMEDI ‖ 2025/12 INDIRILMEDI ‖ 2026/03 INDIRILMEDI,,BELGE_YOK,— | — | —,2026/03 INDIRILMEDI ‖ 2025/12 INDIRILMEDI ‖ 2026/03 INDIRILMEDI,,BELGE_YOK,— | — | —,2026/03 INDIRILMEDI ‖ 2025/12 INDIRILMEDI ‖ 2026/03 INDIRILMEDI,,BELGE_YOK,— | — | —,2026/03 INDIRILMEDI ‖ 2025/12 INDIRILMEDI ‖ 2026/03 INDIRILMEDI,BELGE_YOK
MEGAP,Standart,2026/06,,BELGE_YOK,— | — | —,2026/06 raporu KAP’ta yok ‖ 2025/12 INDIRILMEDI ‖ 2026/06 raporu KAP’ta yok,,BELGE_YOK,— | — | —,2026/06 raporu KAP’ta yok ‖ 2025/12 INDIRILMEDI ‖ 2026/06 raporu KAP’ta yok,,BELGE_YOK,— | — | —,2026/06 raporu KAP’ta yok ‖ 2025/12 INDIRILMEDI ‖ 2026/06 raporu KAP’ta yok,,BELGE_YOK,— | — | —,2026/06 raporu KAP’ta yok ‖ 2025/12 INDIRILMEDI ‖ 2026/06 raporu KAP’ta yok,BELGE_YOK
MERCN,Standart,2025/09,,BELGE_YOK,— | 564.734 | —,2025/09 INDIRILMEDI ‖ KAP 1405291 2024/12 cari · PDF s.12 (TL): İŞLETME FAALİYETLERİNDEN NAKİT AKIŞLARI 564.734.367 21.363.220 ‖ 2025/09 INDIRILMEDI,,BELGE_YOK,— | -92.529 | —,2025/09 INDIRILMEDI ‖ KAP 1405291 2024/12 cari · PDF s.12 (TL): Maddi ve Maddi Olmayan Varlıkların Alımından Kaynaklanan Nakit Çıkışları 12 13 (92.528.902) (372.627.682) ‖ 2025/09 INDIRILMEDI,,BELGE_YOK,— | 0.000 | —,2025/09 INDIRILMEDI ‖ KAP 1405291 2024/12 cari ‖ 2025/09 INDIRILMEDI,,BELGE_YOK,— | -6.585 | —,2025/09 INDIRILMEDI ‖ KAP 1405291 2024/12 cari · PDF s.12 (TL): Kira Sözleşmelerinden Kaynaklanan Borç Ödemelerine İlişkin Nakit Çıkışlar 6 (6.585.000) (4.093.138) ‖ 2025/09 INDIRILMEDI,BELGE_YOK
MERCN,Standart,2026/03,,BELGE_YOK,— | — | —,2026/03 INDIRILMEDI ‖ 2025/12 INDIRILMEDI ‖ 2026/03 INDIRILMEDI,,BELGE_YOK,— | — | —,2026/03 INDIRILMEDI ‖ 2025/12 INDIRILMEDI ‖ 2026/03 INDIRILMEDI,,BELGE_YOK,— | — | —,2026/03 INDIRILMEDI ‖ 2025/12 INDIRILMEDI ‖ 2026/03 INDIRILMEDI,,BELGE_YOK,— | — | —,2026/03 INDIRILMEDI ‖ 2025/12 INDIRILMEDI ‖ 2026/03 INDIRILMEDI,BELGE_YOK
MERIT,Standart,2026/03,,BELGE_YOK,— | — | —,2026/03 INDIRILMEDI ‖ 2025/12 INDIRILMEDI ‖ 2026/03 INDIRILMEDI,,BELGE_YOK,— | — | —,2026/03 INDIRILMEDI ‖ 2025/12 INDIRILMEDI ‖ 2026/03 INDIRILMEDI,,BELGE_YOK,— | — | —,2026/03 INDIRILMEDI ‖ 2025/12 INDIRILMEDI ‖ 2026/03 INDIRILMEDI,,BELGE_YOK,— | — | —,2026/03 INDIRILMEDI ‖ 2025/12 INDIRILMEDI ‖ 2026/03 INDIRILMEDI,BELGE_YOK
MERKO,Standart,2025/03,,BELGE_YOK,— | — | —,2025/03 INDIRILMEDI ‖ 2024/12 INDIRILMEDI ‖ 2025/03 INDIRILMEDI,,BELGE_YOK,— | — | —,2025/03 INDIRILMEDI ‖ 2024/12 INDIRILMEDI ‖ 2025/03 INDIRILMEDI,,BELGE_YOK,— | — | —,2025/03 INDIRILMEDI ‖ 2024/12 INDIRILMEDI ‖ 2025/03 INDIRILMEDI,,BELGE_YOK,— | — | —,2025/03 INDIRILMEDI ‖ 2024/12 INDIRILMEDI ‖ 2025/03 INDIRILMEDI,BELGE_YOK
MERKO,Standart,2025/06,,BELGE_YOK,— | — | —,2025/06 INDIRILMEDI ‖ 2024/12 INDIRILMEDI ‖ 2025/06 INDIRILMEDI,,BELGE_YOK,— | — | —,2025/06 INDIRILMEDI ‖ 2024/12 INDIRILMEDI ‖ 2025/06 INDIRILMEDI,,BELGE_YOK,— | — | —,2025/06 INDIRILMEDI ‖ 2024/12 INDIRILMEDI ‖ 2025/06 INDIRILMEDI,,BELGE_YOK,— | — | —,2025/06 INDIRILMEDI ‖ 2024/12 INDIRILMEDI ‖ 2025/06 INDIRILMEDI,BELGE_YOK
MERKO,Standart,2025/09,,BELGE_YOK,— | — | —,2025/09 INDIRILMEDI ‖ 2024/12 INDIRILMEDI ‖ 2025/09 INDIRILMEDI,,BELGE_YOK,— | — | —,2025/09 INDIRILMEDI ‖ 2024/12 INDIRILMEDI ‖ 2025/09 INDIRILMEDI,,BELGE_YOK,— | — | —,2025/09 INDIRILMEDI ‖ 2024/12 INDIRILMEDI ‖ 2025/09 INDIRILMEDI,,BELGE_YOK,— | — | —,2025/09 INDIRILMEDI ‖ 2024/12 INDIRILMEDI ‖ 2025/09 INDIRILMEDI,BELGE_YOK
MERKO,Standart,2025/12,,BELGE_YOK,—,2025/12 INDIRILMEDI,,BELGE_YOK,—,2025/12 INDIRILMEDI,,BELGE_YOK,—,2025/12 INDIRILMEDI,,BELGE_YOK,—,2025/12 INDIRILMEDI,BELGE_YOK
METEN,Standart,2025/03,,BELGE_YOK,— | — | —,2025/03 raporu KAP’ta yok ‖ 2024/12 raporu KAP’ta yok ‖ 2025/03 raporu KAP’ta yok,,BELGE_YOK,— | — | —,2025/03 raporu KAP’ta yok ‖ 2024/12 raporu KAP’ta yok ‖ 2025/03 raporu KAP’ta yok,,BELGE_YOK,— | — | —,2025/03 raporu KAP’ta yok ‖ 2024/12 raporu KAP’ta yok ‖ 2025/03 raporu KAP’ta yok,,BELGE_YOK,— | — | —,2025/03 raporu KAP’ta yok ‖ 2024/12 raporu KAP’ta yok ‖ 2025/03 raporu KAP’ta yok,BELGE_YOK
METEN,Standart,2025/06,,BELGE_YOK,— | — | —,2025/06 raporu KAP’ta yok ‖ 2024/12 raporu KAP’ta yok ‖ 2025/06 raporu KAP’ta yok,,BELGE_YOK,— | — | —,2025/06 raporu KAP’ta yok ‖ 2024/12 raporu KAP’ta yok ‖ 2025/06 raporu KAP’ta yok,,BELGE_YOK,— | — | —,2025/06 raporu KAP’ta yok ‖ 2024/12 raporu KAP’ta yok ‖ 2025/06 raporu KAP’ta yok,,BELGE_YOK,— | — | —,2025/06 raporu KAP’ta yok ‖ 2024/12 raporu KAP’ta yok ‖ 2025/06 raporu KAP’ta yok,BELGE_YOK
METEN,Standart,2025/09,,BELGE_YOK,— | — | —,2025/09 raporu KAP’ta yok ‖ 2024/12 raporu KAP’ta yok ‖ 2025/09 raporu KAP’ta yok,,BELGE_YOK,— | — | —,2025/09 raporu KAP’ta yok ‖ 2024/12 raporu KAP’ta yok ‖ 2025/09 raporu KAP’ta yok,,BELGE_YOK,— | — | —,2025/09 raporu KAP’ta yok ‖ 2024/12 raporu KAP’ta yok ‖ 2025/09 raporu KAP’ta yok,,BELGE_YOK,— | — | —,2025/09 raporu KAP’ta yok ‖ 2024/12 raporu KAP’ta yok ‖ 2025/09 raporu KAP’ta yok,BELGE_YOK
METEN,Standart,2025/12,,BELGE_YOK,—,2025/12 INDIRILMEDI,,BELGE_YOK,—,2025/12 INDIRILMEDI,,BELGE_YOK,—,2025/12 INDIRILMEDI,,BELGE_YOK,—,2025/12 INDIRILMEDI,BELGE_YOK
METEN,Standart,2026/03,,BELGE_YOK,— | — | —,2026/03 raporu KAP’ta yok ‖ 2025/12 INDIRILMEDI ‖ 2026/03 raporu KAP’ta yok,,BELGE_YOK,— | — | —,2026/03 raporu KAP’ta yok ‖ 2025/12 INDIRILMEDI ‖ 2026/03 raporu KAP’ta yok,,BELGE_YOK,— | — | —,2026/03 raporu KAP’ta yok ‖ 2025/12 INDIRILMEDI ‖ 2026/03 raporu KAP’ta yok,,BELGE_YOK,— | — | —,2026/03 raporu KAP’ta yok ‖ 2025/12 INDIRILMEDI ‖ 2026/03 raporu KAP’ta yok,BELGE_YOK
METEN,Standart,2026/06,,BELGE_YOK,— | — | —,2026/06 INDIRILMEDI ‖ 2025/12 INDIRILMEDI ‖ 2026/06 INDIRILMEDI,,BELGE_YOK,— | — | —,2026/06 INDIRILMEDI ‖ 2025/12 INDIRILMEDI ‖ 2026/06 INDIRILMEDI,,BELGE_YOK,— | — | —,2026/06 INDIRILMEDI ‖ 2025/12 INDIRILMEDI ‖ 2026/06 INDIRILMEDI,,BELGE_YOK,— | — | —,2026/06 INDIRILMEDI ‖ 2025/12 INDIRILMEDI ‖ 2026/06 INDIRILMEDI,BELGE_YOK
MEYSU,Standart,2025/03,,BELGE_YOK,— | — | —,2025/03 raporu KAP’ta yok ‖ 2024/12 raporu KAP’ta yok ‖ 2025/03 raporu KAP’ta yok,,BELGE_YOK,— | — | —,2025/03 raporu KAP’ta yok ‖ 2024/12 raporu KAP’ta yok ‖ 2025/03 raporu KAP’ta yok,,BELGE_YOK,— | — | —,2025/03 raporu KAP’ta yok ‖ 2024/12 raporu KAP’ta yok ‖ 2025/03 raporu KAP’ta yok,,BELGE_YOK,— | — | —,2025/03 raporu KAP’ta yok ‖ 2024/12 raporu KAP’ta yok ‖ 2025/03 raporu KAP’ta yok,BELGE_YOK
MEYSU,Standart,2025/06,,BELGE_YOK,— | — | —,2025/06 raporu KAP’ta yok ‖ 2024/12 raporu KAP’ta yok ‖ 2025/06 raporu KAP’ta yok,,BELGE_YOK,— | — | —,2025/06 raporu KAP’ta yok ‖ 2024/12 raporu KAP’ta yok ‖ 2025/06 raporu KAP’ta yok,,BELGE_YOK,— | — | —,2025/06 raporu KAP’ta yok ‖ 2024/12 raporu KAP’ta yok ‖ 2025/06 raporu KAP’ta yok,,BELGE_YOK,— | — | —,2025/06 raporu KAP’ta yok ‖ 2024/12 raporu KAP’ta yok ‖ 2025/06 raporu KAP’ta yok,BELGE_YOK
MIATK,Standart,2025/09,,BELGE_YOK,— | 864.388 | —,2025/09 INDIRILMEDI ‖ KAP 1397871 2024/12 cari · PDF s.12 (TL): A. İşletme Faaliyetlerinden Nakit Akışları 864.388.047 849.649.426 ‖ 2025/09 INDIRILMEDI,,BELGE_YOK,— | -511.516 | —,2025/09 INDIRILMEDI ‖ KAP 1397871 2024/12 cari · PDF s.13 (TL): B. Yatırım Faaliyetlerinden Kaynaklanan Nakit Akışları -511.516.240 -886.700.383 ‖ 2025/09 INDIRILMEDI,,BELGE_YOK,— | — | —,2025/09 INDIRILMEDI ‖ KAP 1397871 2024/12 cari · PDF’te XBRL dışı satır: • Yatırım amaçlı gayrimenkullerin elden çıkarılmasından kaynaklanan kayıplar [11] -8.675 -19.296.848 ‖ 2025/09 INDIRILMEDI,,BELGE_YOK,— | 0.000 | —,2025/09 INDIRILMEDI ‖ KAP 1397871 2024/12 cari ‖ 2025/09 INDIRILMEDI,BELGE_YOK
MMCAS,Holding,2025/03,,BELGE_YOK,— | — | —,2025/03 INDIRILMEDI ‖ 2024/12 INDIRILMEDI ‖ 2025/03 INDIRILMEDI,,BELGE_YOK,— | — | —,2025/03 INDIRILMEDI ‖ 2024/12 INDIRILMEDI ‖ 2025/03 INDIRILMEDI,,BELGE_YOK,— | — | —,2025/03 INDIRILMEDI ‖ 2024/12 INDIRILMEDI ‖ 2025/03 INDIRILMEDI,,BELGE_YOK,— | — | —,2025/03 INDIRILMEDI ‖ 2024/12 INDIRILMEDI ‖ 2025/03 INDIRILMEDI,BELGE_YOK
MMCAS,Holding,2025/06,,BELGE_YOK,— | — | —,2025/06 INDIRILMEDI ‖ 2024/12 INDIRILMEDI ‖ 2025/06 INDIRILMEDI,,BELGE_YOK,— | — | —,2025/06 INDIRILMEDI ‖ 2024/12 INDIRILMEDI ‖ 2025/06 INDIRILMEDI,,BELGE_YOK,— | — | —,2025/06 INDIRILMEDI ‖ 2024/12 INDIRILMEDI ‖ 2025/06 INDIRILMEDI,,BELGE_YOK,— | — | —,2025/06 INDIRILMEDI ‖ 2024/12 INDIRILMEDI ‖ 2025/06 INDIRILMEDI,BELGE_YOK
MMCAS,Holding,2025/09,,BELGE_YOK,— | — | —,2025/09 INDIRILMEDI ‖ 2024/12 INDIRILMEDI ‖ 2025/09 INDIRILMEDI,,BELGE_YOK,— | — | —,2025/09 INDIRILMEDI ‖ 2024/12 INDIRILMEDI ‖ 2025/09 INDIRILMEDI,,BELGE_YOK,— | — | —,2025/09 INDIRILMEDI ‖ 2024/12 INDIRILMEDI ‖ 2025/09 INDIRILMEDI,,BELGE_YOK,— | — | —,2025/09 INDIRILMEDI ‖ 2024/12 INDIRILMEDI ‖ 2025/09 INDIRILMEDI,BELGE_YOK
MNDTR,Standart,2025/03,,BELGE_YOK,— | -219.609 | —,2025/03 INDIRILMEDI ‖ KAP 1405154 2024/12 cari · PDF s.8 (TL): A. İŞLETME FAALİYETLERDEN NAKİT AKIŞLARI (219.608.852) 707.288.990 ‖ 2025/03 INDIRILMEDI,,BELGE_YOK,— | -502.646 | —,"2025/03 INDIRILMEDI ‖ KAP 1405154 2024/12 cari · PDF s.9 (TL): Nakit Çıkışları 10,11 (502.646.421) (578.929.979) ‖ 2025/03 INDIRILMEDI",,BELGE_YOK,— | 0.000 | —,2025/03 INDIRILMEDI ‖ KAP 1405154 2024/12 cari ‖ 2025/03 INDIRILMEDI,,BELGE_YOK,— | 25.787 | —,2025/03 INDIRILMEDI ‖ KAP 1405154 2024/12 cari · PDF s.9 (TL): Borç Ödemelerine İlişkin Nakit Çıkışları 25.786.785 (33.497.470) ‖ 2025/03 INDIRILMEDI,BELGE_YOK
MNDTR,Standart,2025/06,,BELGE_YOK,— | -219.609 | —,2025/06 INDIRILMEDI ‖ KAP 1405154 2024/12 cari · PDF s.8 (TL): A. İŞLETME FAALİYETLERDEN NAKİT AKIŞLARI (219.608.852) 707.288.990 ‖ 2025/06 INDIRILMEDI,,BELGE_YOK,— | -502.646 | —,"2025/06 INDIRILMEDI ‖ KAP 1405154 2024/12 cari · PDF s.9 (TL): Nakit Çıkışları 10,11 (502.646.421) (578.929.979) ‖ 2025/06 INDIRILMEDI",,BELGE_YOK,— | 0.000 | —,2025/06 INDIRILMEDI ‖ KAP 1405154 2024/12 cari ‖ 2025/06 INDIRILMEDI,,BELGE_YOK,— | 25.787 | —,2025/06 INDIRILMEDI ‖ KAP 1405154 2024/12 cari · PDF s.9 (TL): Borç Ödemelerine İlişkin Nakit Çıkışları 25.786.785 (33.497.470) ‖ 2025/06 INDIRILMEDI,BELGE_YOK
MNDTR,Standart,2025/09,,BELGE_YOK,— | -219.609 | —,2025/09 INDIRILMEDI ‖ KAP 1405154 2024/12 cari · PDF s.8 (TL): A. İŞLETME FAALİYETLERDEN NAKİT AKIŞLARI (219.608.852) 707.288.990 ‖ 2025/09 INDIRILMEDI,,BELGE_YOK,— | -502.646 | —,"2025/09 INDIRILMEDI ‖ KAP 1405154 2024/12 cari · PDF s.9 (TL): Nakit Çıkışları 10,11 (502.646.421) (578.929.979) ‖ 2025/09 INDIRILMEDI",,BELGE_YOK,— | 0.000 | —,2025/09 INDIRILMEDI ‖ KAP 1405154 2024/12 cari ‖ 2025/09 INDIRILMEDI,,BELGE_YOK,— | 25.787 | —,2025/09 INDIRILMEDI ‖ KAP 1405154 2024/12 cari · PDF s.9 (TL): Borç Ödemelerine İlişkin Nakit Çıkışları 25.786.785 (33.497.470) ‖ 2025/09 INDIRILMEDI,BELGE_YOK
MNDTR,Standart,2025/12,,BELGE_YOK,—,2025/12 INDIRILMEDI,,BELGE_YOK,—,2025/12 INDIRILMEDI,,BELGE_YOK,—,2025/12 INDIRILMEDI,,BELGE_YOK,—,2025/12 INDIRILMEDI,BELGE_YOK
MNDTR,Standart,2026/03,,BELGE_YOK,— | — | —,2026/03 INDIRILMEDI ‖ 2025/12 INDIRILMEDI ‖ 2026/03 INDIRILMEDI,,BELGE_YOK,— | — | —,2026/03 INDIRILMEDI ‖ 2025/12 INDIRILMEDI ‖ 2026/03 INDIRILMEDI,,BELGE_YOK,— | — | —,2026/03 INDIRILMEDI ‖ 2025/12 INDIRILMEDI ‖ 2026/03 INDIRILMEDI,,BELGE_YOK,— | — | —,2026/03 INDIRILMEDI ‖ 2025/12 INDIRILMEDI ‖ 2026/03 INDIRILMEDI,BELGE_YOK
MNDTR,Standart,2026/06,,BELGE_YOK,— | — | —,2026/06 INDIRILMEDI ‖ 2025/12 INDIRILMEDI ‖ 2026/06 INDIRILMEDI,,BELGE_YOK,— | — | —,2026/06 INDIRILMEDI ‖ 2025/12 INDIRILMEDI ‖ 2026/06 INDIRILMEDI,,BELGE_YOK,— | — | —,2026/06 INDIRILMEDI ‖ 2025/12 INDIRILMEDI ‖ 2026/06 INDIRILMEDI,,BELGE_YOK,— | — | —,2026/06 INDIRILMEDI ‖ 2025/12 INDIRILMEDI ‖ 2026/06 INDIRILMEDI,BELGE_YOK
MZHLD,Holding,2025/06,,BELGE_YOK,— | 58.526 | —,2025/06 INDIRILMEDI ‖ KAP 1405264 2024/12 cari · PDF s.12 (TL): İŞLETME FAALİYETLERİNDEN NAKİT AKIŞLARI 58.525.950 (152.456.237) ‖ 2025/06 INDIRILMEDI,,BELGE_YOK,— | -43.063 | —,"2025/06 INDIRILMEDI ‖ KAP 1405264 2024/12 cari · PDF s.12 (TL): Maddi Duran Varlıkların Alımından Kaynaklanan Nakit Çıkışları (-) 13,15 (43.063.090) (74.181.238) ‖ 2025/06 INDIRILMEDI",,BELGE_YOK,— | 0.000 | —,2025/06 INDIRILMEDI ‖ KAP 1405264 2024/12 cari ‖ 2025/06 INDIRILMEDI,,BELGE_YOK,— | -39.415 | —,2025/06 INDIRILMEDI ‖ KAP 1405264 2024/12 cari · PDF s.12 (TL): Kiralama Yükümlülükleriyle İlgili Nakit Çıkışları (-) 14 (39.414.961) (4.151.236) ‖ 2025/06 INDIRILMEDI,BELGE_YOK
MZHLD,Holding,2025/09,,BELGE_YOK,— | 58.526 | —,2025/09 INDIRILMEDI ‖ KAP 1405264 2024/12 cari · PDF s.12 (TL): İŞLETME FAALİYETLERİNDEN NAKİT AKIŞLARI 58.525.950 (152.456.237) ‖ 2025/09 INDIRILMEDI,,BELGE_YOK,— | -43.063 | —,"2025/09 INDIRILMEDI ‖ KAP 1405264 2024/12 cari · PDF s.12 (TL): Maddi Duran Varlıkların Alımından Kaynaklanan Nakit Çıkışları (-) 13,15 (43.063.090) (74.181.238) ‖ 2025/09 INDIRILMEDI",,BELGE_YOK,— | 0.000 | —,2025/09 INDIRILMEDI ‖ KAP 1405264 2024/12 cari ‖ 2025/09 INDIRILMEDI,,BELGE_YOK,— | -39.415 | —,2025/09 INDIRILMEDI ‖ KAP 1405264 2024/12 cari · PDF s.12 (TL): Kiralama Yükümlülükleriyle İlgili Nakit Çıkışları (-) 14 (39.414.961) (4.151.236) ‖ 2025/09 INDIRILMEDI,BELGE_YOK
MZHLD,Holding,2026/03,,BELGE_YOK,— | — | —,2026/03 INDIRILMEDI ‖ 2025/12 INDIRILMEDI ‖ 2026/03 INDIRILMEDI,,BELGE_YOK,— | — | —,2026/03 INDIRILMEDI ‖ 2025/12 INDIRILMEDI ‖ 2026/03 INDIRILMEDI,,BELGE_YOK,— | — | —,2026/03 INDIRILMEDI ‖ 2025/12 INDIRILMEDI ‖ 2026/03 INDIRILMEDI,,BELGE_YOK,— | — | —,2026/03 INDIRILMEDI ‖ 2025/12 INDIRILMEDI ‖ 2026/03 INDIRILMEDI,BELGE_YOK
MZHLD,Holding,2026/06,,BELGE_YOK,— | — | —,2026/06 INDIRILMEDI ‖ 2025/12 INDIRILMEDI ‖ 2026/06 INDIRILMEDI,,BELGE_YOK,— | — | —,2026/06 INDIRILMEDI ‖ 2025/12 INDIRILMEDI ‖ 2026/06 INDIRILMEDI,,BELGE_YOK,— | — | —,2026/06 INDIRILMEDI ‖ 2025/12 INDIRILMEDI ‖ 2026/06 INDIRILMEDI,,BELGE_YOK,— | — | —,2026/06 INDIRILMEDI ‖ 2025/12 INDIRILMEDI ‖ 2026/06 INDIRILMEDI,BELGE_YOK
NETAS,Standart,2025/06,,BELGE_YOK,— | 544.642 | —,2025/06 INDIRILMEDI ‖ KAP 1404890 2024/12 cari · PDF s.11 (TL): 544.641.833 433.182.580 ‖ 2025/06 INDIRILMEDI,,BELGE_YOK,— | -28.112 | —,2025/06 INDIRILMEDI ‖ KAP 1404890 2024/12 cari · PDF s.12 (TL): Maddi ve Maddi Olmayan Duran Varlıkların Alımından Kaynaklanan Nakit Çıkışları (28.111.653) (7.670.467) ‖ 2025/06 INDIRILMEDI,,BELGE_YOK,— | 0.000 | —,2025/06 INDIRILMEDI ‖ KAP 1404890 2024/12 cari ‖ 2025/06 INDIRILMEDI,,BELGE_YOK,— | -114.957 | —,2025/06 INDIRILMEDI ‖ KAP 1404890 2024/12 cari · PDF s.12 (TL): Kiralama sözleşmelerinden kaynaklanan borç ödemelerine ilişkin nakit çıkışları 6 (114.956.920) (57.839.924) ‖ 2025/06 INDIRILMEDI,BELGE_YOK
NETAS,Standart,2025/09,,BELGE_YOK,— | 544.642 | —,2025/09 INDIRILMEDI ‖ KAP 1404890 2024/12 cari · PDF s.11 (TL): 544.641.833 433.182.580 ‖ 2025/09 INDIRILMEDI,,BELGE_YOK,— | -28.112 | —,2025/09 INDIRILMEDI ‖ KAP 1404890 2024/12 cari · PDF s.12 (TL): Maddi ve Maddi Olmayan Duran Varlıkların Alımından Kaynaklanan Nakit Çıkışları (28.111.653) (7.670.467) ‖ 2025/09 INDIRILMEDI,,BELGE_YOK,— | 0.000 | —,2025/09 INDIRILMEDI ‖ KAP 1404890 2024/12 cari ‖ 2025/09 INDIRILMEDI,,BELGE_YOK,— | -114.957 | —,2025/09 INDIRILMEDI ‖ KAP 1404890 2024/12 cari · PDF s.12 (TL): Kiralama sözleşmelerinden kaynaklanan borç ödemelerine ilişkin nakit çıkışları 6 (114.956.920) (57.839.924) ‖ 2025/09 INDIRILMEDI,BELGE_YOK
NETAS,Standart,2026/06,,BELGE_YOK,— | — | —,2026/06 INDIRILMEDI ‖ 2025/12 INDIRILMEDI ‖ 2026/06 INDIRILMEDI,,BELGE_YOK,— | — | —,2026/06 INDIRILMEDI ‖ 2025/12 INDIRILMEDI ‖ 2026/06 INDIRILMEDI,,BELGE_YOK,— | — | —,2026/06 INDIRILMEDI ‖ 2025/12 INDIRILMEDI ‖ 2026/06 INDIRILMEDI,,BELGE_YOK,— | — | —,2026/06 INDIRILMEDI ‖ 2025/12 INDIRILMEDI ‖ 2026/06 INDIRILMEDI,BELGE_YOK
NETCD,Standart,2025/03,,BELGE_YOK,— | — | —,2025/03 raporu KAP’ta yok ‖ 2024/12 raporu KAP’ta yok ‖ 2025/03 raporu KAP’ta yok,,BELGE_YOK,— | — | —,2025/03 raporu KAP’ta yok ‖ 2024/12 raporu KAP’ta yok ‖ 2025/03 raporu KAP’ta yok,,BELGE_YOK,— | — | —,2025/03 raporu KAP’ta yok ‖ 2024/12 raporu KAP’ta yok ‖ 2025/03 raporu KAP’ta yok,,BELGE_YOK,— | — | —,2025/03 raporu KAP’ta yok ‖ 2024/12 raporu KAP’ta yok ‖ 2025/03 raporu KAP’ta yok,BELGE_YOK
NETCD,Standart,2025/06,,BELGE_YOK,— | — | —,2025/06 raporu KAP’ta yok ‖ 2024/12 raporu KAP’ta yok ‖ 2025/06 raporu KAP’ta yok,,BELGE_YOK,— | — | —,2025/06 raporu KAP’ta yok ‖ 2024/12 raporu KAP’ta yok ‖ 2025/06 raporu KAP’ta yok,,BELGE_YOK,— | — | —,2025/06 raporu KAP’ta yok ‖ 2024/12 raporu KAP’ta yok ‖ 2025/06 raporu KAP’ta yok,,BELGE_YOK,— | — | —,2025/06 raporu KAP’ta yok ‖ 2024/12 raporu KAP’ta yok ‖ 2025/06 raporu KAP’ta yok,BELGE_YOK
NETCD,Standart,2025/09,,BELGE_YOK,— | — | —,2025/09 raporu KAP’ta yok ‖ 2024/12 raporu KAP’ta yok ‖ 2025/09 raporu KAP’ta yok,,BELGE_YOK,— | — | —,2025/09 raporu KAP’ta yok ‖ 2024/12 raporu KAP’ta yok ‖ 2025/09 raporu KAP’ta yok,,BELGE_YOK,— | — | —,2025/09 raporu KAP’ta yok ‖ 2024/12 raporu KAP’ta yok ‖ 2025/09 raporu KAP’ta yok,,BELGE_YOK,— | — | —,2025/09 raporu KAP’ta yok ‖ 2024/12 raporu KAP’ta yok ‖ 2025/09 raporu KAP’ta yok,BELGE_YOK
NETCD,Standart,2026/03,,BELGE_YOK,— | — | —,2026/03 INDIRILMEDI ‖ 2025/12 INDIRILMEDI ‖ 2026/03 INDIRILMEDI,,BELGE_YOK,— | — | —,2026/03 INDIRILMEDI ‖ 2025/12 INDIRILMEDI ‖ 2026/03 INDIRILMEDI,,BELGE_YOK,— | — | —,2026/03 INDIRILMEDI ‖ 2025/12 INDIRILMEDI ‖ 2026/03 INDIRILMEDI,,BELGE_YOK,— | — | —,2026/03 INDIRILMEDI ‖ 2025/12 INDIRILMEDI ‖ 2026/03 INDIRILMEDI,BELGE_YOK
NETCD,Standart,2026/06,,BELGE_YOK,— | — | —,2026/06 INDIRILMEDI ‖ 2025/12 INDIRILMEDI ‖ 2026/06 INDIRILMEDI,,BELGE_YOK,— | — | —,2026/06 INDIRILMEDI ‖ 2025/12 INDIRILMEDI ‖ 2026/06 INDIRILMEDI,,BELGE_YOK,— | — | —,2026/06 INDIRILMEDI ‖ 2025/12 INDIRILMEDI ‖ 2026/06 INDIRILMEDI,,BELGE_YOK,— | — | —,2026/06 INDIRILMEDI ‖ 2025/12 INDIRILMEDI ‖ 2026/06 INDIRILMEDI,BELGE_YOK
NETGL,Standart,2025/03,,BELGE_YOK,— | — | —,2025/03 raporu KAP’ta yok ‖ 2024/12 raporu KAP’ta yok ‖ 2025/03 raporu KAP’ta yok,,BELGE_YOK,— | — | —,2025/03 raporu KAP’ta yok ‖ 2024/12 raporu KAP’ta yok ‖ 2025/03 raporu KAP’ta yok,,BELGE_YOK,— | — | —,2025/03 raporu KAP’ta yok ‖ 2024/12 raporu KAP’ta yok ‖ 2025/03 raporu KAP’ta yok,,BELGE_YOK,— | — | —,2025/03 raporu KAP’ta yok ‖ 2024/12 raporu KAP’ta yok ‖ 2025/03 raporu KAP’ta yok,BELGE_YOK
NETGL,Standart,2025/06,,BELGE_YOK,— | — | —,2025/06 raporu KAP’ta yok ‖ 2024/12 raporu KAP’ta yok ‖ 2025/06 raporu KAP’ta yok,,BELGE_YOK,— | — | —,2025/06 raporu KAP’ta yok ‖ 2024/12 raporu KAP’ta yok ‖ 2025/06 raporu KAP’ta yok,,BELGE_YOK,— | — | —,2025/06 raporu KAP’ta yok ‖ 2024/12 raporu KAP’ta yok ‖ 2025/06 raporu KAP’ta yok,,BELGE_YOK,— | — | —,2025/06 raporu KAP’ta yok ‖ 2024/12 raporu KAP’ta yok ‖ 2025/06 raporu KAP’ta yok,BELGE_YOK
NETGL,Standart,2025/09,,BELGE_YOK,— | — | —,2025/09 raporu KAP’ta yok ‖ 2024/12 raporu KAP’ta yok ‖ 2025/09 raporu KAP’ta yok,,BELGE_YOK,— | — | —,2025/09 raporu KAP’ta yok ‖ 2024/12 raporu KAP’ta yok ‖ 2025/09 raporu KAP’ta yok,,BELGE_YOK,— | — | —,2025/09 raporu KAP’ta yok ‖ 2024/12 raporu KAP’ta yok ‖ 2025/09 raporu KAP’ta yok,,BELGE_YOK,— | — | —,2025/09 raporu KAP’ta yok ‖ 2024/12 raporu KAP’ta yok ‖ 2025/09 raporu KAP’ta yok,BELGE_YOK
NETGL,Standart,2026/03,,BELGE_YOK,— | — | —,2026/03 raporu KAP’ta yok ‖ 2025/12 raporu KAP’ta yok ‖ 2026/03 raporu KAP’ta yok,,BELGE_YOK,— | — | —,2026/03 raporu KAP’ta yok ‖ 2025/12 raporu KAP’ta yok ‖ 2026/03 raporu KAP’ta yok,,BELGE_YOK,— | — | —,2026/03 raporu KAP’ta yok ‖ 2025/12 raporu KAP’ta yok ‖ 2026/03 raporu KAP’ta yok,,BELGE_YOK,— | — | —,2026/03 raporu KAP’ta yok ‖ 2025/12 raporu KAP’ta yok ‖ 2026/03 raporu KAP’ta yok,BELGE_YOK
NETGL,Standart,2026/06,,BELGE_YOK,— | — | —,2026/06 raporu KAP’ta yok ‖ 2025/12 raporu KAP’ta yok ‖ 2026/06 raporu KAP’ta yok,,BELGE_YOK,— | — | —,2026/06 raporu KAP’ta yok ‖ 2025/12 raporu KAP’ta yok ‖ 2026/06 raporu KAP’ta yok,,BELGE_YOK,— | — | —,2026/06 raporu KAP’ta yok ‖ 2025/12 raporu KAP’ta yok ‖ 2026/06 raporu KAP’ta yok,,BELGE_YOK,— | — | —,2026/06 raporu KAP’ta yok ‖ 2025/12 raporu KAP’ta yok ‖ 2026/06 raporu KAP’ta yok,BELGE_YOK
NTHOL,Holding,2025/03,,BELGE_YOK,— | 10.365 | —,2025/03 INDIRILMEDI ‖ KAP 1405442 2024/12 cari · PDF s.15 (TL): A. İŞLETME FAALİYETLERDEN NAKİT AKIŞLARI 10.364.787 5.523.316 ‖ 2025/03 INDIRILMEDI,,BELGE_YOK,— | -9.284 | —,2025/03 INDIRILMEDI ‖ KAP 1405442 2024/12 cari · PDF s.16 (TL): Nakit Çıkışları (9.283.543) (3.422.814) ‖ 2025/03 INDIRILMEDI,,BELGE_YOK,— | -0.874 | —,2025/03 INDIRILMEDI ‖ KAP 1405442 2024/12 cari · PDF s.16 (TL): Yatırım Amaçlı Gayrimenkul Alımından Kaynaklanan Nakit Çıkışları (874.342) (154.482) ‖ 2025/03 INDIRILMEDI,,BELGE_YOK,— | 0.000 | —,2025/03 INDIRILMEDI ‖ KAP 1405442 2024/12 cari ‖ 2025/03 INDIRILMEDI,BELGE_YOK
NTHOL,Holding,2025/06,,BELGE_YOK,— | 10.365 | —,2025/06 INDIRILMEDI ‖ KAP 1405442 2024/12 cari · PDF s.15 (TL): A. İŞLETME FAALİYETLERDEN NAKİT AKIŞLARI 10.364.787 5.523.316 ‖ 2025/06 INDIRILMEDI,,BELGE_YOK,— | -9.284 | —,2025/06 INDIRILMEDI ‖ KAP 1405442 2024/12 cari · PDF s.16 (TL): Nakit Çıkışları (9.283.543) (3.422.814) ‖ 2025/06 INDIRILMEDI,,BELGE_YOK,— | -0.874 | —,2025/06 INDIRILMEDI ‖ KAP 1405442 2024/12 cari · PDF s.16 (TL): Yatırım Amaçlı Gayrimenkul Alımından Kaynaklanan Nakit Çıkışları (874.342) (154.482) ‖ 2025/06 INDIRILMEDI,,BELGE_YOK,— | 0.000 | —,2025/06 INDIRILMEDI ‖ KAP 1405442 2024/12 cari ‖ 2025/06 INDIRILMEDI,BELGE_YOK
NTHOL,Holding,2025/09,,BELGE_YOK,— | 10.365 | —,2025/09 INDIRILMEDI ‖ KAP 1405442 2024/12 cari · PDF s.15 (TL): A. İŞLETME FAALİYETLERDEN NAKİT AKIŞLARI 10.364.787 5.523.316 ‖ 2025/09 INDIRILMEDI,,BELGE_YOK,— | -9.284 | —,2025/09 INDIRILMEDI ‖ KAP 1405442 2024/12 cari · PDF s.16 (TL): Nakit Çıkışları (9.283.543) (3.422.814) ‖ 2025/09 INDIRILMEDI,,BELGE_YOK,— | -0.874 | —,2025/09 INDIRILMEDI ‖ KAP 1405442 2024/12 cari · PDF s.16 (TL): Yatırım Amaçlı Gayrimenkul Alımından Kaynaklanan Nakit Çıkışları (874.342) (154.482) ‖ 2025/09 INDIRILMEDI,,BELGE_YOK,— | 0.000 | —,2025/09 INDIRILMEDI ‖ KAP 1405442 2024/12 cari ‖ 2025/09 INDIRILMEDI,BELGE_YOK
NUHCM,Standart,2025/03,1517.086,TEYITLI,299.350 | 3368.976 | 2151.241,KAP 1436655 2025/03 cari · PDF s.8 (TL): 299.350.492 2.151.240.901 ‖ KAP 1396378 2024/12 cari · PDF s.12 (TL): 3.368.976.229 4.665.600.776 ‖ KAP 1436655 2025/03 onceki · PDF s.8 (TL): 299.350.492 2.151.240.901,-1214.776,TEYITLI,-145.312 | -1521.341 | -451.877,"KAP 1436655 2025/03 cari · PDF s.8 (TL): (145.312.283) (451.877.249) ‖ KAP 1396378 2024/12 cari · PDF s.12 (TL): Alımından Kaynaklanan Nakit Çıkışları 12,13 (1.521.341.238) (1.728.292.977) ‖ KAP 1436655 2025/03 onceki · PDF s.8 (TL): (145.312.283) (451.877.249)",,ELLE,0.000 | — | 0.000,KAP 1436655 2025/03 cari ‖ KAP 1396378 2024/12 cari · PDF’te XBRL dışı satır: Yatırım Amaçlı Gayrimenkul Satışından Kaynaklanan Nakit Girişleri - 7.282.280 ‖ KAP 1436655 2025/03 onceki,,ELLE,— | 145.184 | —,KAP 1436655 2025/03 cari · PDF’te XBRL dışı satır: Kira Ödemelerinden Kaynaklanan Nakit Çıkışları (31.882.285) (4.433.720) ‖ KAP 1396378 2024/12 cari · PDF s.12 (TL): Kira Ödemelerinden Kaynaklanan Nakit Çıkışları 28 145.183.670 (28.504.779) ‖ KAP 1436655 2025/03 onceki · PDF’te XBRL dışı satır: Kira Ödemelerinden Kaynaklanan Nakit Çıkışları (31.882.285) (4.433.720),ELLE
NUHCM,Standart,2026/03,,BELGE_YOK,— | — | —,2026/03 INDIRILMEDI ‖ 2025/12 INDIRILMEDI ‖ 2026/03 INDIRILMEDI,,BELGE_YOK,— | — | —,2026/03 INDIRILMEDI ‖ 2025/12 INDIRILMEDI ‖ 2026/03 INDIRILMEDI,,BELGE_YOK,— | — | —,2026/03 INDIRILMEDI ‖ 2025/12 INDIRILMEDI ‖ 2026/03 INDIRILMEDI,,BELGE_YOK,— | — | —,2026/03 INDIRILMEDI ‖ 2025/12 INDIRILMEDI ‖ 2026/03 INDIRILMEDI,BELGE_YOK
NUHCM,Standart,2026/06,,BELGE_YOK,— | — | —,2026/06 INDIRILMEDI ‖ 2025/12 INDIRILMEDI ‖ 2026/06 INDIRILMEDI,,BELGE_YOK,— | — | —,2026/06 INDIRILMEDI ‖ 2025/12 INDIRILMEDI ‖ 2026/06 INDIRILMEDI,,BELGE_YOK,— | — | —,2026/06 INDIRILMEDI ‖ 2025/12 INDIRILMEDI ‖ 2026/06 INDIRILMEDI,,BELGE_YOK,— | — | —,2026/06 INDIRILMEDI ‖ 2025/12 INDIRILMEDI ‖ 2026/06 INDIRILMEDI,BELGE_YOK
ODINE,Standart,2025/03,,BELGE_YOK,— | 257.144 | —,2025/03 INDIRILMEDI ‖ KAP 1404945 2024/12 cari · PDF s.11 (TL): A. İŞLETME FAALİYETLERİNDEN NAKİT AKIŞLARI 257.144.110 451.469.840 ‖ 2025/03 INDIRILMEDI,,BELGE_YOK,— | -472.789 | —,"2025/03 INDIRILMEDI ‖ KAP 1404945 2024/12 cari · PDF s.11 (TL): Çıkışları 12,13 (472.789.075) (191.760.606) ‖ 2025/03 INDIRILMEDI",,BELGE_YOK,— | 0.000 | —,2025/03 INDIRILMEDI ‖ KAP 1404945 2024/12 cari ‖ 2025/03 INDIRILMEDI,,BELGE_YOK,— | -7.441 | —,2025/03 INDIRILMEDI ‖ KAP 1404945 2024/12 cari · PDF s.11 (TL): Kiralama Yükümlülükleri İle İlgili Nakit Çıkışları 15 (7.440.817) (4.454.707) ‖ 2025/03 INDIRILMEDI,BELGE_YOK
ODINE,Standart,2025/06,,BELGE_YOK,— | 257.144 | —,2025/06 INDIRILMEDI ‖ KAP 1404945 2024/12 cari · PDF s.11 (TL): A. İŞLETME FAALİYETLERİNDEN NAKİT AKIŞLARI 257.144.110 451.469.840 ‖ 2025/06 INDIRILMEDI,,BELGE_YOK,— | -472.789 | —,"2025/06 INDIRILMEDI ‖ KAP 1404945 2024/12 cari · PDF s.11 (TL): Çıkışları 12,13 (472.789.075) (191.760.606) ‖ 2025/06 INDIRILMEDI",,BELGE_YOK,— | 0.000 | —,2025/06 INDIRILMEDI ‖ KAP 1404945 2024/12 cari ‖ 2025/06 INDIRILMEDI,,BELGE_YOK,— | -7.441 | —,2025/06 INDIRILMEDI ‖ KAP 1404945 2024/12 cari · PDF s.11 (TL): Kiralama Yükümlülükleri İle İlgili Nakit Çıkışları 15 (7.440.817) (4.454.707) ‖ 2025/06 INDIRILMEDI,BELGE_YOK
ODINE,Standart,2026/03,,BELGE_YOK,— | — | —,2026/03 INDIRILMEDI ‖ 2025/12 INDIRILMEDI ‖ 2026/03 INDIRILMEDI,,BELGE_YOK,— | — | —,2026/03 INDIRILMEDI ‖ 2025/12 INDIRILMEDI ‖ 2026/03 INDIRILMEDI,,BELGE_YOK,— | — | —,2026/03 INDIRILMEDI ‖ 2025/12 INDIRILMEDI ‖ 2026/03 INDIRILMEDI,,BELGE_YOK,— | — | —,2026/03 INDIRILMEDI ‖ 2025/12 INDIRILMEDI ‖ 2026/03 INDIRILMEDI,BELGE_YOK
ODINE,Standart,2026/06,,BELGE_YOK,— | — | —,2026/06 INDIRILMEDI ‖ 2025/12 INDIRILMEDI ‖ 2026/06 INDIRILMEDI,,BELGE_YOK,— | — | —,2026/06 INDIRILMEDI ‖ 2025/12 INDIRILMEDI ‖ 2026/06 INDIRILMEDI,,BELGE_YOK,— | — | —,2026/06 INDIRILMEDI ‖ 2025/12 INDIRILMEDI ‖ 2026/06 INDIRILMEDI,,BELGE_YOK,— | — | —,2026/06 INDIRILMEDI ‖ 2025/12 INDIRILMEDI ‖ 2026/06 INDIRILMEDI,BELGE_YOK
OFSYM,Standart,2025/09,,BELGE_YOK,— | 1413.858 | —,2025/09 INDIRILMEDI ‖ KAP 1402625 2024/12 cari · PDF s.11 (TL): A. İşletme faaliyetlerinden nakit akımları 1.413.858.056 1.696.784.122 ‖ 2025/09 INDIRILMEDI,,BELGE_YOK,— | -520.081 | —,2025/09 INDIRILMEDI ‖ KAP 1402625 2024/12 cari · PDF s.11 (TL): çıkışları (520.080.546) (585.880.467) ‖ 2025/09 INDIRILMEDI,,BELGE_YOK,— | -18.336 | —,"2025/09 INDIRILMEDI ‖ KAP 1402625 2024/12 cari · PDF s.11 (TL): çıkışları/girişleri, net (18.336.103) - ‖ 2025/09 INDIRILMEDI",,BELGE_YOK,— | 0.000 | —,2025/09 INDIRILMEDI ‖ KAP 1402625 2024/12 cari ‖ 2025/09 INDIRILMEDI,BELGE_YOK
ONCSM,Standart,2026/06,,BELGE_YOK,— | — | —,2026/06 INDIRILMEDI ‖ 2025/12 INDIRILMEDI ‖ 2026/06 INDIRILMEDI,,BELGE_YOK,— | — | —,2026/06 INDIRILMEDI ‖ 2025/12 INDIRILMEDI ‖ 2026/06 INDIRILMEDI,,BELGE_YOK,— | — | —,2026/06 INDIRILMEDI ‖ 2025/12 INDIRILMEDI ‖ 2026/06 INDIRILMEDI,,BELGE_YOK,— | — | —,2026/06 INDIRILMEDI ‖ 2025/12 INDIRILMEDI ‖ 2026/06 INDIRILMEDI,BELGE_YOK
ONRYT,Standart,2025/03,27.457,ELLE,111.172 | -31.036 | 52.679,KAP 1432334 2025/03 cari · PDF s.5 (TL): A. İşletme Faaliyetlerinden Kaynaklanan Nakit Akışları 111.172.494 52.678.845 ‖ KAP 1415200 2024/12 cari · PDF_YOK ‖ KAP 1432334 2025/03 onceki · PDF s.5 (TL): A. İşletme Faaliyetlerinden Kaynaklanan Nakit Akışları 111.172.494 52.678.845,,ELLE,— | -155.101 | —,KAP 1432334 2025/03 cari · PDF’te XBRL dışı satır: Maddi ve Maddi Olmayan Duran Varlıkların Alımından Kaynaklanan Nakit Çıkışları -49.776.182 -23.279.199 || Maddi Duran Varlık Alımından Kaynaklanan Nakit Çıkışları 15 -2.256.121 -4.074.716 || Maddi Olmayan Duran Varlık Alımından Kaynaklanan Nakit Çıkışları 16 -47.520.061 -19.204.483 ‖ KAP 1415200 2024/12 cari · PDF_YOK ‖ KAP 1432334 2025/03 onceki · PDF’te XBRL dışı satır: Maddi ve Maddi Olmayan Duran Varlıkların Alımından Kaynaklanan Nakit Çıkışları -49.776.182 -23.279.199 || Maddi Duran Varlık Alımından Kaynaklanan Nakit Çıkışları 15 -2.256.121 -4.074.716 || Maddi Olmayan Duran Varlık Alımından Kaynaklanan Nakit Çıkışları 16 -47.520.061 -19.204.483,,ELLE,0.000 | — | 0.000,KAP 1432334 2025/03 cari ‖ KAP 1415200 2024/12 cari · PDF_YOK ‖ KAP 1432334 2025/03 onceki,-4.682,ELLE,0.000 | -4.682 | 0.000,KAP 1432334 2025/03 cari ‖ KAP 1415200 2024/12 cari · PDF_YOK ‖ KAP 1432334 2025/03 onceki,ELLE
ORMA,Standart,2025/03,,BELGE_YOK,— | 269.584 | —,2025/03 raporu KAP’ta yok ‖ KAP 1398918 2024/12 cari · PDF s.11 (TL): A. İŞLETME FAALİYETLERİNDEN NAKİT AKIŞLARI 269.583.667 621.402.278 ‖ 2025/03 raporu KAP’ta yok,,BELGE_YOK,— | -477.665 | —,2025/03 raporu KAP’ta yok ‖ KAP 1398918 2024/12 cari · PDF s.11 (TL): B. YATIRIM FAALİYETLERİNDEN KAYNAKLANAN NAKİT AKIŞLARI (477.665.051) (332.770.500) ‖ 2025/03 raporu KAP’ta yok,,BELGE_YOK,— | 0.000 | —,2025/03 raporu KAP’ta yok ‖ KAP 1398918 2024/12 cari ‖ 2025/03 raporu KAP’ta yok,,BELGE_YOK,— | -14.326 | —,2025/03 raporu KAP’ta yok ‖ KAP 1398918 2024/12 cari · PDF s.11 (TL): Kiralama yükümlülükleriyle ilgili nakit çıkışları (-) (14.325.838) (14.233.695) ‖ 2025/03 raporu KAP’ta yok,BELGE_YOK
ORMA,Standart,2025/06,,BELGE_YOK,— | 269.584 | —,2025/06 INDIRILMEDI ‖ KAP 1398918 2024/12 cari · PDF s.11 (TL): A. İŞLETME FAALİYETLERİNDEN NAKİT AKIŞLARI 269.583.667 621.402.278 ‖ 2025/06 INDIRILMEDI,,BELGE_YOK,— | -477.665 | —,2025/06 INDIRILMEDI ‖ KAP 1398918 2024/12 cari · PDF s.11 (TL): B. YATIRIM FAALİYETLERİNDEN KAYNAKLANAN NAKİT AKIŞLARI (477.665.051) (332.770.500) ‖ 2025/06 INDIRILMEDI,,BELGE_YOK,— | 0.000 | —,2025/06 INDIRILMEDI ‖ KAP 1398918 2024/12 cari ‖ 2025/06 INDIRILMEDI,,BELGE_YOK,— | -14.326 | —,2025/06 INDIRILMEDI ‖ KAP 1398918 2024/12 cari · PDF s.11 (TL): Kiralama yükümlülükleriyle ilgili nakit çıkışları (-) (14.325.838) (14.233.695) ‖ 2025/06 INDIRILMEDI,BELGE_YOK
ORMA,Standart,2025/09,,BELGE_YOK,— | 269.584 | —,2025/09 raporu KAP’ta yok ‖ KAP 1398918 2024/12 cari · PDF s.11 (TL): A. İŞLETME FAALİYETLERİNDEN NAKİT AKIŞLARI 269.583.667 621.402.278 ‖ 2025/09 raporu KAP’ta yok,,BELGE_YOK,— | -477.665 | —,2025/09 raporu KAP’ta yok ‖ KAP 1398918 2024/12 cari · PDF s.11 (TL): B. YATIRIM FAALİYETLERİNDEN KAYNAKLANAN NAKİT AKIŞLARI (477.665.051) (332.770.500) ‖ 2025/09 raporu KAP’ta yok,,BELGE_YOK,— | 0.000 | —,2025/09 raporu KAP’ta yok ‖ KAP 1398918 2024/12 cari ‖ 2025/09 raporu KAP’ta yok,,BELGE_YOK,— | -14.326 | —,2025/09 raporu KAP’ta yok ‖ KAP 1398918 2024/12 cari · PDF s.11 (TL): Kiralama yükümlülükleriyle ilgili nakit çıkışları (-) (14.325.838) (14.233.695) ‖ 2025/09 raporu KAP’ta yok,BELGE_YOK
ORMA,Standart,2026/03,,BELGE_YOK,— | — | —,2026/03 raporu KAP’ta yok ‖ 2025/12 INDIRILMEDI ‖ 2026/03 raporu KAP’ta yok,,BELGE_YOK,— | — | —,2026/03 raporu KAP’ta yok ‖ 2025/12 INDIRILMEDI ‖ 2026/03 raporu KAP’ta yok,,BELGE_YOK,— | — | —,2026/03 raporu KAP’ta yok ‖ 2025/12 INDIRILMEDI ‖ 2026/03 raporu KAP’ta yok,,BELGE_YOK,— | — | —,2026/03 raporu KAP’ta yok ‖ 2025/12 INDIRILMEDI ‖ 2026/03 raporu KAP’ta yok,BELGE_YOK
ORMA,Standart,2026/06,,BELGE_YOK,— | — | —,2026/06 INDIRILMEDI ‖ 2025/12 INDIRILMEDI ‖ 2026/06 INDIRILMEDI,,BELGE_YOK,— | — | —,2026/06 INDIRILMEDI ‖ 2025/12 INDIRILMEDI ‖ 2026/06 INDIRILMEDI,,BELGE_YOK,— | — | —,2026/06 INDIRILMEDI ‖ 2025/12 INDIRILMEDI ‖ 2026/06 INDIRILMEDI,,BELGE_YOK,— | — | —,2026/06 INDIRILMEDI ‖ 2025/12 INDIRILMEDI ‖ 2026/06 INDIRILMEDI,BELGE_YOK
ORZAX,Standart,2025/03,,BELGE_YOK,— | — | —,2025/03 raporu KAP’ta yok ‖ 2024/12 raporu KAP’ta yok ‖ 2025/03 raporu KAP’ta yok,,BELGE_YOK,— | — | —,2025/03 raporu KAP’ta yok ‖ 2024/12 raporu KAP’ta yok ‖ 2025/03 raporu KAP’ta yok,,BELGE_YOK,— | — | —,2025/03 raporu KAP’ta yok ‖ 2024/12 raporu KAP’ta yok ‖ 2025/03 raporu KAP’ta yok,,BELGE_YOK,— | — | —,2025/03 raporu KAP’ta yok ‖ 2024/12 raporu KAP’ta yok ‖ 2025/03 raporu KAP’ta yok,BELGE_YOK
ORZAX,Standart,2025/06,,BELGE_YOK,— | — | —,2025/06 raporu KAP’ta yok ‖ 2024/12 raporu KAP’ta yok ‖ 2025/06 raporu KAP’ta yok,,BELGE_YOK,— | — | —,2025/06 raporu KAP’ta yok ‖ 2024/12 raporu KAP’ta yok ‖ 2025/06 raporu KAP’ta yok,,BELGE_YOK,— | — | —,2025/06 raporu KAP’ta yok ‖ 2024/12 raporu KAP’ta yok ‖ 2025/06 raporu KAP’ta yok,,BELGE_YOK,— | — | —,2025/06 raporu KAP’ta yok ‖ 2024/12 raporu KAP’ta yok ‖ 2025/06 raporu KAP’ta yok,BELGE_YOK
ORZAX,Standart,2025/09,,BELGE_YOK,— | — | —,2025/09 raporu KAP’ta yok ‖ 2024/12 raporu KAP’ta yok ‖ 2025/09 raporu KAP’ta yok,,BELGE_YOK,— | — | —,2025/09 raporu KAP’ta yok ‖ 2024/12 raporu KAP’ta yok ‖ 2025/09 raporu KAP’ta yok,,BELGE_YOK,— | — | —,2025/09 raporu KAP’ta yok ‖ 2024/12 raporu KAP’ta yok ‖ 2025/09 raporu KAP’ta yok,,BELGE_YOK,— | — | —,2025/09 raporu KAP’ta yok ‖ 2024/12 raporu KAP’ta yok ‖ 2025/09 raporu KAP’ta yok,BELGE_YOK
ORZAX,Standart,2025/12,,BELGE_YOK,—,2025/12 raporu KAP’ta yok,,BELGE_YOK,—,2025/12 raporu KAP’ta yok,,BELGE_YOK,—,2025/12 raporu KAP’ta yok,,BELGE_YOK,—,2025/12 raporu KAP’ta yok,BELGE_YOK
ORZAX,Standart,2026/03,,BELGE_YOK,— | — | —,2026/03 raporu KAP’ta yok ‖ 2025/12 raporu KAP’ta yok ‖ 2026/03 raporu KAP’ta yok,,BELGE_YOK,— | — | —,2026/03 raporu KAP’ta yok ‖ 2025/12 raporu KAP’ta yok ‖ 2026/03 raporu KAP’ta yok,,BELGE_YOK,— | — | —,2026/03 raporu KAP’ta yok ‖ 2025/12 raporu KAP’ta yok ‖ 2026/03 raporu KAP’ta yok,,BELGE_YOK,— | — | —,2026/03 raporu KAP’ta yok ‖ 2025/12 raporu KAP’ta yok ‖ 2026/03 raporu KAP’ta yok,BELGE_YOK
ORZAX,Standart,2026/06,,BELGE_YOK,— | — | —,2026/06 INDIRILMEDI ‖ 2025/12 raporu KAP’ta yok ‖ 2026/06 INDIRILMEDI,,BELGE_YOK,— | — | —,2026/06 INDIRILMEDI ‖ 2025/12 raporu KAP’ta yok ‖ 2026/06 INDIRILMEDI,,BELGE_YOK,— | — | —,2026/06 INDIRILMEDI ‖ 2025/12 raporu KAP’ta yok ‖ 2026/06 INDIRILMEDI,,BELGE_YOK,— | — | —,2026/06 INDIRILMEDI ‖ 2025/12 raporu KAP’ta yok ‖ 2026/06 INDIRILMEDI,BELGE_YOK
OSTIM,Holding,2025/03,,BELGE_YOK,— | 11.940 | —,2025/03 INDIRILMEDI ‖ KAP 1404420 2024/12 cari · PDF_TUTMADI ‖ 2025/03 INDIRILMEDI,,BELGE_YOK,— | -46.558 | —,2025/03 INDIRILMEDI ‖ KAP 1404420 2024/12 cari · PDF s.12 (TL): (46.558.356) (24.010.306) ‖ 2025/03 INDIRILMEDI,,BELGE_YOK,— | — | —,2025/03 INDIRILMEDI ‖ KAP 1404420 2024/12 cari · PDF’te XBRL dışı satır: Yatırım Amaçlı Gayrimenkul Satımından Kaynaklanan Nakit Girişleri 13 3.789.943 -- ‖ 2025/03 INDIRILMEDI,,BELGE_YOK,— | 0.000 | —,2025/03 INDIRILMEDI ‖ KAP 1404420 2024/12 cari ‖ 2025/03 INDIRILMEDI,BELGE_YOK
OZATD,Standart,2025/03,-759.589,TEYITLI,149.408 | -1173.912 | -264.915,KAP 1432497 2025/03 cari · PDF s.7 (TL): İşletme Faaliyetlerinden Nakit Akışları 149.408.012 (264.914.941) ‖ KAP 1399375 2024/12 cari · PDF s.14 (TL): İşletme Faaliyetlerinden Nakit Akışları (1.173.912.255) 256.328.164 ‖ KAP 1432497 2025/03 onceki · PDF s.7 (TL): İşletme Faaliyetlerinden Nakit Akışları 149.408.012 (264.914.941),-422.669,TEYITLI,-40.513 | -397.079 | -14.923,KAP 1432497 2025/03 cari · PDF s.7 (TL): Yatırım Faaliyetlerinden Kaynaklanan Nakit Akışları (40.512.845) (14.923.122) ‖ KAP 1399375 2024/12 cari · PDF s.14 (TL): (397.079.325) (490.726.062) ‖ KAP 1432497 2025/03 onceki · PDF s.7 (TL): Yatırım Faaliyetlerinden Kaynaklanan Nakit Akışları (40.512.845) (14.923.122),0.0,TEYITLI,0.000 | 0.000 | 0.000,KAP 1432497 2025/03 cari ‖ KAP 1399375 2024/12 cari ‖ KAP 1432497 2025/03 onceki,-73.075,TEYITLI,-9.963 | -67.676 | -4.564,KAP 1432497 2025/03 cari · PDF s.7 (mn TL): - Peşin Ödenmiş Giderlerdeki Azalış (Artış) 10 (47.338.970) (30.587.310) ‖ KAP 1399375 2024/12 cari · PDF s.14 (TL): Kiralama Yükümlülüklerine İlişkin Nakit girişleri / Çıkışları (67.675.657) (80.851.680) ‖ KAP 1432497 2025/03 onceki · PDF s.7 (TL): 16 (9.962.805) (4.563.695),TEYITLI
OZRDN,Standart,2026/03,,BELGE_YOK,— | — | —,2026/03 INDIRILMEDI ‖ 2025/12 INDIRILMEDI ‖ 2026/03 INDIRILMEDI,,BELGE_YOK,— | — | —,2026/03 INDIRILMEDI ‖ 2025/12 INDIRILMEDI ‖ 2026/03 INDIRILMEDI,,BELGE_YOK,— | — | —,2026/03 INDIRILMEDI ‖ 2025/12 INDIRILMEDI ‖ 2026/03 INDIRILMEDI,,BELGE_YOK,— | — | —,2026/03 INDIRILMEDI ‖ 2025/12 INDIRILMEDI ‖ 2026/03 INDIRILMEDI,BELGE_YOK
OZRDN,Standart,2026/06,,BELGE_YOK,— | — | —,2026/06 INDIRILMEDI ‖ 2025/12 INDIRILMEDI ‖ 2026/06 INDIRILMEDI,,BELGE_YOK,— | — | —,2026/06 INDIRILMEDI ‖ 2025/12 INDIRILMEDI ‖ 2026/06 INDIRILMEDI,,BELGE_YOK,— | — | —,2026/06 INDIRILMEDI ‖ 2025/12 INDIRILMEDI ‖ 2026/06 INDIRILMEDI,,BELGE_YOK,— | — | —,2026/06 INDIRILMEDI ‖ 2025/12 INDIRILMEDI ‖ 2026/06 INDIRILMEDI,BELGE_YOK
OZSUB,Standart,2025/03,,BELGE_YOK,— | -304.829 | —,"2025/03 INDIRILMEDI ‖ KAP 1402488 2024/12 cari · PDF s.13 (TL): İşletme Faaliyetlerinden Sağlanan Nakit Akışları, net (304.828.790) (68.020.461) ‖ 2025/03 INDIRILMEDI",,BELGE_YOK,— | -102.078 | —,2025/03 INDIRILMEDI ‖ KAP 1402488 2024/12 cari · PDF s.13 (TL): Maddi duran varlıklardaki değişim 12 (51.712.677) (81.841.454) + Maddi olmayan duran varlıklardaki değişim 13 (50.365.774) (1.472.036) ‖ 2025/03 INDIRILMEDI,,BELGE_YOK,— | 0.000 | —,2025/03 INDIRILMEDI ‖ KAP 1402488 2024/12 cari ‖ 2025/03 INDIRILMEDI,,BELGE_YOK,— | -0.358 | —,2025/03 INDIRILMEDI ‖ KAP 1402488 2024/12 cari · PDF s.13 (TL): Operasyonel kiralama işlemlerinden kaynaklanan nakit çıkışları 14 (357.927) (315.873) ‖ 2025/03 INDIRILMEDI,BELGE_YOK
OZSUB,Standart,2025/06,,BELGE_YOK,— | -304.829 | —,"2025/06 INDIRILMEDI ‖ KAP 1402488 2024/12 cari · PDF s.13 (TL): İşletme Faaliyetlerinden Sağlanan Nakit Akışları, net (304.828.790) (68.020.461) ‖ 2025/06 INDIRILMEDI",,BELGE_YOK,— | -102.078 | —,2025/06 INDIRILMEDI ‖ KAP 1402488 2024/12 cari · PDF s.13 (TL): Maddi duran varlıklardaki değişim 12 (51.712.677) (81.841.454) + Maddi olmayan duran varlıklardaki değişim 13 (50.365.774) (1.472.036) ‖ 2025/06 INDIRILMEDI,,BELGE_YOK,— | 0.000 | —,2025/06 INDIRILMEDI ‖ KAP 1402488 2024/12 cari ‖ 2025/06 INDIRILMEDI,,BELGE_YOK,— | -0.358 | —,2025/06 INDIRILMEDI ‖ KAP 1402488 2024/12 cari · PDF s.13 (TL): Operasyonel kiralama işlemlerinden kaynaklanan nakit çıkışları 14 (357.927) (315.873) ‖ 2025/06 INDIRILMEDI,BELGE_YOK
OZSUB,Standart,2025/09,,BELGE_YOK,— | -304.829 | —,"2025/09 INDIRILMEDI ‖ KAP 1402488 2024/12 cari · PDF s.13 (TL): İşletme Faaliyetlerinden Sağlanan Nakit Akışları, net (304.828.790) (68.020.461) ‖ 2025/09 INDIRILMEDI",,BELGE_YOK,— | -102.078 | —,2025/09 INDIRILMEDI ‖ KAP 1402488 2024/12 cari · PDF s.13 (TL): Maddi duran varlıklardaki değişim 12 (51.712.677) (81.841.454) + Maddi olmayan duran varlıklardaki değişim 13 (50.365.774) (1.472.036) ‖ 2025/09 INDIRILMEDI,,BELGE_YOK,— | 0.000 | —,2025/09 INDIRILMEDI ‖ KAP 1402488 2024/12 cari ‖ 2025/09 INDIRILMEDI,,BELGE_YOK,— | -0.358 | —,2025/09 INDIRILMEDI ‖ KAP 1402488 2024/12 cari · PDF s.13 (TL): Operasyonel kiralama işlemlerinden kaynaklanan nakit çıkışları 14 (357.927) (315.873) ‖ 2025/09 INDIRILMEDI,BELGE_YOK
OZSUB,Standart,2025/12,,BELGE_YOK,—,2025/12 INDIRILMEDI,,BELGE_YOK,—,2025/12 INDIRILMEDI,,BELGE_YOK,—,2025/12 INDIRILMEDI,,BELGE_YOK,—,2025/12 INDIRILMEDI,BELGE_YOK
OZSUB,Standart,2026/03,,BELGE_YOK,— | — | —,2026/03 INDIRILMEDI ‖ 2025/12 INDIRILMEDI ‖ 2026/03 INDIRILMEDI,,BELGE_YOK,— | — | —,2026/03 INDIRILMEDI ‖ 2025/12 INDIRILMEDI ‖ 2026/03 INDIRILMEDI,,BELGE_YOK,— | — | —,2026/03 INDIRILMEDI ‖ 2025/12 INDIRILMEDI ‖ 2026/03 INDIRILMEDI,,BELGE_YOK,— | — | —,2026/03 INDIRILMEDI ‖ 2025/12 INDIRILMEDI ‖ 2026/03 INDIRILMEDI,BELGE_YOK
OZSUB,Standart,2026/06,,BELGE_YOK,— | — | —,2026/06 INDIRILMEDI ‖ 2025/12 INDIRILMEDI ‖ 2026/06 INDIRILMEDI,,BELGE_YOK,— | — | —,2026/06 INDIRILMEDI ‖ 2025/12 INDIRILMEDI ‖ 2026/06 INDIRILMEDI,,BELGE_YOK,— | — | —,2026/06 INDIRILMEDI ‖ 2025/12 INDIRILMEDI ‖ 2026/06 INDIRILMEDI,,BELGE_YOK,— | — | —,2026/06 INDIRILMEDI ‖ 2025/12 INDIRILMEDI ‖ 2026/06 INDIRILMEDI,BELGE_YOK
PAHOL,Holding,2025/03,,BELGE_YOK,— | — | —,2025/03 raporu KAP’ta yok ‖ 2024/12 raporu KAP’ta yok ‖ 2025/03 raporu KAP’ta yok,,BELGE_YOK,— | — | —,2025/03 raporu KAP’ta yok ‖ 2024/12 raporu KAP’ta yok ‖ 2025/03 raporu KAP’ta yok,,BELGE_YOK,— | — | —,2025/03 raporu KAP’ta yok ‖ 2024/12 raporu KAP’ta yok ‖ 2025/03 raporu KAP’ta yok,,BELGE_YOK,— | — | —,2025/03 raporu KAP’ta yok ‖ 2024/12 raporu KAP’ta yok ‖ 2025/03 raporu KAP’ta yok,BELGE_YOK
PAHOL,Holding,2025/06,,BELGE_YOK,— | — | —,2025/06 raporu KAP’ta yok ‖ 2024/12 raporu KAP’ta yok ‖ 2025/06 raporu KAP’ta yok,,BELGE_YOK,— | — | —,2025/06 raporu KAP’ta yok ‖ 2024/12 raporu KAP’ta yok ‖ 2025/06 raporu KAP’ta yok,,BELGE_YOK,— | — | —,2025/06 raporu KAP’ta yok ‖ 2024/12 raporu KAP’ta yok ‖ 2025/06 raporu KAP’ta yok,,BELGE_YOK,— | — | —,2025/06 raporu KAP’ta yok ‖ 2024/12 raporu KAP’ta yok ‖ 2025/06 raporu KAP’ta yok,BELGE_YOK
PAHOL,Holding,2025/09,,BELGE_YOK,— | — | —,2025/09 INDIRILMEDI ‖ 2024/12 raporu KAP’ta yok ‖ 2025/09 INDIRILMEDI,,BELGE_YOK,— | — | —,2025/09 INDIRILMEDI ‖ 2024/12 raporu KAP’ta yok ‖ 2025/09 INDIRILMEDI,,BELGE_YOK,— | — | —,2025/09 INDIRILMEDI ‖ 2024/12 raporu KAP’ta yok ‖ 2025/09 INDIRILMEDI,,BELGE_YOK,— | — | —,2025/09 INDIRILMEDI ‖ 2024/12 raporu KAP’ta yok ‖ 2025/09 INDIRILMEDI,BELGE_YOK
PAHOL,Holding,2026/03,,BELGE_YOK,— | — | —,2026/03 INDIRILMEDI ‖ 2025/12 INDIRILMEDI ‖ 2026/03 INDIRILMEDI,,BELGE_YOK,— | — | —,2026/03 INDIRILMEDI ‖ 2025/12 INDIRILMEDI ‖ 2026/03 INDIRILMEDI,,BELGE_YOK,— | — | —,2026/03 INDIRILMEDI ‖ 2025/12 INDIRILMEDI ‖ 2026/03 INDIRILMEDI,,BELGE_YOK,— | — | —,2026/03 INDIRILMEDI ‖ 2025/12 INDIRILMEDI ‖ 2026/03 INDIRILMEDI,BELGE_YOK
PAHOL,Holding,2026/06,,BELGE_YOK,— | — | —,2026/06 INDIRILMEDI ‖ 2025/12 INDIRILMEDI ‖ 2026/06 INDIRILMEDI,,BELGE_YOK,— | — | —,2026/06 INDIRILMEDI ‖ 2025/12 INDIRILMEDI ‖ 2026/06 INDIRILMEDI,,BELGE_YOK,— | — | —,2026/06 INDIRILMEDI ‖ 2025/12 INDIRILMEDI ‖ 2026/06 INDIRILMEDI,,BELGE_YOK,— | — | —,2026/06 INDIRILMEDI ‖ 2025/12 INDIRILMEDI ‖ 2026/06 INDIRILMEDI,BELGE_YOK
PAPIL,Standart,2025/03,,BELGE_YOK,— | 130.055 | —,2025/03 INDIRILMEDI ‖ KAP 1404841 2024/12 cari · PDF s.12 (TL): İşletme Faaliyetlerinden Kaynaklanan Net Nakit 130.054.737 47.906.686 ‖ 2025/03 INDIRILMEDI,,BELGE_YOK,— | -48.043 | —,"2025/03 INDIRILMEDI ‖ KAP 1404841 2024/12 cari · PDF s.12 (TL): Maddi ve Maddi Olmayan Duran Varlıklar Alımından Kaynaklanan Nakit Çıkışları 9,10,11 (48.043.420) (49.151.647) ‖ 2025/03 INDIRILMEDI",,BELGE_YOK,— | 0.000 | —,2025/03 INDIRILMEDI ‖ KAP 1404841 2024/12 cari ‖ 2025/03 INDIRILMEDI,,BELGE_YOK,— | -2.552 | —,2025/03 INDIRILMEDI ‖ KAP 1404841 2024/12 cari · PDF s.12 (TL): Kira Sözleşmelerinden Kaynaklanan Borç Ödemelerine İlişkin Nakit Çıkışları (2.551.717) (5.511.987) ‖ 2025/03 INDIRILMEDI,BELGE_YOK
PAPIL,Standart,2025/06,,BELGE_YOK,— | 130.055 | —,2025/06 INDIRILMEDI ‖ KAP 1404841 2024/12 cari · PDF s.12 (TL): İşletme Faaliyetlerinden Kaynaklanan Net Nakit 130.054.737 47.906.686 ‖ 2025/06 INDIRILMEDI,,BELGE_YOK,— | -48.043 | —,"2025/06 INDIRILMEDI ‖ KAP 1404841 2024/12 cari · PDF s.12 (TL): Maddi ve Maddi Olmayan Duran Varlıklar Alımından Kaynaklanan Nakit Çıkışları 9,10,11 (48.043.420) (49.151.647) ‖ 2025/06 INDIRILMEDI",,BELGE_YOK,— | 0.000 | —,2025/06 INDIRILMEDI ‖ KAP 1404841 2024/12 cari ‖ 2025/06 INDIRILMEDI,,BELGE_YOK,— | -2.552 | —,2025/06 INDIRILMEDI ‖ KAP 1404841 2024/12 cari · PDF s.12 (TL): Kira Sözleşmelerinden Kaynaklanan Borç Ödemelerine İlişkin Nakit Çıkışları (2.551.717) (5.511.987) ‖ 2025/06 INDIRILMEDI,BELGE_YOK
PARSN,Standart,2025/06,,BELGE_YOK,— | 132.637 | —,2025/06 INDIRILMEDI ‖ KAP 1403864 2024/12 cari · PDF s.14 (TL): İşletme faaliyetlerinden kaynaklanan net nakit akışı (+/-) 132.636.751 266.359.219 ‖ 2025/06 INDIRILMEDI,,BELGE_YOK,— | -500.399 | —,2025/06 INDIRILMEDI ‖ KAP 1403864 2024/12 cari · PDF s.15 (TL): kaynaklanan nakit çıkışları (500.398.568) (734.095.480) ‖ 2025/06 INDIRILMEDI,,BELGE_YOK,— | 0.000 | —,2025/06 INDIRILMEDI ‖ KAP 1403864 2024/12 cari ‖ 2025/06 INDIRILMEDI,,BELGE_YOK,— | -27.345 | —,2025/06 INDIRILMEDI ‖ KAP 1403864 2024/12 cari · PDF s.15 (TL): ilişkin nakit çıkışları (27.345.194) - ‖ 2025/06 INDIRILMEDI,BELGE_YOK
PCILT,Standart,2025/03,,BELGE_YOK,— | -42.230 | —,2025/03 INDIRILMEDI ‖ KAP 1409933 2024/12 cari · PDF s.12 (TL): İŞLETME FAALİYETLERİNDEN NAKİT AKIŞLARI Dipnot (42.230.374) 827.705.331 ‖ 2025/03 INDIRILMEDI,,BELGE_YOK,— | -28.611 | —,"2025/03 INDIRILMEDI ‖ KAP 1409933 2024/12 cari · PDF s.12 (TL): Maddi ve Maddi Olmayan Varlıkların Alımından Kaynaklanan Nakit Çıkışları, Net 13-15 (28.610.691) (31.651.004) ‖ 2025/03 INDIRILMEDI",,BELGE_YOK,— | -7.696 | —,"2025/03 INDIRILMEDI ‖ KAP 1409933 2024/12 cari · PDF s.12 (TL): Yatırım Amaçlı Gayrimenkul Alımından Kaynaklanan Nakit Çıkışları, Net 12 (7.696.357) (12.303.276) ‖ 2025/03 INDIRILMEDI",,BELGE_YOK,— | -8.596 | —,2025/03 INDIRILMEDI ‖ KAP 1409933 2024/12 cari · PDF s.12 (TL): Kiralama Yükümlülüklerine İlişkin Nakit Çıkışları (8.595.818) (11.873.191) ‖ 2025/03 INDIRILMEDI,BELGE_YOK
PCILT,Standart,2025/09,,BELGE_YOK,— | -42.230 | —,2025/09 INDIRILMEDI ‖ KAP 1409933 2024/12 cari · PDF s.12 (TL): İŞLETME FAALİYETLERİNDEN NAKİT AKIŞLARI Dipnot (42.230.374) 827.705.331 ‖ 2025/09 INDIRILMEDI,,BELGE_YOK,— | -28.611 | —,"2025/09 INDIRILMEDI ‖ KAP 1409933 2024/12 cari · PDF s.12 (TL): Maddi ve Maddi Olmayan Varlıkların Alımından Kaynaklanan Nakit Çıkışları, Net 13-15 (28.610.691) (31.651.004) ‖ 2025/09 INDIRILMEDI",,BELGE_YOK,— | -7.696 | —,"2025/09 INDIRILMEDI ‖ KAP 1409933 2024/12 cari · PDF s.12 (TL): Yatırım Amaçlı Gayrimenkul Alımından Kaynaklanan Nakit Çıkışları, Net 12 (7.696.357) (12.303.276) ‖ 2025/09 INDIRILMEDI",,BELGE_YOK,— | -8.596 | —,2025/09 INDIRILMEDI ‖ KAP 1409933 2024/12 cari · PDF s.12 (TL): Kiralama Yükümlülüklerine İlişkin Nakit Çıkışları (8.595.818) (11.873.191) ‖ 2025/09 INDIRILMEDI,BELGE_YOK
PCILT,Standart,2026/03,,BELGE_YOK,— | — | —,2026/03 INDIRILMEDI ‖ 2025/12 INDIRILMEDI ‖ 2026/03 INDIRILMEDI,,BELGE_YOK,— | — | —,2026/03 INDIRILMEDI ‖ 2025/12 INDIRILMEDI ‖ 2026/03 INDIRILMEDI,,BELGE_YOK,— | — | —,2026/03 INDIRILMEDI ‖ 2025/12 INDIRILMEDI ‖ 2026/03 INDIRILMEDI,,BELGE_YOK,— | — | —,2026/03 INDIRILMEDI ‖ 2025/12 INDIRILMEDI ‖ 2026/03 INDIRILMEDI,BELGE_YOK
PCILT,Standart,2026/06,,BELGE_YOK,— | — | —,2026/06 INDIRILMEDI ‖ 2025/12 INDIRILMEDI ‖ 2026/06 INDIRILMEDI,,BELGE_YOK,— | — | —,2026/06 INDIRILMEDI ‖ 2025/12 INDIRILMEDI ‖ 2026/06 INDIRILMEDI,,BELGE_YOK,— | — | —,2026/06 INDIRILMEDI ‖ 2025/12 INDIRILMEDI ‖ 2026/06 INDIRILMEDI,,BELGE_YOK,— | — | —,2026/06 INDIRILMEDI ‖ 2025/12 INDIRILMEDI ‖ 2026/06 INDIRILMEDI,BELGE_YOK
PETKM,Standart,2025/03,,BELGE_YOK,— | 2.830 | —,2025/03 INDIRILMEDI ‖ KAP 1401155 2024/12 cari · PDF s.15 (TL): A. İşletme faaliyetlerinden elde edilen nakit akışları 2.829.510 2.364.827 ‖ 2025/03 INDIRILMEDI,,BELGE_YOK,— | -4.986 | —,2025/03 INDIRILMEDI ‖ KAP 1401155 2024/12 cari · PDF s.15 (TL): Maddi ve maddi olmayan duran varlık alımından kaynaklanan nakit çıkışları 11 (4.985.568) (4.554.850) ‖ 2025/03 INDIRILMEDI,,BELGE_YOK,— | — | —,2025/03 INDIRILMEDI ‖ KAP 1401155 2024/12 cari · PDF’te XBRL dışı satır: - Yatırım amaçlı gayrimenkullerin gerçeğe uygun değer (kazançları) ile ilgili düzeltmeler 25 (63.897) (10.914.312) || Yatırım amaçlı gayrimenkul satımından kaynaklanan nakit girişleri - 2.606 ‖ 2025/03 INDIRILMEDI,,BELGE_YOK,— | -0.168 | —,2025/03 INDIRILMEDI ‖ KAP 1401155 2024/12 cari · PDF s.15 (TL): Kira sözleşmelerinden kaynaklanan borç ödemelerine ilişkin nakit çıkışları (168.276) (289.029) ‖ 2025/03 INDIRILMEDI,BELGE_YOK
PETKM,Standart,2025/06,,BELGE_YOK,— | 2.830 | —,2025/06 INDIRILMEDI ‖ KAP 1401155 2024/12 cari · PDF s.15 (TL): A. İşletme faaliyetlerinden elde edilen nakit akışları 2.829.510 2.364.827 ‖ 2025/06 INDIRILMEDI,,BELGE_YOK,— | -4.986 | —,2025/06 INDIRILMEDI ‖ KAP 1401155 2024/12 cari · PDF s.15 (TL): Maddi ve maddi olmayan duran varlık alımından kaynaklanan nakit çıkışları 11 (4.985.568) (4.554.850) ‖ 2025/06 INDIRILMEDI,,BELGE_YOK,— | — | —,2025/06 INDIRILMEDI ‖ KAP 1401155 2024/12 cari · PDF’te XBRL dışı satır: - Yatırım amaçlı gayrimenkullerin gerçeğe uygun değer (kazançları) ile ilgili düzeltmeler 25 (63.897) (10.914.312) || Yatırım amaçlı gayrimenkul satımından kaynaklanan nakit girişleri - 2.606 ‖ 2025/06 INDIRILMEDI,,BELGE_YOK,— | -0.168 | —,2025/06 INDIRILMEDI ‖ KAP 1401155 2024/12 cari · PDF s.15 (TL): Kira sözleşmelerinden kaynaklanan borç ödemelerine ilişkin nakit çıkışları (168.276) (289.029) ‖ 2025/06 INDIRILMEDI,BELGE_YOK
PETKM,Standart,2025/09,,BELGE_YOK,— | 2.830 | —,2025/09 INDIRILMEDI ‖ KAP 1401155 2024/12 cari · PDF s.15 (TL): A. İşletme faaliyetlerinden elde edilen nakit akışları 2.829.510 2.364.827 ‖ 2025/09 INDIRILMEDI,,BELGE_YOK,— | -4.986 | —,2025/09 INDIRILMEDI ‖ KAP 1401155 2024/12 cari · PDF s.15 (TL): Maddi ve maddi olmayan duran varlık alımından kaynaklanan nakit çıkışları 11 (4.985.568) (4.554.850) ‖ 2025/09 INDIRILMEDI,,BELGE_YOK,— | — | —,2025/09 INDIRILMEDI ‖ KAP 1401155 2024/12 cari · PDF’te XBRL dışı satır: - Yatırım amaçlı gayrimenkullerin gerçeğe uygun değer (kazançları) ile ilgili düzeltmeler 25 (63.897) (10.914.312) || Yatırım amaçlı gayrimenkul satımından kaynaklanan nakit girişleri - 2.606 ‖ 2025/09 INDIRILMEDI,,BELGE_YOK,— | -0.168 | —,2025/09 INDIRILMEDI ‖ KAP 1401155 2024/12 cari · PDF s.15 (TL): Kira sözleşmelerinden kaynaklanan borç ödemelerine ilişkin nakit çıkışları (168.276) (289.029) ‖ 2025/09 INDIRILMEDI,BELGE_YOK
PETKM,Standart,2026/03,,BELGE_YOK,— | — | —,2026/03 INDIRILMEDI ‖ 2025/12 INDIRILMEDI ‖ 2026/03 INDIRILMEDI,,BELGE_YOK,— | — | —,2026/03 INDIRILMEDI ‖ 2025/12 INDIRILMEDI ‖ 2026/03 INDIRILMEDI,,BELGE_YOK,— | — | —,2026/03 INDIRILMEDI ‖ 2025/12 INDIRILMEDI ‖ 2026/03 INDIRILMEDI,,BELGE_YOK,— | — | —,2026/03 INDIRILMEDI ‖ 2025/12 INDIRILMEDI ‖ 2026/03 INDIRILMEDI,BELGE_YOK
PETKM,Standart,2026/06,,BELGE_YOK,— | — | —,2026/06 INDIRILMEDI ‖ 2025/12 INDIRILMEDI ‖ 2026/06 INDIRILMEDI,,BELGE_YOK,— | — | —,2026/06 INDIRILMEDI ‖ 2025/12 INDIRILMEDI ‖ 2026/06 INDIRILMEDI,,BELGE_YOK,— | — | —,2026/06 INDIRILMEDI ‖ 2025/12 INDIRILMEDI ‖ 2026/06 INDIRILMEDI,,BELGE_YOK,— | — | —,2026/06 INDIRILMEDI ‖ 2025/12 INDIRILMEDI ‖ 2026/06 INDIRILMEDI,BELGE_YOK
PLTUR,Standart,2025/03,,BELGE_YOK,— | 189.100 | —,2025/03 INDIRILMEDI ‖ KAP 1405135 2024/12 cari · PDF_TUTMADI ‖ 2025/03 INDIRILMEDI,,BELGE_YOK,— | -422.304 | —,2025/03 INDIRILMEDI ‖ KAP 1405135 2024/12 cari · PDF_TUTMADI ‖ 2025/03 INDIRILMEDI,,BELGE_YOK,— | -82.250 | —,2025/03 INDIRILMEDI ‖ KAP 1405135 2024/12 cari · PDF s.12 (TL): Yatırım Amaçlı Gayrimenkul Alımları 14 (82.250.000) -- ‖ 2025/03 INDIRILMEDI,,BELGE_YOK,— | — | —,"2025/03 INDIRILMEDI ‖ KAP 1405135 2024/12 cari · PDF’te XBRL dışı satır: Operasyonel Kiralamada Kullanılan Varlık Satış (Karı) / Zararı 216.446.983 1.277.723 || Operasyonel Kiralamada Kullanılan Varlık Alımları 13 (414.351.435) (386.601.406) || Operasyonel Kiralamada Kullanılan Varlık Satışları 13,21 385.819.050 275.799.828 ‖ 2025/03 INDIRILMEDI",BELGE_YOK
PLTUR,Standart,2025/06,,BELGE_YOK,— | 189.100 | —,2025/06 INDIRILMEDI ‖ KAP 1405135 2024/12 cari · PDF_TUTMADI ‖ 2025/06 INDIRILMEDI,,BELGE_YOK,— | -422.304 | —,2025/06 INDIRILMEDI ‖ KAP 1405135 2024/12 cari · PDF_TUTMADI ‖ 2025/06 INDIRILMEDI,,BELGE_YOK,— | -82.250 | —,2025/06 INDIRILMEDI ‖ KAP 1405135 2024/12 cari · PDF s.12 (TL): Yatırım Amaçlı Gayrimenkul Alımları 14 (82.250.000) -- ‖ 2025/06 INDIRILMEDI,,BELGE_YOK,— | — | —,"2025/06 INDIRILMEDI ‖ KAP 1405135 2024/12 cari · PDF’te XBRL dışı satır: Operasyonel Kiralamada Kullanılan Varlık Satış (Karı) / Zararı 216.446.983 1.277.723 || Operasyonel Kiralamada Kullanılan Varlık Alımları 13 (414.351.435) (386.601.406) || Operasyonel Kiralamada Kullanılan Varlık Satışları 13,21 385.819.050 275.799.828 ‖ 2025/06 INDIRILMEDI",BELGE_YOK
PLTUR,Standart,2025/09,,BELGE_YOK,— | 189.100 | —,2025/09 INDIRILMEDI ‖ KAP 1405135 2024/12 cari · PDF_TUTMADI ‖ 2025/09 INDIRILMEDI,,BELGE_YOK,— | -422.304 | —,2025/09 INDIRILMEDI ‖ KAP 1405135 2024/12 cari · PDF_TUTMADI ‖ 2025/09 INDIRILMEDI,,BELGE_YOK,— | -82.250 | —,2025/09 INDIRILMEDI ‖ KAP 1405135 2024/12 cari · PDF s.12 (TL): Yatırım Amaçlı Gayrimenkul Alımları 14 (82.250.000) -- ‖ 2025/09 INDIRILMEDI,,BELGE_YOK,— | — | —,"2025/09 INDIRILMEDI ‖ KAP 1405135 2024/12 cari · PDF’te XBRL dışı satır: Operasyonel Kiralamada Kullanılan Varlık Satış (Karı) / Zararı 216.446.983 1.277.723 || Operasyonel Kiralamada Kullanılan Varlık Alımları 13 (414.351.435) (386.601.406) || Operasyonel Kiralamada Kullanılan Varlık Satışları 13,21 385.819.050 275.799.828 ‖ 2025/09 INDIRILMEDI",BELGE_YOK
PRZMA,Standart,2025/03,5.813,TEYITLI,-2.776 | 10.325 | 1.736,KAP 1431905 2025/03 cari · PDF s.8 (TL): İşletme Faaliyetlerden Kaynaklanan Net Nakit (2.776.176) 1.736.087 ‖ KAP 1396770 2024/12 cari · PDF s.7 (TL): İşletme Faaliyetlerden Kaynaklanan Net Nakit 10.324.935 12.077.454 ‖ KAP 1431905 2025/03 onceki · PDF s.8 (TL): İşletme Faaliyetlerden Kaynaklanan Net Nakit (2.776.176) 1.736.087,-0.348,TEYITLI,0.000 | -0.469 | -0.121,KAP 1431905 2025/03 cari ‖ KAP 1396770 2024/12 cari · PDF s.7 (TL): Maddi duran varlık alımından kaynaklanan nakit çıkışları (-) 13 (469.411) (221.212) ‖ KAP 1431905 2025/03 onceki · PDF s.8 (TL): Maddi duran varlık alımından kaynaklanan nakit çıkışları (-) 13 - (121.157),,ELLE,0.000 | — | 0.000,KAP 1431905 2025/03 cari ‖ KAP 1396770 2024/12 cari · PDF’te XBRL dışı satır: Yatırım Amaçlı Gayrimenkullerin Gerçeğe Uygun Değer Kayıpları (Kazançları) ile İlgili 24 (611.545) (29.171.731) ‖ KAP 1431905 2025/03 onceki,0.097,TEYITLI,0.000 | 0.000 | -0.097,KAP 1431905 2025/03 cari ‖ KAP 1396770 2024/12 cari ‖ KAP 1431905 2025/03 onceki · PDF s.8 (TL): Kira sözleşmelerinden kaynaklanan artış / azalışlar 7 - (96.539),ELLE
PRZMA,Standart,2025/06,,BELGE_YOK,— | 10.325 | —,2025/06 INDIRILMEDI ‖ KAP 1396770 2024/12 cari · PDF s.7 (TL): İşletme Faaliyetlerden Kaynaklanan Net Nakit 10.324.935 12.077.454 ‖ 2025/06 INDIRILMEDI,,BELGE_YOK,— | -0.469 | —,2025/06 INDIRILMEDI ‖ KAP 1396770 2024/12 cari · PDF s.7 (TL): Maddi duran varlık alımından kaynaklanan nakit çıkışları (-) 13 (469.411) (221.212) ‖ 2025/06 INDIRILMEDI,,BELGE_YOK,— | — | —,2025/06 INDIRILMEDI ‖ KAP 1396770 2024/12 cari · PDF’te XBRL dışı satır: Yatırım Amaçlı Gayrimenkullerin Gerçeğe Uygun Değer Kayıpları (Kazançları) ile İlgili 24 (611.545) (29.171.731) ‖ 2025/06 INDIRILMEDI,,BELGE_YOK,— | 0.000 | —,2025/06 INDIRILMEDI ‖ KAP 1396770 2024/12 cari ‖ 2025/06 INDIRILMEDI,BELGE_YOK
PRZMA,Standart,2025/09,,BELGE_YOK,— | 10.325 | —,2025/09 INDIRILMEDI ‖ KAP 1396770 2024/12 cari · PDF s.7 (TL): İşletme Faaliyetlerden Kaynaklanan Net Nakit 10.324.935 12.077.454 ‖ 2025/09 INDIRILMEDI,,BELGE_YOK,— | -0.469 | —,2025/09 INDIRILMEDI ‖ KAP 1396770 2024/12 cari · PDF s.7 (TL): Maddi duran varlık alımından kaynaklanan nakit çıkışları (-) 13 (469.411) (221.212) ‖ 2025/09 INDIRILMEDI,,BELGE_YOK,— | — | —,2025/09 INDIRILMEDI ‖ KAP 1396770 2024/12 cari · PDF’te XBRL dışı satır: Yatırım Amaçlı Gayrimenkullerin Gerçeğe Uygun Değer Kayıpları (Kazançları) ile İlgili 24 (611.545) (29.171.731) ‖ 2025/09 INDIRILMEDI,,BELGE_YOK,— | 0.000 | —,2025/09 INDIRILMEDI ‖ KAP 1396770 2024/12 cari ‖ 2025/09 INDIRILMEDI,BELGE_YOK
PRZMA,Standart,2026/03,,BELGE_YOK,— | — | —,2026/03 INDIRILMEDI ‖ 2025/12 INDIRILMEDI ‖ 2026/03 INDIRILMEDI,,BELGE_YOK,— | — | —,2026/03 INDIRILMEDI ‖ 2025/12 INDIRILMEDI ‖ 2026/03 INDIRILMEDI,,BELGE_YOK,— | — | —,2026/03 INDIRILMEDI ‖ 2025/12 INDIRILMEDI ‖ 2026/03 INDIRILMEDI,,BELGE_YOK,— | — | —,2026/03 INDIRILMEDI ‖ 2025/12 INDIRILMEDI ‖ 2026/03 INDIRILMEDI,BELGE_YOK
PRZMA,Standart,2026/06,,BELGE_YOK,— | — | —,2026/06 INDIRILMEDI ‖ 2025/12 INDIRILMEDI ‖ 2026/06 INDIRILMEDI,,BELGE_YOK,— | — | —,2026/06 INDIRILMEDI ‖ 2025/12 INDIRILMEDI ‖ 2026/06 INDIRILMEDI,,BELGE_YOK,— | — | —,2026/06 INDIRILMEDI ‖ 2025/12 INDIRILMEDI ‖ 2026/06 INDIRILMEDI,,BELGE_YOK,— | — | —,2026/06 INDIRILMEDI ‖ 2025/12 INDIRILMEDI ‖ 2026/06 INDIRILMEDI,BELGE_YOK
RNPOL,Standart,2025/03,,BELGE_YOK,— | 40.610 | —,2025/03 INDIRILMEDI ‖ KAP 1403450 2024/12 cari · PDF s.7 (TL): Faaliyetlerden Elde Edilen Nakit Akışları 40.610.034 66.646.196 ‖ 2025/03 INDIRILMEDI,,BELGE_YOK,— | -44.618 | —,2025/03 INDIRILMEDI ‖ KAP 1403450 2024/12 cari · PDF s.7 (TL): Maddi ve Maddi Olmayan Varlıklarda Nakit Giriş Çıkışları (Net) 26 13 14 15 (44.617.831) (99.272.398) ‖ 2025/03 INDIRILMEDI,,BELGE_YOK,— | 0.000 | —,2025/03 INDIRILMEDI ‖ KAP 1403450 2024/12 cari ‖ 2025/03 INDIRILMEDI,,BELGE_YOK,— | 0.000 | —,2025/03 INDIRILMEDI ‖ KAP 1403450 2024/12 cari ‖ 2025/03 INDIRILMEDI,BELGE_YOK
RNPOL,Standart,2025/06,,BELGE_YOK,— | 40.610 | —,2025/06 INDIRILMEDI ‖ KAP 1403450 2024/12 cari · PDF s.7 (TL): Faaliyetlerden Elde Edilen Nakit Akışları 40.610.034 66.646.196 ‖ 2025/06 INDIRILMEDI,,BELGE_YOK,— | -44.618 | —,2025/06 INDIRILMEDI ‖ KAP 1403450 2024/12 cari · PDF s.7 (TL): Maddi ve Maddi Olmayan Varlıklarda Nakit Giriş Çıkışları (Net) 26 13 14 15 (44.617.831) (99.272.398) ‖ 2025/06 INDIRILMEDI,,BELGE_YOK,— | 0.000 | —,2025/06 INDIRILMEDI ‖ KAP 1403450 2024/12 cari ‖ 2025/06 INDIRILMEDI,,BELGE_YOK,— | 0.000 | —,2025/06 INDIRILMEDI ‖ KAP 1403450 2024/12 cari ‖ 2025/06 INDIRILMEDI,BELGE_YOK
RNPOL,Standart,2025/09,,BELGE_YOK,— | 40.610 | —,2025/09 INDIRILMEDI ‖ KAP 1403450 2024/12 cari · PDF s.7 (TL): Faaliyetlerden Elde Edilen Nakit Akışları 40.610.034 66.646.196 ‖ 2025/09 INDIRILMEDI,,BELGE_YOK,— | -44.618 | —,2025/09 INDIRILMEDI ‖ KAP 1403450 2024/12 cari · PDF s.7 (TL): Maddi ve Maddi Olmayan Varlıklarda Nakit Giriş Çıkışları (Net) 26 13 14 15 (44.617.831) (99.272.398) ‖ 2025/09 INDIRILMEDI,,BELGE_YOK,— | 0.000 | —,2025/09 INDIRILMEDI ‖ KAP 1403450 2024/12 cari ‖ 2025/09 INDIRILMEDI,,BELGE_YOK,— | 0.000 | —,2025/09 INDIRILMEDI ‖ KAP 1403450 2024/12 cari ‖ 2025/09 INDIRILMEDI,BELGE_YOK
RODRG,Standart,2025/03,,BELGE_YOK,— | -5.433 | —,2025/03 INDIRILMEDI ‖ KAP 1399518 2024/12 cari · PDF s.12 (TL): A. İşletme Faaliyetlerden Elde Edilen Nakit Akışları (5.432.741) 16.093.950 ‖ 2025/03 INDIRILMEDI,,BELGE_YOK,— | -0.160 | —,2025/03 INDIRILMEDI ‖ KAP 1399518 2024/12 cari · PDF s.12 (TL): B. Yatırım Faaliyetlerinden Kaynaklanan Nakit Akışları (159.898) (5.857.642) ‖ 2025/03 INDIRILMEDI,,BELGE_YOK,— | 0.000 | —,2025/03 INDIRILMEDI ‖ KAP 1399518 2024/12 cari ‖ 2025/03 INDIRILMEDI,,BELGE_YOK,— | 0.000 | —,2025/03 INDIRILMEDI ‖ KAP 1399518 2024/12 cari ‖ 2025/03 INDIRILMEDI,BELGE_YOK
RODRG,Standart,2025/06,,BELGE_YOK,— | -5.433 | —,2025/06 INDIRILMEDI ‖ KAP 1399518 2024/12 cari · PDF s.12 (TL): A. İşletme Faaliyetlerden Elde Edilen Nakit Akışları (5.432.741) 16.093.950 ‖ 2025/06 INDIRILMEDI,,BELGE_YOK,— | -0.160 | —,2025/06 INDIRILMEDI ‖ KAP 1399518 2024/12 cari · PDF s.12 (TL): B. Yatırım Faaliyetlerinden Kaynaklanan Nakit Akışları (159.898) (5.857.642) ‖ 2025/06 INDIRILMEDI,,BELGE_YOK,— | 0.000 | —,2025/06 INDIRILMEDI ‖ KAP 1399518 2024/12 cari ‖ 2025/06 INDIRILMEDI,,BELGE_YOK,— | 0.000 | —,2025/06 INDIRILMEDI ‖ KAP 1399518 2024/12 cari ‖ 2025/06 INDIRILMEDI,BELGE_YOK
RODRG,Standart,2025/09,,BELGE_YOK,— | -5.433 | —,2025/09 INDIRILMEDI ‖ KAP 1399518 2024/12 cari · PDF s.12 (TL): A. İşletme Faaliyetlerden Elde Edilen Nakit Akışları (5.432.741) 16.093.950 ‖ 2025/09 INDIRILMEDI,,BELGE_YOK,— | -0.160 | —,2025/09 INDIRILMEDI ‖ KAP 1399518 2024/12 cari · PDF s.12 (TL): B. Yatırım Faaliyetlerinden Kaynaklanan Nakit Akışları (159.898) (5.857.642) ‖ 2025/09 INDIRILMEDI,,BELGE_YOK,— | 0.000 | —,2025/09 INDIRILMEDI ‖ KAP 1399518 2024/12 cari ‖ 2025/09 INDIRILMEDI,,BELGE_YOK,— | 0.000 | —,2025/09 INDIRILMEDI ‖ KAP 1399518 2024/12 cari ‖ 2025/09 INDIRILMEDI,BELGE_YOK
RODRG,Standart,2026/03,,BELGE_YOK,— | — | —,2026/03 INDIRILMEDI ‖ 2025/12 INDIRILMEDI ‖ 2026/03 INDIRILMEDI,,BELGE_YOK,— | — | —,2026/03 INDIRILMEDI ‖ 2025/12 INDIRILMEDI ‖ 2026/03 INDIRILMEDI,,BELGE_YOK,— | — | —,2026/03 INDIRILMEDI ‖ 2025/12 INDIRILMEDI ‖ 2026/03 INDIRILMEDI,,BELGE_YOK,— | — | —,2026/03 INDIRILMEDI ‖ 2025/12 INDIRILMEDI ‖ 2026/03 INDIRILMEDI,BELGE_YOK
RODRG,Standart,2026/06,,BELGE_YOK,— | — | —,2026/06 INDIRILMEDI ‖ 2025/12 INDIRILMEDI ‖ 2026/06 INDIRILMEDI,,BELGE_YOK,— | — | —,2026/06 INDIRILMEDI ‖ 2025/12 INDIRILMEDI ‖ 2026/06 INDIRILMEDI,,BELGE_YOK,— | — | —,2026/06 INDIRILMEDI ‖ 2025/12 INDIRILMEDI ‖ 2026/06 INDIRILMEDI,,BELGE_YOK,— | — | —,2026/06 INDIRILMEDI ‖ 2025/12 INDIRILMEDI ‖ 2026/06 INDIRILMEDI,BELGE_YOK
ROYAL,Standart,2025/03,,BELGE_YOK,— | — | —,2025/03 raporu KAP’ta yok ‖ 2024/12 raporu KAP’ta yok ‖ 2025/03 raporu KAP’ta yok,,BELGE_YOK,— | — | —,2025/03 raporu KAP’ta yok ‖ 2024/12 raporu KAP’ta yok ‖ 2025/03 raporu KAP’ta yok,,BELGE_YOK,— | — | —,2025/03 raporu KAP’ta yok ‖ 2024/12 raporu KAP’ta yok ‖ 2025/03 raporu KAP’ta yok,,BELGE_YOK,— | — | —,2025/03 raporu KAP’ta yok ‖ 2024/12 raporu KAP’ta yok ‖ 2025/03 raporu KAP’ta yok,BELGE_YOK
ROYAL,Standart,2025/06,,BELGE_YOK,— | — | —,2025/06 raporu KAP’ta yok ‖ 2024/12 raporu KAP’ta yok ‖ 2025/06 raporu KAP’ta yok,,BELGE_YOK,— | — | —,2025/06 raporu KAP’ta yok ‖ 2024/12 raporu KAP’ta yok ‖ 2025/06 raporu KAP’ta yok,,BELGE_YOK,— | — | —,2025/06 raporu KAP’ta yok ‖ 2024/12 raporu KAP’ta yok ‖ 2025/06 raporu KAP’ta yok,,BELGE_YOK,— | — | —,2025/06 raporu KAP’ta yok ‖ 2024/12 raporu KAP’ta yok ‖ 2025/06 raporu KAP’ta yok,BELGE_YOK
ROYAL,Standart,2025/09,,BELGE_YOK,— | — | —,2025/09 raporu KAP’ta yok ‖ 2024/12 raporu KAP’ta yok ‖ 2025/09 raporu KAP’ta yok,,BELGE_YOK,— | — | —,2025/09 raporu KAP’ta yok ‖ 2024/12 raporu KAP’ta yok ‖ 2025/09 raporu KAP’ta yok,,BELGE_YOK,— | — | —,2025/09 raporu KAP’ta yok ‖ 2024/12 raporu KAP’ta yok ‖ 2025/09 raporu KAP’ta yok,,BELGE_YOK,— | — | —,2025/09 raporu KAP’ta yok ‖ 2024/12 raporu KAP’ta yok ‖ 2025/09 raporu KAP’ta yok,BELGE_YOK
ROYAL,Standart,2026/03,,BELGE_YOK,— | — | —,2026/03 raporu KAP’ta yok ‖ 2025/12 raporu KAP’ta yok ‖ 2026/03 raporu KAP’ta yok,,BELGE_YOK,— | — | —,2026/03 raporu KAP’ta yok ‖ 2025/12 raporu KAP’ta yok ‖ 2026/03 raporu KAP’ta yok,,BELGE_YOK,— | — | —,2026/03 raporu KAP’ta yok ‖ 2025/12 raporu KAP’ta yok ‖ 2026/03 raporu KAP’ta yok,,BELGE_YOK,— | — | —,2026/03 raporu KAP’ta yok ‖ 2025/12 raporu KAP’ta yok ‖ 2026/03 raporu KAP’ta yok,BELGE_YOK
ROYAL,Standart,2026/06,,BELGE_YOK,— | — | —,2026/06 raporu KAP’ta yok ‖ 2025/12 raporu KAP’ta yok ‖ 2026/06 raporu KAP’ta yok,,BELGE_YOK,— | — | —,2026/06 raporu KAP’ta yok ‖ 2025/12 raporu KAP’ta yok ‖ 2026/06 raporu KAP’ta yok,,BELGE_YOK,— | — | —,2026/06 raporu KAP’ta yok ‖ 2025/12 raporu KAP’ta yok ‖ 2026/06 raporu KAP’ta yok,,BELGE_YOK,— | — | —,2026/06 raporu KAP’ta yok ‖ 2025/12 raporu KAP’ta yok ‖ 2026/06 raporu KAP’ta yok,BELGE_YOK
RUBNS,Standart,2025/06,,BELGE_YOK,— | -103.089 | —,2025/06 INDIRILMEDI ‖ KAP 1399114 2024/12 cari · PDF s.12 (TL): İşletme Faaliyetlerinden Nakit Akışları (103.089.011) 911.221.616 ‖ 2025/06 INDIRILMEDI,,BELGE_YOK,— | -216.545 | —,2025/06 INDIRILMEDI ‖ KAP 1399114 2024/12 cari · PDF s.12 (TL): (216.544.701) (965.306.693) ‖ 2025/06 INDIRILMEDI,,BELGE_YOK,— | -126.469 | —,2025/06 INDIRILMEDI ‖ KAP 1399114 2024/12 cari · PDF s.12 (TL): Yatırım Amaçlı Gayrimenkul Alımından Kaynaklanan Nakit Çıkışları 11 (126.468.510) - ‖ 2025/06 INDIRILMEDI,,BELGE_YOK,— | 0.000 | —,2025/06 INDIRILMEDI ‖ KAP 1399114 2024/12 cari ‖ 2025/06 INDIRILMEDI,BELGE_YOK
RUBNS,Standart,2025/09,,BELGE_YOK,— | -103.089 | —,2025/09 INDIRILMEDI ‖ KAP 1399114 2024/12 cari · PDF s.12 (TL): İşletme Faaliyetlerinden Nakit Akışları (103.089.011) 911.221.616 ‖ 2025/09 INDIRILMEDI,,BELGE_YOK,— | -216.545 | —,2025/09 INDIRILMEDI ‖ KAP 1399114 2024/12 cari · PDF s.12 (TL): (216.544.701) (965.306.693) ‖ 2025/09 INDIRILMEDI,,BELGE_YOK,— | -126.469 | —,2025/09 INDIRILMEDI ‖ KAP 1399114 2024/12 cari · PDF s.12 (TL): Yatırım Amaçlı Gayrimenkul Alımından Kaynaklanan Nakit Çıkışları 11 (126.468.510) - ‖ 2025/09 INDIRILMEDI,,BELGE_YOK,— | 0.000 | —,2025/09 INDIRILMEDI ‖ KAP 1399114 2024/12 cari ‖ 2025/09 INDIRILMEDI,BELGE_YOK
RUZYE,Standart,2025/03,,BELGE_YOK,— | 16.065 | —,2025/03 INDIRILMEDI ‖ KAP 1404722 2024/12 cari · PDF s.7 (TL): A. İşletme Faaliyetlerden Nakit Akışları 16.064.704 159.304.876 ‖ 2025/03 INDIRILMEDI,,BELGE_YOK,— | -67.938 | —,2025/03 INDIRILMEDI ‖ KAP 1404722 2024/12 cari · PDF s.7 (TL): Maddi Duran Varlık Alımından Kaynaklanan Nakit Çıkışları (-) 12 (67.296.833) (50.111.135) + Maddi olmayan duran varlık alımından kaynaklanan nakit çıkışları (-) (641.033) - ‖ 2025/03 INDIRILMEDI,,BELGE_YOK,— | -55.569 | —,2025/03 INDIRILMEDI ‖ KAP 1404722 2024/12 cari · PDF s.7 (TL): Yatırım Amaçlı Gayrimenkul Alımından Kaynaklanan Nakit Çıkışları (55.569.142) - ‖ 2025/03 INDIRILMEDI,,BELGE_YOK,— | -0.092 | —,2025/03 INDIRILMEDI ‖ KAP 1404722 2024/12 cari · PDF s.7 (TL): İlişkin Nakit Çıkışları (92.159) (151.355) ‖ 2025/03 INDIRILMEDI,BELGE_YOK
RUZYE,Standart,2025/06,,BELGE_YOK,— | 16.065 | —,2025/06 INDIRILMEDI ‖ KAP 1404722 2024/12 cari · PDF s.7 (TL): A. İşletme Faaliyetlerden Nakit Akışları 16.064.704 159.304.876 ‖ 2025/06 INDIRILMEDI,,BELGE_YOK,— | -67.938 | —,2025/06 INDIRILMEDI ‖ KAP 1404722 2024/12 cari · PDF s.7 (TL): Maddi Duran Varlık Alımından Kaynaklanan Nakit Çıkışları (-) 12 (67.296.833) (50.111.135) + Maddi olmayan duran varlık alımından kaynaklanan nakit çıkışları (-) (641.033) - ‖ 2025/06 INDIRILMEDI,,BELGE_YOK,— | -55.569 | —,2025/06 INDIRILMEDI ‖ KAP 1404722 2024/12 cari · PDF s.7 (TL): Yatırım Amaçlı Gayrimenkul Alımından Kaynaklanan Nakit Çıkışları (55.569.142) - ‖ 2025/06 INDIRILMEDI,,BELGE_YOK,— | -0.092 | —,2025/06 INDIRILMEDI ‖ KAP 1404722 2024/12 cari · PDF s.7 (TL): İlişkin Nakit Çıkışları (92.159) (151.355) ‖ 2025/06 INDIRILMEDI,BELGE_YOK
RUZYE,Standart,2025/09,,BELGE_YOK,— | 16.065 | —,2025/09 INDIRILMEDI ‖ KAP 1404722 2024/12 cari · PDF s.7 (TL): A. İşletme Faaliyetlerden Nakit Akışları 16.064.704 159.304.876 ‖ 2025/09 INDIRILMEDI,,BELGE_YOK,— | -67.938 | —,2025/09 INDIRILMEDI ‖ KAP 1404722 2024/12 cari · PDF s.7 (TL): Maddi Duran Varlık Alımından Kaynaklanan Nakit Çıkışları (-) 12 (67.296.833) (50.111.135) + Maddi olmayan duran varlık alımından kaynaklanan nakit çıkışları (-) (641.033) - ‖ 2025/09 INDIRILMEDI,,BELGE_YOK,— | -55.569 | —,2025/09 INDIRILMEDI ‖ KAP 1404722 2024/12 cari · PDF s.7 (TL): Yatırım Amaçlı Gayrimenkul Alımından Kaynaklanan Nakit Çıkışları (55.569.142) - ‖ 2025/09 INDIRILMEDI,,BELGE_YOK,— | -0.092 | —,2025/09 INDIRILMEDI ‖ KAP 1404722 2024/12 cari · PDF s.7 (TL): İlişkin Nakit Çıkışları (92.159) (151.355) ‖ 2025/09 INDIRILMEDI,BELGE_YOK
RUZYE,Standart,2025/12,,BELGE_YOK,—,2025/12 INDIRILMEDI,,BELGE_YOK,—,2025/12 INDIRILMEDI,,BELGE_YOK,—,2025/12 INDIRILMEDI,,BELGE_YOK,—,2025/12 INDIRILMEDI,BELGE_YOK
RUZYE,Standart,2026/03,,BELGE_YOK,— | — | —,2026/03 INDIRILMEDI ‖ 2025/12 INDIRILMEDI ‖ 2026/03 INDIRILMEDI,,BELGE_YOK,— | — | —,2026/03 INDIRILMEDI ‖ 2025/12 INDIRILMEDI ‖ 2026/03 INDIRILMEDI,,BELGE_YOK,— | — | —,2026/03 INDIRILMEDI ‖ 2025/12 INDIRILMEDI ‖ 2026/03 INDIRILMEDI,,BELGE_YOK,— | — | —,2026/03 INDIRILMEDI ‖ 2025/12 INDIRILMEDI ‖ 2026/03 INDIRILMEDI,BELGE_YOK
RUZYE,Standart,2026/06,,BELGE_YOK,— | — | —,2026/06 INDIRILMEDI ‖ 2025/12 INDIRILMEDI ‖ 2026/06 INDIRILMEDI,,BELGE_YOK,— | — | —,2026/06 INDIRILMEDI ‖ 2025/12 INDIRILMEDI ‖ 2026/06 INDIRILMEDI,,BELGE_YOK,— | — | —,2026/06 INDIRILMEDI ‖ 2025/12 INDIRILMEDI ‖ 2026/06 INDIRILMEDI,,BELGE_YOK,— | — | —,2026/06 INDIRILMEDI ‖ 2025/12 INDIRILMEDI ‖ 2026/06 INDIRILMEDI,BELGE_YOK
SAMAT,Standart,2025/12,,BELGE_YOK,—,2025/12 INDIRILMEDI,,BELGE_YOK,—,2025/12 INDIRILMEDI,,BELGE_YOK,—,2025/12 INDIRILMEDI,,BELGE_YOK,—,2025/12 INDIRILMEDI,BELGE_YOK
SAMAT,Standart,2026/03,,BELGE_YOK,— | — | —,2026/03 INDIRILMEDI ‖ 2025/12 INDIRILMEDI ‖ 2026/03 INDIRILMEDI,,BELGE_YOK,— | — | —,2026/03 INDIRILMEDI ‖ 2025/12 INDIRILMEDI ‖ 2026/03 INDIRILMEDI,,BELGE_YOK,— | — | —,2026/03 INDIRILMEDI ‖ 2025/12 INDIRILMEDI ‖ 2026/03 INDIRILMEDI,,BELGE_YOK,— | — | —,2026/03 INDIRILMEDI ‖ 2025/12 INDIRILMEDI ‖ 2026/03 INDIRILMEDI,BELGE_YOK
SAMAT,Standart,2026/06,,BELGE_YOK,— | — | —,2026/06 INDIRILMEDI ‖ 2025/12 INDIRILMEDI ‖ 2026/06 INDIRILMEDI,,BELGE_YOK,— | — | —,2026/06 INDIRILMEDI ‖ 2025/12 INDIRILMEDI ‖ 2026/06 INDIRILMEDI,,BELGE_YOK,— | — | —,2026/06 INDIRILMEDI ‖ 2025/12 INDIRILMEDI ‖ 2026/06 INDIRILMEDI,,BELGE_YOK,— | — | —,2026/06 INDIRILMEDI ‖ 2025/12 INDIRILMEDI ‖ 2026/06 INDIRILMEDI,BELGE_YOK
SANFM,Standart,2025/03,,BELGE_YOK,— | -135.401 | —,2025/03 INDIRILMEDI ‖ KAP 1403796 2024/12 cari · PDF s.12 (TL): İŞLETME FAALİYETLERİNDEN NAKİT AKIŞLARI (135.401.378) (166.809.053) ‖ 2025/03 INDIRILMEDI,,BELGE_YOK,— | -14.840 | —,"2025/03 INDIRILMEDI ‖ KAP 1403796 2024/12 cari · PDF s.12 (TL): Maddi ve Maddi Olmayan Varlıkların Alımından Kaynaklanan Nakit Çıkışları, Net (14.840.019) (76.493.060) ‖ 2025/03 INDIRILMEDI",,BELGE_YOK,— | — | —,2025/03 INDIRILMEDI ‖ KAP 1403796 2024/12 cari · PDF’te XBRL dışı satır: Yatırım Amaçlı Gayrimenkul Satımından Kaynaklanan Nakit Girişleri 8 301.932.266 9.968.146 ‖ 2025/03 INDIRILMEDI,,BELGE_YOK,— | -25.849 | —,2025/03 INDIRILMEDI ‖ KAP 1403796 2024/12 cari · PDF s.12 (TL): Kira Sözleşmelerinden Kaynaklanan Borç Ödemelerine İlişkin Nakit Çıkışları 5 (25.849.268) (30.003.335) ‖ 2025/03 INDIRILMEDI,BELGE_YOK
SARAE,Standart,2025/03,,BELGE_YOK,— | — | —,2025/03 raporu KAP’ta yok ‖ 2024/12 raporu KAP’ta yok ‖ 2025/03 raporu KAP’ta yok,,BELGE_YOK,— | — | —,2025/03 raporu KAP’ta yok ‖ 2024/12 raporu KAP’ta yok ‖ 2025/03 raporu KAP’ta yok,,BELGE_YOK,— | — | —,2025/03 raporu KAP’ta yok ‖ 2024/12 raporu KAP’ta yok ‖ 2025/03 raporu KAP’ta yok,,BELGE_YOK,— | — | —,2025/03 raporu KAP’ta yok ‖ 2024/12 raporu KAP’ta yok ‖ 2025/03 raporu KAP’ta yok,BELGE_YOK
SARAE,Standart,2025/06,,BELGE_YOK,— | — | —,2025/06 raporu KAP’ta yok ‖ 2024/12 raporu KAP’ta yok ‖ 2025/06 raporu KAP’ta yok,,BELGE_YOK,— | — | —,2025/06 raporu KAP’ta yok ‖ 2024/12 raporu KAP’ta yok ‖ 2025/06 raporu KAP’ta yok,,BELGE_YOK,— | — | —,2025/06 raporu KAP’ta yok ‖ 2024/12 raporu KAP’ta yok ‖ 2025/06 raporu KAP’ta yok,,BELGE_YOK,— | — | —,2025/06 raporu KAP’ta yok ‖ 2024/12 raporu KAP’ta yok ‖ 2025/06 raporu KAP’ta yok,BELGE_YOK
SARAE,Standart,2025/09,,BELGE_YOK,— | — | —,2025/09 raporu KAP’ta yok ‖ 2024/12 raporu KAP’ta yok ‖ 2025/09 raporu KAP’ta yok,,BELGE_YOK,— | — | —,2025/09 raporu KAP’ta yok ‖ 2024/12 raporu KAP’ta yok ‖ 2025/09 raporu KAP’ta yok,,BELGE_YOK,— | — | —,2025/09 raporu KAP’ta yok ‖ 2024/12 raporu KAP’ta yok ‖ 2025/09 raporu KAP’ta yok,,BELGE_YOK,— | — | —,2025/09 raporu KAP’ta yok ‖ 2024/12 raporu KAP’ta yok ‖ 2025/09 raporu KAP’ta yok,BELGE_YOK
SARAE,Standart,2025/12,,BELGE_YOK,—,2025/12 raporu KAP’ta yok,,BELGE_YOK,—,2025/12 raporu KAP’ta yok,,BELGE_YOK,—,2025/12 raporu KAP’ta yok,,BELGE_YOK,—,2025/12 raporu KAP’ta yok,BELGE_YOK
SARAE,Standart,2026/03,,BELGE_YOK,— | — | —,2026/03 raporu KAP’ta yok ‖ 2025/12 raporu KAP’ta yok ‖ 2026/03 raporu KAP’ta yok,,BELGE_YOK,— | — | —,2026/03 raporu KAP’ta yok ‖ 2025/12 raporu KAP’ta yok ‖ 2026/03 raporu KAP’ta yok,,BELGE_YOK,— | — | —,2026/03 raporu KAP’ta yok ‖ 2025/12 raporu KAP’ta yok ‖ 2026/03 raporu KAP’ta yok,,BELGE_YOK,— | — | —,2026/03 raporu KAP’ta yok ‖ 2025/12 raporu KAP’ta yok ‖ 2026/03 raporu KAP’ta yok,BELGE_YOK
SARAE,Standart,2026/06,,BELGE_YOK,— | — | —,2026/06 INDIRILMEDI ‖ 2025/12 raporu KAP’ta yok ‖ 2026/06 INDIRILMEDI,,BELGE_YOK,— | — | —,2026/06 INDIRILMEDI ‖ 2025/12 raporu KAP’ta yok ‖ 2026/06 INDIRILMEDI,,BELGE_YOK,— | — | —,2026/06 INDIRILMEDI ‖ 2025/12 raporu KAP’ta yok ‖ 2026/06 INDIRILMEDI,,BELGE_YOK,— | — | —,2026/06 INDIRILMEDI ‖ 2025/12 raporu KAP’ta yok ‖ 2026/06 INDIRILMEDI,BELGE_YOK
SEGMN,Standart,2025/03,,BELGE_YOK,— | -91.597 | —,2025/03 INDIRILMEDI ‖ KAP 1401639 2024/12 cari · PDF s.13 (TL): Faaliyetlerden elde edilen nakit akışları (91.596.683) 75.094.913 ‖ 2025/03 INDIRILMEDI,,BELGE_YOK,— | -293.594 | —,"2025/03 INDIRILMEDI ‖ KAP 1401639 2024/12 cari · PDF s.13 (TL): Maddi ve maddi olmayan duran varlık alımından kaynaklanan nakit çıkışları 11,12,13,14 (293.593.632) (81.276.478) ‖ 2025/03 INDIRILMEDI",,BELGE_YOK,— | 0.000 | —,2025/03 INDIRILMEDI ‖ KAP 1401639 2024/12 cari ‖ 2025/03 INDIRILMEDI,,BELGE_YOK,— | 0.000 | —,2025/03 INDIRILMEDI ‖ KAP 1401639 2024/12 cari ‖ 2025/03 INDIRILMEDI,BELGE_YOK
SEGMN,Standart,2025/06,,BELGE_YOK,— | -91.597 | —,2025/06 INDIRILMEDI ‖ KAP 1401639 2024/12 cari · PDF s.13 (TL): Faaliyetlerden elde edilen nakit akışları (91.596.683) 75.094.913 ‖ 2025/06 INDIRILMEDI,,BELGE_YOK,— | -293.594 | —,"2025/06 INDIRILMEDI ‖ KAP 1401639 2024/12 cari · PDF s.13 (TL): Maddi ve maddi olmayan duran varlık alımından kaynaklanan nakit çıkışları 11,12,13,14 (293.593.632) (81.276.478) ‖ 2025/06 INDIRILMEDI",,BELGE_YOK,— | 0.000 | —,2025/06 INDIRILMEDI ‖ KAP 1401639 2024/12 cari ‖ 2025/06 INDIRILMEDI,,BELGE_YOK,— | 0.000 | —,2025/06 INDIRILMEDI ‖ KAP 1401639 2024/12 cari ‖ 2025/06 INDIRILMEDI,BELGE_YOK
SEGMN,Standart,2025/09,,BELGE_YOK,— | -91.597 | —,2025/09 INDIRILMEDI ‖ KAP 1401639 2024/12 cari · PDF s.13 (TL): Faaliyetlerden elde edilen nakit akışları (91.596.683) 75.094.913 ‖ 2025/09 INDIRILMEDI,,BELGE_YOK,— | -293.594 | —,"2025/09 INDIRILMEDI ‖ KAP 1401639 2024/12 cari · PDF s.13 (TL): Maddi ve maddi olmayan duran varlık alımından kaynaklanan nakit çıkışları 11,12,13,14 (293.593.632) (81.276.478) ‖ 2025/09 INDIRILMEDI",,BELGE_YOK,— | 0.000 | —,2025/09 INDIRILMEDI ‖ KAP 1401639 2024/12 cari ‖ 2025/09 INDIRILMEDI,,BELGE_YOK,— | 0.000 | —,2025/09 INDIRILMEDI ‖ KAP 1401639 2024/12 cari ‖ 2025/09 INDIRILMEDI,BELGE_YOK
SEGMN,Standart,2026/03,,BELGE_YOK,— | — | —,2026/03 INDIRILMEDI ‖ 2025/12 INDIRILMEDI ‖ 2026/03 INDIRILMEDI,,BELGE_YOK,— | — | —,2026/03 INDIRILMEDI ‖ 2025/12 INDIRILMEDI ‖ 2026/03 INDIRILMEDI,,BELGE_YOK,— | — | —,2026/03 INDIRILMEDI ‖ 2025/12 INDIRILMEDI ‖ 2026/03 INDIRILMEDI,,BELGE_YOK,— | — | —,2026/03 INDIRILMEDI ‖ 2025/12 INDIRILMEDI ‖ 2026/03 INDIRILMEDI,BELGE_YOK
SEGMN,Standart,2026/06,,BELGE_YOK,— | — | —,2026/06 INDIRILMEDI ‖ 2025/12 INDIRILMEDI ‖ 2026/06 INDIRILMEDI,,BELGE_YOK,— | — | —,2026/06 INDIRILMEDI ‖ 2025/12 INDIRILMEDI ‖ 2026/06 INDIRILMEDI,,BELGE_YOK,— | — | —,2026/06 INDIRILMEDI ‖ 2025/12 INDIRILMEDI ‖ 2026/06 INDIRILMEDI,,BELGE_YOK,— | — | —,2026/06 INDIRILMEDI ‖ 2025/12 INDIRILMEDI ‖ 2026/06 INDIRILMEDI,BELGE_YOK
SEKUR,Standart,2026/03,,BELGE_YOK,— | — | —,2026/03 INDIRILMEDI ‖ 2025/12 INDIRILMEDI ‖ 2026/03 INDIRILMEDI,,BELGE_YOK,— | — | —,2026/03 INDIRILMEDI ‖ 2025/12 INDIRILMEDI ‖ 2026/03 INDIRILMEDI,,BELGE_YOK,— | — | —,2026/03 INDIRILMEDI ‖ 2025/12 INDIRILMEDI ‖ 2026/03 INDIRILMEDI,,BELGE_YOK,— | — | —,2026/03 INDIRILMEDI ‖ 2025/12 INDIRILMEDI ‖ 2026/03 INDIRILMEDI,BELGE_YOK
SERNT,Standart,2025/03,,BELGE_YOK,— | 1883.820 | —,2025/03 INDIRILMEDI ‖ KAP 1405453 2024/12 cari · PDF s.8 (TL): 1.883.820.380 1.343.369.733 ‖ 2025/03 INDIRILMEDI,,BELGE_YOK,— | -84.696 | —,2025/03 INDIRILMEDI ‖ KAP 1405453 2024/12 cari · PDF s.8 (TL): (84.695.789) (202.064.501) ‖ 2025/03 INDIRILMEDI,,BELGE_YOK,— | -0.544 | —,2025/03 INDIRILMEDI ‖ KAP 1405453 2024/12 cari · PDF s.8 (TL): (544.070) (5.399.142) ‖ 2025/03 INDIRILMEDI,,BELGE_YOK,— | — | —,"2025/03 INDIRILMEDI ‖ KAP 1405453 2024/12 cari · PDF’te XBRL dışı satır: Arı Finansal Kiralama A.Ş. 19,88% 59.642.124 19,88% 59.642.124 ‖ 2025/03 INDIRILMEDI",BELGE_YOK
SERNT,Standart,2026/03,,BELGE_YOK,— | — | —,2026/03 INDIRILMEDI ‖ 2025/12 INDIRILMEDI ‖ 2026/03 INDIRILMEDI,,BELGE_YOK,— | — | —,2026/03 INDIRILMEDI ‖ 2025/12 INDIRILMEDI ‖ 2026/03 INDIRILMEDI,,BELGE_YOK,— | — | —,2026/03 INDIRILMEDI ‖ 2025/12 INDIRILMEDI ‖ 2026/03 INDIRILMEDI,,BELGE_YOK,— | — | —,2026/03 INDIRILMEDI ‖ 2025/12 INDIRILMEDI ‖ 2026/03 INDIRILMEDI,BELGE_YOK
SNKRN,Standart,2025/03,,BELGE_YOK,— | — | —,2025/03 raporu KAP’ta yok ‖ 2024/12 raporu KAP’ta yok ‖ 2025/03 raporu KAP’ta yok,,BELGE_YOK,— | — | —,2025/03 raporu KAP’ta yok ‖ 2024/12 raporu KAP’ta yok ‖ 2025/03 raporu KAP’ta yok,,BELGE_YOK,— | — | —,2025/03 raporu KAP’ta yok ‖ 2024/12 raporu KAP’ta yok ‖ 2025/03 raporu KAP’ta yok,,BELGE_YOK,— | — | —,2025/03 raporu KAP’ta yok ‖ 2024/12 raporu KAP’ta yok ‖ 2025/03 raporu KAP’ta yok,BELGE_YOK
SNKRN,Standart,2025/06,,BELGE_YOK,— | — | —,2025/06 raporu KAP’ta yok ‖ 2024/12 raporu KAP’ta yok ‖ 2025/06 raporu KAP’ta yok,,BELGE_YOK,— | — | —,2025/06 raporu KAP’ta yok ‖ 2024/12 raporu KAP’ta yok ‖ 2025/06 raporu KAP’ta yok,,BELGE_YOK,— | — | —,2025/06 raporu KAP’ta yok ‖ 2024/12 raporu KAP’ta yok ‖ 2025/06 raporu KAP’ta yok,,BELGE_YOK,— | — | —,2025/06 raporu KAP’ta yok ‖ 2024/12 raporu KAP’ta yok ‖ 2025/06 raporu KAP’ta yok,BELGE_YOK
SNKRN,Standart,2025/09,,BELGE_YOK,— | — | —,2025/09 raporu KAP’ta yok ‖ 2024/12 raporu KAP’ta yok ‖ 2025/09 raporu KAP’ta yok,,BELGE_YOK,— | — | —,2025/09 raporu KAP’ta yok ‖ 2024/12 raporu KAP’ta yok ‖ 2025/09 raporu KAP’ta yok,,BELGE_YOK,— | — | —,2025/09 raporu KAP’ta yok ‖ 2024/12 raporu KAP’ta yok ‖ 2025/09 raporu KAP’ta yok,,BELGE_YOK,— | — | —,2025/09 raporu KAP’ta yok ‖ 2024/12 raporu KAP’ta yok ‖ 2025/09 raporu KAP’ta yok,BELGE_YOK
SNKRN,Standart,2025/12,,BELGE_YOK,—,2025/12 raporu KAP’ta yok,,BELGE_YOK,—,2025/12 raporu KAP’ta yok,,BELGE_YOK,—,2025/12 raporu KAP’ta yok,,BELGE_YOK,—,2025/12 raporu KAP’ta yok,BELGE_YOK
SNKRN,Standart,2026/03,,BELGE_YOK,— | — | —,2026/03 raporu KAP’ta yok ‖ 2025/12 raporu KAP’ta yok ‖ 2026/03 raporu KAP’ta yok,,BELGE_YOK,— | — | —,2026/03 raporu KAP’ta yok ‖ 2025/12 raporu KAP’ta yok ‖ 2026/03 raporu KAP’ta yok,,BELGE_YOK,— | — | —,2026/03 raporu KAP’ta yok ‖ 2025/12 raporu KAP’ta yok ‖ 2026/03 raporu KAP’ta yok,,BELGE_YOK,— | — | —,2026/03 raporu KAP’ta yok ‖ 2025/12 raporu KAP’ta yok ‖ 2026/03 raporu KAP’ta yok,BELGE_YOK
SNKRN,Standart,2026/06,,BELGE_YOK,— | — | —,2026/06 raporu KAP’ta yok ‖ 2025/12 raporu KAP’ta yok ‖ 2026/06 raporu KAP’ta yok,,BELGE_YOK,— | — | —,2026/06 raporu KAP’ta yok ‖ 2025/12 raporu KAP’ta yok ‖ 2026/06 raporu KAP’ta yok,,BELGE_YOK,— | — | —,2026/06 raporu KAP’ta yok ‖ 2025/12 raporu KAP’ta yok ‖ 2026/06 raporu KAP’ta yok,,BELGE_YOK,— | — | —,2026/06 raporu KAP’ta yok ‖ 2025/12 raporu KAP’ta yok ‖ 2026/06 raporu KAP’ta yok,BELGE_YOK
SODSN,Standart,2025/03,,BELGE_YOK,— | -4.478 | —,2025/03 raporu KAP’ta yok ‖ KAP 1397542 2024/12 cari · PDF s.7 (TL): A. İşletme Faaliyetlerinden Nakit Akışları (4.478.115) 26.932.008 ‖ 2025/03 raporu KAP’ta yok,,BELGE_YOK,— | -5.137 | —,2025/03 raporu KAP’ta yok ‖ KAP 1397542 2024/12 cari · PDF s.8 (TL): Maddi duran varlık alımından kaynaklanan nakit çıkışları 13 (5.137.256) (8.564.165) ‖ 2025/03 raporu KAP’ta yok,,BELGE_YOK,— | 0.000 | —,2025/03 raporu KAP’ta yok ‖ KAP 1397542 2024/12 cari ‖ 2025/03 raporu KAP’ta yok,,BELGE_YOK,— | -0.959 | —,2025/03 raporu KAP’ta yok ‖ KAP 1397542 2024/12 cari · PDF s.8 (TL): C. Finansman Faaliyetlerinden Nakit Akışları (958.522) (33.247.329) ‖ 2025/03 raporu KAP’ta yok,BELGE_YOK
SODSN,Standart,2025/06,,BELGE_YOK,— | -4.478 | —,2025/06 INDIRILMEDI ‖ KAP 1397542 2024/12 cari · PDF s.7 (TL): A. İşletme Faaliyetlerinden Nakit Akışları (4.478.115) 26.932.008 ‖ 2025/06 INDIRILMEDI,,BELGE_YOK,— | -5.137 | —,2025/06 INDIRILMEDI ‖ KAP 1397542 2024/12 cari · PDF s.8 (TL): Maddi duran varlık alımından kaynaklanan nakit çıkışları 13 (5.137.256) (8.564.165) ‖ 2025/06 INDIRILMEDI,,BELGE_YOK,— | 0.000 | —,2025/06 INDIRILMEDI ‖ KAP 1397542 2024/12 cari ‖ 2025/06 INDIRILMEDI,,BELGE_YOK,— | -0.959 | —,2025/06 INDIRILMEDI ‖ KAP 1397542 2024/12 cari · PDF s.8 (TL): C. Finansman Faaliyetlerinden Nakit Akışları (958.522) (33.247.329) ‖ 2025/06 INDIRILMEDI,BELGE_YOK
SODSN,Standart,2025/09,,BELGE_YOK,— | -4.478 | —,2025/09 raporu KAP’ta yok ‖ KAP 1397542 2024/12 cari · PDF s.7 (TL): A. İşletme Faaliyetlerinden Nakit Akışları (4.478.115) 26.932.008 ‖ 2025/09 raporu KAP’ta yok,,BELGE_YOK,— | -5.137 | —,2025/09 raporu KAP’ta yok ‖ KAP 1397542 2024/12 cari · PDF s.8 (TL): Maddi duran varlık alımından kaynaklanan nakit çıkışları 13 (5.137.256) (8.564.165) ‖ 2025/09 raporu KAP’ta yok,,BELGE_YOK,— | 0.000 | —,2025/09 raporu KAP’ta yok ‖ KAP 1397542 2024/12 cari ‖ 2025/09 raporu KAP’ta yok,,BELGE_YOK,— | -0.959 | —,2025/09 raporu KAP’ta yok ‖ KAP 1397542 2024/12 cari · PDF s.8 (TL): C. Finansman Faaliyetlerinden Nakit Akışları (958.522) (33.247.329) ‖ 2025/09 raporu KAP’ta yok,BELGE_YOK
SODSN,Standart,2026/03,,BELGE_YOK,— | — | —,2026/03 raporu KAP’ta yok ‖ 2025/12 INDIRILMEDI ‖ 2026/03 raporu KAP’ta yok,,BELGE_YOK,— | — | —,2026/03 raporu KAP’ta yok ‖ 2025/12 INDIRILMEDI ‖ 2026/03 raporu KAP’ta yok,,BELGE_YOK,— | — | —,2026/03 raporu KAP’ta yok ‖ 2025/12 INDIRILMEDI ‖ 2026/03 raporu KAP’ta yok,,BELGE_YOK,— | — | —,2026/03 raporu KAP’ta yok ‖ 2025/12 INDIRILMEDI ‖ 2026/03 raporu KAP’ta yok,BELGE_YOK
SODSN,Standart,2026/06,,BELGE_YOK,— | — | —,2026/06 INDIRILMEDI ‖ 2025/12 INDIRILMEDI ‖ 2026/06 INDIRILMEDI,,BELGE_YOK,— | — | —,2026/06 INDIRILMEDI ‖ 2025/12 INDIRILMEDI ‖ 2026/06 INDIRILMEDI,,BELGE_YOK,— | — | —,2026/06 INDIRILMEDI ‖ 2025/12 INDIRILMEDI ‖ 2026/06 INDIRILMEDI,,BELGE_YOK,— | — | —,2026/06 INDIRILMEDI ‖ 2025/12 INDIRILMEDI ‖ 2026/06 INDIRILMEDI,BELGE_YOK
SOHOE,Standart,2025/03,,BELGE_YOK,— | — | —,2025/03 raporu KAP’ta yok ‖ 2024/12 raporu KAP’ta yok ‖ 2025/03 raporu KAP’ta yok,,BELGE_YOK,— | — | —,2025/03 raporu KAP’ta yok ‖ 2024/12 raporu KAP’ta yok ‖ 2025/03 raporu KAP’ta yok,,BELGE_YOK,— | — | —,2025/03 raporu KAP’ta yok ‖ 2024/12 raporu KAP’ta yok ‖ 2025/03 raporu KAP’ta yok,,BELGE_YOK,— | — | —,2025/03 raporu KAP’ta yok ‖ 2024/12 raporu KAP’ta yok ‖ 2025/03 raporu KAP’ta yok,BELGE_YOK
SOHOE,Standart,2025/06,,BELGE_YOK,— | — | —,2025/06 raporu KAP’ta yok ‖ 2024/12 raporu KAP’ta yok ‖ 2025/06 raporu KAP’ta yok,,BELGE_YOK,— | — | —,2025/06 raporu KAP’ta yok ‖ 2024/12 raporu KAP’ta yok ‖ 2025/06 raporu KAP’ta yok,,BELGE_YOK,— | — | —,2025/06 raporu KAP’ta yok ‖ 2024/12 raporu KAP’ta yok ‖ 2025/06 raporu KAP’ta yok,,BELGE_YOK,— | — | —,2025/06 raporu KAP’ta yok ‖ 2024/12 raporu KAP’ta yok ‖ 2025/06 raporu KAP’ta yok,BELGE_YOK
SOHOE,Standart,2025/09,,BELGE_YOK,— | — | —,2025/09 raporu KAP’ta yok ‖ 2024/12 raporu KAP’ta yok ‖ 2025/09 raporu KAP’ta yok,,BELGE_YOK,— | — | —,2025/09 raporu KAP’ta yok ‖ 2024/12 raporu KAP’ta yok ‖ 2025/09 raporu KAP’ta yok,,BELGE_YOK,— | — | —,2025/09 raporu KAP’ta yok ‖ 2024/12 raporu KAP’ta yok ‖ 2025/09 raporu KAP’ta yok,,BELGE_YOK,— | — | —,2025/09 raporu KAP’ta yok ‖ 2024/12 raporu KAP’ta yok ‖ 2025/09 raporu KAP’ta yok,BELGE_YOK
SOHOE,Standart,2025/12,,BELGE_YOK,—,2025/12 raporu KAP’ta yok,,BELGE_YOK,—,2025/12 raporu KAP’ta yok,,BELGE_YOK,—,2025/12 raporu KAP’ta yok,,BELGE_YOK,—,2025/12 raporu KAP’ta yok,BELGE_YOK
SOHOE,Standart,2026/03,,BELGE_YOK,— | — | —,2026/03 raporu KAP’ta yok ‖ 2025/12 raporu KAP’ta yok ‖ 2026/03 raporu KAP’ta yok,,BELGE_YOK,— | — | —,2026/03 raporu KAP’ta yok ‖ 2025/12 raporu KAP’ta yok ‖ 2026/03 raporu KAP’ta yok,,BELGE_YOK,— | — | —,2026/03 raporu KAP’ta yok ‖ 2025/12 raporu KAP’ta yok ‖ 2026/03 raporu KAP’ta yok,,BELGE_YOK,— | — | —,2026/03 raporu KAP’ta yok ‖ 2025/12 raporu KAP’ta yok ‖ 2026/03 raporu KAP’ta yok,BELGE_YOK
SOHOE,Standart,2026/06,,BELGE_YOK,— | — | —,2026/06 INDIRILMEDI ‖ 2025/12 raporu KAP’ta yok ‖ 2026/06 INDIRILMEDI,,BELGE_YOK,— | — | —,2026/06 INDIRILMEDI ‖ 2025/12 raporu KAP’ta yok ‖ 2026/06 INDIRILMEDI,,BELGE_YOK,— | — | —,2026/06 INDIRILMEDI ‖ 2025/12 raporu KAP’ta yok ‖ 2026/06 INDIRILMEDI,,BELGE_YOK,— | — | —,2026/06 INDIRILMEDI ‖ 2025/12 raporu KAP’ta yok ‖ 2026/06 INDIRILMEDI,BELGE_YOK
SSAAT,Standart,2025/03,,BELGE_YOK,— | — | —,2025/03 raporu KAP’ta yok ‖ 2024/12 raporu KAP’ta yok ‖ 2025/03 raporu KAP’ta yok,,BELGE_YOK,— | — | —,2025/03 raporu KAP’ta yok ‖ 2024/12 raporu KAP’ta yok ‖ 2025/03 raporu KAP’ta yok,,BELGE_YOK,— | — | —,2025/03 raporu KAP’ta yok ‖ 2024/12 raporu KAP’ta yok ‖ 2025/03 raporu KAP’ta yok,,BELGE_YOK,— | — | —,2025/03 raporu KAP’ta yok ‖ 2024/12 raporu KAP’ta yok ‖ 2025/03 raporu KAP’ta yok,BELGE_YOK
SSAAT,Standart,2025/06,,BELGE_YOK,— | — | —,2025/06 raporu KAP’ta yok ‖ 2024/12 raporu KAP’ta yok ‖ 2025/06 raporu KAP’ta yok,,BELGE_YOK,— | — | —,2025/06 raporu KAP’ta yok ‖ 2024/12 raporu KAP’ta yok ‖ 2025/06 raporu KAP’ta yok,,BELGE_YOK,— | — | —,2025/06 raporu KAP’ta yok ‖ 2024/12 raporu KAP’ta yok ‖ 2025/06 raporu KAP’ta yok,,BELGE_YOK,— | — | —,2025/06 raporu KAP’ta yok ‖ 2024/12 raporu KAP’ta yok ‖ 2025/06 raporu KAP’ta yok,BELGE_YOK
SSAAT,Standart,2025/09,,BELGE_YOK,— | — | —,2025/09 raporu KAP’ta yok ‖ 2024/12 raporu KAP’ta yok ‖ 2025/09 raporu KAP’ta yok,,BELGE_YOK,— | — | —,2025/09 raporu KAP’ta yok ‖ 2024/12 raporu KAP’ta yok ‖ 2025/09 raporu KAP’ta yok,,BELGE_YOK,— | — | —,2025/09 raporu KAP’ta yok ‖ 2024/12 raporu KAP’ta yok ‖ 2025/09 raporu KAP’ta yok,,BELGE_YOK,— | — | —,2025/09 raporu KAP’ta yok ‖ 2024/12 raporu KAP’ta yok ‖ 2025/09 raporu KAP’ta yok,BELGE_YOK
SSAAT,Standart,2026/03,,BELGE_YOK,— | — | —,2026/03 raporu KAP’ta yok ‖ 2025/12 raporu KAP’ta yok ‖ 2026/03 raporu KAP’ta yok,,BELGE_YOK,— | — | —,2026/03 raporu KAP’ta yok ‖ 2025/12 raporu KAP’ta yok ‖ 2026/03 raporu KAP’ta yok,,BELGE_YOK,— | — | —,2026/03 raporu KAP’ta yok ‖ 2025/12 raporu KAP’ta yok ‖ 2026/03 raporu KAP’ta yok,,BELGE_YOK,— | — | —,2026/03 raporu KAP’ta yok ‖ 2025/12 raporu KAP’ta yok ‖ 2026/03 raporu KAP’ta yok,BELGE_YOK
SSAAT,Standart,2026/06,,BELGE_YOK,— | — | —,2026/06 INDIRILMEDI ‖ 2025/12 raporu KAP’ta yok ‖ 2026/06 INDIRILMEDI,,BELGE_YOK,— | — | —,2026/06 INDIRILMEDI ‖ 2025/12 raporu KAP’ta yok ‖ 2026/06 INDIRILMEDI,,BELGE_YOK,— | — | —,2026/06 INDIRILMEDI ‖ 2025/12 raporu KAP’ta yok ‖ 2026/06 INDIRILMEDI,,BELGE_YOK,— | — | —,2026/06 INDIRILMEDI ‖ 2025/12 raporu KAP’ta yok ‖ 2026/06 INDIRILMEDI,BELGE_YOK
SUMAS,Standart,2025/03,,BELGE_YOK,— | -10.481 | —,2025/03 raporu KAP’ta yok ‖ KAP 1397846 2024/12 cari · PDF s.13 (TL): A.İşletme faaliyetlerinden nakit akışları (10.481.144) 6.519.855 ‖ 2025/03 raporu KAP’ta yok,,BELGE_YOK,— | -52.199 | —,2025/03 raporu KAP’ta yok ‖ KAP 1397846 2024/12 cari · PDF s.13 (TL): Maddi ve maddi olmayan duran varlıkları alımından kaynaklanan nakit çıkışları (52.199.131) (35.548.284) ‖ 2025/03 raporu KAP’ta yok,,BELGE_YOK,— | 0.000 | —,2025/03 raporu KAP’ta yok ‖ KAP 1397846 2024/12 cari ‖ 2025/03 raporu KAP’ta yok,,BELGE_YOK,— | 0.000 | —,2025/03 raporu KAP’ta yok ‖ KAP 1397846 2024/12 cari ‖ 2025/03 raporu KAP’ta yok,BELGE_YOK
SUMAS,Standart,2025/06,,BELGE_YOK,— | -10.481 | —,2025/06 INDIRILMEDI ‖ KAP 1397846 2024/12 cari · PDF s.13 (TL): A.İşletme faaliyetlerinden nakit akışları (10.481.144) 6.519.855 ‖ 2025/06 INDIRILMEDI,,BELGE_YOK,— | -52.199 | —,2025/06 INDIRILMEDI ‖ KAP 1397846 2024/12 cari · PDF s.13 (TL): Maddi ve maddi olmayan duran varlıkları alımından kaynaklanan nakit çıkışları (52.199.131) (35.548.284) ‖ 2025/06 INDIRILMEDI,,BELGE_YOK,— | 0.000 | —,2025/06 INDIRILMEDI ‖ KAP 1397846 2024/12 cari ‖ 2025/06 INDIRILMEDI,,BELGE_YOK,— | 0.000 | —,2025/06 INDIRILMEDI ‖ KAP 1397846 2024/12 cari ‖ 2025/06 INDIRILMEDI,BELGE_YOK
SUMAS,Standart,2025/09,,BELGE_YOK,— | -10.481 | —,2025/09 raporu KAP’ta yok ‖ KAP 1397846 2024/12 cari · PDF s.13 (TL): A.İşletme faaliyetlerinden nakit akışları (10.481.144) 6.519.855 ‖ 2025/09 raporu KAP’ta yok,,BELGE_YOK,— | -52.199 | —,2025/09 raporu KAP’ta yok ‖ KAP 1397846 2024/12 cari · PDF s.13 (TL): Maddi ve maddi olmayan duran varlıkları alımından kaynaklanan nakit çıkışları (52.199.131) (35.548.284) ‖ 2025/09 raporu KAP’ta yok,,BELGE_YOK,— | 0.000 | —,2025/09 raporu KAP’ta yok ‖ KAP 1397846 2024/12 cari ‖ 2025/09 raporu KAP’ta yok,,BELGE_YOK,— | 0.000 | —,2025/09 raporu KAP’ta yok ‖ KAP 1397846 2024/12 cari ‖ 2025/09 raporu KAP’ta yok,BELGE_YOK
SUMAS,Standart,2026/03,,BELGE_YOK,— | — | —,2026/03 raporu KAP’ta yok ‖ 2025/12 INDIRILMEDI ‖ 2026/03 raporu KAP’ta yok,,BELGE_YOK,— | — | —,2026/03 raporu KAP’ta yok ‖ 2025/12 INDIRILMEDI ‖ 2026/03 raporu KAP’ta yok,,BELGE_YOK,— | — | —,2026/03 raporu KAP’ta yok ‖ 2025/12 INDIRILMEDI ‖ 2026/03 raporu KAP’ta yok,,BELGE_YOK,— | — | —,2026/03 raporu KAP’ta yok ‖ 2025/12 INDIRILMEDI ‖ 2026/03 raporu KAP’ta yok,BELGE_YOK
SUMAS,Standart,2026/06,,BELGE_YOK,— | — | —,2026/06 INDIRILMEDI ‖ 2025/12 INDIRILMEDI ‖ 2026/06 INDIRILMEDI,,BELGE_YOK,— | — | —,2026/06 INDIRILMEDI ‖ 2025/12 INDIRILMEDI ‖ 2026/06 INDIRILMEDI,,BELGE_YOK,— | — | —,2026/06 INDIRILMEDI ‖ 2025/12 INDIRILMEDI ‖ 2026/06 INDIRILMEDI,,BELGE_YOK,— | — | —,2026/06 INDIRILMEDI ‖ 2025/12 INDIRILMEDI ‖ 2026/06 INDIRILMEDI,BELGE_YOK
SUWEN,Standart,2025/03,,BELGE_YOK,— | 291.470 | —,2025/03 INDIRILMEDI ‖ KAP 1403598 2024/12 cari · PDF s.14 (TL): Faaliyetlerden elde edilen nakit akışları 291.470.077 495.762.471 ‖ 2025/03 INDIRILMEDI,,BELGE_YOK,— | -158.001 | —,"2025/03 INDIRILMEDI ‖ KAP 1403598 2024/12 cari · PDF s.14 (TL): Maddi ve maddi olmayan duran varlıkların alımından kaynaklanan nakit çıkışları 17,19 (158.000.974) (225.958.572) ‖ 2025/03 INDIRILMEDI",,BELGE_YOK,— | 0.000 | —,2025/03 INDIRILMEDI ‖ KAP 1403598 2024/12 cari ‖ 2025/03 INDIRILMEDI,,BELGE_YOK,— | — | —,2025/03 INDIRILMEDI ‖ KAP 1403598 2024/12 cari · PDF’te XBRL dışı satır: - Kiralama Sözleşmeleri ile ilgili düzeltmeler 18 - 339.390 || Kiralama yükümlülükleri ile ilgili nakit çıkışları 8 (256.350.110) (213.565.721) || Lease contracts 18 - 339.390 ‖ 2025/03 INDIRILMEDI,BELGE_YOK
TATEN,Standart,2025/03,1491.101,TEYITLI,176.556 | 1207.885 | -106.660,KAP 1436745 2025/03 cari · PDF s.8 (TL): İŞLETME FAALİYETLERDEN KAYNAKLANAN NAKİT AKIŞLARI 176.556.301 (106.660.039) ‖ KAP 1388849 2024/12 cari · PDF s.14 (TL): İŞLETME FAALİYETLERDEN KAYNAKLANAN NAKİT AKIŞLARI 1.207.884.544 630.326.162 ‖ KAP 1436745 2025/03 onceki · PDF s.8 (TL): İŞLETME FAALİYETLERDEN KAYNAKLANAN NAKİT AKIŞLARI 176.556.301 (106.660.039),-1604.499,TEYITLI,-6.197 | -1624.839 | -26.537,KAP 1436745 2025/03 cari · PDF s.8 (TL): Maddi ve Maddi Olmayan Duran Varlıkların Alımından Kayn.Nakit Çıkışları 14 (6.196.537) (26.537.146) ‖ KAP 1388849 2024/12 cari · PDF s.14 (TL): Maddi ve Maddi Olmayan Duran Varlıkların Alımından Kayn.Nakit Çıkışları 14 (1.624.839.214) (846.380.713) ‖ KAP 1436745 2025/03 onceki · PDF s.8 (TL): YATIRIM FAALİYETLERİNDEN KAYNAKLANAN NAKİT AKIŞLARI (11.547.562) (26.537.146),-207.773,TEYITLI,0.000 | -207.773 | 0.000,KAP 1436745 2025/03 cari ‖ KAP 1388849 2024/12 cari · PDF s.14 (TL): Yatırım Amaçlı Gayrimenkul Alımından Kaynaklanan Nakit Çıkışları (207.772.500) - ‖ KAP 1436745 2025/03 onceki,-6.495,TEYITLI,-4.214 | -2.281 | 0.000,KAP 1436745 2025/03 cari · PDF s.8 (TL): Kira Sözleşmelerinden Kaynaklanan Borç Ödemelerine İlişkin Nakit Çıkışları 7 (4.213.588) - ‖ KAP 1388849 2024/12 cari · PDF s.14 (TL): Kira Sözleşmelerinden Kaynaklanan Borç Ödemelerine İlişkin Nakit Çıkışları 7 (2.280.977) (2.519.970) ‖ KAP 1436745 2025/03 onceki,TEYITLI
TATEN,Standart,2025/06,,BELGE_YOK,— | 1207.885 | —,2025/06 INDIRILMEDI ‖ KAP 1388849 2024/12 cari · PDF s.14 (TL): İŞLETME FAALİYETLERDEN KAYNAKLANAN NAKİT AKIŞLARI 1.207.884.544 630.326.162 ‖ 2025/06 INDIRILMEDI,,BELGE_YOK,— | -1624.839 | —,2025/06 INDIRILMEDI ‖ KAP 1388849 2024/12 cari · PDF s.14 (TL): Maddi ve Maddi Olmayan Duran Varlıkların Alımından Kayn.Nakit Çıkışları 14 (1.624.839.214) (846.380.713) ‖ 2025/06 INDIRILMEDI,,BELGE_YOK,— | -207.773 | —,2025/06 INDIRILMEDI ‖ KAP 1388849 2024/12 cari · PDF s.14 (TL): Yatırım Amaçlı Gayrimenkul Alımından Kaynaklanan Nakit Çıkışları (207.772.500) - ‖ 2025/06 INDIRILMEDI,,BELGE_YOK,— | -2.281 | —,2025/06 INDIRILMEDI ‖ KAP 1388849 2024/12 cari · PDF s.14 (TL): Kira Sözleşmelerinden Kaynaklanan Borç Ödemelerine İlişkin Nakit Çıkışları 7 (2.280.977) (2.519.970) ‖ 2025/06 INDIRILMEDI,BELGE_YOK
TATEN,Standart,2025/09,,BELGE_YOK,— | 1207.885 | —,2025/09 INDIRILMEDI ‖ KAP 1388849 2024/12 cari · PDF s.14 (TL): İŞLETME FAALİYETLERDEN KAYNAKLANAN NAKİT AKIŞLARI 1.207.884.544 630.326.162 ‖ 2025/09 INDIRILMEDI,,BELGE_YOK,— | -1624.839 | —,2025/09 INDIRILMEDI ‖ KAP 1388849 2024/12 cari · PDF s.14 (TL): Maddi ve Maddi Olmayan Duran Varlıkların Alımından Kayn.Nakit Çıkışları 14 (1.624.839.214) (846.380.713) ‖ 2025/09 INDIRILMEDI,,BELGE_YOK,— | -207.773 | —,2025/09 INDIRILMEDI ‖ KAP 1388849 2024/12 cari · PDF s.14 (TL): Yatırım Amaçlı Gayrimenkul Alımından Kaynaklanan Nakit Çıkışları (207.772.500) - ‖ 2025/09 INDIRILMEDI,,BELGE_YOK,— | -2.281 | —,2025/09 INDIRILMEDI ‖ KAP 1388849 2024/12 cari · PDF s.14 (TL): Kira Sözleşmelerinden Kaynaklanan Borç Ödemelerine İlişkin Nakit Çıkışları 7 (2.280.977) (2.519.970) ‖ 2025/09 INDIRILMEDI,BELGE_YOK
TEHOL,Holding,2026/03,,BELGE_YOK,— | — | —,2026/03 INDIRILMEDI ‖ 2025/12 INDIRILMEDI ‖ 2026/03 INDIRILMEDI,,BELGE_YOK,— | — | —,2026/03 INDIRILMEDI ‖ 2025/12 INDIRILMEDI ‖ 2026/03 INDIRILMEDI,,BELGE_YOK,— | — | —,2026/03 INDIRILMEDI ‖ 2025/12 INDIRILMEDI ‖ 2026/03 INDIRILMEDI,,BELGE_YOK,— | — | —,2026/03 INDIRILMEDI ‖ 2025/12 INDIRILMEDI ‖ 2026/03 INDIRILMEDI,BELGE_YOK
TEHOL,Holding,2026/06,,BELGE_YOK,— | — | —,2026/06 INDIRILMEDI ‖ 2025/12 INDIRILMEDI ‖ 2026/06 INDIRILMEDI,,BELGE_YOK,— | — | —,2026/06 INDIRILMEDI ‖ 2025/12 INDIRILMEDI ‖ 2026/06 INDIRILMEDI,,BELGE_YOK,— | — | —,2026/06 INDIRILMEDI ‖ 2025/12 INDIRILMEDI ‖ 2026/06 INDIRILMEDI,,BELGE_YOK,— | — | —,2026/06 INDIRILMEDI ‖ 2025/12 INDIRILMEDI ‖ 2026/06 INDIRILMEDI,BELGE_YOK
TGSAS,Standart,2025/03,,BELGE_YOK,— | 118.419 | —,2025/03 INDIRILMEDI ‖ KAP 1399247 2024/12 cari · PDF s.12 (TL): A. İŞLETME FAALİYETLERDEN NAKİT AKIŞLARI 118.418.839 26.370.268 ‖ 2025/03 INDIRILMEDI,,BELGE_YOK,— | -4.175 | —,"2025/03 INDIRILMEDI ‖ KAP 1399247 2024/12 cari · PDF s.12 (TL): Maddi ve Maddi Olmayan Duran Varlıkların Satışından Kaynaklanan Nakit Girişleri 15,16 (4.174.626) (1.585.885) ‖ 2025/03 INDIRILMEDI",,BELGE_YOK,— | 0.000 | —,2025/03 INDIRILMEDI ‖ KAP 1399247 2024/12 cari ‖ 2025/03 INDIRILMEDI,,BELGE_YOK,— | 0.000 | —,2025/03 INDIRILMEDI ‖ KAP 1399247 2024/12 cari ‖ 2025/03 INDIRILMEDI,BELGE_YOK
TGSAS,Standart,2025/06,,BELGE_YOK,— | 118.419 | —,2025/06 INDIRILMEDI ‖ KAP 1399247 2024/12 cari · PDF s.12 (TL): A. İŞLETME FAALİYETLERDEN NAKİT AKIŞLARI 118.418.839 26.370.268 ‖ 2025/06 INDIRILMEDI,,BELGE_YOK,— | -4.175 | —,"2025/06 INDIRILMEDI ‖ KAP 1399247 2024/12 cari · PDF s.12 (TL): Maddi ve Maddi Olmayan Duran Varlıkların Satışından Kaynaklanan Nakit Girişleri 15,16 (4.174.626) (1.585.885) ‖ 2025/06 INDIRILMEDI",,BELGE_YOK,— | 0.000 | —,2025/06 INDIRILMEDI ‖ KAP 1399247 2024/12 cari ‖ 2025/06 INDIRILMEDI,,BELGE_YOK,— | 0.000 | —,2025/06 INDIRILMEDI ‖ KAP 1399247 2024/12 cari ‖ 2025/06 INDIRILMEDI,BELGE_YOK
TGSAS,Standart,2025/09,,BELGE_YOK,— | 118.419 | —,2025/09 INDIRILMEDI ‖ KAP 1399247 2024/12 cari · PDF s.12 (TL): A. İŞLETME FAALİYETLERDEN NAKİT AKIŞLARI 118.418.839 26.370.268 ‖ 2025/09 INDIRILMEDI,,BELGE_YOK,— | -4.175 | —,"2025/09 INDIRILMEDI ‖ KAP 1399247 2024/12 cari · PDF s.12 (TL): Maddi ve Maddi Olmayan Duran Varlıkların Satışından Kaynaklanan Nakit Girişleri 15,16 (4.174.626) (1.585.885) ‖ 2025/09 INDIRILMEDI",,BELGE_YOK,— | 0.000 | —,2025/09 INDIRILMEDI ‖ KAP 1399247 2024/12 cari ‖ 2025/09 INDIRILMEDI,,BELGE_YOK,— | 0.000 | —,2025/09 INDIRILMEDI ‖ KAP 1399247 2024/12 cari ‖ 2025/09 INDIRILMEDI,BELGE_YOK
TGSAS,Standart,2025/12,,BELGE_YOK,—,2025/12 INDIRILMEDI,,BELGE_YOK,—,2025/12 INDIRILMEDI,,BELGE_YOK,—,2025/12 INDIRILMEDI,,BELGE_YOK,—,2025/12 INDIRILMEDI,BELGE_YOK
TGSAS,Standart,2026/03,,BELGE_YOK,— | — | —,2026/03 INDIRILMEDI ‖ 2025/12 INDIRILMEDI ‖ 2026/03 INDIRILMEDI,,BELGE_YOK,— | — | —,2026/03 INDIRILMEDI ‖ 2025/12 INDIRILMEDI ‖ 2026/03 INDIRILMEDI,,BELGE_YOK,— | — | —,2026/03 INDIRILMEDI ‖ 2025/12 INDIRILMEDI ‖ 2026/03 INDIRILMEDI,,BELGE_YOK,— | — | —,2026/03 INDIRILMEDI ‖ 2025/12 INDIRILMEDI ‖ 2026/03 INDIRILMEDI,BELGE_YOK
TGSAS,Standart,2026/06,,BELGE_YOK,— | — | —,2026/06 INDIRILMEDI ‖ 2025/12 INDIRILMEDI ‖ 2026/06 INDIRILMEDI,,BELGE_YOK,— | — | —,2026/06 INDIRILMEDI ‖ 2025/12 INDIRILMEDI ‖ 2026/06 INDIRILMEDI,,BELGE_YOK,— | — | —,2026/06 INDIRILMEDI ‖ 2025/12 INDIRILMEDI ‖ 2026/06 INDIRILMEDI,,BELGE_YOK,— | — | —,2026/06 INDIRILMEDI ‖ 2025/12 INDIRILMEDI ‖ 2026/06 INDIRILMEDI,BELGE_YOK
TKNKA,Standart,2025/03,,BELGE_YOK,— | — | —,2025/03 raporu KAP’ta yok ‖ 2024/12 raporu KAP’ta yok ‖ 2025/03 raporu KAP’ta yok,,BELGE_YOK,— | — | —,2025/03 raporu KAP’ta yok ‖ 2024/12 raporu KAP’ta yok ‖ 2025/03 raporu KAP’ta yok,,BELGE_YOK,— | — | —,2025/03 raporu KAP’ta yok ‖ 2024/12 raporu KAP’ta yok ‖ 2025/03 raporu KAP’ta yok,,BELGE_YOK,— | — | —,2025/03 raporu KAP’ta yok ‖ 2024/12 raporu KAP’ta yok ‖ 2025/03 raporu KAP’ta yok,BELGE_YOK
TKNKA,Standart,2025/06,,BELGE_YOK,— | — | —,2025/06 raporu KAP’ta yok ‖ 2024/12 raporu KAP’ta yok ‖ 2025/06 raporu KAP’ta yok,,BELGE_YOK,— | — | —,2025/06 raporu KAP’ta yok ‖ 2024/12 raporu KAP’ta yok ‖ 2025/06 raporu KAP’ta yok,,BELGE_YOK,— | — | —,2025/06 raporu KAP’ta yok ‖ 2024/12 raporu KAP’ta yok ‖ 2025/06 raporu KAP’ta yok,,BELGE_YOK,— | — | —,2025/06 raporu KAP’ta yok ‖ 2024/12 raporu KAP’ta yok ‖ 2025/06 raporu KAP’ta yok,BELGE_YOK
TKNKA,Standart,2025/09,,BELGE_YOK,— | — | —,2025/09 raporu KAP’ta yok ‖ 2024/12 raporu KAP’ta yok ‖ 2025/09 raporu KAP’ta yok,,BELGE_YOK,— | — | —,2025/09 raporu KAP’ta yok ‖ 2024/12 raporu KAP’ta yok ‖ 2025/09 raporu KAP’ta yok,,BELGE_YOK,— | — | —,2025/09 raporu KAP’ta yok ‖ 2024/12 raporu KAP’ta yok ‖ 2025/09 raporu KAP’ta yok,,BELGE_YOK,— | — | —,2025/09 raporu KAP’ta yok ‖ 2024/12 raporu KAP’ta yok ‖ 2025/09 raporu KAP’ta yok,BELGE_YOK
TKNKA,Standart,2025/12,,BELGE_YOK,—,2025/12 raporu KAP’ta yok,,BELGE_YOK,—,2025/12 raporu KAP’ta yok,,BELGE_YOK,—,2025/12 raporu KAP’ta yok,,BELGE_YOK,—,2025/12 raporu KAP’ta yok,BELGE_YOK
TKNKA,Standart,2026/03,,BELGE_YOK,— | — | —,2026/03 raporu KAP’ta yok ‖ 2025/12 raporu KAP’ta yok ‖ 2026/03 raporu KAP’ta yok,,BELGE_YOK,— | — | —,2026/03 raporu KAP’ta yok ‖ 2025/12 raporu KAP’ta yok ‖ 2026/03 raporu KAP’ta yok,,BELGE_YOK,— | — | —,2026/03 raporu KAP’ta yok ‖ 2025/12 raporu KAP’ta yok ‖ 2026/03 raporu KAP’ta yok,,BELGE_YOK,— | — | —,2026/03 raporu KAP’ta yok ‖ 2025/12 raporu KAP’ta yok ‖ 2026/03 raporu KAP’ta yok,BELGE_YOK
TKNKA,Standart,2026/06,,BELGE_YOK,— | — | —,2026/06 INDIRILMEDI ‖ 2025/12 raporu KAP’ta yok ‖ 2026/06 INDIRILMEDI,,BELGE_YOK,— | — | —,2026/06 INDIRILMEDI ‖ 2025/12 raporu KAP’ta yok ‖ 2026/06 INDIRILMEDI,,BELGE_YOK,— | — | —,2026/06 INDIRILMEDI ‖ 2025/12 raporu KAP’ta yok ‖ 2026/06 INDIRILMEDI,,BELGE_YOK,— | — | —,2026/06 INDIRILMEDI ‖ 2025/12 raporu KAP’ta yok ‖ 2026/06 INDIRILMEDI,BELGE_YOK
TLMAN,Standart,2025/09,,BELGE_YOK,— | 644.294 | —,2025/09 INDIRILMEDI ‖ KAP 1398755 2024/12 cari · PDF_TUTMADI ‖ 2025/09 INDIRILMEDI,,BELGE_YOK,— | -468.112 | —,"2025/09 INDIRILMEDI ‖ KAP 1398755 2024/12 cari · PDF s.13 (TL): Maddi Duran Varlıkların Alımından Kaynaklanan nakit çıkışları (468.046.897) (82.593.152) + çıkışları 11,12 (65.333) -- ‖ 2025/09 INDIRILMEDI",,BELGE_YOK,— | 0.000 | —,2025/09 INDIRILMEDI ‖ KAP 1398755 2024/12 cari ‖ 2025/09 INDIRILMEDI,,BELGE_YOK,— | 0.000 | —,2025/09 INDIRILMEDI ‖ KAP 1398755 2024/12 cari ‖ 2025/09 INDIRILMEDI,BELGE_YOK
TLMAN,Standart,2026/03,,BELGE_YOK,— | — | —,2026/03 INDIRILMEDI ‖ 2025/12 INDIRILMEDI ‖ 2026/03 INDIRILMEDI,,BELGE_YOK,— | — | —,2026/03 INDIRILMEDI ‖ 2025/12 INDIRILMEDI ‖ 2026/03 INDIRILMEDI,,BELGE_YOK,— | — | —,2026/03 INDIRILMEDI ‖ 2025/12 INDIRILMEDI ‖ 2026/03 INDIRILMEDI,,BELGE_YOK,— | — | —,2026/03 INDIRILMEDI ‖ 2025/12 INDIRILMEDI ‖ 2026/03 INDIRILMEDI,BELGE_YOK
TLMAN,Standart,2026/06,,BELGE_YOK,— | — | —,2026/06 INDIRILMEDI ‖ 2025/12 INDIRILMEDI ‖ 2026/06 INDIRILMEDI,,BELGE_YOK,— | — | —,2026/06 INDIRILMEDI ‖ 2025/12 INDIRILMEDI ‖ 2026/06 INDIRILMEDI,,BELGE_YOK,— | — | —,2026/06 INDIRILMEDI ‖ 2025/12 INDIRILMEDI ‖ 2026/06 INDIRILMEDI,,BELGE_YOK,— | — | —,2026/06 INDIRILMEDI ‖ 2025/12 INDIRILMEDI ‖ 2026/06 INDIRILMEDI,BELGE_YOK
TMPOL,Standart,2025/03,,BELGE_YOK,— | 188.080 | —,2025/03 INDIRILMEDI ‖ KAP 1404878 2024/12 cari · PDF s.12 (TL): Faaliyetlerden elde edilen nakit akışları 188.080.310 (430.096.416) ‖ 2025/03 INDIRILMEDI,,BELGE_YOK,— | -319.641 | —,2025/03 INDIRILMEDI ‖ KAP 1404878 2024/12 cari · PDF s.12 (TL): Maddi ve maddi olmayan duran varlık alımından kaynaklanan nakit çıkışları (319.641.056) (21.498.751) ‖ 2025/03 INDIRILMEDI,,BELGE_YOK,— | 0.000 | —,2025/03 INDIRILMEDI ‖ KAP 1404878 2024/12 cari ‖ 2025/03 INDIRILMEDI,,BELGE_YOK,— | 0.000 | —,2025/03 INDIRILMEDI ‖ KAP 1404878 2024/12 cari ‖ 2025/03 INDIRILMEDI,BELGE_YOK
TMPOL,Standart,2025/06,,BELGE_YOK,— | 188.080 | —,2025/06 INDIRILMEDI ‖ KAP 1404878 2024/12 cari · PDF s.12 (TL): Faaliyetlerden elde edilen nakit akışları 188.080.310 (430.096.416) ‖ 2025/06 INDIRILMEDI,,BELGE_YOK,— | -319.641 | —,2025/06 INDIRILMEDI ‖ KAP 1404878 2024/12 cari · PDF s.12 (TL): Maddi ve maddi olmayan duran varlık alımından kaynaklanan nakit çıkışları (319.641.056) (21.498.751) ‖ 2025/06 INDIRILMEDI,,BELGE_YOK,— | 0.000 | —,2025/06 INDIRILMEDI ‖ KAP 1404878 2024/12 cari ‖ 2025/06 INDIRILMEDI,,BELGE_YOK,— | 0.000 | —,2025/06 INDIRILMEDI ‖ KAP 1404878 2024/12 cari ‖ 2025/06 INDIRILMEDI,BELGE_YOK
TMPOL,Standart,2025/09,,BELGE_YOK,— | 188.080 | —,2025/09 INDIRILMEDI ‖ KAP 1404878 2024/12 cari · PDF s.12 (TL): Faaliyetlerden elde edilen nakit akışları 188.080.310 (430.096.416) ‖ 2025/09 INDIRILMEDI,,BELGE_YOK,— | -319.641 | —,2025/09 INDIRILMEDI ‖ KAP 1404878 2024/12 cari · PDF s.12 (TL): Maddi ve maddi olmayan duran varlık alımından kaynaklanan nakit çıkışları (319.641.056) (21.498.751) ‖ 2025/09 INDIRILMEDI,,BELGE_YOK,— | 0.000 | —,2025/09 INDIRILMEDI ‖ KAP 1404878 2024/12 cari ‖ 2025/09 INDIRILMEDI,,BELGE_YOK,— | 0.000 | —,2025/09 INDIRILMEDI ‖ KAP 1404878 2024/12 cari ‖ 2025/09 INDIRILMEDI,BELGE_YOK
TNZTP,Standart,2025/06,,BELGE_YOK,— | -732.024 | —,2025/06 INDIRILMEDI ‖ KAP 1404352 2024/12 cari · PDF_TUTMADI ‖ 2025/06 INDIRILMEDI,,BELGE_YOK,— | -68.731 | —,"2025/06 INDIRILMEDI ‖ KAP 1404352 2024/12 cari · PDF s.12 (TL): Maddi ve Maddi Olmayan Duran Varlıkların Alımından Kaynaklanan Nakit Çıkışları 11,12 (68.731.347) (181.938.787) ‖ 2025/06 INDIRILMEDI",,BELGE_YOK,— | -3.711 | —,2025/06 INDIRILMEDI ‖ KAP 1404352 2024/12 cari · PDF s.12 (TL): Yatırım Amaçlı Gayrimenkul Alımından Kaynaklanan Nakit Çıkışları 13 (3.711.318) -- ‖ 2025/06 INDIRILMEDI,,BELGE_YOK,— | -8.915 | —,2025/06 INDIRILMEDI ‖ KAP 1404352 2024/12 cari · PDF s.12 (TL): Kira Sözleşmelerinden Kaynaklanan Borç Ödemelerine İlişkin Nakit Çıkışları 13 (8.915.239) (3.541.796) ‖ 2025/06 INDIRILMEDI,BELGE_YOK
TNZTP,Standart,2025/09,,BELGE_YOK,— | -732.024 | —,2025/09 INDIRILMEDI ‖ KAP 1404352 2024/12 cari · PDF_TUTMADI ‖ 2025/09 INDIRILMEDI,,BELGE_YOK,— | -68.731 | —,"2025/09 INDIRILMEDI ‖ KAP 1404352 2024/12 cari · PDF s.12 (TL): Maddi ve Maddi Olmayan Duran Varlıkların Alımından Kaynaklanan Nakit Çıkışları 11,12 (68.731.347) (181.938.787) ‖ 2025/09 INDIRILMEDI",,BELGE_YOK,— | -3.711 | —,2025/09 INDIRILMEDI ‖ KAP 1404352 2024/12 cari · PDF s.12 (TL): Yatırım Amaçlı Gayrimenkul Alımından Kaynaklanan Nakit Çıkışları 13 (3.711.318) -- ‖ 2025/09 INDIRILMEDI,,BELGE_YOK,— | -8.915 | —,2025/09 INDIRILMEDI ‖ KAP 1404352 2024/12 cari · PDF s.12 (TL): Kira Sözleşmelerinden Kaynaklanan Borç Ödemelerine İlişkin Nakit Çıkışları 13 (8.915.239) (3.541.796) ‖ 2025/09 INDIRILMEDI,BELGE_YOK
TNZTP,Standart,2025/12,,BELGE_YOK,—,2025/12 INDIRILMEDI,,BELGE_YOK,—,2025/12 INDIRILMEDI,,BELGE_YOK,—,2025/12 INDIRILMEDI,,BELGE_YOK,—,2025/12 INDIRILMEDI,BELGE_YOK
TNZTP,Standart,2026/03,,BELGE_YOK,— | — | —,2026/03 INDIRILMEDI ‖ 2025/12 INDIRILMEDI ‖ 2026/03 INDIRILMEDI,,BELGE_YOK,— | — | —,2026/03 INDIRILMEDI ‖ 2025/12 INDIRILMEDI ‖ 2026/03 INDIRILMEDI,,BELGE_YOK,— | — | —,2026/03 INDIRILMEDI ‖ 2025/12 INDIRILMEDI ‖ 2026/03 INDIRILMEDI,,BELGE_YOK,— | — | —,2026/03 INDIRILMEDI ‖ 2025/12 INDIRILMEDI ‖ 2026/03 INDIRILMEDI,BELGE_YOK
TNZTP,Standart,2026/06,,BELGE_YOK,— | — | —,2026/06 INDIRILMEDI ‖ 2025/12 INDIRILMEDI ‖ 2026/06 INDIRILMEDI,,BELGE_YOK,— | — | —,2026/06 INDIRILMEDI ‖ 2025/12 INDIRILMEDI ‖ 2026/06 INDIRILMEDI,,BELGE_YOK,— | — | —,2026/06 INDIRILMEDI ‖ 2025/12 INDIRILMEDI ‖ 2026/06 INDIRILMEDI,,BELGE_YOK,— | — | —,2026/06 INDIRILMEDI ‖ 2025/12 INDIRILMEDI ‖ 2026/06 INDIRILMEDI,BELGE_YOK
TRALT,Standart,2025/09,,BELGE_YOK,— | 3.121 | —,2025/09 INDIRILMEDI ‖ KAP 1407071 2024/12 cari · PDF s.13 (TL): A. İŞLETME FAALİYETLERİNDEN NAKİT AKIŞLARI 3.121.453 (1.630.888) ‖ 2025/09 INDIRILMEDI,,BELGE_YOK,— | -4.385 | —,2025/09 INDIRILMEDI ‖ KAP 1407071 2024/12 cari · PDF s.13 (TL): Maddi duran varlıkların alımından kaynaklanan nakit çıkışları 12 (4.382.283) (1.795.217) + Maddi olmayan duran varlık alımından kaynaklanan nakit çıkışları 13 (2.218) (19.969) ‖ 2025/09 INDIRILMEDI,,BELGE_YOK,— | -1.412 | —,2025/09 INDIRILMEDI ‖ KAP 1407071 2024/12 cari · PDF s.13 (TL): Yatırım amaçlı gayrimenkul alımından kaynaklanan nakit çıkışları 11 (1.412.037) - ‖ 2025/09 INDIRILMEDI,,BELGE_YOK,— | -0.014 | —,"2025/09 INDIRILMEDI ‖ KAP 1407071 2024/12 cari · PDF s.13 (bin TL): Amortisman ve itfa gideri ile ilgili düzeltmeler 10,12,13 1.253.851 1.058.539 ‖ 2025/09 INDIRILMEDI",BELGE_YOK
TRENJ,Standart,2025/03,,BELGE_YOK,— | 1.005 | —,2025/03 INDIRILMEDI ‖ KAP 1411580 2024/12 cari · PDF s.13 (TL): A. İŞLETME FAALİYETLERİNDEN NAKİT AKIŞLARI 1.005.096 (1.541.953) ‖ 2025/03 INDIRILMEDI,,BELGE_YOK,— | -4.387 | —,2025/03 INDIRILMEDI ‖ KAP 1411580 2024/12 cari · PDF s.13 (TL): Maddi duran varlıkların alımından kaynaklanan nakit çıkışları 14 (4.384.332) (1.829.429) + Maddi olmayan duran varlık alımından kaynaklanan nakit çıkışları 15 (2.218) (19.967) ‖ 2025/03 INDIRILMEDI,,BELGE_YOK,— | -1.412 | —,2025/03 INDIRILMEDI ‖ KAP 1411580 2024/12 cari · PDF s.13 (TL): Yatırım amaçlı gayrimenkul alımından kaynaklanan nakit çıkışları 13 (1.412.037) - ‖ 2025/03 INDIRILMEDI,,BELGE_YOK,— | -0.010 | —,2025/03 INDIRILMEDI ‖ KAP 1411580 2024/12 cari · PDF s.13 (TL): Kira sözleşmelerinden kaynaklanan borç ödemelerine ilişkin nakit çıkışları (-) 16 (10.090) (28.259) ‖ 2025/03 INDIRILMEDI,BELGE_YOK
TRENJ,Standart,2025/06,,BELGE_YOK,— | 1.005 | —,2025/06 INDIRILMEDI ‖ KAP 1411580 2024/12 cari · PDF s.13 (TL): A. İŞLETME FAALİYETLERİNDEN NAKİT AKIŞLARI 1.005.096 (1.541.953) ‖ 2025/06 INDIRILMEDI,,BELGE_YOK,— | -4.387 | —,2025/06 INDIRILMEDI ‖ KAP 1411580 2024/12 cari · PDF s.13 (TL): Maddi duran varlıkların alımından kaynaklanan nakit çıkışları 14 (4.384.332) (1.829.429) + Maddi olmayan duran varlık alımından kaynaklanan nakit çıkışları 15 (2.218) (19.967) ‖ 2025/06 INDIRILMEDI,,BELGE_YOK,— | -1.412 | —,2025/06 INDIRILMEDI ‖ KAP 1411580 2024/12 cari · PDF s.13 (TL): Yatırım amaçlı gayrimenkul alımından kaynaklanan nakit çıkışları 13 (1.412.037) - ‖ 2025/06 INDIRILMEDI,,BELGE_YOK,— | -0.010 | —,2025/06 INDIRILMEDI ‖ KAP 1411580 2024/12 cari · PDF s.13 (TL): Kira sözleşmelerinden kaynaklanan borç ödemelerine ilişkin nakit çıkışları (-) 16 (10.090) (28.259) ‖ 2025/06 INDIRILMEDI,BELGE_YOK
TRENJ,Standart,2025/09,,BELGE_YOK,— | 1.005 | —,2025/09 INDIRILMEDI ‖ KAP 1411580 2024/12 cari · PDF s.13 (TL): A. İŞLETME FAALİYETLERİNDEN NAKİT AKIŞLARI 1.005.096 (1.541.953) ‖ 2025/09 INDIRILMEDI,,BELGE_YOK,— | -4.387 | —,2025/09 INDIRILMEDI ‖ KAP 1411580 2024/12 cari · PDF s.13 (TL): Maddi duran varlıkların alımından kaynaklanan nakit çıkışları 14 (4.384.332) (1.829.429) + Maddi olmayan duran varlık alımından kaynaklanan nakit çıkışları 15 (2.218) (19.967) ‖ 2025/09 INDIRILMEDI,,BELGE_YOK,— | -1.412 | —,2025/09 INDIRILMEDI ‖ KAP 1411580 2024/12 cari · PDF s.13 (TL): Yatırım amaçlı gayrimenkul alımından kaynaklanan nakit çıkışları 13 (1.412.037) - ‖ 2025/09 INDIRILMEDI,,BELGE_YOK,— | -0.010 | —,2025/09 INDIRILMEDI ‖ KAP 1411580 2024/12 cari · PDF s.13 (TL): Kira sözleşmelerinden kaynaklanan borç ödemelerine ilişkin nakit çıkışları (-) 16 (10.090) (28.259) ‖ 2025/09 INDIRILMEDI,BELGE_YOK
TRHOL,Holding,2025/09,,BELGE_YOK,— | 30.801 | —,2025/09 INDIRILMEDI ‖ KAP 1403631 2024/12 cari · PDF s.11 (TL): İşletme Faaliyetlerinden Elde Edilen Net Nakit / Kullanılan 30.800.757 (14.504.844) ‖ 2025/09 INDIRILMEDI,,BELGE_YOK,— | -3.208 | —,2025/09 INDIRILMEDI ‖ KAP 1403631 2024/12 cari · PDF s.11 (TL): Nakit Çıkışları (3.207.650) (8.372.396) ‖ 2025/09 INDIRILMEDI,,BELGE_YOK,— | 0.000 | —,2025/09 INDIRILMEDI ‖ KAP 1403631 2024/12 cari ‖ 2025/09 INDIRILMEDI,,BELGE_YOK,— | -1.750 | —,2025/09 INDIRILMEDI ‖ KAP 1403631 2024/12 cari · PDF s.11 (TL): Kiralama Yükümlülüklerinin Geri Ödenmesi 8 (1.749.972) (330.476) ‖ 2025/09 INDIRILMEDI,BELGE_YOK
TRHOL,Holding,2025/12,,BELGE_YOK,—,2025/12 INDIRILMEDI,,BELGE_YOK,—,2025/12 INDIRILMEDI,,BELGE_YOK,—,2025/12 INDIRILMEDI,,BELGE_YOK,—,2025/12 INDIRILMEDI,BELGE_YOK
TRHOL,Holding,2026/03,,BELGE_YOK,— | — | —,2026/03 INDIRILMEDI ‖ 2025/12 INDIRILMEDI ‖ 2026/03 INDIRILMEDI,,BELGE_YOK,— | — | —,2026/03 INDIRILMEDI ‖ 2025/12 INDIRILMEDI ‖ 2026/03 INDIRILMEDI,,BELGE_YOK,— | — | —,2026/03 INDIRILMEDI ‖ 2025/12 INDIRILMEDI ‖ 2026/03 INDIRILMEDI,,BELGE_YOK,— | — | —,2026/03 INDIRILMEDI ‖ 2025/12 INDIRILMEDI ‖ 2026/03 INDIRILMEDI,BELGE_YOK
TRHOL,Holding,2026/06,,BELGE_YOK,— | — | —,2026/06 INDIRILMEDI ‖ 2025/12 INDIRILMEDI ‖ 2026/06 INDIRILMEDI,,BELGE_YOK,— | — | —,2026/06 INDIRILMEDI ‖ 2025/12 INDIRILMEDI ‖ 2026/06 INDIRILMEDI,,BELGE_YOK,— | — | —,2026/06 INDIRILMEDI ‖ 2025/12 INDIRILMEDI ‖ 2026/06 INDIRILMEDI,,BELGE_YOK,— | — | —,2026/06 INDIRILMEDI ‖ 2025/12 INDIRILMEDI ‖ 2026/06 INDIRILMEDI,BELGE_YOK
TRILC,Standart,2025/03,966.762,TEYITLI,169.931 | -378.481 | -1175.313,KAP 1431982 2025/03 cari · PDF s.7 (TL): Faaliyetlerden Elde Edilen Nakit Akışları 169.930.720 (1.175.312.524) ‖ KAP 1398824 2024/12 cari · PDF s.13 (TL): Faaliyetlerden Elde Edilen Nakit Akışları (378.481.139) 408.186.603 ‖ KAP 1431982 2025/03 onceki · PDF s.7 (TL): Faaliyetlerden Elde Edilen Nakit Akışları 169.930.720 (1.175.312.524),-165.278,TEYITLI,-26.455 | -151.659 | -12.837,"KAP 1431982 2025/03 cari · PDF s.7 (TL): 12,13 (26.455.255) (12.836.601) ‖ KAP 1398824 2024/12 cari · PDF s.13 (TL): 12,13 (151.659.102) (115.309.346) ‖ KAP 1431982 2025/03 onceki · PDF s.7 (TL): 12,13 (26.455.255) (12.836.601)",0.0,TEYITLI,0.000 | 0.000 | 0.000,KAP 1431982 2025/03 cari ‖ KAP 1398824 2024/12 cari ‖ KAP 1431982 2025/03 onceki,0.0,TEYITLI,0.000 | 0.000 | 0.000,KAP 1431982 2025/03 cari ‖ KAP 1398824 2024/12 cari ‖ KAP 1431982 2025/03 onceki,TEYITLI
TRILC,Standart,2026/06,,BELGE_YOK,— | — | —,2026/06 raporu KAP’ta yok ‖ 2025/12 INDIRILMEDI ‖ 2026/06 raporu KAP’ta yok,,BELGE_YOK,— | — | —,2026/06 raporu KAP’ta yok ‖ 2025/12 INDIRILMEDI ‖ 2026/06 raporu KAP’ta yok,,BELGE_YOK,— | — | —,2026/06 raporu KAP’ta yok ‖ 2025/12 INDIRILMEDI ‖ 2026/06 raporu KAP’ta yok,,BELGE_YOK,— | — | —,2026/06 raporu KAP’ta yok ‖ 2025/12 INDIRILMEDI ‖ 2026/06 raporu KAP’ta yok,BELGE_YOK
TRMET,Standart,2025/03,,BELGE_YOK,— | 0.738 | —,2025/03 INDIRILMEDI ‖ KAP 1411605 2024/12 cari · PDF s.13 (TL): A. İŞLETME FAALİYETLERİNDEN NAKİT AKIŞLARI 738.013 (1.785.080) ‖ 2025/03 INDIRILMEDI,,BELGE_YOK,— | -4.382 | —,2025/03 INDIRILMEDI ‖ KAP 1411605 2024/12 cari · PDF s.13 (TL): Maddi duran varlıkların alımından kaynaklanan nakit çıkışları 14 (4.380.192) (1.829.708) + Maddi olmayan duran varlık alımından kaynaklanan nakit çıkışları 15 (2.218) (19.969) ‖ 2025/03 INDIRILMEDI,,BELGE_YOK,— | -1.412 | —,2025/03 INDIRILMEDI ‖ KAP 1411605 2024/12 cari · PDF s.13 (TL): Yatırım amaçlı gayrimenkul alımından kaynaklanan nakit çıkışları 13 (1.412.037) - ‖ 2025/03 INDIRILMEDI,,BELGE_YOK,— | -0.014 | —,"2025/03 INDIRILMEDI ‖ KAP 1411605 2024/12 cari · PDF s.13 (bin TL): Yatırım amaçlı gayrimenkul değer düşüklüğü (iptali) ile ilgili düzeltmeler 13,26 21.687 - ‖ 2025/03 INDIRILMEDI",BELGE_YOK
TRMET,Standart,2025/06,,BELGE_YOK,— | 0.738 | —,2025/06 INDIRILMEDI ‖ KAP 1411605 2024/12 cari · PDF s.13 (TL): A. İŞLETME FAALİYETLERİNDEN NAKİT AKIŞLARI 738.013 (1.785.080) ‖ 2025/06 INDIRILMEDI,,BELGE_YOK,— | -4.382 | —,2025/06 INDIRILMEDI ‖ KAP 1411605 2024/12 cari · PDF s.13 (TL): Maddi duran varlıkların alımından kaynaklanan nakit çıkışları 14 (4.380.192) (1.829.708) + Maddi olmayan duran varlık alımından kaynaklanan nakit çıkışları 15 (2.218) (19.969) ‖ 2025/06 INDIRILMEDI,,BELGE_YOK,— | -1.412 | —,2025/06 INDIRILMEDI ‖ KAP 1411605 2024/12 cari · PDF s.13 (TL): Yatırım amaçlı gayrimenkul alımından kaynaklanan nakit çıkışları 13 (1.412.037) - ‖ 2025/06 INDIRILMEDI,,BELGE_YOK,— | -0.014 | —,"2025/06 INDIRILMEDI ‖ KAP 1411605 2024/12 cari · PDF s.13 (bin TL): Yatırım amaçlı gayrimenkul değer düşüklüğü (iptali) ile ilgili düzeltmeler 13,26 21.687 - ‖ 2025/06 INDIRILMEDI",BELGE_YOK
TRMET,Standart,2025/09,,BELGE_YOK,— | 0.738 | —,2025/09 INDIRILMEDI ‖ KAP 1411605 2024/12 cari · PDF s.13 (TL): A. İŞLETME FAALİYETLERİNDEN NAKİT AKIŞLARI 738.013 (1.785.080) ‖ 2025/09 INDIRILMEDI,,BELGE_YOK,— | -4.382 | —,2025/09 INDIRILMEDI ‖ KAP 1411605 2024/12 cari · PDF s.13 (TL): Maddi duran varlıkların alımından kaynaklanan nakit çıkışları 14 (4.380.192) (1.829.708) + Maddi olmayan duran varlık alımından kaynaklanan nakit çıkışları 15 (2.218) (19.969) ‖ 2025/09 INDIRILMEDI,,BELGE_YOK,— | -1.412 | —,2025/09 INDIRILMEDI ‖ KAP 1411605 2024/12 cari · PDF s.13 (TL): Yatırım amaçlı gayrimenkul alımından kaynaklanan nakit çıkışları 13 (1.412.037) - ‖ 2025/09 INDIRILMEDI,,BELGE_YOK,— | -0.014 | —,"2025/09 INDIRILMEDI ‖ KAP 1411605 2024/12 cari · PDF s.13 (bin TL): Yatırım amaçlı gayrimenkul değer düşüklüğü (iptali) ile ilgili düzeltmeler 13,26 21.687 - ‖ 2025/09 INDIRILMEDI",BELGE_YOK
TRMET,Standart,2026/06,,BELGE_YOK,— | — | —,2026/06 INDIRILMEDI ‖ 2025/12 INDIRILMEDI ‖ 2026/06 INDIRILMEDI,,BELGE_YOK,— | — | —,2026/06 INDIRILMEDI ‖ 2025/12 INDIRILMEDI ‖ 2026/06 INDIRILMEDI,,BELGE_YOK,— | — | —,2026/06 INDIRILMEDI ‖ 2025/12 INDIRILMEDI ‖ 2026/06 INDIRILMEDI,,BELGE_YOK,— | — | —,2026/06 INDIRILMEDI ‖ 2025/12 INDIRILMEDI ‖ 2026/06 INDIRILMEDI,BELGE_YOK
TSPOR,Standart,2025/03,,BELGE_YOK,— | — | —,2025/03 INDIRILMEDI ‖ 2024/12 INDIRILMEDI ‖ 2025/03 INDIRILMEDI,,BELGE_YOK,— | — | —,2025/03 INDIRILMEDI ‖ 2024/12 INDIRILMEDI ‖ 2025/03 INDIRILMEDI,,BELGE_YOK,— | — | —,2025/03 INDIRILMEDI ‖ 2024/12 INDIRILMEDI ‖ 2025/03 INDIRILMEDI,,BELGE_YOK,— | — | —,2025/03 INDIRILMEDI ‖ 2024/12 INDIRILMEDI ‖ 2025/03 INDIRILMEDI,BELGE_YOK
TSPOR,Standart,2025/06,,BELGE_YOK,— | — | —,2025/06 INDIRILMEDI ‖ 2024/12 INDIRILMEDI ‖ 2025/06 INDIRILMEDI,,BELGE_YOK,— | — | —,2025/06 INDIRILMEDI ‖ 2024/12 INDIRILMEDI ‖ 2025/06 INDIRILMEDI,,BELGE_YOK,— | — | —,2025/06 INDIRILMEDI ‖ 2024/12 INDIRILMEDI ‖ 2025/06 INDIRILMEDI,,BELGE_YOK,— | — | —,2025/06 INDIRILMEDI ‖ 2024/12 INDIRILMEDI ‖ 2025/06 INDIRILMEDI,BELGE_YOK
TSPOR,Standart,2025/09,,BELGE_YOK,— | — | —,2025/09 INDIRILMEDI ‖ 2024/12 INDIRILMEDI ‖ 2025/09 INDIRILMEDI,,BELGE_YOK,— | — | —,2025/09 INDIRILMEDI ‖ 2024/12 INDIRILMEDI ‖ 2025/09 INDIRILMEDI,,BELGE_YOK,— | — | —,2025/09 INDIRILMEDI ‖ 2024/12 INDIRILMEDI ‖ 2025/09 INDIRILMEDI,,BELGE_YOK,— | — | —,2025/09 INDIRILMEDI ‖ 2024/12 INDIRILMEDI ‖ 2025/09 INDIRILMEDI,BELGE_YOK
TSPOR,Standart,2025/12,,BELGE_YOK,—,2025/12 INDIRILMEDI,,BELGE_YOK,—,2025/12 INDIRILMEDI,,BELGE_YOK,—,2025/12 INDIRILMEDI,,BELGE_YOK,—,2025/12 INDIRILMEDI,BELGE_YOK
TSPOR,Standart,2026/03,,BELGE_YOK,— | — | —,2026/03 raporu KAP’ta yok ‖ 2025/12 INDIRILMEDI ‖ 2026/03 raporu KAP’ta yok,,BELGE_YOK,— | — | —,2026/03 raporu KAP’ta yok ‖ 2025/12 INDIRILMEDI ‖ 2026/03 raporu KAP’ta yok,,BELGE_YOK,— | — | —,2026/03 raporu KAP’ta yok ‖ 2025/12 INDIRILMEDI ‖ 2026/03 raporu KAP’ta yok,,BELGE_YOK,— | — | —,2026/03 raporu KAP’ta yok ‖ 2025/12 INDIRILMEDI ‖ 2026/03 raporu KAP’ta yok,BELGE_YOK
TSPOR,Standart,2026/06,,BELGE_YOK,— | — | —,2026/06 raporu KAP’ta yok ‖ 2025/12 INDIRILMEDI ‖ 2026/06 raporu KAP’ta yok,,BELGE_YOK,— | — | —,2026/06 raporu KAP’ta yok ‖ 2025/12 INDIRILMEDI ‖ 2026/06 raporu KAP’ta yok,,BELGE_YOK,— | — | —,2026/06 raporu KAP’ta yok ‖ 2025/12 INDIRILMEDI ‖ 2026/06 raporu KAP’ta yok,,BELGE_YOK,— | — | —,2026/06 raporu KAP’ta yok ‖ 2025/12 INDIRILMEDI ‖ 2026/06 raporu KAP’ta yok,BELGE_YOK
TUCLK,Standart,2025/03,275.735,TEYITLI,40.069 | 166.592 | -69.075,KAP 1431856 2025/03 cari · PDF s.7 (TL): Faaliyetlerden Elde Edilen Nakit Akışları 40.068.504 (69.074.605) ‖ KAP 1399055 2024/12 cari · PDF s.12 (TL): Faaliyetlerden Elde Edilen Nakit Akışları 166.592.256 394.006.303 ‖ KAP 1431856 2025/03 onceki · PDF s.7 (TL): Faaliyetlerden Elde Edilen Nakit Akışları 40.068.504 (69.074.605),,ELLE,— | -93.103 | —,KAP 1431856 2025/03 cari · PDF’te XBRL dışı satır: Maddi ve maddi olmayan duran varlık satımından kaynaklanan nakit girişleri 33.791 29.768.267 ‖ KAP 1399055 2024/12 cari · PDF s.12 (TL): Maddi ve maddi olmayan duran varlık alımından kaynaklanan nakit çıkışları (93.102.943) (625.466.810) ‖ KAP 1431856 2025/03 onceki · PDF’te XBRL dışı satır: Maddi ve maddi olmayan duran varlık satımından kaynaklanan nakit girişleri 33.791 29.768.267,,ELLE,-16.064 | — | -32.019,KAP 1431856 2025/03 cari · PDF s.7 (TL): Yatırım amaçlı gayrimenkul alımından kaynaklanan nakit çıkışları (16.063.585) (32.018.825) ‖ KAP 1399055 2024/12 cari · PDF’te XBRL dışı satır: Yatırım amaçlı gayrimenkullerin satışından kaynaklanan nakit girişleri 8.850.000 - ‖ KAP 1431856 2025/03 onceki · PDF s.7 (TL): Yatırım amaçlı gayrimenkul alımından kaynaklanan nakit çıkışları (16.063.585) (32.018.825),0.0,TEYITLI,0.000 | 0.000 | 0.000,KAP 1431856 2025/03 cari ‖ KAP 1399055 2024/12 cari ‖ KAP 1431856 2025/03 onceki,ELLE
TUKAS,Standart,2025/06,,BELGE_YOK,— | -49.965 | —,2025/06 INDIRILMEDI ‖ KAP 1404601 2024/12 cari · PDF s.12 (TL): A. İşletme Faaliyetlerinden Nakit Akımları (49.964.701) 2.369.671.963 ‖ 2025/06 INDIRILMEDI,,BELGE_YOK,— | -1877.417 | —,2025/06 INDIRILMEDI ‖ KAP 1404601 2024/12 cari · PDF s.12 (TL): Maddi ve Maddi Olmayan Duran Varlıkların Alımından Kaynaklanan Nakit Çıkışları 12-13-14 (1.877.417.212) (2.012.382.584) ‖ 2025/06 INDIRILMEDI,,BELGE_YOK,— | — | —,2025/06 INDIRILMEDI ‖ KAP 1404601 2024/12 cari · PDF’te XBRL dışı satır: Yatırım Amaçlı Gayrimenkullerin Satışından Kaynaklanan Nakit Girişleri 11 - 179.133.658 ‖ 2025/06 INDIRILMEDI,,BELGE_YOK,— | 0.000 | —,2025/06 INDIRILMEDI ‖ KAP 1404601 2024/12 cari ‖ 2025/06 INDIRILMEDI,BELGE_YOK
TUKAS,Standart,2025/09,,BELGE_YOK,— | -49.965 | —,2025/09 INDIRILMEDI ‖ KAP 1404601 2024/12 cari · PDF s.12 (TL): A. İşletme Faaliyetlerinden Nakit Akımları (49.964.701) 2.369.671.963 ‖ 2025/09 INDIRILMEDI,,BELGE_YOK,— | -1877.417 | —,2025/09 INDIRILMEDI ‖ KAP 1404601 2024/12 cari · PDF s.12 (TL): Maddi ve Maddi Olmayan Duran Varlıkların Alımından Kaynaklanan Nakit Çıkışları 12-13-14 (1.877.417.212) (2.012.382.584) ‖ 2025/09 INDIRILMEDI,,BELGE_YOK,— | — | —,2025/09 INDIRILMEDI ‖ KAP 1404601 2024/12 cari · PDF’te XBRL dışı satır: Yatırım Amaçlı Gayrimenkullerin Satışından Kaynaklanan Nakit Girişleri 11 - 179.133.658 ‖ 2025/09 INDIRILMEDI,,BELGE_YOK,— | 0.000 | —,2025/09 INDIRILMEDI ‖ KAP 1404601 2024/12 cari ‖ 2025/09 INDIRILMEDI,BELGE_YOK
TURGG,Standart,2025/03,,BELGE_YOK,— | -12.213 | —,2025/03 INDIRILMEDI ‖ KAP 1396242 2024/12 cari · PDF s.9 (TL): A) İŞLETME FAALİYETLERİNDEN NAKİT AKIŞLARI (12.213.309) (39.870.498) ‖ 2025/03 INDIRILMEDI,,BELGE_YOK,— | -0.241 | —,"2025/03 INDIRILMEDI ‖ KAP 1396242 2024/12 cari · PDF s.9 (TL): Maddi ve Maddi Olmayan Duran Varlık Alımlarından Kaynaklanan Nakit Çıkışları Not. 10,11,12 (241.382) (402.944) ‖ 2025/03 INDIRILMEDI",,BELGE_YOK,— | 0.000 | —,2025/03 INDIRILMEDI ‖ KAP 1396242 2024/12 cari ‖ 2025/03 INDIRILMEDI,,BELGE_YOK,— | — | —,2025/03 INDIRILMEDI ‖ KAP 1396242 2024/12 cari · PDF’te XBRL dışı satır: Kira Sözleşmelerinden Kaynaklanan Borç Ödemelerine İlişkin Nakit Girişleri Not. 13 - 71.111 || Kira Sözleşmelerinden Kaynaklanan Borç Ödemelerine İlişkin Nakit Çıkışları Not. 13 (192.333) - ‖ 2025/03 INDIRILMEDI,BELGE_YOK
TURGG,Standart,2025/06,,BELGE_YOK,— | -12.213 | —,2025/06 INDIRILMEDI ‖ KAP 1396242 2024/12 cari · PDF s.9 (TL): A) İŞLETME FAALİYETLERİNDEN NAKİT AKIŞLARI (12.213.309) (39.870.498) ‖ 2025/06 INDIRILMEDI,,BELGE_YOK,— | -0.241 | —,"2025/06 INDIRILMEDI ‖ KAP 1396242 2024/12 cari · PDF s.9 (TL): Maddi ve Maddi Olmayan Duran Varlık Alımlarından Kaynaklanan Nakit Çıkışları Not. 10,11,12 (241.382) (402.944) ‖ 2025/06 INDIRILMEDI",,BELGE_YOK,— | 0.000 | —,2025/06 INDIRILMEDI ‖ KAP 1396242 2024/12 cari ‖ 2025/06 INDIRILMEDI,,BELGE_YOK,— | — | —,2025/06 INDIRILMEDI ‖ KAP 1396242 2024/12 cari · PDF’te XBRL dışı satır: Kira Sözleşmelerinden Kaynaklanan Borç Ödemelerine İlişkin Nakit Girişleri Not. 13 - 71.111 || Kira Sözleşmelerinden Kaynaklanan Borç Ödemelerine İlişkin Nakit Çıkışları Not. 13 (192.333) - ‖ 2025/06 INDIRILMEDI,BELGE_YOK
TURGG,Standart,2026/03,,BELGE_YOK,— | — | —,2026/03 INDIRILMEDI ‖ 2025/12 INDIRILMEDI ‖ 2026/03 INDIRILMEDI,,BELGE_YOK,— | — | —,2026/03 INDIRILMEDI ‖ 2025/12 INDIRILMEDI ‖ 2026/03 INDIRILMEDI,,BELGE_YOK,— | — | —,2026/03 INDIRILMEDI ‖ 2025/12 INDIRILMEDI ‖ 2026/03 INDIRILMEDI,,BELGE_YOK,— | — | —,2026/03 INDIRILMEDI ‖ 2025/12 INDIRILMEDI ‖ 2026/03 INDIRILMEDI,BELGE_YOK
TURGG,Standart,2026/06,,BELGE_YOK,— | — | —,2026/06 INDIRILMEDI ‖ 2025/12 INDIRILMEDI ‖ 2026/06 INDIRILMEDI,,BELGE_YOK,— | — | —,2026/06 INDIRILMEDI ‖ 2025/12 INDIRILMEDI ‖ 2026/06 INDIRILMEDI,,BELGE_YOK,— | — | —,2026/06 INDIRILMEDI ‖ 2025/12 INDIRILMEDI ‖ 2026/06 INDIRILMEDI,,BELGE_YOK,— | — | —,2026/06 INDIRILMEDI ‖ 2025/12 INDIRILMEDI ‖ 2026/06 INDIRILMEDI,BELGE_YOK
UCAYM,Standart,2025/03,,BELGE_YOK,— | — | —,2025/03 raporu KAP’ta yok ‖ 2024/12 raporu KAP’ta yok ‖ 2025/03 raporu KAP’ta yok,,BELGE_YOK,— | — | —,2025/03 raporu KAP’ta yok ‖ 2024/12 raporu KAP’ta yok ‖ 2025/03 raporu KAP’ta yok,,BELGE_YOK,— | — | —,2025/03 raporu KAP’ta yok ‖ 2024/12 raporu KAP’ta yok ‖ 2025/03 raporu KAP’ta yok,,BELGE_YOK,— | — | —,2025/03 raporu KAP’ta yok ‖ 2024/12 raporu KAP’ta yok ‖ 2025/03 raporu KAP’ta yok,BELGE_YOK
UCAYM,Standart,2025/06,,BELGE_YOK,— | — | —,2025/06 raporu KAP’ta yok ‖ 2024/12 raporu KAP’ta yok ‖ 2025/06 raporu KAP’ta yok,,BELGE_YOK,— | — | —,2025/06 raporu KAP’ta yok ‖ 2024/12 raporu KAP’ta yok ‖ 2025/06 raporu KAP’ta yok,,BELGE_YOK,— | — | —,2025/06 raporu KAP’ta yok ‖ 2024/12 raporu KAP’ta yok ‖ 2025/06 raporu KAP’ta yok,,BELGE_YOK,— | — | —,2025/06 raporu KAP’ta yok ‖ 2024/12 raporu KAP’ta yok ‖ 2025/06 raporu KAP’ta yok,BELGE_YOK
UCAYM,Standart,2025/09,,BELGE_YOK,— | — | —,2025/09 raporu KAP’ta yok ‖ 2024/12 raporu KAP’ta yok ‖ 2025/09 raporu KAP’ta yok,,BELGE_YOK,— | — | —,2025/09 raporu KAP’ta yok ‖ 2024/12 raporu KAP’ta yok ‖ 2025/09 raporu KAP’ta yok,,BELGE_YOK,— | — | —,2025/09 raporu KAP’ta yok ‖ 2024/12 raporu KAP’ta yok ‖ 2025/09 raporu KAP’ta yok,,BELGE_YOK,— | — | —,2025/09 raporu KAP’ta yok ‖ 2024/12 raporu KAP’ta yok ‖ 2025/09 raporu KAP’ta yok,BELGE_YOK
UCAYM,Standart,2026/03,,BELGE_YOK,— | — | —,2026/03 INDIRILMEDI ‖ 2025/12 INDIRILMEDI ‖ 2026/03 INDIRILMEDI,,BELGE_YOK,— | — | —,2026/03 INDIRILMEDI ‖ 2025/12 INDIRILMEDI ‖ 2026/03 INDIRILMEDI,,BELGE_YOK,— | — | —,2026/03 INDIRILMEDI ‖ 2025/12 INDIRILMEDI ‖ 2026/03 INDIRILMEDI,,BELGE_YOK,— | — | —,2026/03 INDIRILMEDI ‖ 2025/12 INDIRILMEDI ‖ 2026/03 INDIRILMEDI,BELGE_YOK
UCAYM,Standart,2026/06,,BELGE_YOK,— | — | —,2026/06 INDIRILMEDI ‖ 2025/12 INDIRILMEDI ‖ 2026/06 INDIRILMEDI,,BELGE_YOK,— | — | —,2026/06 INDIRILMEDI ‖ 2025/12 INDIRILMEDI ‖ 2026/06 INDIRILMEDI,,BELGE_YOK,— | — | —,2026/06 INDIRILMEDI ‖ 2025/12 INDIRILMEDI ‖ 2026/06 INDIRILMEDI,,BELGE_YOK,— | — | —,2026/06 INDIRILMEDI ‖ 2025/12 INDIRILMEDI ‖ 2026/06 INDIRILMEDI,BELGE_YOK
ULAS,Standart,2025/03,-28.413,TEYITLI,-23.105 | -41.832 | -36.524,KAP 1432094 2025/03 cari · PDF s.7 (TL): A. ESAS FAALİYETLERDEN NAKİT AKIŞLARI (23.105.492) (36.524.202) ‖ KAP 1397459 2024/12 cari · PDF s.12 (TL): Faaliyetlerden Elde Edilen Nakit Akışları (41.831.726) 23.828.506 ‖ KAP 1432094 2025/03 onceki · PDF s.7 (TL): A. ESAS FAALİYETLERDEN NAKİT AKIŞLARI (23.105.492) (36.524.202),18.7,TEYITLI,0.000 | 18.700 | 0.000,KAP 1432094 2025/03 cari ‖ KAP 1397459 2024/12 cari · PDF s.12 (TL): Maddi ve maddi olmayan duran varlık satışından nakit girişi 18.700.000 - ‖ KAP 1432094 2025/03 onceki,0.0,TEYITLI,0.000 | 0.000 | 0.000,KAP 1432094 2025/03 cari ‖ KAP 1397459 2024/12 cari ‖ KAP 1432094 2025/03 onceki,0.0,TEYITLI,0.000 | 0.000 | 0.000,KAP 1432094 2025/03 cari ‖ KAP 1397459 2024/12 cari ‖ KAP 1432094 2025/03 onceki,TEYITLI
ULAS,Standart,2025/06,,BELGE_YOK,— | -41.832 | —,2025/06 INDIRILMEDI ‖ KAP 1397459 2024/12 cari · PDF s.12 (TL): Faaliyetlerden Elde Edilen Nakit Akışları (41.831.726) 23.828.506 ‖ 2025/06 INDIRILMEDI,,BELGE_YOK,— | 18.700 | —,2025/06 INDIRILMEDI ‖ KAP 1397459 2024/12 cari · PDF s.12 (TL): Maddi ve maddi olmayan duran varlık satışından nakit girişi 18.700.000 - ‖ 2025/06 INDIRILMEDI,,BELGE_YOK,— | 0.000 | —,2025/06 INDIRILMEDI ‖ KAP 1397459 2024/12 cari ‖ 2025/06 INDIRILMEDI,,BELGE_YOK,— | 0.000 | —,2025/06 INDIRILMEDI ‖ KAP 1397459 2024/12 cari ‖ 2025/06 INDIRILMEDI,BELGE_YOK
ULAS,Standart,2025/09,,BELGE_YOK,— | -41.832 | —,2025/09 INDIRILMEDI ‖ KAP 1397459 2024/12 cari · PDF s.12 (TL): Faaliyetlerden Elde Edilen Nakit Akışları (41.831.726) 23.828.506 ‖ 2025/09 INDIRILMEDI,,BELGE_YOK,— | 18.700 | —,2025/09 INDIRILMEDI ‖ KAP 1397459 2024/12 cari · PDF s.12 (TL): Maddi ve maddi olmayan duran varlık satışından nakit girişi 18.700.000 - ‖ 2025/09 INDIRILMEDI,,BELGE_YOK,— | 0.000 | —,2025/09 INDIRILMEDI ‖ KAP 1397459 2024/12 cari ‖ 2025/09 INDIRILMEDI,,BELGE_YOK,— | 0.000 | —,2025/09 INDIRILMEDI ‖ KAP 1397459 2024/12 cari ‖ 2025/09 INDIRILMEDI,BELGE_YOK
ULAS,Standart,2026/03,,BELGE_YOK,— | — | —,2026/03 INDIRILMEDI ‖ 2025/12 INDIRILMEDI ‖ 2026/03 INDIRILMEDI,,BELGE_YOK,— | — | —,2026/03 INDIRILMEDI ‖ 2025/12 INDIRILMEDI ‖ 2026/03 INDIRILMEDI,,BELGE_YOK,— | — | —,2026/03 INDIRILMEDI ‖ 2025/12 INDIRILMEDI ‖ 2026/03 INDIRILMEDI,,BELGE_YOK,— | — | —,2026/03 INDIRILMEDI ‖ 2025/12 INDIRILMEDI ‖ 2026/03 INDIRILMEDI,BELGE_YOK
ULAS,Standart,2026/06,,BELGE_YOK,— | — | —,2026/06 INDIRILMEDI ‖ 2025/12 INDIRILMEDI ‖ 2026/06 INDIRILMEDI,,BELGE_YOK,— | — | —,2026/06 INDIRILMEDI ‖ 2025/12 INDIRILMEDI ‖ 2026/06 INDIRILMEDI,,BELGE_YOK,— | — | —,2026/06 INDIRILMEDI ‖ 2025/12 INDIRILMEDI ‖ 2026/06 INDIRILMEDI,,BELGE_YOK,— | — | —,2026/06 INDIRILMEDI ‖ 2025/12 INDIRILMEDI ‖ 2026/06 INDIRILMEDI,BELGE_YOK
VANGD,Standart,2026/03,,BELGE_YOK,— | — | —,2026/03 INDIRILMEDI ‖ 2025/12 INDIRILMEDI ‖ 2026/03 INDIRILMEDI,,BELGE_YOK,— | — | —,2026/03 INDIRILMEDI ‖ 2025/12 INDIRILMEDI ‖ 2026/03 INDIRILMEDI,,BELGE_YOK,— | — | —,2026/03 INDIRILMEDI ‖ 2025/12 INDIRILMEDI ‖ 2026/03 INDIRILMEDI,,BELGE_YOK,— | — | —,2026/03 INDIRILMEDI ‖ 2025/12 INDIRILMEDI ‖ 2026/03 INDIRILMEDI,BELGE_YOK
VEYAS,Standart,2025/03,,BELGE_YOK,— | — | —,2025/03 raporu KAP’ta yok ‖ 2024/12 raporu KAP’ta yok ‖ 2025/03 raporu KAP’ta yok,,BELGE_YOK,— | — | —,2025/03 raporu KAP’ta yok ‖ 2024/12 raporu KAP’ta yok ‖ 2025/03 raporu KAP’ta yok,,BELGE_YOK,— | — | —,2025/03 raporu KAP’ta yok ‖ 2024/12 raporu KAP’ta yok ‖ 2025/03 raporu KAP’ta yok,,BELGE_YOK,— | — | —,2025/03 raporu KAP’ta yok ‖ 2024/12 raporu KAP’ta yok ‖ 2025/03 raporu KAP’ta yok,BELGE_YOK
VEYAS,Standart,2025/06,,BELGE_YOK,— | — | —,2025/06 raporu KAP’ta yok ‖ 2024/12 raporu KAP’ta yok ‖ 2025/06 raporu KAP’ta yok,,BELGE_YOK,— | — | —,2025/06 raporu KAP’ta yok ‖ 2024/12 raporu KAP’ta yok ‖ 2025/06 raporu KAP’ta yok,,BELGE_YOK,— | — | —,2025/06 raporu KAP’ta yok ‖ 2024/12 raporu KAP’ta yok ‖ 2025/06 raporu KAP’ta yok,,BELGE_YOK,— | — | —,2025/06 raporu KAP’ta yok ‖ 2024/12 raporu KAP’ta yok ‖ 2025/06 raporu KAP’ta yok,BELGE_YOK
VEYAS,Standart,2025/09,,BELGE_YOK,— | — | —,2025/09 raporu KAP’ta yok ‖ 2024/12 raporu KAP’ta yok ‖ 2025/09 raporu KAP’ta yok,,BELGE_YOK,— | — | —,2025/09 raporu KAP’ta yok ‖ 2024/12 raporu KAP’ta yok ‖ 2025/09 raporu KAP’ta yok,,BELGE_YOK,— | — | —,2025/09 raporu KAP’ta yok ‖ 2024/12 raporu KAP’ta yok ‖ 2025/09 raporu KAP’ta yok,,BELGE_YOK,— | — | —,2025/09 raporu KAP’ta yok ‖ 2024/12 raporu KAP’ta yok ‖ 2025/09 raporu KAP’ta yok,BELGE_YOK
VEYAS,Standart,2025/12,,BELGE_YOK,—,2025/12 raporu KAP’ta yok,,BELGE_YOK,—,2025/12 raporu KAP’ta yok,,BELGE_YOK,—,2025/12 raporu KAP’ta yok,,BELGE_YOK,—,2025/12 raporu KAP’ta yok,BELGE_YOK
VEYAS,Standart,2026/03,,BELGE_YOK,— | — | —,2026/03 raporu KAP’ta yok ‖ 2025/12 raporu KAP’ta yok ‖ 2026/03 raporu KAP’ta yok,,BELGE_YOK,— | — | —,2026/03 raporu KAP’ta yok ‖ 2025/12 raporu KAP’ta yok ‖ 2026/03 raporu KAP’ta yok,,BELGE_YOK,— | — | —,2026/03 raporu KAP’ta yok ‖ 2025/12 raporu KAP’ta yok ‖ 2026/03 raporu KAP’ta yok,,BELGE_YOK,— | — | —,2026/03 raporu KAP’ta yok ‖ 2025/12 raporu KAP’ta yok ‖ 2026/03 raporu KAP’ta yok,BELGE_YOK
VEYAS,Standart,2026/06,,BELGE_YOK,— | — | —,2026/06 INDIRILMEDI ‖ 2025/12 raporu KAP’ta yok ‖ 2026/06 INDIRILMEDI,,BELGE_YOK,— | — | —,2026/06 INDIRILMEDI ‖ 2025/12 raporu KAP’ta yok ‖ 2026/06 INDIRILMEDI,,BELGE_YOK,— | — | —,2026/06 INDIRILMEDI ‖ 2025/12 raporu KAP’ta yok ‖ 2026/06 INDIRILMEDI,,BELGE_YOK,— | — | —,2026/06 INDIRILMEDI ‖ 2025/12 raporu KAP’ta yok ‖ 2026/06 INDIRILMEDI,BELGE_YOK
YATAS,Standart,2025/03,,BELGE_YOK,— | 2604.383 | —,2025/03 INDIRILMEDI ‖ KAP 1403724 2024/12 cari · PDF s.12 (TL): İşletme Faaliyetlerinden Nakit Akışları 2.604.382.601 2.481.505.114 ‖ 2025/03 INDIRILMEDI,,BELGE_YOK,— | -816.306 | —,2025/03 INDIRILMEDI ‖ KAP 1403724 2024/12 cari · PDF s.12 (TL): Maddi ve maddi olmayan duran varlıkların alımından kaynaklanan nakit çıkışları 12-14 (816.305.608) (1.385.975.041) ‖ 2025/03 INDIRILMEDI,,BELGE_YOK,— | -0.037 | —,2025/03 INDIRILMEDI ‖ KAP 1403724 2024/12 cari · PDF s.12 (TL): Yatırım amaçlı gayrimenkul alımından kaynaklanan nakit çıkışları 11 (37.209) -- ‖ 2025/03 INDIRILMEDI,,BELGE_YOK,— | -441.317 | —,2025/03 INDIRILMEDI ‖ KAP 1403724 2024/12 cari · PDF s.12 (TL): Kira sözleşmelerinden kaynaklanan borç ödemelerine ilişkin nakit çıkışları 15 (441.317.455) (772.752.888) ‖ 2025/03 INDIRILMEDI,BELGE_YOK
YBTAS,Standart,2025/03,,BELGE_YOK,— | 103.143 | —,2025/03 raporu KAP’ta yok ‖ KAP 1399565 2024/12 cari · PDF s.10 (TL): A. İŞLETME FAALİYETLERİNDEN NAKİT AKIŞLARI 103.143.482 88.072.547 ‖ 2025/03 raporu KAP’ta yok,,BELGE_YOK,— | -97.317 | —,"2025/03 raporu KAP’ta yok ‖ KAP 1399565 2024/12 cari · PDF s.10 (TL): Çıkışları (-) 7,8 (97.316.703) (91.828.462) ‖ 2025/03 raporu KAP’ta yok",,BELGE_YOK,— | 0.000 | —,2025/03 raporu KAP’ta yok ‖ KAP 1399565 2024/12 cari ‖ 2025/03 raporu KAP’ta yok,,BELGE_YOK,— | 0.000 | —,2025/03 raporu KAP’ta yok ‖ KAP 1399565 2024/12 cari ‖ 2025/03 raporu KAP’ta yok,BELGE_YOK
YBTAS,Standart,2025/06,,BELGE_YOK,— | 103.143 | —,2025/06 INDIRILMEDI ‖ KAP 1399565 2024/12 cari · PDF s.10 (TL): A. İŞLETME FAALİYETLERİNDEN NAKİT AKIŞLARI 103.143.482 88.072.547 ‖ 2025/06 INDIRILMEDI,,BELGE_YOK,— | -97.317 | —,"2025/06 INDIRILMEDI ‖ KAP 1399565 2024/12 cari · PDF s.10 (TL): Çıkışları (-) 7,8 (97.316.703) (91.828.462) ‖ 2025/06 INDIRILMEDI",,BELGE_YOK,— | 0.000 | —,2025/06 INDIRILMEDI ‖ KAP 1399565 2024/12 cari ‖ 2025/06 INDIRILMEDI,,BELGE_YOK,— | 0.000 | —,2025/06 INDIRILMEDI ‖ KAP 1399565 2024/12 cari ‖ 2025/06 INDIRILMEDI,BELGE_YOK
YBTAS,Standart,2025/09,,BELGE_YOK,— | 103.143 | —,2025/09 raporu KAP’ta yok ‖ KAP 1399565 2024/12 cari · PDF s.10 (TL): A. İŞLETME FAALİYETLERİNDEN NAKİT AKIŞLARI 103.143.482 88.072.547 ‖ 2025/09 raporu KAP’ta yok,,BELGE_YOK,— | -97.317 | —,"2025/09 raporu KAP’ta yok ‖ KAP 1399565 2024/12 cari · PDF s.10 (TL): Çıkışları (-) 7,8 (97.316.703) (91.828.462) ‖ 2025/09 raporu KAP’ta yok",,BELGE_YOK,— | 0.000 | —,2025/09 raporu KAP’ta yok ‖ KAP 1399565 2024/12 cari ‖ 2025/09 raporu KAP’ta yok,,BELGE_YOK,— | 0.000 | —,2025/09 raporu KAP’ta yok ‖ KAP 1399565 2024/12 cari ‖ 2025/09 raporu KAP’ta yok,BELGE_YOK
YBTAS,Standart,2026/03,,BELGE_YOK,— | — | —,2026/03 raporu KAP’ta yok ‖ 2025/12 INDIRILMEDI ‖ 2026/03 raporu KAP’ta yok,,BELGE_YOK,— | — | —,2026/03 raporu KAP’ta yok ‖ 2025/12 INDIRILMEDI ‖ 2026/03 raporu KAP’ta yok,,BELGE_YOK,— | — | —,2026/03 raporu KAP’ta yok ‖ 2025/12 INDIRILMEDI ‖ 2026/03 raporu KAP’ta yok,,BELGE_YOK,— | — | —,2026/03 raporu KAP’ta yok ‖ 2025/12 INDIRILMEDI ‖ 2026/03 raporu KAP’ta yok,BELGE_YOK
YBTAS,Standart,2026/06,,BELGE_YOK,— | — | —,2026/06 INDIRILMEDI ‖ 2025/12 INDIRILMEDI ‖ 2026/06 INDIRILMEDI,,BELGE_YOK,— | — | —,2026/06 INDIRILMEDI ‖ 2025/12 INDIRILMEDI ‖ 2026/06 INDIRILMEDI,,BELGE_YOK,— | — | —,2026/06 INDIRILMEDI ‖ 2025/12 INDIRILMEDI ‖ 2026/06 INDIRILMEDI,,BELGE_YOK,— | — | —,2026/06 INDIRILMEDI ‖ 2025/12 INDIRILMEDI ‖ 2026/06 INDIRILMEDI,BELGE_YOK
YEOTK,Standart,2025/03,,BELGE_YOK,— | -145.792 | —,2025/03 INDIRILMEDI ‖ KAP 1411832 2024/12 cari · PDF s.13 (TL): A) İŞLETME FAALİYETLERİNDEN NAKİT AKIŞLARI (145.792.331) 1.107.576.918 ‖ 2025/03 INDIRILMEDI,,BELGE_YOK,— | -414.960 | —,"2025/03 INDIRILMEDI ‖ KAP 1411832 2024/12 cari · PDF s.13 (TL): Maddi ve Maddi Olmayan Duran Varlıkların Alımından Kaynaklanan Nakit Çıkışları Not:18,19 (414.959.529) (1.683.960.093) ‖ 2025/03 INDIRILMEDI",,BELGE_YOK,— | 0.000 | —,2025/03 INDIRILMEDI ‖ KAP 1411832 2024/12 cari ‖ 2025/03 INDIRILMEDI,,BELGE_YOK,— | -1.171 | —,2025/03 INDIRILMEDI ‖ KAP 1411832 2024/12 cari · PDF s.13 (TL): Kira Sözleşmelerinden Kaynaklanan Borç Ödemelerine İlişkin Nakit Çıkışları (1.170.918) (1.346.012) ‖ 2025/03 INDIRILMEDI,BELGE_YOK
YEOTK,Standart,2025/06,,BELGE_YOK,— | -145.792 | —,2025/06 INDIRILMEDI ‖ KAP 1411832 2024/12 cari · PDF s.13 (TL): A) İŞLETME FAALİYETLERİNDEN NAKİT AKIŞLARI (145.792.331) 1.107.576.918 ‖ 2025/06 INDIRILMEDI,,BELGE_YOK,— | -414.960 | —,"2025/06 INDIRILMEDI ‖ KAP 1411832 2024/12 cari · PDF s.13 (TL): Maddi ve Maddi Olmayan Duran Varlıkların Alımından Kaynaklanan Nakit Çıkışları Not:18,19 (414.959.529) (1.683.960.093) ‖ 2025/06 INDIRILMEDI",,BELGE_YOK,— | 0.000 | —,2025/06 INDIRILMEDI ‖ KAP 1411832 2024/12 cari ‖ 2025/06 INDIRILMEDI,,BELGE_YOK,— | -1.171 | —,2025/06 INDIRILMEDI ‖ KAP 1411832 2024/12 cari · PDF s.13 (TL): Kira Sözleşmelerinden Kaynaklanan Borç Ödemelerine İlişkin Nakit Çıkışları (1.170.918) (1.346.012) ‖ 2025/06 INDIRILMEDI,BELGE_YOK
YEOTK,Standart,2025/09,,BELGE_YOK,— | -145.792 | —,2025/09 INDIRILMEDI ‖ KAP 1411832 2024/12 cari · PDF s.13 (TL): A) İŞLETME FAALİYETLERİNDEN NAKİT AKIŞLARI (145.792.331) 1.107.576.918 ‖ 2025/09 INDIRILMEDI,,BELGE_YOK,— | -414.960 | —,"2025/09 INDIRILMEDI ‖ KAP 1411832 2024/12 cari · PDF s.13 (TL): Maddi ve Maddi Olmayan Duran Varlıkların Alımından Kaynaklanan Nakit Çıkışları Not:18,19 (414.959.529) (1.683.960.093) ‖ 2025/09 INDIRILMEDI",,BELGE_YOK,— | 0.000 | —,2025/09 INDIRILMEDI ‖ KAP 1411832 2024/12 cari ‖ 2025/09 INDIRILMEDI,,BELGE_YOK,— | -1.171 | —,2025/09 INDIRILMEDI ‖ KAP 1411832 2024/12 cari · PDF s.13 (TL): Kira Sözleşmelerinden Kaynaklanan Borç Ödemelerine İlişkin Nakit Çıkışları (1.170.918) (1.346.012) ‖ 2025/09 INDIRILMEDI,BELGE_YOK
YEOTK,Standart,2026/03,,BELGE_YOK,— | — | —,2026/03 INDIRILMEDI ‖ 2025/12 INDIRILMEDI ‖ 2026/03 INDIRILMEDI,,BELGE_YOK,— | — | —,2026/03 INDIRILMEDI ‖ 2025/12 INDIRILMEDI ‖ 2026/03 INDIRILMEDI,,BELGE_YOK,— | — | —,2026/03 INDIRILMEDI ‖ 2025/12 INDIRILMEDI ‖ 2026/03 INDIRILMEDI,,BELGE_YOK,— | — | —,2026/03 INDIRILMEDI ‖ 2025/12 INDIRILMEDI ‖ 2026/03 INDIRILMEDI,BELGE_YOK
YEOTK,Standart,2026/06,,BELGE_YOK,— | — | —,2026/06 INDIRILMEDI ‖ 2025/12 INDIRILMEDI ‖ 2026/06 INDIRILMEDI,,BELGE_YOK,— | — | —,2026/06 INDIRILMEDI ‖ 2025/12 INDIRILMEDI ‖ 2026/06 INDIRILMEDI,,BELGE_YOK,— | — | —,2026/06 INDIRILMEDI ‖ 2025/12 INDIRILMEDI ‖ 2026/06 INDIRILMEDI,,BELGE_YOK,— | — | —,2026/06 INDIRILMEDI ‖ 2025/12 INDIRILMEDI ‖ 2026/06 INDIRILMEDI,BELGE_YOK
YONGA,Standart,2025/03,,BELGE_YOK,— | 48.876 | —,2025/03 raporu KAP’ta yok ‖ KAP 1404327 2024/12 cari · PDF s.11 (TL): A. ESAS FAALİYETLERDEN NAKİT AKIŞLARI 48.876.321 34.837.454 ‖ 2025/03 raporu KAP’ta yok,,BELGE_YOK,— | -15.852 | —,2025/03 raporu KAP’ta yok ‖ KAP 1404327 2024/12 cari · PDF s.11 (TL): (15.852.211) (11.162.827) ‖ 2025/03 raporu KAP’ta yok,,BELGE_YOK,— | 0.000 | —,2025/03 raporu KAP’ta yok ‖ KAP 1404327 2024/12 cari ‖ 2025/03 raporu KAP’ta yok,,BELGE_YOK,— | 1.798 | —,2025/03 raporu KAP’ta yok ‖ KAP 1404327 2024/12 cari · PDF s.11 (TL): Kiralama yükümlülükleriyle ilgili nakit girişleri/(çıkışları) 18 1.797.758 - ‖ 2025/03 raporu KAP’ta yok,BELGE_YOK
YONGA,Standart,2025/06,,BELGE_YOK,— | 48.876 | —,2025/06 INDIRILMEDI ‖ KAP 1404327 2024/12 cari · PDF s.11 (TL): A. ESAS FAALİYETLERDEN NAKİT AKIŞLARI 48.876.321 34.837.454 ‖ 2025/06 INDIRILMEDI,,BELGE_YOK,— | -15.852 | —,2025/06 INDIRILMEDI ‖ KAP 1404327 2024/12 cari · PDF s.11 (TL): (15.852.211) (11.162.827) ‖ 2025/06 INDIRILMEDI,,BELGE_YOK,— | 0.000 | —,2025/06 INDIRILMEDI ‖ KAP 1404327 2024/12 cari ‖ 2025/06 INDIRILMEDI,,BELGE_YOK,— | 1.798 | —,2025/06 INDIRILMEDI ‖ KAP 1404327 2024/12 cari · PDF s.11 (TL): Kiralama yükümlülükleriyle ilgili nakit girişleri/(çıkışları) 18 1.797.758 - ‖ 2025/06 INDIRILMEDI,BELGE_YOK
YONGA,Standart,2025/09,,BELGE_YOK,— | 48.876 | —,2025/09 raporu KAP’ta yok ‖ KAP 1404327 2024/12 cari · PDF s.11 (TL): A. ESAS FAALİYETLERDEN NAKİT AKIŞLARI 48.876.321 34.837.454 ‖ 2025/09 raporu KAP’ta yok,,BELGE_YOK,— | -15.852 | —,2025/09 raporu KAP’ta yok ‖ KAP 1404327 2024/12 cari · PDF s.11 (TL): (15.852.211) (11.162.827) ‖ 2025/09 raporu KAP’ta yok,,BELGE_YOK,— | 0.000 | —,2025/09 raporu KAP’ta yok ‖ KAP 1404327 2024/12 cari ‖ 2025/09 raporu KAP’ta yok,,BELGE_YOK,— | 1.798 | —,2025/09 raporu KAP’ta yok ‖ KAP 1404327 2024/12 cari · PDF s.11 (TL): Kiralama yükümlülükleriyle ilgili nakit girişleri/(çıkışları) 18 1.797.758 - ‖ 2025/09 raporu KAP’ta yok,BELGE_YOK
YONGA,Standart,2026/03,,BELGE_YOK,— | — | —,2026/03 raporu KAP’ta yok ‖ 2025/12 INDIRILMEDI ‖ 2026/03 raporu KAP’ta yok,,BELGE_YOK,— | — | —,2026/03 raporu KAP’ta yok ‖ 2025/12 INDIRILMEDI ‖ 2026/03 raporu KAP’ta yok,,BELGE_YOK,— | — | —,2026/03 raporu KAP’ta yok ‖ 2025/12 INDIRILMEDI ‖ 2026/03 raporu KAP’ta yok,,BELGE_YOK,— | — | —,2026/03 raporu KAP’ta yok ‖ 2025/12 INDIRILMEDI ‖ 2026/03 raporu KAP’ta yok,BELGE_YOK
YONGA,Standart,2026/06,,BELGE_YOK,— | — | —,2026/06 INDIRILMEDI ‖ 2025/12 INDIRILMEDI ‖ 2026/06 INDIRILMEDI,,BELGE_YOK,— | — | —,2026/06 INDIRILMEDI ‖ 2025/12 INDIRILMEDI ‖ 2026/06 INDIRILMEDI,,BELGE_YOK,— | — | —,2026/06 INDIRILMEDI ‖ 2025/12 INDIRILMEDI ‖ 2026/06 INDIRILMEDI,,BELGE_YOK,— | — | —,2026/06 INDIRILMEDI ‖ 2025/12 INDIRILMEDI ‖ 2026/06 INDIRILMEDI,BELGE_YOK
YUNSA,Standart,2025/03,,BELGE_YOK,— | -23.173 | —,2025/03 INDIRILMEDI ‖ KAP 1402682 2024/12 cari · PDF s.13 (TL): A. İŞLETME FAALİYETLERİNDEN NAKİT AKIŞLARI (23.172.590) 697.607.777 ‖ 2025/03 INDIRILMEDI,,BELGE_YOK,— | -73.408 | —,2025/03 INDIRILMEDI ‖ KAP 1402682 2024/12 cari · PDF s.13 (TL): Maddi duran varlık alımından kaynaklanan nakit çıkışları (-) 10 (34.353.590) (112.202.118) + Maddi olmayan duran varlık alımından kaynaklanan nakit çıkışları (-) 10 (39.054.712) (32.102.892) ‖ 2025/03 INDIRILMEDI,,BELGE_YOK,— | 0.000 | —,2025/03 INDIRILMEDI ‖ KAP 1402682 2024/12 cari ‖ 2025/03 INDIRILMEDI,,BELGE_YOK,— | 0.000 | —,2025/03 INDIRILMEDI ‖ KAP 1402682 2024/12 cari ‖ 2025/03 INDIRILMEDI,BELGE_YOK
ZEDUR,Standart,2025/03,,BELGE_YOK,— | 84.264 | —,2025/03 INDIRILMEDI ‖ KAP 1400938 2024/12 cari · PDF s.13 (TL): Faaliyetlerden elde edilen nakit akışları 84.264.195 57.857.503 ‖ 2025/03 INDIRILMEDI,,BELGE_YOK,— | -15.646 | —,2025/03 INDIRILMEDI ‖ KAP 1400938 2024/12 cari · PDF s.13 (TL): Maddi ve maddi olmayan duran varlık satımından kaynaklanan nakit çıkışları 12 (15.645.982) (18.896.308) ‖ 2025/03 INDIRILMEDI,,BELGE_YOK,— | — | —,2025/03 INDIRILMEDI ‖ KAP 1400938 2024/12 cari · PDF’te XBRL dışı satır: Yatırım amaçlı gayrimenkullerin gerçeğe uygun kayıp kazançları 21 (1.739.716) (29.393.195) ‖ 2025/03 INDIRILMEDI,,BELGE_YOK,— | -3.288 | —,2025/03 INDIRILMEDI ‖ KAP 1400938 2024/12 cari · PDF s.13 (TL): Kiralama işlemlerinden kaynaklanan nakit çıkışları (3.287.903) (8.159.006) ‖ 2025/03 INDIRILMEDI,BELGE_YOK
ZEDUR,Standart,2025/06,,BELGE_YOK,— | 84.264 | —,2025/06 INDIRILMEDI ‖ KAP 1400938 2024/12 cari · PDF s.13 (TL): Faaliyetlerden elde edilen nakit akışları 84.264.195 57.857.503 ‖ 2025/06 INDIRILMEDI,,BELGE_YOK,— | -15.646 | —,2025/06 INDIRILMEDI ‖ KAP 1400938 2024/12 cari · PDF s.13 (TL): Maddi ve maddi olmayan duran varlık satımından kaynaklanan nakit çıkışları 12 (15.645.982) (18.896.308) ‖ 2025/06 INDIRILMEDI,,BELGE_YOK,— | — | —,2025/06 INDIRILMEDI ‖ KAP 1400938 2024/12 cari · PDF’te XBRL dışı satır: Yatırım amaçlı gayrimenkullerin gerçeğe uygun kayıp kazançları 21 (1.739.716) (29.393.195) ‖ 2025/06 INDIRILMEDI,,BELGE_YOK,— | -3.288 | —,2025/06 INDIRILMEDI ‖ KAP 1400938 2024/12 cari · PDF s.13 (TL): Kiralama işlemlerinden kaynaklanan nakit çıkışları (3.287.903) (8.159.006) ‖ 2025/06 INDIRILMEDI,BELGE_YOK
ZEDUR,Standart,2025/09,,BELGE_YOK,— | 84.264 | —,2025/09 INDIRILMEDI ‖ KAP 1400938 2024/12 cari · PDF s.13 (TL): Faaliyetlerden elde edilen nakit akışları 84.264.195 57.857.503 ‖ 2025/09 INDIRILMEDI,,BELGE_YOK,— | -15.646 | —,2025/09 INDIRILMEDI ‖ KAP 1400938 2024/12 cari · PDF s.13 (TL): Maddi ve maddi olmayan duran varlık satımından kaynaklanan nakit çıkışları 12 (15.645.982) (18.896.308) ‖ 2025/09 INDIRILMEDI,,BELGE_YOK,— | — | —,2025/09 INDIRILMEDI ‖ KAP 1400938 2024/12 cari · PDF’te XBRL dışı satır: Yatırım amaçlı gayrimenkullerin gerçeğe uygun kayıp kazançları 21 (1.739.716) (29.393.195) ‖ 2025/09 INDIRILMEDI,,BELGE_YOK,— | -3.288 | —,2025/09 INDIRILMEDI ‖ KAP 1400938 2024/12 cari · PDF s.13 (TL): Kiralama işlemlerinden kaynaklanan nakit çıkışları (3.287.903) (8.159.006) ‖ 2025/09 INDIRILMEDI,BELGE_YOK
