kod,yil,ay,idx,role,nitelik,kalem,sutun,deger_tl,kaynak,durum,pdf_birim,pdf_sayfa,pdf_satir,tms29,not_
AEFES,2024,12,1401085,PDF,,CFO,cari,32413330000.0,PDF (şirket sitesi) https://anadoluefes.com/Upload/Docs/2024/FinansalSonuclar/AEFES_Kons_31122024TR.pdf,PDF_OKUNDU,bin TL,13,İŞLETME FAALİYETLERDEN NAKİT AKIŞLARI 32.413.330 34.409.262,True,özdeşlik A+B+C(+etki)=net değişim tuttu
AEFES,2024,12,1401085,PDF,,CFO,onceki,34409262000.0,PDF (şirket sitesi) https://anadoluefes.com/Upload/Docs/2024/FinansalSonuclar/AEFES_Kons_31122024TR.pdf,PDF_OKUNDU,bin TL,13,İŞLETME FAALİYETLERDEN NAKİT AKIŞLARI 32.413.330 34.409.262,True,özdeşlik A+B+C(+etki)=net değişim tuttu
AEFES,2024,12,1401085,PDF,,MDV+MODV,cari,-18970571000.0,PDF (şirket sitesi) https://anadoluefes.com/Upload/Docs/2024/FinansalSonuclar/AEFES_Kons_31122024TR.pdf,PDF_OKUNDU,bin TL,13,"Maddi ve Maddi Olmayan Duran Varlıkların Alımından Kaynaklanan Nakit Çıkışları 15, 16 (18.970.571) (15.305.826)",True,1 satır
AEFES,2024,12,1401085,PDF,,MDV+MODV,onceki,-15305826000.0,PDF (şirket sitesi) https://anadoluefes.com/Upload/Docs/2024/FinansalSonuclar/AEFES_Kons_31122024TR.pdf,PDF_OKUNDU,bin TL,13,"Maddi ve Maddi Olmayan Duran Varlıkların Alımından Kaynaklanan Nakit Çıkışları 15, 16 (18.970.571) (15.305.826)",True,1 satır
AEFES,2024,12,1401085,PDF,,YAGM,cari,0.0,PDF (şirket sitesi) https://anadoluefes.com/Upload/Docs/2024/FinansalSonuclar/AEFES_Kons_31122024TR.pdf,PDF_SATIR_YOK,bin TL,,,True,nakit akış tablosunda kalem satırı yok → 0
AEFES,2024,12,1401085,PDF,,YAGM,onceki,0.0,PDF (şirket sitesi) https://anadoluefes.com/Upload/Docs/2024/FinansalSonuclar/AEFES_Kons_31122024TR.pdf,PDF_SATIR_YOK,bin TL,,,True,nakit akış tablosunda kalem satırı yok → 0
AEFES,2024,12,1401085,PDF,,KIRA,cari,-803082000.0,PDF (şirket sitesi) https://anadoluefes.com/Upload/Docs/2024/FinansalSonuclar/AEFES_Kons_31122024TR.pdf,PDF_OKUNDU,bin TL,13,Kira Sözleşmelerinden Kaynaklanan Borç Ödemelerine İlişkin Nakit Çıkışları 8b (803.082) (703.829),True,1 satır
AEFES,2024,12,1401085,PDF,,KIRA,onceki,-703829000.0,PDF (şirket sitesi) https://anadoluefes.com/Upload/Docs/2024/FinansalSonuclar/AEFES_Kons_31122024TR.pdf,PDF_OKUNDU,bin TL,13,Kira Sözleşmelerinden Kaynaklanan Borç Ödemelerine İlişkin Nakit Çıkışları 8b (803.082) (703.829),True,1 satır
AEFES,2024,12,1401085,PDF,,TEMETTU,cari,0.0,PDF (şirket sitesi) https://anadoluefes.com/Upload/Docs/2024/FinansalSonuclar/AEFES_Kons_31122024TR.pdf,PDF_SATIR_YOK,bin TL,,,True,nakit akış tablosunda kalem satırı yok → 0
AEFES,2024,12,1401085,PDF,,TEMETTU,onceki,0.0,PDF (şirket sitesi) https://anadoluefes.com/Upload/Docs/2024/FinansalSonuclar/AEFES_Kons_31122024TR.pdf,PDF_SATIR_YOK,bin TL,,,True,nakit akış tablosunda kalem satırı yok → 0
AEFES,2025,3,1435136,PDF,,CFO,cari,-8855151000.0,PDF (şirket sitesi) https://anadoluefes.com/Upload/Docs/2025/FinansalSonuclar/AEFES_Kons_31032025TR.pdf,PDF_OKUNDU,bin TL,8,İŞLETME FAALİYETLERDEN NAKİT AKIŞLARI (8.855.151) (4.262.856),True,özdeşlik A+B+C(+etki)=net değişim tuttu
AEFES,2025,3,1435136,PDF,,CFO,onceki,-4262856000.0,PDF (şirket sitesi) https://anadoluefes.com/Upload/Docs/2025/FinansalSonuclar/AEFES_Kons_31032025TR.pdf,PDF_OKUNDU,bin TL,8,İŞLETME FAALİYETLERDEN NAKİT AKIŞLARI (8.855.151) (4.262.856),True,özdeşlik A+B+C(+etki)=net değişim tuttu
AEFES,2025,3,1435136,PDF,,MDV+MODV,cari,-3938388000.0,PDF (şirket sitesi) https://anadoluefes.com/Upload/Docs/2025/FinansalSonuclar/AEFES_Kons_31032025TR.pdf,PDF_OKUNDU,bin TL,8,"Maddi ve Maddi Olmayan Duran Varlıkların Alımından Kaynaklanan Nakit Çıkışları 12, 13 (3.938.388) (4.307.524)",True,1 satır
AEFES,2025,3,1435136,PDF,,MDV+MODV,onceki,-4307524000.0,PDF (şirket sitesi) https://anadoluefes.com/Upload/Docs/2025/FinansalSonuclar/AEFES_Kons_31032025TR.pdf,PDF_OKUNDU,bin TL,8,"Maddi ve Maddi Olmayan Duran Varlıkların Alımından Kaynaklanan Nakit Çıkışları 12, 13 (3.938.388) (4.307.524)",True,1 satır
AEFES,2025,3,1435136,PDF,,YAGM,cari,0.0,PDF (şirket sitesi) https://anadoluefes.com/Upload/Docs/2025/FinansalSonuclar/AEFES_Kons_31032025TR.pdf,PDF_SATIR_YOK,bin TL,,,True,nakit akış tablosunda kalem satırı yok → 0
AEFES,2025,3,1435136,PDF,,YAGM,onceki,0.0,PDF (şirket sitesi) https://anadoluefes.com/Upload/Docs/2025/FinansalSonuclar/AEFES_Kons_31032025TR.pdf,PDF_SATIR_YOK,bin TL,,,True,nakit akış tablosunda kalem satırı yok → 0
AEFES,2025,3,1435136,PDF,,KIRA,cari,-421637000.0,PDF (şirket sitesi) https://anadoluefes.com/Upload/Docs/2025/FinansalSonuclar/AEFES_Kons_31032025TR.pdf,PDF_OKUNDU,bin TL,8,Kira Sözleşmelerinden Kaynaklanan Borç Ödemelerine İlişkin Nakit Çıkışları 7b (421.637) (361.426),True,1 satır
AEFES,2025,3,1435136,PDF,,KIRA,onceki,-361426000.0,PDF (şirket sitesi) https://anadoluefes.com/Upload/Docs/2025/FinansalSonuclar/AEFES_Kons_31032025TR.pdf,PDF_OKUNDU,bin TL,8,Kira Sözleşmelerinden Kaynaklanan Borç Ödemelerine İlişkin Nakit Çıkışları 7b (421.637) (361.426),True,1 satır
AEFES,2025,3,1435136,PDF,,TEMETTU,cari,0.0,PDF (şirket sitesi) https://anadoluefes.com/Upload/Docs/2025/FinansalSonuclar/AEFES_Kons_31032025TR.pdf,PDF_SATIR_YOK,bin TL,,,True,nakit akış tablosunda kalem satırı yok → 0
AEFES,2025,3,1435136,PDF,,TEMETTU,onceki,0.0,PDF (şirket sitesi) https://anadoluefes.com/Upload/Docs/2025/FinansalSonuclar/AEFES_Kons_31032025TR.pdf,PDF_SATIR_YOK,bin TL,,,True,nakit akış tablosunda kalem satırı yok → 0
AEFES,2025,9,1511858,PDF,,CFO,cari,25714597000.0,PDF (şirket sitesi) https://anadoluefes.com/Upload/Docs/2025/FinansalSonuclar/AEFES-Kons-30092025-TR.pdf,PDF_OKUNDU,bin TL,8,İŞLETME FAALİYETLERDEN NAKİT AKIŞLARI 25.714.597 33.874.680,True,özdeşlik A+B+C(+etki)=net değişim tuttu
AEFES,2025,9,1511858,PDF,,CFO,onceki,33874680000.0,PDF (şirket sitesi) https://anadoluefes.com/Upload/Docs/2025/FinansalSonuclar/AEFES-Kons-30092025-TR.pdf,PDF_OKUNDU,bin TL,8,İŞLETME FAALİYETLERDEN NAKİT AKIŞLARI 25.714.597 33.874.680,True,özdeşlik A+B+C(+etki)=net değişim tuttu
AEFES,2025,9,1511858,PDF,,MDV+MODV,cari,-14156034000.0,PDF (şirket sitesi) https://anadoluefes.com/Upload/Docs/2025/FinansalSonuclar/AEFES-Kons-30092025-TR.pdf,PDF_OKUNDU,bin TL,8,Maddi ve Maddi Olmayan Duran Varlıkların Alımından Kaynaklanan Nakit Çıkışları (14.156.034) (17.642.106),True,1 satır
AEFES,2025,9,1511858,PDF,,MDV+MODV,onceki,-17642106000.0,PDF (şirket sitesi) https://anadoluefes.com/Upload/Docs/2025/FinansalSonuclar/AEFES-Kons-30092025-TR.pdf,PDF_OKUNDU,bin TL,8,Maddi ve Maddi Olmayan Duran Varlıkların Alımından Kaynaklanan Nakit Çıkışları (14.156.034) (17.642.106),True,1 satır
AEFES,2025,9,1511858,PDF,,YAGM,cari,0.0,PDF (şirket sitesi) https://anadoluefes.com/Upload/Docs/2025/FinansalSonuclar/AEFES-Kons-30092025-TR.pdf,PDF_SATIR_YOK,bin TL,,,True,nakit akış tablosunda kalem satırı yok → 0
AEFES,2025,9,1511858,PDF,,YAGM,onceki,0.0,PDF (şirket sitesi) https://anadoluefes.com/Upload/Docs/2025/FinansalSonuclar/AEFES-Kons-30092025-TR.pdf,PDF_SATIR_YOK,bin TL,,,True,nakit akış tablosunda kalem satırı yok → 0
AEFES,2025,9,1511858,PDF,,KIRA,cari,-792998000.0,PDF (şirket sitesi) https://anadoluefes.com/Upload/Docs/2025/FinansalSonuclar/AEFES-Kons-30092025-TR.pdf,PDF_OKUNDU,bin TL,8,Kira Sözleşmelerinden Kaynaklanan Borç Ödemelerine İlişkin Nakit Çıkışları 7b (792.998) (837.678),True,1 satır
AEFES,2025,9,1511858,PDF,,KIRA,onceki,-837678000.0,PDF (şirket sitesi) https://anadoluefes.com/Upload/Docs/2025/FinansalSonuclar/AEFES-Kons-30092025-TR.pdf,PDF_OKUNDU,bin TL,8,Kira Sözleşmelerinden Kaynaklanan Borç Ödemelerine İlişkin Nakit Çıkışları 7b (792.998) (837.678),True,1 satır
AEFES,2025,9,1511858,PDF,,TEMETTU,cari,0.0,PDF (şirket sitesi) https://anadoluefes.com/Upload/Docs/2025/FinansalSonuclar/AEFES-Kons-30092025-TR.pdf,PDF_SATIR_YOK,bin TL,,,True,nakit akış tablosunda kalem satırı yok → 0
AEFES,2025,9,1511858,PDF,,TEMETTU,onceki,0.0,PDF (şirket sitesi) https://anadoluefes.com/Upload/Docs/2025/FinansalSonuclar/AEFES-Kons-30092025-TR.pdf,PDF_SATIR_YOK,bin TL,,,True,nakit akış tablosunda kalem satırı yok → 0
AEFES,2025,12,1566776,PDF,,CFO,cari,34153496000.0,PDF (şirket sitesi) https://anadoluefes.com/Upload/Docs/2025/FinansalSonuclar/AEFES-Kons31122025-TR.pdf,PDF_OKUNDU,bin TL,13,İŞLETME FAALİYETLERDEN NAKİT AKIŞLARI 34.153.496 42.426.457,True,özdeşlik A+B+C(+etki)=net değişim tuttu
AEFES,2025,12,1566776,PDF,,CFO,onceki,42426457000.0,PDF (şirket sitesi) https://anadoluefes.com/Upload/Docs/2025/FinansalSonuclar/AEFES-Kons31122025-TR.pdf,PDF_OKUNDU,bin TL,13,İŞLETME FAALİYETLERDEN NAKİT AKIŞLARI 34.153.496 42.426.457,True,özdeşlik A+B+C(+etki)=net değişim tuttu
AEFES,2025,12,1566776,PDF,,MDV+MODV,cari,-19111074000.0,PDF (şirket sitesi) https://anadoluefes.com/Upload/Docs/2025/FinansalSonuclar/AEFES-Kons31122025-TR.pdf,PDF_OKUNDU,bin TL,13,"Maddi ve Maddi Olmayan Duran Varlıkların Alımından Kaynaklanan Nakit Çıkışları 15, 16 (19.111.074) (24.830.960)",True,1 satır
AEFES,2025,12,1566776,PDF,,MDV+MODV,onceki,-24830960000.0,PDF (şirket sitesi) https://anadoluefes.com/Upload/Docs/2025/FinansalSonuclar/AEFES-Kons31122025-TR.pdf,PDF_OKUNDU,bin TL,13,"Maddi ve Maddi Olmayan Duran Varlıkların Alımından Kaynaklanan Nakit Çıkışları 15, 16 (19.111.074) (24.830.960)",True,1 satır
AEFES,2025,12,1566776,PDF,,YAGM,cari,0.0,PDF (şirket sitesi) https://anadoluefes.com/Upload/Docs/2025/FinansalSonuclar/AEFES-Kons31122025-TR.pdf,PDF_SATIR_YOK,bin TL,,,True,nakit akış tablosunda kalem satırı yok → 0
AEFES,2025,12,1566776,PDF,,YAGM,onceki,0.0,PDF (şirket sitesi) https://anadoluefes.com/Upload/Docs/2025/FinansalSonuclar/AEFES-Kons31122025-TR.pdf,PDF_SATIR_YOK,bin TL,,,True,nakit akış tablosunda kalem satırı yok → 0
AEFES,2025,12,1566776,PDF,,KIRA,cari,-1290708000.0,PDF (şirket sitesi) https://anadoluefes.com/Upload/Docs/2025/FinansalSonuclar/AEFES-Kons31122025-TR.pdf,PDF_OKUNDU,bin TL,13,Kira Sözleşmelerinden Kaynaklanan Borç Ödemelerine İlişkin Nakit Çıkışları 8b (1.290.708) (1.051.170),True,1 satır
AEFES,2025,12,1566776,PDF,,KIRA,onceki,-1051170000.0,PDF (şirket sitesi) https://anadoluefes.com/Upload/Docs/2025/FinansalSonuclar/AEFES-Kons31122025-TR.pdf,PDF_OKUNDU,bin TL,13,Kira Sözleşmelerinden Kaynaklanan Borç Ödemelerine İlişkin Nakit Çıkışları 8b (1.290.708) (1.051.170),True,1 satır
AEFES,2025,12,1566776,PDF,,TEMETTU,cari,0.0,PDF (şirket sitesi) https://anadoluefes.com/Upload/Docs/2025/FinansalSonuclar/AEFES-Kons31122025-TR.pdf,PDF_SATIR_YOK,bin TL,,,True,nakit akış tablosunda kalem satırı yok → 0
AEFES,2025,12,1566776,PDF,,TEMETTU,onceki,0.0,PDF (şirket sitesi) https://anadoluefes.com/Upload/Docs/2025/FinansalSonuclar/AEFES-Kons31122025-TR.pdf,PDF_SATIR_YOK,bin TL,,,True,nakit akış tablosunda kalem satırı yok → 0
ALKIM,2024,12,1404869,PDF,,CFO,cari,231488786.0,PDF (şirket sitesi) https://www.alkim.com.tr/files/file/dosya-fIND5MTKSdt7lhy-aralik-2024.pdf,PDF_OKUNDU,TL,7,İŞLETME FAALİYETLERİNDEN NAKİT AKIŞLARI 231.488.786 1.359.339.601,True,özdeşlik A+B+C(+etki)=net değişim tuttu
ALKIM,2024,12,1404869,PDF,,CFO,onceki,1359339601.0,PDF (şirket sitesi) https://www.alkim.com.tr/files/file/dosya-fIND5MTKSdt7lhy-aralik-2024.pdf,PDF_OKUNDU,TL,7,İŞLETME FAALİYETLERİNDEN NAKİT AKIŞLARI 231.488.786 1.359.339.601,True,özdeşlik A+B+C(+etki)=net değişim tuttu
ALKIM,2024,12,1404869,PDF,,MDV+MODV,cari,-683511507.0,PDF (şirket sitesi) https://www.alkim.com.tr/files/file/dosya-fIND5MTKSdt7lhy-aralik-2024.pdf,PDF_OKUNDU,TL,7,kaynaklanan nakit çıkışları 9-10 (683.511.507) (188.445.103),True,1 satır
ALKIM,2024,12,1404869,PDF,,MDV+MODV,onceki,-188445103.0,PDF (şirket sitesi) https://www.alkim.com.tr/files/file/dosya-fIND5MTKSdt7lhy-aralik-2024.pdf,PDF_OKUNDU,TL,7,kaynaklanan nakit çıkışları 9-10 (683.511.507) (188.445.103),True,1 satır
ALKIM,2024,12,1404869,PDF,,YAGM,cari,0.0,PDF (şirket sitesi) https://www.alkim.com.tr/files/file/dosya-fIND5MTKSdt7lhy-aralik-2024.pdf,PDF_SATIR_YOK,TL,,,True,nakit akış tablosunda kalem satırı yok → 0
ALKIM,2024,12,1404869,PDF,,YAGM,onceki,0.0,PDF (şirket sitesi) https://www.alkim.com.tr/files/file/dosya-fIND5MTKSdt7lhy-aralik-2024.pdf,PDF_SATIR_YOK,TL,,,True,nakit akış tablosunda kalem satırı yok → 0
ALKIM,2024,12,1404869,PDF,,KIRA,cari,0.0,PDF (şirket sitesi) https://www.alkim.com.tr/files/file/dosya-fIND5MTKSdt7lhy-aralik-2024.pdf,PDF_SATIR_YOK,TL,,,True,nakit akış tablosunda kalem satırı yok → 0
ALKIM,2024,12,1404869,PDF,,KIRA,onceki,0.0,PDF (şirket sitesi) https://www.alkim.com.tr/files/file/dosya-fIND5MTKSdt7lhy-aralik-2024.pdf,PDF_SATIR_YOK,TL,,,True,nakit akış tablosunda kalem satırı yok → 0
ALKIM,2024,12,1404869,PDF,,TEMETTU,cari,0.0,PDF (şirket sitesi) https://www.alkim.com.tr/files/file/dosya-fIND5MTKSdt7lhy-aralik-2024.pdf,PDF_SATIR_YOK,TL,,,True,nakit akış tablosunda kalem satırı yok → 0
ALKIM,2024,12,1404869,PDF,,TEMETTU,onceki,0.0,PDF (şirket sitesi) https://www.alkim.com.tr/files/file/dosya-fIND5MTKSdt7lhy-aralik-2024.pdf,PDF_SATIR_YOK,TL,,,True,nakit akış tablosunda kalem satırı yok → 0
ASTOR,2024,12,1398789,PDF,,CFO,cari,7060885450.0,PDF (şirket sitesi) https://astoras.com.tr/wp-content/uploads/2025/03/2024-Yili-12-Aylik-Finansal-Rapor-31.12.2024.pdf,PDF_OKUNDU,TL,13,A. İşletme faaliyetlerinden elde edilen nakit akışları Dipnot 7.060.885.450 5.799.052.647,True,özdeşlik A+B+C(+etki)=net değişim tuttu
ASTOR,2024,12,1398789,PDF,,CFO,onceki,5799052647.0,PDF (şirket sitesi) https://astoras.com.tr/wp-content/uploads/2025/03/2024-Yili-12-Aylik-Finansal-Rapor-31.12.2024.pdf,PDF_OKUNDU,TL,13,A. İşletme faaliyetlerinden elde edilen nakit akışları Dipnot 7.060.885.450 5.799.052.647,True,özdeşlik A+B+C(+etki)=net değişim tuttu
ASTOR,2024,12,1398789,PDF,,MDV+MODV,cari,-3703166636.0,PDF (şirket sitesi) https://astoras.com.tr/wp-content/uploads/2025/03/2024-Yili-12-Aylik-Finansal-Rapor-31.12.2024.pdf,PDF_OKUNDU,TL,13,"Maddi ve maddi olmayan duran varlıkların alımından kaynaklanan nakit çıkışları 8, 9 (3.703.166.636) (2.656.742.941)",True,1 satır
ASTOR,2024,12,1398789,PDF,,MDV+MODV,onceki,-2656742941.0,PDF (şirket sitesi) https://astoras.com.tr/wp-content/uploads/2025/03/2024-Yili-12-Aylik-Finansal-Rapor-31.12.2024.pdf,PDF_OKUNDU,TL,13,"Maddi ve maddi olmayan duran varlıkların alımından kaynaklanan nakit çıkışları 8, 9 (3.703.166.636) (2.656.742.941)",True,1 satır
ASTOR,2024,12,1398789,PDF,,YAGM,cari,0.0,PDF (şirket sitesi) https://astoras.com.tr/wp-content/uploads/2025/03/2024-Yili-12-Aylik-Finansal-Rapor-31.12.2024.pdf,PDF_SATIR_YOK,TL,,,True,nakit akış tablosunda kalem satırı yok → 0
ASTOR,2024,12,1398789,PDF,,YAGM,onceki,0.0,PDF (şirket sitesi) https://astoras.com.tr/wp-content/uploads/2025/03/2024-Yili-12-Aylik-Finansal-Rapor-31.12.2024.pdf,PDF_SATIR_YOK,TL,,,True,nakit akış tablosunda kalem satırı yok → 0
ASTOR,2024,12,1398789,PDF,,KIRA,cari,0.0,PDF (şirket sitesi) https://astoras.com.tr/wp-content/uploads/2025/03/2024-Yili-12-Aylik-Finansal-Rapor-31.12.2024.pdf,PDF_SATIR_YOK,TL,,,True,nakit akış tablosunda kalem satırı yok → 0
ASTOR,2024,12,1398789,PDF,,KIRA,onceki,0.0,PDF (şirket sitesi) https://astoras.com.tr/wp-content/uploads/2025/03/2024-Yili-12-Aylik-Finansal-Rapor-31.12.2024.pdf,PDF_SATIR_YOK,TL,,,True,nakit akış tablosunda kalem satırı yok → 0
ASTOR,2024,12,1398789,PDF,,TEMETTU,cari,0.0,PDF (şirket sitesi) https://astoras.com.tr/wp-content/uploads/2025/03/2024-Yili-12-Aylik-Finansal-Rapor-31.12.2024.pdf,PDF_SATIR_YOK,TL,,,True,nakit akış tablosunda kalem satırı yok → 0
ASTOR,2024,12,1398789,PDF,,TEMETTU,onceki,0.0,PDF (şirket sitesi) https://astoras.com.tr/wp-content/uploads/2025/03/2024-Yili-12-Aylik-Finansal-Rapor-31.12.2024.pdf,PDF_SATIR_YOK,TL,,,True,nakit akış tablosunda kalem satırı yok → 0
ASTOR,2025,6,1480094,PDF,,CFO,cari,2202498043.0,PDF (şirket sitesi) https://astoras.com.tr/wp-content/uploads/2025/08/2025-Yili-6-Aylik-Finansal-Rapor-30.06.2025.pdf,PDF_OKUNDU,TL,9,A. İşletme faaliyetlerinden elde edilen nakit akışları Dipnot 2.202.498.043 5.208.723.667,True,özdeşlik A+B+C(+etki)=net değişim tuttu
ASTOR,2025,6,1480094,PDF,,CFO,onceki,5208723667.0,PDF (şirket sitesi) https://astoras.com.tr/wp-content/uploads/2025/08/2025-Yili-6-Aylik-Finansal-Rapor-30.06.2025.pdf,PDF_OKUNDU,TL,9,A. İşletme faaliyetlerinden elde edilen nakit akışları Dipnot 2.202.498.043 5.208.723.667,True,özdeşlik A+B+C(+etki)=net değişim tuttu
ASTOR,2025,6,1480094,PDF,,MDV+MODV,cari,-1511827378.0,PDF (şirket sitesi) https://astoras.com.tr/wp-content/uploads/2025/08/2025-Yili-6-Aylik-Finansal-Rapor-30.06.2025.pdf,PDF_OKUNDU,TL,9,Maddi ve maddi olmayan duran varlık alımından kaynaklanan nakit çıkışları 7 (1.511.827.378) (1.704.811.225),True,1 satır
ASTOR,2025,6,1480094,PDF,,MDV+MODV,onceki,-1704811225.0,PDF (şirket sitesi) https://astoras.com.tr/wp-content/uploads/2025/08/2025-Yili-6-Aylik-Finansal-Rapor-30.06.2025.pdf,PDF_OKUNDU,TL,9,Maddi ve maddi olmayan duran varlık alımından kaynaklanan nakit çıkışları 7 (1.511.827.378) (1.704.811.225),True,1 satır
ASTOR,2025,6,1480094,PDF,,YAGM,cari,0.0,PDF (şirket sitesi) https://astoras.com.tr/wp-content/uploads/2025/08/2025-Yili-6-Aylik-Finansal-Rapor-30.06.2025.pdf,PDF_SATIR_YOK,TL,,,True,nakit akış tablosunda kalem satırı yok → 0
ASTOR,2025,6,1480094,PDF,,YAGM,onceki,0.0,PDF (şirket sitesi) https://astoras.com.tr/wp-content/uploads/2025/08/2025-Yili-6-Aylik-Finansal-Rapor-30.06.2025.pdf,PDF_SATIR_YOK,TL,,,True,nakit akış tablosunda kalem satırı yok → 0
ASTOR,2025,6,1480094,PDF,,KIRA,cari,0.0,PDF (şirket sitesi) https://astoras.com.tr/wp-content/uploads/2025/08/2025-Yili-6-Aylik-Finansal-Rapor-30.06.2025.pdf,PDF_SATIR_YOK,TL,,,True,nakit akış tablosunda kalem satırı yok → 0
ASTOR,2025,6,1480094,PDF,,KIRA,onceki,0.0,PDF (şirket sitesi) https://astoras.com.tr/wp-content/uploads/2025/08/2025-Yili-6-Aylik-Finansal-Rapor-30.06.2025.pdf,PDF_SATIR_YOK,TL,,,True,nakit akış tablosunda kalem satırı yok → 0
ASTOR,2025,6,1480094,PDF,,TEMETTU,cari,0.0,PDF (şirket sitesi) https://astoras.com.tr/wp-content/uploads/2025/08/2025-Yili-6-Aylik-Finansal-Rapor-30.06.2025.pdf,PDF_SATIR_YOK,TL,,,True,nakit akış tablosunda kalem satırı yok → 0
ASTOR,2025,6,1480094,PDF,,TEMETTU,onceki,0.0,PDF (şirket sitesi) https://astoras.com.tr/wp-content/uploads/2025/08/2025-Yili-6-Aylik-Finansal-Rapor-30.06.2025.pdf,PDF_SATIR_YOK,TL,,,True,nakit akış tablosunda kalem satırı yok → 0
ASTOR,2025,9,1515146,PDF,,CFO,cari,506781934.0,PDF (şirket sitesi) https://astoras.com.tr/wp-content/uploads/2025/11/2025-Yili-9-Aylik-Finansal-Rapor-30.09.2025.pdf,PDF_OKUNDU,TL,7,A. İşletme faaliyetlerinden elde edilen nakit akışları Dipnot 506.781.934 10.257.003.504,True,özdeşlik A+B+C(+etki)=net değişim tuttu
ASTOR,2025,9,1515146,PDF,,CFO,onceki,10257003504.0,PDF (şirket sitesi) https://astoras.com.tr/wp-content/uploads/2025/11/2025-Yili-9-Aylik-Finansal-Rapor-30.09.2025.pdf,PDF_OKUNDU,TL,7,A. İşletme faaliyetlerinden elde edilen nakit akışları Dipnot 506.781.934 10.257.003.504,True,özdeşlik A+B+C(+etki)=net değişim tuttu
ASTOR,2025,9,1515146,PDF,,MDV+MODV,cari,-2350487918.0,PDF (şirket sitesi) https://astoras.com.tr/wp-content/uploads/2025/11/2025-Yili-9-Aylik-Finansal-Rapor-30.09.2025.pdf,PDF_OKUNDU,TL,7,Maddi ve maddi olmayan duran varlık alımından kaynaklanan nakit çıkışları 7 (2.350.487.918) (2.524.887.423),True,1 satır
ASTOR,2025,9,1515146,PDF,,MDV+MODV,onceki,-2524887423.0,PDF (şirket sitesi) https://astoras.com.tr/wp-content/uploads/2025/11/2025-Yili-9-Aylik-Finansal-Rapor-30.09.2025.pdf,PDF_OKUNDU,TL,7,Maddi ve maddi olmayan duran varlık alımından kaynaklanan nakit çıkışları 7 (2.350.487.918) (2.524.887.423),True,1 satır
ASTOR,2025,9,1515146,PDF,,YAGM,cari,0.0,PDF (şirket sitesi) https://astoras.com.tr/wp-content/uploads/2025/11/2025-Yili-9-Aylik-Finansal-Rapor-30.09.2025.pdf,PDF_SATIR_YOK,TL,,,True,nakit akış tablosunda kalem satırı yok → 0
ASTOR,2025,9,1515146,PDF,,YAGM,onceki,0.0,PDF (şirket sitesi) https://astoras.com.tr/wp-content/uploads/2025/11/2025-Yili-9-Aylik-Finansal-Rapor-30.09.2025.pdf,PDF_SATIR_YOK,TL,,,True,nakit akış tablosunda kalem satırı yok → 0
ASTOR,2025,9,1515146,PDF,,KIRA,cari,0.0,PDF (şirket sitesi) https://astoras.com.tr/wp-content/uploads/2025/11/2025-Yili-9-Aylik-Finansal-Rapor-30.09.2025.pdf,PDF_SATIR_YOK,TL,,,True,nakit akış tablosunda kalem satırı yok → 0
ASTOR,2025,9,1515146,PDF,,KIRA,onceki,0.0,PDF (şirket sitesi) https://astoras.com.tr/wp-content/uploads/2025/11/2025-Yili-9-Aylik-Finansal-Rapor-30.09.2025.pdf,PDF_SATIR_YOK,TL,,,True,nakit akış tablosunda kalem satırı yok → 0
ASTOR,2025,9,1515146,PDF,,TEMETTU,cari,0.0,PDF (şirket sitesi) https://astoras.com.tr/wp-content/uploads/2025/11/2025-Yili-9-Aylik-Finansal-Rapor-30.09.2025.pdf,PDF_SATIR_YOK,TL,,,True,nakit akış tablosunda kalem satırı yok → 0
ASTOR,2025,9,1515146,PDF,,TEMETTU,onceki,0.0,PDF (şirket sitesi) https://astoras.com.tr/wp-content/uploads/2025/11/2025-Yili-9-Aylik-Finansal-Rapor-30.09.2025.pdf,PDF_SATIR_YOK,TL,,,True,nakit akış tablosunda kalem satırı yok → 0
ASTOR,2025,12,1557972,PDF,,CFO,cari,2756906505.0,PDF (şirket sitesi) https://astoras.com.tr/wp-content/uploads/2026/02/2025-Yili-12-Aylik-Finansal-Rapor-31.12.2025.pdf,PDF_OKUNDU,TL,14,A. İşletme faaliyetlerinden elde edilen nakit akışları Dipnot 2.756.906.505 10.219.484.340,True,özdeşlik A+B+C(+etki)=net değişim tuttu
ASTOR,2025,12,1557972,PDF,,CFO,onceki,10219484340.0,PDF (şirket sitesi) https://astoras.com.tr/wp-content/uploads/2026/02/2025-Yili-12-Aylik-Finansal-Rapor-31.12.2025.pdf,PDF_OKUNDU,TL,14,A. İşletme faaliyetlerinden elde edilen nakit akışları Dipnot 2.756.906.505 10.219.484.340,True,özdeşlik A+B+C(+etki)=net değişim tuttu
ASTOR,2025,12,1557972,PDF,,MDV+MODV,cari,0.0,PDF (şirket sitesi) https://astoras.com.tr/wp-content/uploads/2026/02/2025-Yili-12-Aylik-Finansal-Rapor-31.12.2025.pdf,PDF_SATIR_YOK,TL,,,True,nakit akış tablosunda kalem satırı yok → 0
ASTOR,2025,12,1557972,PDF,,MDV+MODV,onceki,0.0,PDF (şirket sitesi) https://astoras.com.tr/wp-content/uploads/2026/02/2025-Yili-12-Aylik-Finansal-Rapor-31.12.2025.pdf,PDF_SATIR_YOK,TL,,,True,nakit akış tablosunda kalem satırı yok → 0
ASTOR,2025,12,1557972,PDF,,YAGM,cari,0.0,PDF (şirket sitesi) https://astoras.com.tr/wp-content/uploads/2026/02/2025-Yili-12-Aylik-Finansal-Rapor-31.12.2025.pdf,PDF_SATIR_YOK,TL,,,True,nakit akış tablosunda kalem satırı yok → 0
ASTOR,2025,12,1557972,PDF,,YAGM,onceki,0.0,PDF (şirket sitesi) https://astoras.com.tr/wp-content/uploads/2026/02/2025-Yili-12-Aylik-Finansal-Rapor-31.12.2025.pdf,PDF_SATIR_YOK,TL,,,True,nakit akış tablosunda kalem satırı yok → 0
ASTOR,2025,12,1557972,PDF,,KIRA,cari,0.0,PDF (şirket sitesi) https://astoras.com.tr/wp-content/uploads/2026/02/2025-Yili-12-Aylik-Finansal-Rapor-31.12.2025.pdf,PDF_SATIR_YOK,TL,,,True,nakit akış tablosunda kalem satırı yok → 0
ASTOR,2025,12,1557972,PDF,,KIRA,onceki,0.0,PDF (şirket sitesi) https://astoras.com.tr/wp-content/uploads/2026/02/2025-Yili-12-Aylik-Finansal-Rapor-31.12.2025.pdf,PDF_SATIR_YOK,TL,,,True,nakit akış tablosunda kalem satırı yok → 0
ASTOR,2025,12,1557972,PDF,,TEMETTU,cari,0.0,PDF (şirket sitesi) https://astoras.com.tr/wp-content/uploads/2026/02/2025-Yili-12-Aylik-Finansal-Rapor-31.12.2025.pdf,PDF_SATIR_YOK,TL,,,True,nakit akış tablosunda kalem satırı yok → 0
ASTOR,2025,12,1557972,PDF,,TEMETTU,onceki,0.0,PDF (şirket sitesi) https://astoras.com.tr/wp-content/uploads/2026/02/2025-Yili-12-Aylik-Finansal-Rapor-31.12.2025.pdf,PDF_SATIR_YOK,TL,,,True,nakit akış tablosunda kalem satırı yok → 0
ATATP,2025,6,1480213,PDF,,CFO,cari,2345506501.0,PDF (şirket sitesi) https://www.atptech.com/wp-content/uploads/ATP-Finansal-Rapor-30.06.2025.pdf,PDF_OKUNDU,TL,8,İŞLETME FAALİYETLERİNDEN NAKİT AKIŞLARI 2.345.506.501 411.628.385,True,özdeşlik A+B+C(+etki)=net değişim tuttu
ATATP,2025,6,1480213,PDF,,CFO,onceki,411628385.0,PDF (şirket sitesi) https://www.atptech.com/wp-content/uploads/ATP-Finansal-Rapor-30.06.2025.pdf,PDF_OKUNDU,TL,8,İŞLETME FAALİYETLERİNDEN NAKİT AKIŞLARI 2.345.506.501 411.628.385,True,özdeşlik A+B+C(+etki)=net değişim tuttu
ATATP,2025,6,1480213,PDF,,MDV+MODV,cari,-399692789.0,PDF (şirket sitesi) https://www.atptech.com/wp-content/uploads/ATP-Finansal-Rapor-30.06.2025.pdf,PDF_OKUNDU,TL,8,"Maddi ve Maddi Olmayan Duran Varlıkların Alımından Kaynaklanan Nakit Çıkışları 14,18,19 (399.692.789) (403.096.096)",True,1 satır
ATATP,2025,6,1480213,PDF,,MDV+MODV,onceki,-403096096.0,PDF (şirket sitesi) https://www.atptech.com/wp-content/uploads/ATP-Finansal-Rapor-30.06.2025.pdf,PDF_OKUNDU,TL,8,"Maddi ve Maddi Olmayan Duran Varlıkların Alımından Kaynaklanan Nakit Çıkışları 14,18,19 (399.692.789) (403.096.096)",True,1 satır
ATATP,2025,6,1480213,PDF,,YAGM,cari,0.0,PDF (şirket sitesi) https://www.atptech.com/wp-content/uploads/ATP-Finansal-Rapor-30.06.2025.pdf,PDF_SATIR_YOK,TL,,,True,nakit akış tablosunda kalem satırı yok → 0
ATATP,2025,6,1480213,PDF,,YAGM,onceki,0.0,PDF (şirket sitesi) https://www.atptech.com/wp-content/uploads/ATP-Finansal-Rapor-30.06.2025.pdf,PDF_SATIR_YOK,TL,,,True,nakit akış tablosunda kalem satırı yok → 0
ATATP,2025,6,1480213,PDF,,KIRA,cari,,PDF (şirket sitesi) https://www.atptech.com/wp-content/uploads/ATP-Finansal-Rapor-30.06.2025.pdf,PDF_EK_SATIR,TL,8,Kira Sözleşmelerinden Kaynaklanan Borç Ödemelerine İlişkin Nakit Çıkışları 8 (23.112.777) 21.600.854,True,çıkış satırında pozitif (işaret?)
ATATP,2025,6,1480213,PDF,,KIRA,onceki,,PDF (şirket sitesi) https://www.atptech.com/wp-content/uploads/ATP-Finansal-Rapor-30.06.2025.pdf,PDF_EK_SATIR,TL,8,Kira Sözleşmelerinden Kaynaklanan Borç Ödemelerine İlişkin Nakit Çıkışları 8 (23.112.777) 21.600.854,True,çıkış satırında pozitif (işaret?)
ATATP,2025,6,1480213,PDF,,TEMETTU,cari,0.0,PDF (şirket sitesi) https://www.atptech.com/wp-content/uploads/ATP-Finansal-Rapor-30.06.2025.pdf,PDF_SATIR_YOK,TL,,,True,nakit akış tablosunda kalem satırı yok → 0
ATATP,2025,6,1480213,PDF,,TEMETTU,onceki,0.0,PDF (şirket sitesi) https://www.atptech.com/wp-content/uploads/ATP-Finansal-Rapor-30.06.2025.pdf,PDF_SATIR_YOK,TL,,,True,nakit akış tablosunda kalem satırı yok → 0
ATATP,2026,3,1605700,PDF,,CFO,cari,237228240.0,PDF (şirket sitesi) https://www.atptech.com/wp-content/uploads/ATP-Finansal-Rapor-31.03.2026.pdf,PDF_OKUNDU,TL,7,237.228.240 292.018.224,True,özdeşlik A+B+C(+etki)=net değişim tuttu
ATATP,2026,3,1605700,PDF,,CFO,onceki,292018224.0,PDF (şirket sitesi) https://www.atptech.com/wp-content/uploads/ATP-Finansal-Rapor-31.03.2026.pdf,PDF_OKUNDU,TL,7,237.228.240 292.018.224,True,özdeşlik A+B+C(+etki)=net değişim tuttu
ATATP,2026,3,1605700,PDF,,MDV+MODV,cari,-219536936.0,PDF (şirket sitesi) https://www.atptech.com/wp-content/uploads/ATP-Finansal-Rapor-31.03.2026.pdf,PDF_OKUNDU,TL,7,"Kaynaklanan Nakit Çıkışları 14,18,19 (219.536.936) (269.029.577)",True,1 satır
ATATP,2026,3,1605700,PDF,,MDV+MODV,onceki,-269029577.0,PDF (şirket sitesi) https://www.atptech.com/wp-content/uploads/ATP-Finansal-Rapor-31.03.2026.pdf,PDF_OKUNDU,TL,7,"Kaynaklanan Nakit Çıkışları 14,18,19 (219.536.936) (269.029.577)",True,1 satır
ATATP,2026,3,1605700,PDF,,YAGM,cari,0.0,PDF (şirket sitesi) https://www.atptech.com/wp-content/uploads/ATP-Finansal-Rapor-31.03.2026.pdf,PDF_SATIR_YOK,TL,,,True,nakit akış tablosunda kalem satırı yok → 0
ATATP,2026,3,1605700,PDF,,YAGM,onceki,0.0,PDF (şirket sitesi) https://www.atptech.com/wp-content/uploads/ATP-Finansal-Rapor-31.03.2026.pdf,PDF_SATIR_YOK,TL,,,True,nakit akış tablosunda kalem satırı yok → 0
ATATP,2026,3,1605700,PDF,,KIRA,cari,-8962205.0,PDF (şirket sitesi) https://www.atptech.com/wp-content/uploads/ATP-Finansal-Rapor-31.03.2026.pdf,PDF_OKUNDU,TL,7,Kira Sözleşmelerinden Kaynaklanan Borç Ödemelerine İlişkin Nakit Çıkışları 8 (8.962.205) (15.121.757),True,1 satır
ATATP,2026,3,1605700,PDF,,KIRA,onceki,-15121757.0,PDF (şirket sitesi) https://www.atptech.com/wp-content/uploads/ATP-Finansal-Rapor-31.03.2026.pdf,PDF_OKUNDU,TL,7,Kira Sözleşmelerinden Kaynaklanan Borç Ödemelerine İlişkin Nakit Çıkışları 8 (8.962.205) (15.121.757),True,1 satır
ATATP,2026,3,1605700,PDF,,TEMETTU,cari,0.0,PDF (şirket sitesi) https://www.atptech.com/wp-content/uploads/ATP-Finansal-Rapor-31.03.2026.pdf,PDF_SATIR_YOK,TL,,,True,nakit akış tablosunda kalem satırı yok → 0
ATATP,2026,3,1605700,PDF,,TEMETTU,onceki,0.0,PDF (şirket sitesi) https://www.atptech.com/wp-content/uploads/ATP-Finansal-Rapor-31.03.2026.pdf,PDF_SATIR_YOK,TL,,,True,nakit akış tablosunda kalem satırı yok → 0
ATATP,2026,6,1649714,PDF,,CFO,cari,559440738.0,PDF (şirket sitesi) https://www.atptech.com/wp-content/uploads/ATP-Finansal-Rapor-30.06.2026.pdf,PDF_OKUNDU,TL,8,İŞLETME FAALİYETLERİNDEN NAKİT AKIŞLARI 559.440.738 3.098.663.777,True,özdeşlik A+B+C(+etki)=net değişim tuttu
ATATP,2026,6,1649714,PDF,,CFO,onceki,3098663777.0,PDF (şirket sitesi) https://www.atptech.com/wp-content/uploads/ATP-Finansal-Rapor-30.06.2026.pdf,PDF_OKUNDU,TL,8,İŞLETME FAALİYETLERİNDEN NAKİT AKIŞLARI 559.440.738 3.098.663.777,True,özdeşlik A+B+C(+etki)=net değişim tuttu
ATATP,2026,6,1649714,PDF,,MDV+MODV,cari,0.0,PDF (şirket sitesi) https://www.atptech.com/wp-content/uploads/ATP-Finansal-Rapor-30.06.2026.pdf,PDF_SATIR_YOK,TL,,,True,nakit akış tablosunda kalem satırı yok → 0
ATATP,2026,6,1649714,PDF,,MDV+MODV,onceki,0.0,PDF (şirket sitesi) https://www.atptech.com/wp-content/uploads/ATP-Finansal-Rapor-30.06.2026.pdf,PDF_SATIR_YOK,TL,,,True,nakit akış tablosunda kalem satırı yok → 0
ATATP,2026,6,1649714,PDF,,YAGM,cari,0.0,PDF (şirket sitesi) https://www.atptech.com/wp-content/uploads/ATP-Finansal-Rapor-30.06.2026.pdf,PDF_SATIR_YOK,TL,,,True,nakit akış tablosunda kalem satırı yok → 0
ATATP,2026,6,1649714,PDF,,YAGM,onceki,0.0,PDF (şirket sitesi) https://www.atptech.com/wp-content/uploads/ATP-Finansal-Rapor-30.06.2026.pdf,PDF_SATIR_YOK,TL,,,True,nakit akış tablosunda kalem satırı yok → 0
ATATP,2026,6,1649714,PDF,,KIRA,cari,-20466775.0,PDF (şirket sitesi) https://www.atptech.com/wp-content/uploads/ATP-Finansal-Rapor-30.06.2026.pdf,PDF_OKUNDU,TL,8,8 (20.466.775) (30.534.439),True,1 satır
ATATP,2026,6,1649714,PDF,,KIRA,onceki,-30534439.0,PDF (şirket sitesi) https://www.atptech.com/wp-content/uploads/ATP-Finansal-Rapor-30.06.2026.pdf,PDF_OKUNDU,TL,8,8 (20.466.775) (30.534.439),True,1 satır
ATATP,2026,6,1649714,PDF,,TEMETTU,cari,0.0,PDF (şirket sitesi) https://www.atptech.com/wp-content/uploads/ATP-Finansal-Rapor-30.06.2026.pdf,PDF_SATIR_YOK,TL,,,True,nakit akış tablosunda kalem satırı yok → 0
ATATP,2026,6,1649714,PDF,,TEMETTU,onceki,0.0,PDF (şirket sitesi) https://www.atptech.com/wp-content/uploads/ATP-Finansal-Rapor-30.06.2026.pdf,PDF_SATIR_YOK,TL,,,True,nakit akış tablosunda kalem satırı yok → 0
AVTUR,2024,12,1403568,PDF,,CFO,cari,-1252110.0,PDF (şirket sitesi) https://www.avtur.com.tr/Content/files/mali-tablolar/2024/12-aylik-mali-tablo.pdf,PDF_OKUNDU,TL,11,İŞLETME FAALİYETLERDEN KAYNAKLANAN NAKİT AKIŞLARI (1.252.110) 4.686.009,True,özdeşlik A+B+C(+etki)=net değişim tuttu
AVTUR,2024,12,1403568,PDF,,CFO,onceki,4686009.0,PDF (şirket sitesi) https://www.avtur.com.tr/Content/files/mali-tablolar/2024/12-aylik-mali-tablo.pdf,PDF_OKUNDU,TL,11,İŞLETME FAALİYETLERDEN KAYNAKLANAN NAKİT AKIŞLARI (1.252.110) 4.686.009,True,özdeşlik A+B+C(+etki)=net değişim tuttu
AVTUR,2024,12,1403568,PDF,,MDV+MODV,cari,-697141.0,PDF (şirket sitesi) https://www.avtur.com.tr/Content/files/mali-tablolar/2024/12-aylik-mali-tablo.pdf,PDF_OKUNDU,TL,11,Maddi Duran Varlıkların Alımından Kaynaklanan Nakit Çıkışları 13 (697.141) (131.851),True,1 satır
AVTUR,2024,12,1403568,PDF,,MDV+MODV,onceki,-131851.0,PDF (şirket sitesi) https://www.avtur.com.tr/Content/files/mali-tablolar/2024/12-aylik-mali-tablo.pdf,PDF_OKUNDU,TL,11,Maddi Duran Varlıkların Alımından Kaynaklanan Nakit Çıkışları 13 (697.141) (131.851),True,1 satır
AVTUR,2024,12,1403568,PDF,,YAGM,cari,0.0,PDF (şirket sitesi) https://www.avtur.com.tr/Content/files/mali-tablolar/2024/12-aylik-mali-tablo.pdf,PDF_SATIR_YOK,TL,,,True,nakit akış tablosunda kalem satırı yok → 0
AVTUR,2024,12,1403568,PDF,,YAGM,onceki,0.0,PDF (şirket sitesi) https://www.avtur.com.tr/Content/files/mali-tablolar/2024/12-aylik-mali-tablo.pdf,PDF_SATIR_YOK,TL,,,True,nakit akış tablosunda kalem satırı yok → 0
AVTUR,2024,12,1403568,PDF,,KIRA,cari,0.0,PDF (şirket sitesi) https://www.avtur.com.tr/Content/files/mali-tablolar/2024/12-aylik-mali-tablo.pdf,PDF_SATIR_YOK,TL,,,True,nakit akış tablosunda kalem satırı yok → 0
AVTUR,2024,12,1403568,PDF,,KIRA,onceki,0.0,PDF (şirket sitesi) https://www.avtur.com.tr/Content/files/mali-tablolar/2024/12-aylik-mali-tablo.pdf,PDF_SATIR_YOK,TL,,,True,nakit akış tablosunda kalem satırı yok → 0
AVTUR,2024,12,1403568,PDF,,TEMETTU,cari,0.0,PDF (şirket sitesi) https://www.avtur.com.tr/Content/files/mali-tablolar/2024/12-aylik-mali-tablo.pdf,PDF_SATIR_YOK,TL,,,True,nakit akış tablosunda kalem satırı yok → 0
AVTUR,2024,12,1403568,PDF,,TEMETTU,onceki,0.0,PDF (şirket sitesi) https://www.avtur.com.tr/Content/files/mali-tablolar/2024/12-aylik-mali-tablo.pdf,PDF_SATIR_YOK,TL,,,True,nakit akış tablosunda kalem satırı yok → 0
AVTUR,2025,3,1437722,PDF,,CFO,cari,8047.0,PDF (şirket sitesi) https://www.avtur.com.tr/Content/files/mali-tablolar/2025/3-aylik-mali-tablo.pdf,PDF_OKUNDU,TL,7,İŞLETME FAALİYETLERDEN KAYNAKLANAN NAKİT AKIŞLARI 8.047 (536.337),True,özdeşlik A+B+C(+etki)=net değişim tuttu
AVTUR,2025,3,1437722,PDF,,CFO,onceki,-536337.0,PDF (şirket sitesi) https://www.avtur.com.tr/Content/files/mali-tablolar/2025/3-aylik-mali-tablo.pdf,PDF_OKUNDU,TL,7,İŞLETME FAALİYETLERDEN KAYNAKLANAN NAKİT AKIŞLARI 8.047 (536.337),True,özdeşlik A+B+C(+etki)=net değişim tuttu
AVTUR,2025,3,1437722,PDF,,MDV+MODV,cari,-20077.0,PDF (şirket sitesi) https://www.avtur.com.tr/Content/files/mali-tablolar/2025/3-aylik-mali-tablo.pdf,PDF_OKUNDU,TL,7,Maddi Duran Varlıkların Alımından Kaynaklanan Nakit Çıkışları 9 (20.077) (15.948),True,1 satır
AVTUR,2025,3,1437722,PDF,,MDV+MODV,onceki,-15948.0,PDF (şirket sitesi) https://www.avtur.com.tr/Content/files/mali-tablolar/2025/3-aylik-mali-tablo.pdf,PDF_OKUNDU,TL,7,Maddi Duran Varlıkların Alımından Kaynaklanan Nakit Çıkışları 9 (20.077) (15.948),True,1 satır
AVTUR,2025,3,1437722,PDF,,YAGM,cari,0.0,PDF (şirket sitesi) https://www.avtur.com.tr/Content/files/mali-tablolar/2025/3-aylik-mali-tablo.pdf,PDF_SATIR_YOK,TL,,,True,nakit akış tablosunda kalem satırı yok → 0
AVTUR,2025,3,1437722,PDF,,YAGM,onceki,0.0,PDF (şirket sitesi) https://www.avtur.com.tr/Content/files/mali-tablolar/2025/3-aylik-mali-tablo.pdf,PDF_SATIR_YOK,TL,,,True,nakit akış tablosunda kalem satırı yok → 0
AVTUR,2025,3,1437722,PDF,,KIRA,cari,0.0,PDF (şirket sitesi) https://www.avtur.com.tr/Content/files/mali-tablolar/2025/3-aylik-mali-tablo.pdf,PDF_SATIR_YOK,TL,,,True,nakit akış tablosunda kalem satırı yok → 0
AVTUR,2025,3,1437722,PDF,,KIRA,onceki,0.0,PDF (şirket sitesi) https://www.avtur.com.tr/Content/files/mali-tablolar/2025/3-aylik-mali-tablo.pdf,PDF_SATIR_YOK,TL,,,True,nakit akış tablosunda kalem satırı yok → 0
AVTUR,2025,3,1437722,PDF,,TEMETTU,cari,0.0,PDF (şirket sitesi) https://www.avtur.com.tr/Content/files/mali-tablolar/2025/3-aylik-mali-tablo.pdf,PDF_SATIR_YOK,TL,,,True,nakit akış tablosunda kalem satırı yok → 0
AVTUR,2025,3,1437722,PDF,,TEMETTU,onceki,0.0,PDF (şirket sitesi) https://www.avtur.com.tr/Content/files/mali-tablolar/2025/3-aylik-mali-tablo.pdf,PDF_SATIR_YOK,TL,,,True,nakit akış tablosunda kalem satırı yok → 0
AVTUR,2025,6,1475262,PDF,,CFO,cari,1601533.0,PDF (şirket sitesi) https://www.avtur.com.tr/Content/files/mali-tablolar/2025/6-aylik-mali-tablo.pdf,PDF_OKUNDU,TL,8,1.601.533 (981.731),True,özdeşlik A+B+C(+etki)=net değişim tuttu
AVTUR,2025,6,1475262,PDF,,CFO,onceki,-981731.0,PDF (şirket sitesi) https://www.avtur.com.tr/Content/files/mali-tablolar/2025/6-aylik-mali-tablo.pdf,PDF_OKUNDU,TL,8,1.601.533 (981.731),True,özdeşlik A+B+C(+etki)=net değişim tuttu
AVTUR,2025,6,1475262,PDF,,MDV+MODV,cari,-102463.0,PDF (şirket sitesi) https://www.avtur.com.tr/Content/files/mali-tablolar/2025/6-aylik-mali-tablo.pdf,PDF_OKUNDU,TL,8,Maddi Duran Varlıkların Alımından Kaynaklanan Nakit Çıkışları 9 (102.463) (17.886),True,1 satır
AVTUR,2025,6,1475262,PDF,,MDV+MODV,onceki,-17886.0,PDF (şirket sitesi) https://www.avtur.com.tr/Content/files/mali-tablolar/2025/6-aylik-mali-tablo.pdf,PDF_OKUNDU,TL,8,Maddi Duran Varlıkların Alımından Kaynaklanan Nakit Çıkışları 9 (102.463) (17.886),True,1 satır
AVTUR,2025,6,1475262,PDF,,YAGM,cari,0.0,PDF (şirket sitesi) https://www.avtur.com.tr/Content/files/mali-tablolar/2025/6-aylik-mali-tablo.pdf,PDF_SATIR_YOK,TL,,,True,nakit akış tablosunda kalem satırı yok → 0
AVTUR,2025,6,1475262,PDF,,YAGM,onceki,0.0,PDF (şirket sitesi) https://www.avtur.com.tr/Content/files/mali-tablolar/2025/6-aylik-mali-tablo.pdf,PDF_SATIR_YOK,TL,,,True,nakit akış tablosunda kalem satırı yok → 0
AVTUR,2025,6,1475262,PDF,,KIRA,cari,0.0,PDF (şirket sitesi) https://www.avtur.com.tr/Content/files/mali-tablolar/2025/6-aylik-mali-tablo.pdf,PDF_SATIR_YOK,TL,,,True,nakit akış tablosunda kalem satırı yok → 0
AVTUR,2025,6,1475262,PDF,,KIRA,onceki,0.0,PDF (şirket sitesi) https://www.avtur.com.tr/Content/files/mali-tablolar/2025/6-aylik-mali-tablo.pdf,PDF_SATIR_YOK,TL,,,True,nakit akış tablosunda kalem satırı yok → 0
AVTUR,2025,6,1475262,PDF,,TEMETTU,cari,0.0,PDF (şirket sitesi) https://www.avtur.com.tr/Content/files/mali-tablolar/2025/6-aylik-mali-tablo.pdf,PDF_SATIR_YOK,TL,,,True,nakit akış tablosunda kalem satırı yok → 0
AVTUR,2025,6,1475262,PDF,,TEMETTU,onceki,0.0,PDF (şirket sitesi) https://www.avtur.com.tr/Content/files/mali-tablolar/2025/6-aylik-mali-tablo.pdf,PDF_SATIR_YOK,TL,,,True,nakit akış tablosunda kalem satırı yok → 0
AVTUR,2025,9,1514950,PDF,,CFO,cari,11937063.0,PDF (şirket sitesi) https://www.avtur.com.tr/Content/files/mali-tablolar/2025/9-aylik-mali-tablo.pdf,PDF_OKUNDU,TL,7,İŞLETME FAALİYETLERDEN KAYNAKLANAN NAKİT AKIŞLARI 11.937.063 (794.592),True,özdeşlik A+B+C(+etki)=net değişim tuttu
AVTUR,2025,9,1514950,PDF,,CFO,onceki,-794592.0,PDF (şirket sitesi) https://www.avtur.com.tr/Content/files/mali-tablolar/2025/9-aylik-mali-tablo.pdf,PDF_OKUNDU,TL,7,İŞLETME FAALİYETLERDEN KAYNAKLANAN NAKİT AKIŞLARI 11.937.063 (794.592),True,özdeşlik A+B+C(+etki)=net değişim tuttu
AVTUR,2025,9,1514950,PDF,,MDV+MODV,cari,-203014.0,PDF (şirket sitesi) https://www.avtur.com.tr/Content/files/mali-tablolar/2025/9-aylik-mali-tablo.pdf,PDF_OKUNDU,TL,7,Maddi ve Maddi Olmayan Duran Varlıkların Alımından Kayn.Nakit Çıkışları (203.014) (50.365),True,1 satır
AVTUR,2025,9,1514950,PDF,,MDV+MODV,onceki,-50365.0,PDF (şirket sitesi) https://www.avtur.com.tr/Content/files/mali-tablolar/2025/9-aylik-mali-tablo.pdf,PDF_OKUNDU,TL,7,Maddi ve Maddi Olmayan Duran Varlıkların Alımından Kayn.Nakit Çıkışları (203.014) (50.365),True,1 satır
AVTUR,2025,9,1514950,PDF,,YAGM,cari,0.0,PDF (şirket sitesi) https://www.avtur.com.tr/Content/files/mali-tablolar/2025/9-aylik-mali-tablo.pdf,PDF_SATIR_YOK,TL,,,True,nakit akış tablosunda kalem satırı yok → 0
AVTUR,2025,9,1514950,PDF,,YAGM,onceki,0.0,PDF (şirket sitesi) https://www.avtur.com.tr/Content/files/mali-tablolar/2025/9-aylik-mali-tablo.pdf,PDF_SATIR_YOK,TL,,,True,nakit akış tablosunda kalem satırı yok → 0
AVTUR,2025,9,1514950,PDF,,KIRA,cari,0.0,PDF (şirket sitesi) https://www.avtur.com.tr/Content/files/mali-tablolar/2025/9-aylik-mali-tablo.pdf,PDF_SATIR_YOK,TL,,,True,nakit akış tablosunda kalem satırı yok → 0
AVTUR,2025,9,1514950,PDF,,KIRA,onceki,0.0,PDF (şirket sitesi) https://www.avtur.com.tr/Content/files/mali-tablolar/2025/9-aylik-mali-tablo.pdf,PDF_SATIR_YOK,TL,,,True,nakit akış tablosunda kalem satırı yok → 0
AVTUR,2025,9,1514950,PDF,,TEMETTU,cari,0.0,PDF (şirket sitesi) https://www.avtur.com.tr/Content/files/mali-tablolar/2025/9-aylik-mali-tablo.pdf,PDF_SATIR_YOK,TL,,,True,nakit akış tablosunda kalem satırı yok → 0
AVTUR,2025,9,1514950,PDF,,TEMETTU,onceki,0.0,PDF (şirket sitesi) https://www.avtur.com.tr/Content/files/mali-tablolar/2025/9-aylik-mali-tablo.pdf,PDF_SATIR_YOK,TL,,,True,nakit akış tablosunda kalem satırı yok → 0
AVTUR,2025,12,1564094,PDF,,CFO,cari,110193537.0,PDF (şirket sitesi) https://www.avtur.com.tr/Content/files/mali-tablolar/2025/12-aylik-mali-tablo.pdf,PDF_OKUNDU,TL,11,İŞLETME FAALİYETLERDEN KAYNAKLANAN NAKİT AKIŞLARI 110.193.537 (1.638.912),True,özdeşlik A+B+C(+etki)=net değişim tuttu
AVTUR,2025,12,1564094,PDF,,CFO,onceki,-1638912.0,PDF (şirket sitesi) https://www.avtur.com.tr/Content/files/mali-tablolar/2025/12-aylik-mali-tablo.pdf,PDF_OKUNDU,TL,11,İŞLETME FAALİYETLERDEN KAYNAKLANAN NAKİT AKIŞLARI 110.193.537 (1.638.912),True,özdeşlik A+B+C(+etki)=net değişim tuttu
AVTUR,2025,12,1564094,PDF,,MDV+MODV,cari,-617392.0,PDF (şirket sitesi) https://www.avtur.com.tr/Content/files/mali-tablolar/2025/12-aylik-mali-tablo.pdf,PDF_OKUNDU,TL,11,Maddi Duran Varlıkların Alımından Kaynaklanan Nakit Çıkışları 13 (543.856) (912.502) || Maddi Olmayan Duran Varlıkların Alımından Kaynaklanan Nakit Çıkışları 13 (73.536) --,True,2 satır
AVTUR,2025,12,1564094,PDF,,MDV+MODV,onceki,-912502.0,PDF (şirket sitesi) https://www.avtur.com.tr/Content/files/mali-tablolar/2025/12-aylik-mali-tablo.pdf,PDF_OKUNDU,TL,11,Maddi Duran Varlıkların Alımından Kaynaklanan Nakit Çıkışları 13 (543.856) (912.502) || Maddi Olmayan Duran Varlıkların Alımından Kaynaklanan Nakit Çıkışları 13 (73.536) --,True,2 satır
AVTUR,2025,12,1564094,PDF,,YAGM,cari,0.0,PDF (şirket sitesi) https://www.avtur.com.tr/Content/files/mali-tablolar/2025/12-aylik-mali-tablo.pdf,PDF_SATIR_YOK,TL,,,True,nakit akış tablosunda kalem satırı yok → 0
AVTUR,2025,12,1564094,PDF,,YAGM,onceki,0.0,PDF (şirket sitesi) https://www.avtur.com.tr/Content/files/mali-tablolar/2025/12-aylik-mali-tablo.pdf,PDF_SATIR_YOK,TL,,,True,nakit akış tablosunda kalem satırı yok → 0
AVTUR,2025,12,1564094,PDF,,KIRA,cari,0.0,PDF (şirket sitesi) https://www.avtur.com.tr/Content/files/mali-tablolar/2025/12-aylik-mali-tablo.pdf,PDF_SATIR_YOK,TL,,,True,nakit akış tablosunda kalem satırı yok → 0
AVTUR,2025,12,1564094,PDF,,KIRA,onceki,0.0,PDF (şirket sitesi) https://www.avtur.com.tr/Content/files/mali-tablolar/2025/12-aylik-mali-tablo.pdf,PDF_SATIR_YOK,TL,,,True,nakit akış tablosunda kalem satırı yok → 0
AVTUR,2025,12,1564094,PDF,,TEMETTU,cari,0.0,PDF (şirket sitesi) https://www.avtur.com.tr/Content/files/mali-tablolar/2025/12-aylik-mali-tablo.pdf,PDF_SATIR_YOK,TL,,,True,nakit akış tablosunda kalem satırı yok → 0
AVTUR,2025,12,1564094,PDF,,TEMETTU,onceki,0.0,PDF (şirket sitesi) https://www.avtur.com.tr/Content/files/mali-tablolar/2025/12-aylik-mali-tablo.pdf,PDF_SATIR_YOK,TL,,,True,nakit akış tablosunda kalem satırı yok → 0
AVTUR,2026,3,1605152,PDF,,CFO,cari,-71221994.0,PDF (şirket sitesi) https://www.avtur.com.tr/Content/files/mali-tablolar/2026/3-aylik-mali-tablo.pdf,PDF_OKUNDU,TL,7,A. İŞLETME FAALİYETLERİNDEN NAKİT AKIŞLARI (71.221.994) 10.531,True,özdeşlik A+B+C(+etki)=net değişim tuttu
AVTUR,2026,3,1605152,PDF,,CFO,onceki,10531.0,PDF (şirket sitesi) https://www.avtur.com.tr/Content/files/mali-tablolar/2026/3-aylik-mali-tablo.pdf,PDF_OKUNDU,TL,7,A. İŞLETME FAALİYETLERİNDEN NAKİT AKIŞLARI (71.221.994) 10.531,True,özdeşlik A+B+C(+etki)=net değişim tuttu
AVTUR,2026,3,1605152,PDF,,MDV+MODV,cari,,PDF (şirket sitesi) https://www.avtur.com.tr/Content/files/mali-tablolar/2026/3-aylik-mali-tablo.pdf,PDF_EK_SATIR,TL,7,Maddi Duran Varlıkların Alımından Kaynaklanan Nakit Çıkışları (-) 1.763.463 (26.274) || Maddi Olmayan Duran Varlıkların Alımından Kaynaklanan Nakit Çıkışları (-) 6.742 --,True,çıkış satırında pozitif (işaret?); çıkış satırında pozitif (işaret?)
AVTUR,2026,3,1605152,PDF,,MDV+MODV,onceki,,PDF (şirket sitesi) https://www.avtur.com.tr/Content/files/mali-tablolar/2026/3-aylik-mali-tablo.pdf,PDF_EK_SATIR,TL,7,Maddi Duran Varlıkların Alımından Kaynaklanan Nakit Çıkışları (-) 1.763.463 (26.274) || Maddi Olmayan Duran Varlıkların Alımından Kaynaklanan Nakit Çıkışları (-) 6.742 --,True,çıkış satırında pozitif (işaret?); çıkış satırında pozitif (işaret?)
AVTUR,2026,3,1605152,PDF,,YAGM,cari,0.0,PDF (şirket sitesi) https://www.avtur.com.tr/Content/files/mali-tablolar/2026/3-aylik-mali-tablo.pdf,PDF_SATIR_YOK,TL,,,True,nakit akış tablosunda kalem satırı yok → 0
AVTUR,2026,3,1605152,PDF,,YAGM,onceki,0.0,PDF (şirket sitesi) https://www.avtur.com.tr/Content/files/mali-tablolar/2026/3-aylik-mali-tablo.pdf,PDF_SATIR_YOK,TL,,,True,nakit akış tablosunda kalem satırı yok → 0
AVTUR,2026,3,1605152,PDF,,KIRA,cari,0.0,PDF (şirket sitesi) https://www.avtur.com.tr/Content/files/mali-tablolar/2026/3-aylik-mali-tablo.pdf,PDF_SATIR_YOK,TL,,,True,nakit akış tablosunda kalem satırı yok → 0
AVTUR,2026,3,1605152,PDF,,KIRA,onceki,0.0,PDF (şirket sitesi) https://www.avtur.com.tr/Content/files/mali-tablolar/2026/3-aylik-mali-tablo.pdf,PDF_SATIR_YOK,TL,,,True,nakit akış tablosunda kalem satırı yok → 0
AVTUR,2026,3,1605152,PDF,,TEMETTU,cari,0.0,PDF (şirket sitesi) https://www.avtur.com.tr/Content/files/mali-tablolar/2026/3-aylik-mali-tablo.pdf,PDF_SATIR_YOK,TL,,,True,nakit akış tablosunda kalem satırı yok → 0
AVTUR,2026,3,1605152,PDF,,TEMETTU,onceki,0.0,PDF (şirket sitesi) https://www.avtur.com.tr/Content/files/mali-tablolar/2026/3-aylik-mali-tablo.pdf,PDF_SATIR_YOK,TL,,,True,nakit akış tablosunda kalem satırı yok → 0
AVTUR,2026,6,1653146,PDF,,CFO,cari,-179426705.0,PDF (şirket sitesi) https://www.avtur.com.tr/Content/files/mali-tablolar/2026/6-aylik-mali-tablo.pdf,PDF_OKUNDU,TL,8,A. İŞLETME FAALİYETLERİNDEN NAKİT AKIŞLARI (179.426.705) 2.115.796,True,özdeşlik A+B+C(+etki)=net değişim tuttu
AVTUR,2026,6,1653146,PDF,,CFO,onceki,2115796.0,PDF (şirket sitesi) https://www.avtur.com.tr/Content/files/mali-tablolar/2026/6-aylik-mali-tablo.pdf,PDF_OKUNDU,TL,8,A. İŞLETME FAALİYETLERİNDEN NAKİT AKIŞLARI (179.426.705) 2.115.796,True,özdeşlik A+B+C(+etki)=net değişim tuttu
AVTUR,2026,6,1653146,PDF,,MDV+MODV,cari,,PDF (şirket sitesi) https://www.avtur.com.tr/Content/files/mali-tablolar/2026/6-aylik-mali-tablo.pdf,PDF_EK_SATIR,TL,8,Maddi Duran Varlıkların Alımından Kaynaklanan Nakit Çıkışları (-) (418.448) (135.365) || Maddi Olmayan Duran Varlıkların Alımından Kaynaklanan Nakit Çıkışları (-) 9.161.149 --,True,çıkış satırında pozitif (işaret?)
AVTUR,2026,6,1653146,PDF,,MDV+MODV,onceki,,PDF (şirket sitesi) https://www.avtur.com.tr/Content/files/mali-tablolar/2026/6-aylik-mali-tablo.pdf,PDF_EK_SATIR,TL,8,Maddi Duran Varlıkların Alımından Kaynaklanan Nakit Çıkışları (-) (418.448) (135.365) || Maddi Olmayan Duran Varlıkların Alımından Kaynaklanan Nakit Çıkışları (-) 9.161.149 --,True,çıkış satırında pozitif (işaret?)
AVTUR,2026,6,1653146,PDF,,YAGM,cari,0.0,PDF (şirket sitesi) https://www.avtur.com.tr/Content/files/mali-tablolar/2026/6-aylik-mali-tablo.pdf,PDF_SATIR_YOK,TL,,,True,nakit akış tablosunda kalem satırı yok → 0
AVTUR,2026,6,1653146,PDF,,YAGM,onceki,0.0,PDF (şirket sitesi) https://www.avtur.com.tr/Content/files/mali-tablolar/2026/6-aylik-mali-tablo.pdf,PDF_SATIR_YOK,TL,,,True,nakit akış tablosunda kalem satırı yok → 0
AVTUR,2026,6,1653146,PDF,,KIRA,cari,0.0,PDF (şirket sitesi) https://www.avtur.com.tr/Content/files/mali-tablolar/2026/6-aylik-mali-tablo.pdf,PDF_SATIR_YOK,TL,,,True,nakit akış tablosunda kalem satırı yok → 0
AVTUR,2026,6,1653146,PDF,,KIRA,onceki,0.0,PDF (şirket sitesi) https://www.avtur.com.tr/Content/files/mali-tablolar/2026/6-aylik-mali-tablo.pdf,PDF_SATIR_YOK,TL,,,True,nakit akış tablosunda kalem satırı yok → 0
AVTUR,2026,6,1653146,PDF,,TEMETTU,cari,0.0,PDF (şirket sitesi) https://www.avtur.com.tr/Content/files/mali-tablolar/2026/6-aylik-mali-tablo.pdf,PDF_SATIR_YOK,TL,,,True,nakit akış tablosunda kalem satırı yok → 0
AVTUR,2026,6,1653146,PDF,,TEMETTU,onceki,0.0,PDF (şirket sitesi) https://www.avtur.com.tr/Content/files/mali-tablolar/2026/6-aylik-mali-tablo.pdf,PDF_SATIR_YOK,TL,,,True,nakit akış tablosunda kalem satırı yok → 0
BAKAB,2025,6,1480252,PDF,,CFO,cari,39523790.0,PDF (şirket sitesi) https://www.bakambalaj.com.tr/images/kataloglar/1ax-sınırlı-denetci-raporu-spk-tr-final-bak-ambalaj-30-haziran-2025.pdf,PDF_OKUNDU,TL,10,"İŞLETME FAALİYETLERİNDEN NAKİT AKIŞLARI, NET 39.523.790 349.442.732",True,özdeşlik A+B+C(+etki)=net değişim tuttu
BAKAB,2025,6,1480252,PDF,,CFO,onceki,349442732.0,PDF (şirket sitesi) https://www.bakambalaj.com.tr/images/kataloglar/1ax-sınırlı-denetci-raporu-spk-tr-final-bak-ambalaj-30-haziran-2025.pdf,PDF_OKUNDU,TL,10,"İŞLETME FAALİYETLERİNDEN NAKİT AKIŞLARI, NET 39.523.790 349.442.732",True,özdeşlik A+B+C(+etki)=net değişim tuttu
BAKAB,2025,6,1480252,PDF,,MDV+MODV,cari,-55334016.0,PDF (şirket sitesi) https://www.bakambalaj.com.tr/images/kataloglar/1ax-sınırlı-denetci-raporu-spk-tr-final-bak-ambalaj-30-haziran-2025.pdf,PDF_OKUNDU,TL,10,Alımından Kaynaklanan Nakit Çıkışları (55.334.016) (76.039.114),True,1 satır
BAKAB,2025,6,1480252,PDF,,MDV+MODV,onceki,-76039114.0,PDF (şirket sitesi) https://www.bakambalaj.com.tr/images/kataloglar/1ax-sınırlı-denetci-raporu-spk-tr-final-bak-ambalaj-30-haziran-2025.pdf,PDF_OKUNDU,TL,10,Alımından Kaynaklanan Nakit Çıkışları (55.334.016) (76.039.114),True,1 satır
BAKAB,2025,6,1480252,PDF,,YAGM,cari,0.0,PDF (şirket sitesi) https://www.bakambalaj.com.tr/images/kataloglar/1ax-sınırlı-denetci-raporu-spk-tr-final-bak-ambalaj-30-haziran-2025.pdf,PDF_SATIR_YOK,TL,,,True,nakit akış tablosunda kalem satırı yok → 0
BAKAB,2025,6,1480252,PDF,,YAGM,onceki,0.0,PDF (şirket sitesi) https://www.bakambalaj.com.tr/images/kataloglar/1ax-sınırlı-denetci-raporu-spk-tr-final-bak-ambalaj-30-haziran-2025.pdf,PDF_SATIR_YOK,TL,,,True,nakit akış tablosunda kalem satırı yok → 0
BAKAB,2025,6,1480252,PDF,,KIRA,cari,2074239.0,PDF (şirket sitesi) https://www.bakambalaj.com.tr/images/kataloglar/1ax-sınırlı-denetci-raporu-spk-tr-final-bak-ambalaj-30-haziran-2025.pdf,PDF_OKUNDU,TL,10,Kiralama İşlemlerinden Borçlar – Net 4 2.074.239 (7.268.257),True,1 satır
BAKAB,2025,6,1480252,PDF,,KIRA,onceki,-7268257.0,PDF (şirket sitesi) https://www.bakambalaj.com.tr/images/kataloglar/1ax-sınırlı-denetci-raporu-spk-tr-final-bak-ambalaj-30-haziran-2025.pdf,PDF_OKUNDU,TL,10,Kiralama İşlemlerinden Borçlar – Net 4 2.074.239 (7.268.257),True,1 satır
BAKAB,2025,6,1480252,PDF,,TEMETTU,cari,0.0,PDF (şirket sitesi) https://www.bakambalaj.com.tr/images/kataloglar/1ax-sınırlı-denetci-raporu-spk-tr-final-bak-ambalaj-30-haziran-2025.pdf,PDF_SATIR_YOK,TL,,,True,nakit akış tablosunda kalem satırı yok → 0
BAKAB,2025,6,1480252,PDF,,TEMETTU,onceki,0.0,PDF (şirket sitesi) https://www.bakambalaj.com.tr/images/kataloglar/1ax-sınırlı-denetci-raporu-spk-tr-final-bak-ambalaj-30-haziran-2025.pdf,PDF_SATIR_YOK,TL,,,True,nakit akış tablosunda kalem satırı yok → 0
BAKAB,2025,9,1514646,PDF,,CFO,cari,-41071537.0,PDF (şirket sitesi) https://www.bakambalaj.com.tr/images/kataloglar/bak-ambalaj-30092025.pdf,PDF_OKUNDU,TL,8,"İŞLETME FAALİYETLERİNDEN NAKİT AKIŞLARI, NET (41.071.537) 279.569.320",True,özdeşlik A+B+C(+etki)=net değişim tuttu
BAKAB,2025,9,1514646,PDF,,CFO,onceki,279569320.0,PDF (şirket sitesi) https://www.bakambalaj.com.tr/images/kataloglar/bak-ambalaj-30092025.pdf,PDF_OKUNDU,TL,8,"İŞLETME FAALİYETLERİNDEN NAKİT AKIŞLARI, NET (41.071.537) 279.569.320",True,özdeşlik A+B+C(+etki)=net değişim tuttu
BAKAB,2025,9,1514646,PDF,,MDV+MODV,cari,-93651682.0,PDF (şirket sitesi) https://www.bakambalaj.com.tr/images/kataloglar/bak-ambalaj-30092025.pdf,PDF_OKUNDU,TL,8,Alımından Kaynaklanan Nakit Çıkışları (93.651.682) (127.476.057),True,1 satır
BAKAB,2025,9,1514646,PDF,,MDV+MODV,onceki,-127476057.0,PDF (şirket sitesi) https://www.bakambalaj.com.tr/images/kataloglar/bak-ambalaj-30092025.pdf,PDF_OKUNDU,TL,8,Alımından Kaynaklanan Nakit Çıkışları (93.651.682) (127.476.057),True,1 satır
BAKAB,2025,9,1514646,PDF,,YAGM,cari,0.0,PDF (şirket sitesi) https://www.bakambalaj.com.tr/images/kataloglar/bak-ambalaj-30092025.pdf,PDF_SATIR_YOK,TL,,,True,nakit akış tablosunda kalem satırı yok → 0
BAKAB,2025,9,1514646,PDF,,YAGM,onceki,0.0,PDF (şirket sitesi) https://www.bakambalaj.com.tr/images/kataloglar/bak-ambalaj-30092025.pdf,PDF_SATIR_YOK,TL,,,True,nakit akış tablosunda kalem satırı yok → 0
BAKAB,2025,9,1514646,PDF,,KIRA,cari,4592125.0,PDF (şirket sitesi) https://www.bakambalaj.com.tr/images/kataloglar/bak-ambalaj-30092025.pdf,PDF_OKUNDU,TL,8,Kiralama İşlemlerinden Borçlar – Net 4 4.592.125 10.526.419,True,1 satır
BAKAB,2025,9,1514646,PDF,,KIRA,onceki,10526419.0,PDF (şirket sitesi) https://www.bakambalaj.com.tr/images/kataloglar/bak-ambalaj-30092025.pdf,PDF_OKUNDU,TL,8,Kiralama İşlemlerinden Borçlar – Net 4 4.592.125 10.526.419,True,1 satır
BAKAB,2025,9,1514646,PDF,,TEMETTU,cari,0.0,PDF (şirket sitesi) https://www.bakambalaj.com.tr/images/kataloglar/bak-ambalaj-30092025.pdf,PDF_SATIR_YOK,TL,,,True,nakit akış tablosunda kalem satırı yok → 0
BAKAB,2025,9,1514646,PDF,,TEMETTU,onceki,0.0,PDF (şirket sitesi) https://www.bakambalaj.com.tr/images/kataloglar/bak-ambalaj-30092025.pdf,PDF_SATIR_YOK,TL,,,True,nakit akış tablosunda kalem satırı yok → 0
BALSU,2025,6,1558547,PDF,,CFO,cari,-4874672256.0,PDF (şirket sitesi) https://www.balsugida.com/wp-content/uploads/yatirimci/raporlar/finansal/balsu-finansal-rapor-30-06-2025.pdf,PDF_OKUNDU,TL,12,A. İŞLETME FAALİYETLERİNDEN KAYNAKLANAN NAKİT AKIŞLAR (4.874.672.256) 656.797.571,True,özdeşlik A+B+C(+etki)=net değişim tuttu
BALSU,2025,6,1558547,PDF,,CFO,onceki,656797571.0,PDF (şirket sitesi) https://www.balsugida.com/wp-content/uploads/yatirimci/raporlar/finansal/balsu-finansal-rapor-30-06-2025.pdf,PDF_OKUNDU,TL,12,A. İŞLETME FAALİYETLERİNDEN KAYNAKLANAN NAKİT AKIŞLAR (4.874.672.256) 656.797.571,True,özdeşlik A+B+C(+etki)=net değişim tuttu
BALSU,2025,6,1558547,PDF,,MDV+MODV,cari,-781598301.0,PDF (şirket sitesi) https://www.balsugida.com/wp-content/uploads/yatirimci/raporlar/finansal/balsu-finansal-rapor-30-06-2025.pdf,PDF_OKUNDU,TL,12,- Maddi duran varlıkların alımından kaynaklanan nakit çıkışları (781.460.656) (500.164.834) || - Maddi olmayan duran varlıkların alımından kaynaklanan nakit çıkışları (137.645) (2.727.982),True,2 satır
BALSU,2025,6,1558547,PDF,,MDV+MODV,onceki,-502892816.0,PDF (şirket sitesi) https://www.balsugida.com/wp-content/uploads/yatirimci/raporlar/finansal/balsu-finansal-rapor-30-06-2025.pdf,PDF_OKUNDU,TL,12,- Maddi duran varlıkların alımından kaynaklanan nakit çıkışları (781.460.656) (500.164.834) || - Maddi olmayan duran varlıkların alımından kaynaklanan nakit çıkışları (137.645) (2.727.982),True,2 satır
BALSU,2025,6,1558547,PDF,,YAGM,cari,0.0,PDF (şirket sitesi) https://www.balsugida.com/wp-content/uploads/yatirimci/raporlar/finansal/balsu-finansal-rapor-30-06-2025.pdf,PDF_SATIR_YOK,TL,,,True,nakit akış tablosunda kalem satırı yok → 0
BALSU,2025,6,1558547,PDF,,YAGM,onceki,0.0,PDF (şirket sitesi) https://www.balsugida.com/wp-content/uploads/yatirimci/raporlar/finansal/balsu-finansal-rapor-30-06-2025.pdf,PDF_SATIR_YOK,TL,,,True,nakit akış tablosunda kalem satırı yok → 0
BALSU,2025,6,1558547,PDF,,KIRA,cari,0.0,PDF (şirket sitesi) https://www.balsugida.com/wp-content/uploads/yatirimci/raporlar/finansal/balsu-finansal-rapor-30-06-2025.pdf,PDF_SATIR_YOK,TL,,,True,nakit akış tablosunda kalem satırı yok → 0
BALSU,2025,6,1558547,PDF,,KIRA,onceki,0.0,PDF (şirket sitesi) https://www.balsugida.com/wp-content/uploads/yatirimci/raporlar/finansal/balsu-finansal-rapor-30-06-2025.pdf,PDF_SATIR_YOK,TL,,,True,nakit akış tablosunda kalem satırı yok → 0
BALSU,2025,6,1558547,PDF,,TEMETTU,cari,0.0,PDF (şirket sitesi) https://www.balsugida.com/wp-content/uploads/yatirimci/raporlar/finansal/balsu-finansal-rapor-30-06-2025.pdf,PDF_SATIR_YOK,TL,,,True,nakit akış tablosunda kalem satırı yok → 0
BALSU,2025,6,1558547,PDF,,TEMETTU,onceki,0.0,PDF (şirket sitesi) https://www.balsugida.com/wp-content/uploads/yatirimci/raporlar/finansal/balsu-finansal-rapor-30-06-2025.pdf,PDF_SATIR_YOK,TL,,,True,nakit akış tablosunda kalem satırı yok → 0
BALSU,2025,9,1605182,PDF,,CFO,cari,-2157020075.0,PDF (şirket sitesi) https://www.balsugida.com/wp-content/uploads/yatirimci/raporlar/finansal/balsu-finansal-rapor-30-09-2025.pdf,PDF_OKUNDU,TL,6,A. İŞLETME FAALİYETLERİNDEN KAYNAKLANAN NAKİT AKIŞLAR (2.157.020.075) (1.716.448.888),True,özdeşlik A+B+C(+etki)=net değişim tuttu
BALSU,2025,9,1605182,PDF,,CFO,onceki,-1716448888.0,PDF (şirket sitesi) https://www.balsugida.com/wp-content/uploads/yatirimci/raporlar/finansal/balsu-finansal-rapor-30-09-2025.pdf,PDF_OKUNDU,TL,6,A. İŞLETME FAALİYETLERİNDEN KAYNAKLANAN NAKİT AKIŞLAR (2.157.020.075) (1.716.448.888),True,özdeşlik A+B+C(+etki)=net değişim tuttu
BALSU,2025,9,1605182,PDF,,MDV+MODV,cari,-636745972.0,PDF (şirket sitesi) https://www.balsugida.com/wp-content/uploads/yatirimci/raporlar/finansal/balsu-finansal-rapor-30-09-2025.pdf,PDF_OKUNDU,TL,6,- Maddi duran varlıkların alımından kaynaklanan nakit çıkışları (636.265.972) (87.295.073) || - Maddi olmayan duran varlıkların alımından kaynaklanan nakit çıkışları (480.000) (145.857),True,2 satır
BALSU,2025,9,1605182,PDF,,MDV+MODV,onceki,-87440930.0,PDF (şirket sitesi) https://www.balsugida.com/wp-content/uploads/yatirimci/raporlar/finansal/balsu-finansal-rapor-30-09-2025.pdf,PDF_OKUNDU,TL,6,- Maddi duran varlıkların alımından kaynaklanan nakit çıkışları (636.265.972) (87.295.073) || - Maddi olmayan duran varlıkların alımından kaynaklanan nakit çıkışları (480.000) (145.857),True,2 satır
BALSU,2025,9,1605182,PDF,,YAGM,cari,0.0,PDF (şirket sitesi) https://www.balsugida.com/wp-content/uploads/yatirimci/raporlar/finansal/balsu-finansal-rapor-30-09-2025.pdf,PDF_SATIR_YOK,TL,,,True,nakit akış tablosunda kalem satırı yok → 0
BALSU,2025,9,1605182,PDF,,YAGM,onceki,0.0,PDF (şirket sitesi) https://www.balsugida.com/wp-content/uploads/yatirimci/raporlar/finansal/balsu-finansal-rapor-30-09-2025.pdf,PDF_SATIR_YOK,TL,,,True,nakit akış tablosunda kalem satırı yok → 0
BALSU,2025,9,1605182,PDF,,KIRA,cari,0.0,PDF (şirket sitesi) https://www.balsugida.com/wp-content/uploads/yatirimci/raporlar/finansal/balsu-finansal-rapor-30-09-2025.pdf,PDF_SATIR_YOK,TL,,,True,nakit akış tablosunda kalem satırı yok → 0
BALSU,2025,9,1605182,PDF,,KIRA,onceki,0.0,PDF (şirket sitesi) https://www.balsugida.com/wp-content/uploads/yatirimci/raporlar/finansal/balsu-finansal-rapor-30-09-2025.pdf,PDF_SATIR_YOK,TL,,,True,nakit akış tablosunda kalem satırı yok → 0
BALSU,2025,9,1605182,PDF,,TEMETTU,cari,0.0,PDF (şirket sitesi) https://www.balsugida.com/wp-content/uploads/yatirimci/raporlar/finansal/balsu-finansal-rapor-30-09-2025.pdf,PDF_SATIR_YOK,TL,,,True,nakit akış tablosunda kalem satırı yok → 0
BALSU,2025,9,1605182,PDF,,TEMETTU,onceki,0.0,PDF (şirket sitesi) https://www.balsugida.com/wp-content/uploads/yatirimci/raporlar/finansal/balsu-finansal-rapor-30-09-2025.pdf,PDF_SATIR_YOK,TL,,,True,nakit akış tablosunda kalem satırı yok → 0
BALSU,2025,12,1659822,PDF,,CFO,cari,-3507239697.0,PDF (şirket sitesi) https://www.balsugida.com/wp-content/uploads/yatirimci/raporlar/finansal/balsu-finansal-rapor-31-12-2025.pdf,PDF_OKUNDU,TL,9,A. İŞLETME FAALİYETLERİNDEN KAYNAKLANAN NAKİT AKIŞLAR (3.507.239.697) (3.496.161.658),True,özdeşlik A+B+C(+etki)=net değişim tuttu
BALSU,2025,12,1659822,PDF,,CFO,onceki,-3496161658.0,PDF (şirket sitesi) https://www.balsugida.com/wp-content/uploads/yatirimci/raporlar/finansal/balsu-finansal-rapor-31-12-2025.pdf,PDF_OKUNDU,TL,9,A. İŞLETME FAALİYETLERİNDEN KAYNAKLANAN NAKİT AKIŞLAR (3.507.239.697) (3.496.161.658),True,özdeşlik A+B+C(+etki)=net değişim tuttu
BALSU,2025,12,1659822,PDF,,MDV+MODV,cari,-971259232.0,PDF (şirket sitesi) https://www.balsugida.com/wp-content/uploads/yatirimci/raporlar/finansal/balsu-finansal-rapor-31-12-2025.pdf,PDF_OKUNDU,TL,9,- Maddi duran varlıkların alımından kaynaklanan nakit çıkışları (970.097.057) (293.879.890) || - Maddi olmayan duran varlıkların alımından kaynaklanan nakit çıkışları (1.162.175) (315.207),True,2 satır
BALSU,2025,12,1659822,PDF,,MDV+MODV,onceki,-294195097.0,PDF (şirket sitesi) https://www.balsugida.com/wp-content/uploads/yatirimci/raporlar/finansal/balsu-finansal-rapor-31-12-2025.pdf,PDF_OKUNDU,TL,9,- Maddi duran varlıkların alımından kaynaklanan nakit çıkışları (970.097.057) (293.879.890) || - Maddi olmayan duran varlıkların alımından kaynaklanan nakit çıkışları (1.162.175) (315.207),True,2 satır
BALSU,2025,12,1659822,PDF,,YAGM,cari,0.0,PDF (şirket sitesi) https://www.balsugida.com/wp-content/uploads/yatirimci/raporlar/finansal/balsu-finansal-rapor-31-12-2025.pdf,PDF_SATIR_YOK,TL,,,True,nakit akış tablosunda kalem satırı yok → 0
BALSU,2025,12,1659822,PDF,,YAGM,onceki,0.0,PDF (şirket sitesi) https://www.balsugida.com/wp-content/uploads/yatirimci/raporlar/finansal/balsu-finansal-rapor-31-12-2025.pdf,PDF_SATIR_YOK,TL,,,True,nakit akış tablosunda kalem satırı yok → 0
BALSU,2025,12,1659822,PDF,,KIRA,cari,5397968.0,PDF (şirket sitesi) https://www.balsugida.com/wp-content/uploads/yatirimci/raporlar/finansal/balsu-finansal-rapor-31-12-2025.pdf,PDF_OKUNDU,TL,9,- Kiralama işlemlerinden kaynaklanan nakit girişleri / (çıkışları) 5.397.968 (5.935),True,1 satır
BALSU,2025,12,1659822,PDF,,KIRA,onceki,-5935.0,PDF (şirket sitesi) https://www.balsugida.com/wp-content/uploads/yatirimci/raporlar/finansal/balsu-finansal-rapor-31-12-2025.pdf,PDF_OKUNDU,TL,9,- Kiralama işlemlerinden kaynaklanan nakit girişleri / (çıkışları) 5.397.968 (5.935),True,1 satır
BALSU,2025,12,1659822,PDF,,TEMETTU,cari,0.0,PDF (şirket sitesi) https://www.balsugida.com/wp-content/uploads/yatirimci/raporlar/finansal/balsu-finansal-rapor-31-12-2025.pdf,PDF_SATIR_YOK,TL,,,True,nakit akış tablosunda kalem satırı yok → 0
BALSU,2025,12,1659822,PDF,,TEMETTU,onceki,0.0,PDF (şirket sitesi) https://www.balsugida.com/wp-content/uploads/yatirimci/raporlar/finansal/balsu-finansal-rapor-31-12-2025.pdf,PDF_SATIR_YOK,TL,,,True,nakit akış tablosunda kalem satırı yok → 0
BALSU,2026,3,0,PDF,,CFO,cari,-2380241027.0,PDF (şirket sitesi) https://www.balsugida.com/wp-content/uploads/2026/06/Balsu-Gida-31.03.2026-SPK-Rapor.pdf,PDF_OKUNDU,TL,7,A. İŞLETME FAALİYETLERİNDEN KAYNAKLANAN NAKİT AKIŞLAR (2.380.241.027) (2.732.317.343),True,özdeşlik A+B+C(+etki)=net değişim tuttu
BALSU,2026,3,0,PDF,,CFO,onceki,-2732317343.0,PDF (şirket sitesi) https://www.balsugida.com/wp-content/uploads/2026/06/Balsu-Gida-31.03.2026-SPK-Rapor.pdf,PDF_OKUNDU,TL,7,A. İŞLETME FAALİYETLERİNDEN KAYNAKLANAN NAKİT AKIŞLAR (2.380.241.027) (2.732.317.343),True,özdeşlik A+B+C(+etki)=net değişim tuttu
BALSU,2026,3,0,PDF,,MDV+MODV,cari,-1218320544.0,PDF (şirket sitesi) https://www.balsugida.com/wp-content/uploads/2026/06/Balsu-Gida-31.03.2026-SPK-Rapor.pdf,PDF_OKUNDU,TL,7,- Maddi duran varlıkların alımından kaynaklanan nakit çıkışları (1.216.102.230) (293.824.986) || - Maddi olmayan duran varlıkların alımından kaynaklanan nakit çıkışları (2.218.314) (2.132.646),True,2 satır
BALSU,2026,3,0,PDF,,MDV+MODV,onceki,-295957632.0,PDF (şirket sitesi) https://www.balsugida.com/wp-content/uploads/2026/06/Balsu-Gida-31.03.2026-SPK-Rapor.pdf,PDF_OKUNDU,TL,7,- Maddi duran varlıkların alımından kaynaklanan nakit çıkışları (1.216.102.230) (293.824.986) || - Maddi olmayan duran varlıkların alımından kaynaklanan nakit çıkışları (2.218.314) (2.132.646),True,2 satır
BALSU,2026,3,0,PDF,,YAGM,cari,0.0,PDF (şirket sitesi) https://www.balsugida.com/wp-content/uploads/2026/06/Balsu-Gida-31.03.2026-SPK-Rapor.pdf,PDF_SATIR_YOK,TL,,,True,nakit akış tablosunda kalem satırı yok → 0
BALSU,2026,3,0,PDF,,YAGM,onceki,0.0,PDF (şirket sitesi) https://www.balsugida.com/wp-content/uploads/2026/06/Balsu-Gida-31.03.2026-SPK-Rapor.pdf,PDF_SATIR_YOK,TL,,,True,nakit akış tablosunda kalem satırı yok → 0
BALSU,2026,3,0,PDF,,KIRA,cari,8245933.0,PDF (şirket sitesi) https://www.balsugida.com/wp-content/uploads/2026/06/Balsu-Gida-31.03.2026-SPK-Rapor.pdf,PDF_OKUNDU,TL,7,- Kiralama işlemlerinden kaynaklanan nakit girişleri / (çıkışları) 8.245.933 (930.134),True,1 satır
BALSU,2026,3,0,PDF,,KIRA,onceki,-930134.0,PDF (şirket sitesi) https://www.balsugida.com/wp-content/uploads/2026/06/Balsu-Gida-31.03.2026-SPK-Rapor.pdf,PDF_OKUNDU,TL,7,- Kiralama işlemlerinden kaynaklanan nakit girişleri / (çıkışları) 8.245.933 (930.134),True,1 satır
BALSU,2026,3,0,PDF,,TEMETTU,cari,0.0,PDF (şirket sitesi) https://www.balsugida.com/wp-content/uploads/2026/06/Balsu-Gida-31.03.2026-SPK-Rapor.pdf,PDF_SATIR_YOK,TL,,,True,nakit akış tablosunda kalem satırı yok → 0
BALSU,2026,3,0,PDF,,TEMETTU,onceki,0.0,PDF (şirket sitesi) https://www.balsugida.com/wp-content/uploads/2026/06/Balsu-Gida-31.03.2026-SPK-Rapor.pdf,PDF_SATIR_YOK,TL,,,True,nakit akış tablosunda kalem satırı yok → 0
BRLSM,2025,12,1574196,PDF,,CFO,cari,-82651429.0,PDF (şirket sitesi) https://www.birlesim.com/files/birleim_mhendislik_31122025.pdf,PDF_OKUNDU,TL,11,A. İşletme Faaliyetlerinden Elde Edilen Nakit Akışları (82.651.429) (624.625.792),True,özdeşlik A+B+C(+etki)=net değişim tuttu
BRLSM,2025,12,1574196,PDF,,CFO,onceki,-624625792.0,PDF (şirket sitesi) https://www.birlesim.com/files/birleim_mhendislik_31122025.pdf,PDF_OKUNDU,TL,11,A. İşletme Faaliyetlerinden Elde Edilen Nakit Akışları (82.651.429) (624.625.792),True,özdeşlik A+B+C(+etki)=net değişim tuttu
BRLSM,2025,12,1574196,PDF,,MDV+MODV,cari,-9367975.0,PDF (şirket sitesi) https://www.birlesim.com/files/birleim_mhendislik_31122025.pdf,PDF_OKUNDU,TL,11,"Maddi ve Maddi Olmayan Duran Varlık Alımları 12,13 (9.367.975) (64.266.473)",True,1 satır
BRLSM,2025,12,1574196,PDF,,MDV+MODV,onceki,-64266473.0,PDF (şirket sitesi) https://www.birlesim.com/files/birleim_mhendislik_31122025.pdf,PDF_OKUNDU,TL,11,"Maddi ve Maddi Olmayan Duran Varlık Alımları 12,13 (9.367.975) (64.266.473)",True,1 satır
BRLSM,2025,12,1574196,PDF,,YAGM,cari,0.0,PDF (şirket sitesi) https://www.birlesim.com/files/birleim_mhendislik_31122025.pdf,PDF_SATIR_YOK,TL,,,True,nakit akış tablosunda kalem satırı yok → 0
BRLSM,2025,12,1574196,PDF,,YAGM,onceki,0.0,PDF (şirket sitesi) https://www.birlesim.com/files/birleim_mhendislik_31122025.pdf,PDF_SATIR_YOK,TL,,,True,nakit akış tablosunda kalem satırı yok → 0
BRLSM,2025,12,1574196,PDF,,KIRA,cari,0.0,PDF (şirket sitesi) https://www.birlesim.com/files/birleim_mhendislik_31122025.pdf,PDF_SATIR_YOK,TL,,,True,nakit akış tablosunda kalem satırı yok → 0
BRLSM,2025,12,1574196,PDF,,KIRA,onceki,0.0,PDF (şirket sitesi) https://www.birlesim.com/files/birleim_mhendislik_31122025.pdf,PDF_SATIR_YOK,TL,,,True,nakit akış tablosunda kalem satırı yok → 0
BRLSM,2025,12,1574196,PDF,,TEMETTU,cari,0.0,PDF (şirket sitesi) https://www.birlesim.com/files/birleim_mhendislik_31122025.pdf,PDF_SATIR_YOK,TL,,,True,nakit akış tablosunda kalem satırı yok → 0
BRLSM,2025,12,1574196,PDF,,TEMETTU,onceki,0.0,PDF (şirket sitesi) https://www.birlesim.com/files/birleim_mhendislik_31122025.pdf,PDF_SATIR_YOK,TL,,,True,nakit akış tablosunda kalem satırı yok → 0
BRLSM,2026,3,1605905,PDF,,CFO,cari,417129489.0,PDF (şirket sitesi) https://www.birlesim.com/files/birlesim_muhendislik_31032026.pdf,PDF_OKUNDU,TL,7,AKIŞLARI 417.129.489 179.046.745,True,özdeşlik A+B+C(+etki)=net değişim tuttu
BRLSM,2026,3,1605905,PDF,,CFO,onceki,179046745.0,PDF (şirket sitesi) https://www.birlesim.com/files/birlesim_muhendislik_31032026.pdf,PDF_OKUNDU,TL,7,AKIŞLARI 417.129.489 179.046.745,True,özdeşlik A+B+C(+etki)=net değişim tuttu
BRLSM,2026,3,1605905,PDF,,MDV+MODV,cari,-3532374.0,PDF (şirket sitesi) https://www.birlesim.com/files/birlesim_muhendislik_31032026.pdf,PDF_OKUNDU,TL,7,"Maddi ve Maddi Olmayan Duran Varlık Alımları 9,10 (3.532.374) (3.456.822)",True,1 satır
BRLSM,2026,3,1605905,PDF,,MDV+MODV,onceki,-3456822.0,PDF (şirket sitesi) https://www.birlesim.com/files/birlesim_muhendislik_31032026.pdf,PDF_OKUNDU,TL,7,"Maddi ve Maddi Olmayan Duran Varlık Alımları 9,10 (3.532.374) (3.456.822)",True,1 satır
BRLSM,2026,3,1605905,PDF,,YAGM,cari,0.0,PDF (şirket sitesi) https://www.birlesim.com/files/birlesim_muhendislik_31032026.pdf,PDF_SATIR_YOK,TL,,,True,nakit akış tablosunda kalem satırı yok → 0
BRLSM,2026,3,1605905,PDF,,YAGM,onceki,0.0,PDF (şirket sitesi) https://www.birlesim.com/files/birlesim_muhendislik_31032026.pdf,PDF_SATIR_YOK,TL,,,True,nakit akış tablosunda kalem satırı yok → 0
BRLSM,2026,3,1605905,PDF,,KIRA,cari,0.0,PDF (şirket sitesi) https://www.birlesim.com/files/birlesim_muhendislik_31032026.pdf,PDF_SATIR_YOK,TL,,,True,nakit akış tablosunda kalem satırı yok → 0
BRLSM,2026,3,1605905,PDF,,KIRA,onceki,0.0,PDF (şirket sitesi) https://www.birlesim.com/files/birlesim_muhendislik_31032026.pdf,PDF_SATIR_YOK,TL,,,True,nakit akış tablosunda kalem satırı yok → 0
BRLSM,2026,3,1605905,PDF,,TEMETTU,cari,0.0,PDF (şirket sitesi) https://www.birlesim.com/files/birlesim_muhendislik_31032026.pdf,PDF_SATIR_YOK,TL,,,True,nakit akış tablosunda kalem satırı yok → 0
BRLSM,2026,3,1605905,PDF,,TEMETTU,onceki,0.0,PDF (şirket sitesi) https://www.birlesim.com/files/birlesim_muhendislik_31032026.pdf,PDF_SATIR_YOK,TL,,,True,nakit akış tablosunda kalem satırı yok → 0
BYDNR,2025,9,1514462,PDF,,CFO,cari,526554881.0,PDF (şirket sitesi) https://www.baydoner.com/cmsfiles/Galleries/1125/baydoner-restoranlari-a-s-finansal-rapor-30-09-2025.pdf,PDF_OKUNDU,TL,7,İŞLETME FAALİYETLERİNDEN NAKİT AKIŞLARI 526.554.881 694.617.997,True,özdeşlik A+B+C(+etki)=net değişim tuttu
BYDNR,2025,9,1514462,PDF,,CFO,onceki,694617997.0,PDF (şirket sitesi) https://www.baydoner.com/cmsfiles/Galleries/1125/baydoner-restoranlari-a-s-finansal-rapor-30-09-2025.pdf,PDF_OKUNDU,TL,7,İŞLETME FAALİYETLERİNDEN NAKİT AKIŞLARI 526.554.881 694.617.997,True,özdeşlik A+B+C(+etki)=net değişim tuttu
BYDNR,2025,9,1514462,PDF,,MDV+MODV,cari,-754045031.0,PDF (şirket sitesi) https://www.baydoner.com/cmsfiles/Galleries/1125/baydoner-restoranlari-a-s-finansal-rapor-30-09-2025.pdf,PDF_OKUNDU,TL,7,Alımından Kaynaklanan Nakit Çıkışları 9 (754.045.031) (286.972.912),True,1 satır
BYDNR,2025,9,1514462,PDF,,MDV+MODV,onceki,-286972912.0,PDF (şirket sitesi) https://www.baydoner.com/cmsfiles/Galleries/1125/baydoner-restoranlari-a-s-finansal-rapor-30-09-2025.pdf,PDF_OKUNDU,TL,7,Alımından Kaynaklanan Nakit Çıkışları 9 (754.045.031) (286.972.912),True,1 satır
BYDNR,2025,9,1514462,PDF,,YAGM,cari,0.0,PDF (şirket sitesi) https://www.baydoner.com/cmsfiles/Galleries/1125/baydoner-restoranlari-a-s-finansal-rapor-30-09-2025.pdf,PDF_SATIR_YOK,TL,,,True,nakit akış tablosunda kalem satırı yok → 0
BYDNR,2025,9,1514462,PDF,,YAGM,onceki,0.0,PDF (şirket sitesi) https://www.baydoner.com/cmsfiles/Galleries/1125/baydoner-restoranlari-a-s-finansal-rapor-30-09-2025.pdf,PDF_SATIR_YOK,TL,,,True,nakit akış tablosunda kalem satırı yok → 0
BYDNR,2025,9,1514462,PDF,,KIRA,cari,0.0,PDF (şirket sitesi) https://www.baydoner.com/cmsfiles/Galleries/1125/baydoner-restoranlari-a-s-finansal-rapor-30-09-2025.pdf,PDF_SATIR_YOK,TL,,,True,nakit akış tablosunda kalem satırı yok → 0
BYDNR,2025,9,1514462,PDF,,KIRA,onceki,0.0,PDF (şirket sitesi) https://www.baydoner.com/cmsfiles/Galleries/1125/baydoner-restoranlari-a-s-finansal-rapor-30-09-2025.pdf,PDF_SATIR_YOK,TL,,,True,nakit akış tablosunda kalem satırı yok → 0
BYDNR,2025,9,1514462,PDF,,TEMETTU,cari,0.0,PDF (şirket sitesi) https://www.baydoner.com/cmsfiles/Galleries/1125/baydoner-restoranlari-a-s-finansal-rapor-30-09-2025.pdf,PDF_SATIR_YOK,TL,,,True,nakit akış tablosunda kalem satırı yok → 0
BYDNR,2025,9,1514462,PDF,,TEMETTU,onceki,0.0,PDF (şirket sitesi) https://www.baydoner.com/cmsfiles/Galleries/1125/baydoner-restoranlari-a-s-finansal-rapor-30-09-2025.pdf,PDF_SATIR_YOK,TL,,,True,nakit akış tablosunda kalem satırı yok → 0
CIMSA,2024,12,1396902,PDF,,CFO,cari,6405749000.0,PDF (şirket sitesi) https://cimsa.com.tr/wp-content/uploads/2025/06/Cimsa-Cimento-31.12.2024-SPK-Rapor-Konsolide-TR.pdf,PDF_OKUNDU,bin TL,13,A. İŞLETME FAALİYETLERİNDEN NAKİT AKIŞLARI 6.405.749 4.090.657,True,özdeşlik A+B+C(+etki)=net değişim tuttu
CIMSA,2024,12,1396902,PDF,,CFO,onceki,4090657000.0,PDF (şirket sitesi) https://cimsa.com.tr/wp-content/uploads/2025/06/Cimsa-Cimento-31.12.2024-SPK-Rapor-Konsolide-TR.pdf,PDF_OKUNDU,bin TL,13,A. İŞLETME FAALİYETLERİNDEN NAKİT AKIŞLARI 6.405.749 4.090.657,True,özdeşlik A+B+C(+etki)=net değişim tuttu
CIMSA,2024,12,1396902,PDF,,MDV+MODV,cari,-3823581000.0,PDF (şirket sitesi) https://cimsa.com.tr/wp-content/uploads/2025/06/Cimsa-Cimento-31.12.2024-SPK-Rapor-Konsolide-TR.pdf,PDF_OKUNDU,bin TL,13,Maddi duran varlık alımlarına ilişkin nakit çıkışları 13 (3.765.354) (4.592.591) || Maddi olmayan duran varlık alımlarına ilişkin nakit çıkışları 14 (58.227) (234.476),True,2 satır
CIMSA,2024,12,1396902,PDF,,MDV+MODV,onceki,-4827067000.0,PDF (şirket sitesi) https://cimsa.com.tr/wp-content/uploads/2025/06/Cimsa-Cimento-31.12.2024-SPK-Rapor-Konsolide-TR.pdf,PDF_OKUNDU,bin TL,13,Maddi duran varlık alımlarına ilişkin nakit çıkışları 13 (3.765.354) (4.592.591) || Maddi olmayan duran varlık alımlarına ilişkin nakit çıkışları 14 (58.227) (234.476),True,2 satır
CIMSA,2024,12,1396902,PDF,,YAGM,cari,0.0,PDF (şirket sitesi) https://cimsa.com.tr/wp-content/uploads/2025/06/Cimsa-Cimento-31.12.2024-SPK-Rapor-Konsolide-TR.pdf,PDF_SATIR_YOK,bin TL,,,True,nakit akış tablosunda kalem satırı yok → 0
CIMSA,2024,12,1396902,PDF,,YAGM,onceki,0.0,PDF (şirket sitesi) https://cimsa.com.tr/wp-content/uploads/2025/06/Cimsa-Cimento-31.12.2024-SPK-Rapor-Konsolide-TR.pdf,PDF_SATIR_YOK,bin TL,,,True,nakit akış tablosunda kalem satırı yok → 0
CIMSA,2024,12,1396902,PDF,,KIRA,cari,0.0,PDF (şirket sitesi) https://cimsa.com.tr/wp-content/uploads/2025/06/Cimsa-Cimento-31.12.2024-SPK-Rapor-Konsolide-TR.pdf,PDF_SATIR_YOK,bin TL,,,True,nakit akış tablosunda kalem satırı yok → 0
CIMSA,2024,12,1396902,PDF,,KIRA,onceki,0.0,PDF (şirket sitesi) https://cimsa.com.tr/wp-content/uploads/2025/06/Cimsa-Cimento-31.12.2024-SPK-Rapor-Konsolide-TR.pdf,PDF_SATIR_YOK,bin TL,,,True,nakit akış tablosunda kalem satırı yok → 0
CIMSA,2024,12,1396902,PDF,,TEMETTU,cari,102959000.0,PDF (şirket sitesi) https://cimsa.com.tr/wp-content/uploads/2025/06/Cimsa-Cimento-31.12.2024-SPK-Rapor-Konsolide-TR.pdf,PDF_OKUNDU,bin TL,13,Alınan temettüler 102.959 -,True,1 satır
CIMSA,2024,12,1396902,PDF,,TEMETTU,onceki,0.0,PDF (şirket sitesi) https://cimsa.com.tr/wp-content/uploads/2025/06/Cimsa-Cimento-31.12.2024-SPK-Rapor-Konsolide-TR.pdf,PDF_OKUNDU,bin TL,13,Alınan temettüler 102.959 -,True,1 satır
CIMSA,2025,3,1431221,PDF,,CFO,cari,-712528000.0,PDF (şirket sitesi) https://cimsa.com.tr/wp-content/uploads/2025/05/Cimsa-Cimento-31.03.2025-Finansal-Tablo-ve-Dipnotlar.pdf,PDF_OKUNDU,bin TL,8,A. İŞLETME FAALİYETLERİNDEN NAKİT AKIŞLARI (712.528) (324.108),True,özdeşlik A+B+C(+etki)=net değişim tuttu
CIMSA,2025,3,1431221,PDF,,CFO,onceki,-324108000.0,PDF (şirket sitesi) https://cimsa.com.tr/wp-content/uploads/2025/05/Cimsa-Cimento-31.03.2025-Finansal-Tablo-ve-Dipnotlar.pdf,PDF_OKUNDU,bin TL,8,A. İŞLETME FAALİYETLERİNDEN NAKİT AKIŞLARI (712.528) (324.108),True,özdeşlik A+B+C(+etki)=net değişim tuttu
CIMSA,2025,3,1431221,PDF,,MDV+MODV,cari,-1218108000.0,PDF (şirket sitesi) https://cimsa.com.tr/wp-content/uploads/2025/05/Cimsa-Cimento-31.03.2025-Finansal-Tablo-ve-Dipnotlar.pdf,PDF_OKUNDU,bin TL,8,Maddi duran varlık alımlarına ilişkin nakit çıkışları 13 (1.053.467) (594.912) || Maddi olmayan duran varlık alımlarına ilişkin nakit çıkışları 14 (164.641) (6.121),True,2 satır
CIMSA,2025,3,1431221,PDF,,MDV+MODV,onceki,-601033000.0,PDF (şirket sitesi) https://cimsa.com.tr/wp-content/uploads/2025/05/Cimsa-Cimento-31.03.2025-Finansal-Tablo-ve-Dipnotlar.pdf,PDF_OKUNDU,bin TL,8,Maddi duran varlık alımlarına ilişkin nakit çıkışları 13 (1.053.467) (594.912) || Maddi olmayan duran varlık alımlarına ilişkin nakit çıkışları 14 (164.641) (6.121),True,2 satır
CIMSA,2025,3,1431221,PDF,,YAGM,cari,0.0,PDF (şirket sitesi) https://cimsa.com.tr/wp-content/uploads/2025/05/Cimsa-Cimento-31.03.2025-Finansal-Tablo-ve-Dipnotlar.pdf,PDF_SATIR_YOK,bin TL,,,True,nakit akış tablosunda kalem satırı yok → 0
CIMSA,2025,3,1431221,PDF,,YAGM,onceki,0.0,PDF (şirket sitesi) https://cimsa.com.tr/wp-content/uploads/2025/05/Cimsa-Cimento-31.03.2025-Finansal-Tablo-ve-Dipnotlar.pdf,PDF_SATIR_YOK,bin TL,,,True,nakit akış tablosunda kalem satırı yok → 0
CIMSA,2025,3,1431221,PDF,,KIRA,cari,0.0,PDF (şirket sitesi) https://cimsa.com.tr/wp-content/uploads/2025/05/Cimsa-Cimento-31.03.2025-Finansal-Tablo-ve-Dipnotlar.pdf,PDF_SATIR_YOK,bin TL,,,True,nakit akış tablosunda kalem satırı yok → 0
CIMSA,2025,3,1431221,PDF,,KIRA,onceki,0.0,PDF (şirket sitesi) https://cimsa.com.tr/wp-content/uploads/2025/05/Cimsa-Cimento-31.03.2025-Finansal-Tablo-ve-Dipnotlar.pdf,PDF_SATIR_YOK,bin TL,,,True,nakit akış tablosunda kalem satırı yok → 0
CIMSA,2025,3,1431221,PDF,,TEMETTU,cari,0.0,PDF (şirket sitesi) https://cimsa.com.tr/wp-content/uploads/2025/05/Cimsa-Cimento-31.03.2025-Finansal-Tablo-ve-Dipnotlar.pdf,PDF_SATIR_YOK,bin TL,,,True,nakit akış tablosunda kalem satırı yok → 0
CIMSA,2025,3,1431221,PDF,,TEMETTU,onceki,0.0,PDF (şirket sitesi) https://cimsa.com.tr/wp-content/uploads/2025/05/Cimsa-Cimento-31.03.2025-Finansal-Tablo-ve-Dipnotlar.pdf,PDF_SATIR_YOK,bin TL,,,True,nakit akış tablosunda kalem satırı yok → 0
CIMSA,2025,6,1472697,PDF,,CFO,cari,405253000.0,PDF (şirket sitesi) https://cimsa.com.tr/wp-content/uploads/2025/08/Cimsa-Cimento-30.06.2025-Finansal-Tablo-ve-Dipnotlar.pdf,PDF_OKUNDU,bin TL,10,A. İŞLETME FAALİYETLERİNDEN NAKİT AKIŞLARI 405.253 966.984,True,özdeşlik A+B+C(+etki)=net değişim tuttu
CIMSA,2025,6,1472697,PDF,,CFO,onceki,966984000.0,PDF (şirket sitesi) https://cimsa.com.tr/wp-content/uploads/2025/08/Cimsa-Cimento-30.06.2025-Finansal-Tablo-ve-Dipnotlar.pdf,PDF_OKUNDU,bin TL,10,A. İŞLETME FAALİYETLERİNDEN NAKİT AKIŞLARI 405.253 966.984,True,özdeşlik A+B+C(+etki)=net değişim tuttu
CIMSA,2025,6,1472697,PDF,,MDV+MODV,cari,-2962759000.0,PDF (şirket sitesi) https://cimsa.com.tr/wp-content/uploads/2025/08/Cimsa-Cimento-30.06.2025-Finansal-Tablo-ve-Dipnotlar.pdf,PDF_OKUNDU,bin TL,10,Maddi duran varlık alımlarına ilişkin nakit çıkışları 13 (2.794.914) (1.813.548) || Maddi olmayan duran varlık alımlarına ilişkin nakit çıkışları 14 (167.845) (8.052),True,2 satır
CIMSA,2025,6,1472697,PDF,,MDV+MODV,onceki,-1821600000.0,PDF (şirket sitesi) https://cimsa.com.tr/wp-content/uploads/2025/08/Cimsa-Cimento-30.06.2025-Finansal-Tablo-ve-Dipnotlar.pdf,PDF_OKUNDU,bin TL,10,Maddi duran varlık alımlarına ilişkin nakit çıkışları 13 (2.794.914) (1.813.548) || Maddi olmayan duran varlık alımlarına ilişkin nakit çıkışları 14 (167.845) (8.052),True,2 satır
CIMSA,2025,6,1472697,PDF,,YAGM,cari,0.0,PDF (şirket sitesi) https://cimsa.com.tr/wp-content/uploads/2025/08/Cimsa-Cimento-30.06.2025-Finansal-Tablo-ve-Dipnotlar.pdf,PDF_SATIR_YOK,bin TL,,,True,nakit akış tablosunda kalem satırı yok → 0
CIMSA,2025,6,1472697,PDF,,YAGM,onceki,0.0,PDF (şirket sitesi) https://cimsa.com.tr/wp-content/uploads/2025/08/Cimsa-Cimento-30.06.2025-Finansal-Tablo-ve-Dipnotlar.pdf,PDF_SATIR_YOK,bin TL,,,True,nakit akış tablosunda kalem satırı yok → 0
CIMSA,2025,6,1472697,PDF,,KIRA,cari,0.0,PDF (şirket sitesi) https://cimsa.com.tr/wp-content/uploads/2025/08/Cimsa-Cimento-30.06.2025-Finansal-Tablo-ve-Dipnotlar.pdf,PDF_SATIR_YOK,bin TL,,,True,nakit akış tablosunda kalem satırı yok → 0
CIMSA,2025,6,1472697,PDF,,KIRA,onceki,0.0,PDF (şirket sitesi) https://cimsa.com.tr/wp-content/uploads/2025/08/Cimsa-Cimento-30.06.2025-Finansal-Tablo-ve-Dipnotlar.pdf,PDF_SATIR_YOK,bin TL,,,True,nakit akış tablosunda kalem satırı yok → 0
CIMSA,2025,6,1472697,PDF,,TEMETTU,cari,88039000.0,PDF (şirket sitesi) https://cimsa.com.tr/wp-content/uploads/2025/08/Cimsa-Cimento-30.06.2025-Finansal-Tablo-ve-Dipnotlar.pdf,PDF_OKUNDU,bin TL,10,Alınan temettü 88.039 118.626,True,1 satır
CIMSA,2025,6,1472697,PDF,,TEMETTU,onceki,118626000.0,PDF (şirket sitesi) https://cimsa.com.tr/wp-content/uploads/2025/08/Cimsa-Cimento-30.06.2025-Finansal-Tablo-ve-Dipnotlar.pdf,PDF_OKUNDU,bin TL,10,Alınan temettü 88.039 118.626,True,1 satır
CIMSA,2025,9,1510181,PDF,,CFO,cari,3464903000.0,PDF (şirket sitesi) https://cimsa.com.tr/wp-content/uploads/2025/11/Cimsa-Cimento-30.09.2025-Finansal-Tablo-ve-Dipnotlar.pdf,PDF_OKUNDU,bin TL,8,A. İŞLETME FAALİYETLERİNDEN NAKİT AKIŞLARI 3.464.903 7.396.388,True,özdeşlik A+B+C(+etki)=net değişim tuttu
CIMSA,2025,9,1510181,PDF,,CFO,onceki,7396388000.0,PDF (şirket sitesi) https://cimsa.com.tr/wp-content/uploads/2025/11/Cimsa-Cimento-30.09.2025-Finansal-Tablo-ve-Dipnotlar.pdf,PDF_OKUNDU,bin TL,8,A. İŞLETME FAALİYETLERİNDEN NAKİT AKIŞLARI 3.464.903 7.396.388,True,özdeşlik A+B+C(+etki)=net değişim tuttu
CIMSA,2025,9,1510181,PDF,,MDV+MODV,cari,-4209292000.0,PDF (şirket sitesi) https://cimsa.com.tr/wp-content/uploads/2025/11/Cimsa-Cimento-30.09.2025-Finansal-Tablo-ve-Dipnotlar.pdf,PDF_OKUNDU,bin TL,8,Maddi duran varlık alımlarına ilişkin nakit çıkışları 13 (3.922.753) (2.706.804) || Maddi olmayan duran varlık alımlarına ilişkin nakit çıkışları 14 (286.539) (15.022),True,2 satır
CIMSA,2025,9,1510181,PDF,,MDV+MODV,onceki,-2721826000.0,PDF (şirket sitesi) https://cimsa.com.tr/wp-content/uploads/2025/11/Cimsa-Cimento-30.09.2025-Finansal-Tablo-ve-Dipnotlar.pdf,PDF_OKUNDU,bin TL,8,Maddi duran varlık alımlarına ilişkin nakit çıkışları 13 (3.922.753) (2.706.804) || Maddi olmayan duran varlık alımlarına ilişkin nakit çıkışları 14 (286.539) (15.022),True,2 satır
CIMSA,2025,9,1510181,PDF,,YAGM,cari,0.0,PDF (şirket sitesi) https://cimsa.com.tr/wp-content/uploads/2025/11/Cimsa-Cimento-30.09.2025-Finansal-Tablo-ve-Dipnotlar.pdf,PDF_SATIR_YOK,bin TL,,,True,nakit akış tablosunda kalem satırı yok → 0
CIMSA,2025,9,1510181,PDF,,YAGM,onceki,0.0,PDF (şirket sitesi) https://cimsa.com.tr/wp-content/uploads/2025/11/Cimsa-Cimento-30.09.2025-Finansal-Tablo-ve-Dipnotlar.pdf,PDF_SATIR_YOK,bin TL,,,True,nakit akış tablosunda kalem satırı yok → 0
CIMSA,2025,9,1510181,PDF,,KIRA,cari,0.0,PDF (şirket sitesi) https://cimsa.com.tr/wp-content/uploads/2025/11/Cimsa-Cimento-30.09.2025-Finansal-Tablo-ve-Dipnotlar.pdf,PDF_SATIR_YOK,bin TL,,,True,nakit akış tablosunda kalem satırı yok → 0
CIMSA,2025,9,1510181,PDF,,KIRA,onceki,0.0,PDF (şirket sitesi) https://cimsa.com.tr/wp-content/uploads/2025/11/Cimsa-Cimento-30.09.2025-Finansal-Tablo-ve-Dipnotlar.pdf,PDF_SATIR_YOK,bin TL,,,True,nakit akış tablosunda kalem satırı yok → 0
CIMSA,2025,9,1510181,PDF,,TEMETTU,cari,94646000.0,PDF (şirket sitesi) https://cimsa.com.tr/wp-content/uploads/2025/11/Cimsa-Cimento-30.09.2025-Finansal-Tablo-ve-Dipnotlar.pdf,PDF_OKUNDU,bin TL,8,Alınan temettü 94.646 128.287,True,1 satır
CIMSA,2025,9,1510181,PDF,,TEMETTU,onceki,128287000.0,PDF (şirket sitesi) https://cimsa.com.tr/wp-content/uploads/2025/11/Cimsa-Cimento-30.09.2025-Finansal-Tablo-ve-Dipnotlar.pdf,PDF_OKUNDU,bin TL,8,Alınan temettü 94.646 128.287,True,1 satır
DERHL,2026,6,1648720,PDF,,CFO,cari,245862132.0,PDF (şirket sitesi) https://www.derluks.com.tr/yukleme/projeler/Derluks-Denetim-Raporu-30.06.2026.pdf,PDF_OKUNDU,TL,8,A. İŞLETME FAALİYETLERİNDEN NAKİT AKIŞLARI 245.862.132 (52.767.614),True,özdeşlik A+B+C(+etki)=net değişim tuttu
DERHL,2026,6,1648720,PDF,,CFO,onceki,-52767614.0,PDF (şirket sitesi) https://www.derluks.com.tr/yukleme/projeler/Derluks-Denetim-Raporu-30.06.2026.pdf,PDF_OKUNDU,TL,8,A. İŞLETME FAALİYETLERİNDEN NAKİT AKIŞLARI 245.862.132 (52.767.614),True,özdeşlik A+B+C(+etki)=net değişim tuttu
DERHL,2026,6,1648720,PDF,,MDV+MODV,cari,-3198043.0,PDF (şirket sitesi) https://www.derluks.com.tr/yukleme/projeler/Derluks-Denetim-Raporu-30.06.2026.pdf,PDF_OKUNDU,TL,8,Çıkışları (3.198.043) (53.337.789),True,1 satır
DERHL,2026,6,1648720,PDF,,MDV+MODV,onceki,-53337789.0,PDF (şirket sitesi) https://www.derluks.com.tr/yukleme/projeler/Derluks-Denetim-Raporu-30.06.2026.pdf,PDF_OKUNDU,TL,8,Çıkışları (3.198.043) (53.337.789),True,1 satır
DERHL,2026,6,1648720,PDF,,YAGM,cari,0.0,PDF (şirket sitesi) https://www.derluks.com.tr/yukleme/projeler/Derluks-Denetim-Raporu-30.06.2026.pdf,PDF_SATIR_YOK,TL,,,True,nakit akış tablosunda kalem satırı yok → 0
DERHL,2026,6,1648720,PDF,,YAGM,onceki,0.0,PDF (şirket sitesi) https://www.derluks.com.tr/yukleme/projeler/Derluks-Denetim-Raporu-30.06.2026.pdf,PDF_SATIR_YOK,TL,,,True,nakit akış tablosunda kalem satırı yok → 0
DERHL,2026,6,1648720,PDF,,KIRA,cari,0.0,PDF (şirket sitesi) https://www.derluks.com.tr/yukleme/projeler/Derluks-Denetim-Raporu-30.06.2026.pdf,PDF_SATIR_YOK,TL,,,True,nakit akış tablosunda kalem satırı yok → 0
DERHL,2026,6,1648720,PDF,,KIRA,onceki,0.0,PDF (şirket sitesi) https://www.derluks.com.tr/yukleme/projeler/Derluks-Denetim-Raporu-30.06.2026.pdf,PDF_SATIR_YOK,TL,,,True,nakit akış tablosunda kalem satırı yok → 0
DERHL,2026,6,1648720,PDF,,TEMETTU,cari,0.0,PDF (şirket sitesi) https://www.derluks.com.tr/yukleme/projeler/Derluks-Denetim-Raporu-30.06.2026.pdf,PDF_SATIR_YOK,TL,,,True,nakit akış tablosunda kalem satırı yok → 0
DERHL,2026,6,1648720,PDF,,TEMETTU,onceki,0.0,PDF (şirket sitesi) https://www.derluks.com.tr/yukleme/projeler/Derluks-Denetim-Raporu-30.06.2026.pdf,PDF_SATIR_YOK,TL,,,True,nakit akış tablosunda kalem satırı yok → 0
DGNMO,2025,6,1481096,PDF,,CFO,cari,524522345.0,PDF (şirket sitesi) https://www.doganlarmobilyagrubu.com/Files/yatirimci-iliskileri/finansal-veriler/finansal-rapolar/dogtas-kelebek-spk30062025-rapor.pdf,PDF_OKUNDU,TL,10,A. İŞLETME FAALİYETLERDEN NAKİT AKIŞLARI 524.522.345 383.683.348,True,özdeşlik A+B+C(+etki)=net değişim tuttu
DGNMO,2025,6,1481096,PDF,,CFO,onceki,383683348.0,PDF (şirket sitesi) https://www.doganlarmobilyagrubu.com/Files/yatirimci-iliskileri/finansal-veriler/finansal-rapolar/dogtas-kelebek-spk30062025-rapor.pdf,PDF_OKUNDU,TL,10,A. İŞLETME FAALİYETLERDEN NAKİT AKIŞLARI 524.522.345 383.683.348,True,özdeşlik A+B+C(+etki)=net değişim tuttu
DGNMO,2025,6,1481096,PDF,,MDV+MODV,cari,-274061318.0,PDF (şirket sitesi) https://www.doganlarmobilyagrubu.com/Files/yatirimci-iliskileri/finansal-veriler/finansal-rapolar/dogtas-kelebek-spk30062025-rapor.pdf,PDF_OKUNDU,TL,10,Maddi Duran Varlıkların Alımından Kaynaklanan Nakit Çıkışları 9 (267.779.365) (480.278.488) || Maddi Olmayan Duran Varlıkların Alımından Kaynaklanan Nakit Çıkışları (6.281.953) (15.477.047),True,2 satır
DGNMO,2025,6,1481096,PDF,,MDV+MODV,onceki,-495755535.0,PDF (şirket sitesi) https://www.doganlarmobilyagrubu.com/Files/yatirimci-iliskileri/finansal-veriler/finansal-rapolar/dogtas-kelebek-spk30062025-rapor.pdf,PDF_OKUNDU,TL,10,Maddi Duran Varlıkların Alımından Kaynaklanan Nakit Çıkışları 9 (267.779.365) (480.278.488) || Maddi Olmayan Duran Varlıkların Alımından Kaynaklanan Nakit Çıkışları (6.281.953) (15.477.047),True,2 satır
DGNMO,2025,6,1481096,PDF,,YAGM,cari,0.0,PDF (şirket sitesi) https://www.doganlarmobilyagrubu.com/Files/yatirimci-iliskileri/finansal-veriler/finansal-rapolar/dogtas-kelebek-spk30062025-rapor.pdf,PDF_SATIR_YOK,TL,,,True,nakit akış tablosunda kalem satırı yok → 0
DGNMO,2025,6,1481096,PDF,,YAGM,onceki,0.0,PDF (şirket sitesi) https://www.doganlarmobilyagrubu.com/Files/yatirimci-iliskileri/finansal-veriler/finansal-rapolar/dogtas-kelebek-spk30062025-rapor.pdf,PDF_SATIR_YOK,TL,,,True,nakit akış tablosunda kalem satırı yok → 0
DGNMO,2025,6,1481096,PDF,,KIRA,cari,-62950541.0,PDF (şirket sitesi) https://www.doganlarmobilyagrubu.com/Files/yatirimci-iliskileri/finansal-veriler/finansal-rapolar/dogtas-kelebek-spk30062025-rapor.pdf,PDF_OKUNDU,TL,10,Kira Sözleşmelerinden Kaynaklanan Borç Ödemelerine İlişkin Nakit Çıkışlar (62.950.541) (116.384.259),True,1 satır
DGNMO,2025,6,1481096,PDF,,KIRA,onceki,-116384259.0,PDF (şirket sitesi) https://www.doganlarmobilyagrubu.com/Files/yatirimci-iliskileri/finansal-veriler/finansal-rapolar/dogtas-kelebek-spk30062025-rapor.pdf,PDF_OKUNDU,TL,10,Kira Sözleşmelerinden Kaynaklanan Borç Ödemelerine İlişkin Nakit Çıkışlar (62.950.541) (116.384.259),True,1 satır
DGNMO,2025,6,1481096,PDF,,TEMETTU,cari,0.0,PDF (şirket sitesi) https://www.doganlarmobilyagrubu.com/Files/yatirimci-iliskileri/finansal-veriler/finansal-rapolar/dogtas-kelebek-spk30062025-rapor.pdf,PDF_SATIR_YOK,TL,,,True,nakit akış tablosunda kalem satırı yok → 0
DGNMO,2025,6,1481096,PDF,,TEMETTU,onceki,0.0,PDF (şirket sitesi) https://www.doganlarmobilyagrubu.com/Files/yatirimci-iliskileri/finansal-veriler/finansal-rapolar/dogtas-kelebek-spk30062025-rapor.pdf,PDF_SATIR_YOK,TL,,,True,nakit akış tablosunda kalem satırı yok → 0
DGNMO,2025,9,1514647,PDF,,CFO,cari,945326554.0,PDF (şirket sitesi) https://www.doganlarmobilyagrubu.com/Files/yatirimci-iliskileri/finansal-veriler/finansal-rapolar/dgnmo-30092025-konsolide-finansal-rapor.pdf,PDF_OKUNDU,TL,8,A. İŞLETME FAALİYETLERDEN NAKİT AKIŞLARI 945.326.554 128.893.464,True,özdeşlik A+B+C(+etki)=net değişim tuttu
DGNMO,2025,9,1514647,PDF,,CFO,onceki,128893464.0,PDF (şirket sitesi) https://www.doganlarmobilyagrubu.com/Files/yatirimci-iliskileri/finansal-veriler/finansal-rapolar/dgnmo-30092025-konsolide-finansal-rapor.pdf,PDF_OKUNDU,TL,8,A. İŞLETME FAALİYETLERDEN NAKİT AKIŞLARI 945.326.554 128.893.464,True,özdeşlik A+B+C(+etki)=net değişim tuttu
DGNMO,2025,9,1514647,PDF,,MDV+MODV,cari,-360410315.0,PDF (şirket sitesi) https://www.doganlarmobilyagrubu.com/Files/yatirimci-iliskileri/finansal-veriler/finansal-rapolar/dgnmo-30092025-konsolide-finansal-rapor.pdf,PDF_OKUNDU,TL,8,Maddi Duran Varlıkların Alımından Kaynaklanan Nakit Çıkışları 9-10 (347.684.985) (811.297.660) || Maddi Olmayan Duran Varlıkların Alımından Kaynaklanan Nakit Çıkışları (12.725.330) (92.016.503),True,2 satır
DGNMO,2025,9,1514647,PDF,,MDV+MODV,onceki,-903314163.0,PDF (şirket sitesi) https://www.doganlarmobilyagrubu.com/Files/yatirimci-iliskileri/finansal-veriler/finansal-rapolar/dgnmo-30092025-konsolide-finansal-rapor.pdf,PDF_OKUNDU,TL,8,Maddi Duran Varlıkların Alımından Kaynaklanan Nakit Çıkışları 9-10 (347.684.985) (811.297.660) || Maddi Olmayan Duran Varlıkların Alımından Kaynaklanan Nakit Çıkışları (12.725.330) (92.016.503),True,2 satır
DGNMO,2025,9,1514647,PDF,,YAGM,cari,0.0,PDF (şirket sitesi) https://www.doganlarmobilyagrubu.com/Files/yatirimci-iliskileri/finansal-veriler/finansal-rapolar/dgnmo-30092025-konsolide-finansal-rapor.pdf,PDF_SATIR_YOK,TL,,,True,nakit akış tablosunda kalem satırı yok → 0
DGNMO,2025,9,1514647,PDF,,YAGM,onceki,0.0,PDF (şirket sitesi) https://www.doganlarmobilyagrubu.com/Files/yatirimci-iliskileri/finansal-veriler/finansal-rapolar/dgnmo-30092025-konsolide-finansal-rapor.pdf,PDF_SATIR_YOK,TL,,,True,nakit akış tablosunda kalem satırı yok → 0
DGNMO,2025,9,1514647,PDF,,KIRA,cari,-212249260.0,PDF (şirket sitesi) https://www.doganlarmobilyagrubu.com/Files/yatirimci-iliskileri/finansal-veriler/finansal-rapolar/dgnmo-30092025-konsolide-finansal-rapor.pdf,PDF_OKUNDU,TL,8,Kira Sözleşmelerinden Kaynaklanan Borç Ödemelerine İlişkin Nakit Çıkışlar (212.249.260) (239.358.244),True,1 satır
DGNMO,2025,9,1514647,PDF,,KIRA,onceki,-239358244.0,PDF (şirket sitesi) https://www.doganlarmobilyagrubu.com/Files/yatirimci-iliskileri/finansal-veriler/finansal-rapolar/dgnmo-30092025-konsolide-finansal-rapor.pdf,PDF_OKUNDU,TL,8,Kira Sözleşmelerinden Kaynaklanan Borç Ödemelerine İlişkin Nakit Çıkışlar (212.249.260) (239.358.244),True,1 satır
DGNMO,2025,9,1514647,PDF,,TEMETTU,cari,0.0,PDF (şirket sitesi) https://www.doganlarmobilyagrubu.com/Files/yatirimci-iliskileri/finansal-veriler/finansal-rapolar/dgnmo-30092025-konsolide-finansal-rapor.pdf,PDF_SATIR_YOK,TL,,,True,nakit akış tablosunda kalem satırı yok → 0
DGNMO,2025,9,1514647,PDF,,TEMETTU,onceki,0.0,PDF (şirket sitesi) https://www.doganlarmobilyagrubu.com/Files/yatirimci-iliskileri/finansal-veriler/finansal-rapolar/dgnmo-30092025-konsolide-finansal-rapor.pdf,PDF_SATIR_YOK,TL,,,True,nakit akış tablosunda kalem satırı yok → 0
DGNMO,2026,3,1605828,PDF,,CFO,cari,-168049381.0,PDF (şirket sitesi) https://www.doganlarmobilyagrubu.com/Files/yatirimci-iliskileri/finansal-veriler/finansal-rapolar/dgnmo-31032026-finansal-rapor.pdf,PDF_OKUNDU,TL,7,A. İŞLETME FAALİYETLERİNDEN KAYNAKLANAN NAKİT AKIŞLAR (168.049.381) (1.092.132.719),True,özdeşlik A+B+C(+etki)=net değişim tuttu
DGNMO,2026,3,1605828,PDF,,CFO,onceki,-1092132719.0,PDF (şirket sitesi) https://www.doganlarmobilyagrubu.com/Files/yatirimci-iliskileri/finansal-veriler/finansal-rapolar/dgnmo-31032026-finansal-rapor.pdf,PDF_OKUNDU,TL,7,A. İŞLETME FAALİYETLERİNDEN KAYNAKLANAN NAKİT AKIŞLAR (168.049.381) (1.092.132.719),True,özdeşlik A+B+C(+etki)=net değişim tuttu
DGNMO,2026,3,1605828,PDF,,MDV+MODV,cari,-36225580.0,PDF (şirket sitesi) https://www.doganlarmobilyagrubu.com/Files/yatirimci-iliskileri/finansal-veriler/finansal-rapolar/dgnmo-31032026-finansal-rapor.pdf,PDF_OKUNDU,TL,7,- Maddi duran varlıkların alımından kaynaklanan nakit çıkışları (36.225.580) (379.546.951),True,1 satır
DGNMO,2026,3,1605828,PDF,,MDV+MODV,onceki,-379546951.0,PDF (şirket sitesi) https://www.doganlarmobilyagrubu.com/Files/yatirimci-iliskileri/finansal-veriler/finansal-rapolar/dgnmo-31032026-finansal-rapor.pdf,PDF_OKUNDU,TL,7,- Maddi duran varlıkların alımından kaynaklanan nakit çıkışları (36.225.580) (379.546.951),True,1 satır
DGNMO,2026,3,1605828,PDF,,YAGM,cari,0.0,PDF (şirket sitesi) https://www.doganlarmobilyagrubu.com/Files/yatirimci-iliskileri/finansal-veriler/finansal-rapolar/dgnmo-31032026-finansal-rapor.pdf,PDF_SATIR_YOK,TL,,,True,nakit akış tablosunda kalem satırı yok → 0
DGNMO,2026,3,1605828,PDF,,YAGM,onceki,0.0,PDF (şirket sitesi) https://www.doganlarmobilyagrubu.com/Files/yatirimci-iliskileri/finansal-veriler/finansal-rapolar/dgnmo-31032026-finansal-rapor.pdf,PDF_SATIR_YOK,TL,,,True,nakit akış tablosunda kalem satırı yok → 0
DGNMO,2026,3,1605828,PDF,,KIRA,cari,32216867.0,PDF (şirket sitesi) https://www.doganlarmobilyagrubu.com/Files/yatirimci-iliskileri/finansal-veriler/finansal-rapolar/dgnmo-31032026-finansal-rapor.pdf,PDF_OKUNDU,TL,7,- Kiralama işlemlerinden kaynaklanan yükümlülüklerden kaynaklanan girişler / (çıkışlar) 32.216.867 (102.178.353),True,1 satır
DGNMO,2026,3,1605828,PDF,,KIRA,onceki,-102178353.0,PDF (şirket sitesi) https://www.doganlarmobilyagrubu.com/Files/yatirimci-iliskileri/finansal-veriler/finansal-rapolar/dgnmo-31032026-finansal-rapor.pdf,PDF_OKUNDU,TL,7,- Kiralama işlemlerinden kaynaklanan yükümlülüklerden kaynaklanan girişler / (çıkışlar) 32.216.867 (102.178.353),True,1 satır
DGNMO,2026,3,1605828,PDF,,TEMETTU,cari,0.0,PDF (şirket sitesi) https://www.doganlarmobilyagrubu.com/Files/yatirimci-iliskileri/finansal-veriler/finansal-rapolar/dgnmo-31032026-finansal-rapor.pdf,PDF_SATIR_YOK,TL,,,True,nakit akış tablosunda kalem satırı yok → 0
DGNMO,2026,3,1605828,PDF,,TEMETTU,onceki,0.0,PDF (şirket sitesi) https://www.doganlarmobilyagrubu.com/Files/yatirimci-iliskileri/finansal-veriler/finansal-rapolar/dgnmo-31032026-finansal-rapor.pdf,PDF_SATIR_YOK,TL,,,True,nakit akış tablosunda kalem satırı yok → 0
DGNMO,2026,6,1653099,PDF,,CFO,cari,-199106552.0,PDF (şirket sitesi) https://www.doganlarmobilyagrubu.com/Files/yatirimci-iliskileri/finansal-veriler/finansal-rapolar/doganlar-mobilya-30062026-konsolide-finansal-rapor.pdf,PDF_OKUNDU,TL,9,A. İŞLETME FAALİYETLERİNDEN KAYNAKLANAN NAKİT AKIŞLAR (199.106.552) (1.404.840.622),True,özdeşlik A+B+C(+etki)=net değişim tuttu
DGNMO,2026,6,1653099,PDF,,CFO,onceki,-1404840622.0,PDF (şirket sitesi) https://www.doganlarmobilyagrubu.com/Files/yatirimci-iliskileri/finansal-veriler/finansal-rapolar/doganlar-mobilya-30062026-konsolide-finansal-rapor.pdf,PDF_OKUNDU,TL,9,A. İŞLETME FAALİYETLERİNDEN KAYNAKLANAN NAKİT AKIŞLAR (199.106.552) (1.404.840.622),True,özdeşlik A+B+C(+etki)=net değişim tuttu
DGNMO,2026,6,1653099,PDF,,MDV+MODV,cari,,PDF (şirket sitesi) https://www.doganlarmobilyagrubu.com/Files/yatirimci-iliskileri/finansal-veriler/finansal-rapolar/doganlar-mobilya-30062026-konsolide-finansal-rapor.pdf,PDF_EK_SATIR,TL,9,Maddi duran varlıkların alımından kaynaklanan nakit çıkışları (107.007.483) 416.611.391,True,çıkış satırında pozitif (işaret?)
DGNMO,2026,6,1653099,PDF,,MDV+MODV,onceki,,PDF (şirket sitesi) https://www.doganlarmobilyagrubu.com/Files/yatirimci-iliskileri/finansal-veriler/finansal-rapolar/doganlar-mobilya-30062026-konsolide-finansal-rapor.pdf,PDF_EK_SATIR,TL,9,Maddi duran varlıkların alımından kaynaklanan nakit çıkışları (107.007.483) 416.611.391,True,çıkış satırında pozitif (işaret?)
DGNMO,2026,6,1653099,PDF,,YAGM,cari,0.0,PDF (şirket sitesi) https://www.doganlarmobilyagrubu.com/Files/yatirimci-iliskileri/finansal-veriler/finansal-rapolar/doganlar-mobilya-30062026-konsolide-finansal-rapor.pdf,PDF_SATIR_YOK,TL,,,True,nakit akış tablosunda kalem satırı yok → 0
DGNMO,2026,6,1653099,PDF,,YAGM,onceki,0.0,PDF (şirket sitesi) https://www.doganlarmobilyagrubu.com/Files/yatirimci-iliskileri/finansal-veriler/finansal-rapolar/doganlar-mobilya-30062026-konsolide-finansal-rapor.pdf,PDF_SATIR_YOK,TL,,,True,nakit akış tablosunda kalem satırı yok → 0
DGNMO,2026,6,1653099,PDF,,KIRA,cari,53670994.0,PDF (şirket sitesi) https://www.doganlarmobilyagrubu.com/Files/yatirimci-iliskileri/finansal-veriler/finansal-rapolar/doganlar-mobilya-30062026-konsolide-finansal-rapor.pdf,PDF_OKUNDU,TL,9,Kiralama işlemlerinden kaynaklanan yükümlülüklerden kaynaklanan girişler / (çıkışlar) 53.670.994 (130.954.831),True,1 satır
DGNMO,2026,6,1653099,PDF,,KIRA,onceki,-130954831.0,PDF (şirket sitesi) https://www.doganlarmobilyagrubu.com/Files/yatirimci-iliskileri/finansal-veriler/finansal-rapolar/doganlar-mobilya-30062026-konsolide-finansal-rapor.pdf,PDF_OKUNDU,TL,9,Kiralama işlemlerinden kaynaklanan yükümlülüklerden kaynaklanan girişler / (çıkışlar) 53.670.994 (130.954.831),True,1 satır
DGNMO,2026,6,1653099,PDF,,TEMETTU,cari,0.0,PDF (şirket sitesi) https://www.doganlarmobilyagrubu.com/Files/yatirimci-iliskileri/finansal-veriler/finansal-rapolar/doganlar-mobilya-30062026-konsolide-finansal-rapor.pdf,PDF_SATIR_YOK,TL,,,True,nakit akış tablosunda kalem satırı yok → 0
DGNMO,2026,6,1653099,PDF,,TEMETTU,onceki,0.0,PDF (şirket sitesi) https://www.doganlarmobilyagrubu.com/Files/yatirimci-iliskileri/finansal-veriler/finansal-rapolar/doganlar-mobilya-30062026-konsolide-finansal-rapor.pdf,PDF_SATIR_YOK,TL,,,True,nakit akış tablosunda kalem satırı yok → 0
EGSER,2025,12,1564056,PDF,,CFO,cari,-304818173.0,PDF (şirket sitesi) https://www.egeseramik.com/application/files/3717/8179/1403/Ege_Seramik_San._ve_Tic.A.S._31.12.2025_Mali_Tablo_ve_Dipnotlar.pdf,PDF_OKUNDU,TL,69,A. İŞLETME FAALİYETLERİNDEN NAKİT AKIŞLARI (304.818.173) 360.814.960,True,özdeşlik A+B+C(+etki)=net değişim tuttu
EGSER,2025,12,1564056,PDF,,CFO,onceki,360814960.0,PDF (şirket sitesi) https://www.egeseramik.com/application/files/3717/8179/1403/Ege_Seramik_San._ve_Tic.A.S._31.12.2025_Mali_Tablo_ve_Dipnotlar.pdf,PDF_OKUNDU,TL,69,A. İŞLETME FAALİYETLERİNDEN NAKİT AKIŞLARI (304.818.173) 360.814.960,True,özdeşlik A+B+C(+etki)=net değişim tuttu
EGSER,2025,12,1564056,PDF,,MDV+MODV,cari,-250601714.0,PDF (şirket sitesi) https://www.egeseramik.com/application/files/3717/8179/1403/Ege_Seramik_San._ve_Tic.A.S._31.12.2025_Mali_Tablo_ve_Dipnotlar.pdf,PDF_OKUNDU,TL,13,Maddi ve Maddi Olmayan Duran Varlıkların Alımından Kaynaklanan Nakit Çıkışları (250.601.714) (1.235.998.149),True,1 satır
EGSER,2025,12,1564056,PDF,,MDV+MODV,onceki,-1235998149.0,PDF (şirket sitesi) https://www.egeseramik.com/application/files/3717/8179/1403/Ege_Seramik_San._ve_Tic.A.S._31.12.2025_Mali_Tablo_ve_Dipnotlar.pdf,PDF_OKUNDU,TL,13,Maddi ve Maddi Olmayan Duran Varlıkların Alımından Kaynaklanan Nakit Çıkışları (250.601.714) (1.235.998.149),True,1 satır
EGSER,2025,12,1564056,PDF,,YAGM,cari,0.0,PDF (şirket sitesi) https://www.egeseramik.com/application/files/3717/8179/1403/Ege_Seramik_San._ve_Tic.A.S._31.12.2025_Mali_Tablo_ve_Dipnotlar.pdf,PDF_SATIR_YOK,TL,,,True,nakit akış tablosunda kalem satırı yok → 0
EGSER,2025,12,1564056,PDF,,YAGM,onceki,0.0,PDF (şirket sitesi) https://www.egeseramik.com/application/files/3717/8179/1403/Ege_Seramik_San._ve_Tic.A.S._31.12.2025_Mali_Tablo_ve_Dipnotlar.pdf,PDF_SATIR_YOK,TL,,,True,nakit akış tablosunda kalem satırı yok → 0
EGSER,2025,12,1564056,PDF,,KIRA,cari,-6718272.0,PDF (şirket sitesi) https://www.egeseramik.com/application/files/3717/8179/1403/Ege_Seramik_San._ve_Tic.A.S._31.12.2025_Mali_Tablo_ve_Dipnotlar.pdf,PDF_OKUNDU,TL,13,Kira Sözleşmelerinden Kaynaklanan Borç Ödemelerine İlişkin Nakit Çıkışları 20 (6.718.272) (35.072.082),True,1 satır
EGSER,2025,12,1564056,PDF,,KIRA,onceki,-35072082.0,PDF (şirket sitesi) https://www.egeseramik.com/application/files/3717/8179/1403/Ege_Seramik_San._ve_Tic.A.S._31.12.2025_Mali_Tablo_ve_Dipnotlar.pdf,PDF_OKUNDU,TL,13,Kira Sözleşmelerinden Kaynaklanan Borç Ödemelerine İlişkin Nakit Çıkışları 20 (6.718.272) (35.072.082),True,1 satır
EGSER,2025,12,1564056,PDF,,TEMETTU,cari,0.0,PDF (şirket sitesi) https://www.egeseramik.com/application/files/3717/8179/1403/Ege_Seramik_San._ve_Tic.A.S._31.12.2025_Mali_Tablo_ve_Dipnotlar.pdf,PDF_SATIR_YOK,TL,,,True,nakit akış tablosunda kalem satırı yok → 0
EGSER,2025,12,1564056,PDF,,TEMETTU,onceki,0.0,PDF (şirket sitesi) https://www.egeseramik.com/application/files/3717/8179/1403/Ege_Seramik_San._ve_Tic.A.S._31.12.2025_Mali_Tablo_ve_Dipnotlar.pdf,PDF_SATIR_YOK,TL,,,True,nakit akış tablosunda kalem satırı yok → 0
EGSER,2026,6,1646913,PDF,,CFO,cari,-416434128.0,PDF (şirket sitesi) https://www.egeseramik.com/application/files/8317/8637/6025/Ege_Seramik_San._ve_Tic.A.S._30.06.2026_Mali_Tablo_ve_Dipnotlar.pdf,PDF_OKUNDU,TL,64,A. İŞLETME FAALİYETLERİNDEN NAKİT AKIŞLARI (416.434.128) (410.112.879),True,özdeşlik A+B+C(+etki)=net değişim tuttu
EGSER,2026,6,1646913,PDF,,CFO,onceki,-410112879.0,PDF (şirket sitesi) https://www.egeseramik.com/application/files/8317/8637/6025/Ege_Seramik_San._ve_Tic.A.S._30.06.2026_Mali_Tablo_ve_Dipnotlar.pdf,PDF_OKUNDU,TL,64,A. İŞLETME FAALİYETLERİNDEN NAKİT AKIŞLARI (416.434.128) (410.112.879),True,özdeşlik A+B+C(+etki)=net değişim tuttu
EGSER,2026,6,1646913,PDF,,MDV+MODV,cari,-404648663.0,PDF (şirket sitesi) https://www.egeseramik.com/application/files/8317/8637/6025/Ege_Seramik_San._ve_Tic.A.S._30.06.2026_Mali_Tablo_ve_Dipnotlar.pdf,PDF_OKUNDU,TL,9,Maddi ve Maddi Olmayan Duran Varlıkların Alımından Kaynaklanan Nakit Çıkışları (404.648.663) (85.467.051),True,1 satır
EGSER,2026,6,1646913,PDF,,MDV+MODV,onceki,-85467051.0,PDF (şirket sitesi) https://www.egeseramik.com/application/files/8317/8637/6025/Ege_Seramik_San._ve_Tic.A.S._30.06.2026_Mali_Tablo_ve_Dipnotlar.pdf,PDF_OKUNDU,TL,9,Maddi ve Maddi Olmayan Duran Varlıkların Alımından Kaynaklanan Nakit Çıkışları (404.648.663) (85.467.051),True,1 satır
EGSER,2026,6,1646913,PDF,,YAGM,cari,0.0,PDF (şirket sitesi) https://www.egeseramik.com/application/files/8317/8637/6025/Ege_Seramik_San._ve_Tic.A.S._30.06.2026_Mali_Tablo_ve_Dipnotlar.pdf,PDF_SATIR_YOK,TL,,,True,nakit akış tablosunda kalem satırı yok → 0
EGSER,2026,6,1646913,PDF,,YAGM,onceki,0.0,PDF (şirket sitesi) https://www.egeseramik.com/application/files/8317/8637/6025/Ege_Seramik_San._ve_Tic.A.S._30.06.2026_Mali_Tablo_ve_Dipnotlar.pdf,PDF_SATIR_YOK,TL,,,True,nakit akış tablosunda kalem satırı yok → 0
EGSER,2026,6,1646913,PDF,,KIRA,cari,-6748005.0,PDF (şirket sitesi) https://www.egeseramik.com/application/files/8317/8637/6025/Ege_Seramik_San._ve_Tic.A.S._30.06.2026_Mali_Tablo_ve_Dipnotlar.pdf,PDF_OKUNDU,TL,9,Kira Sözleşmelerinden Kaynaklanan Borç Ödemelerine İlişkin Nakit Çıkışları 20 (6.748.005) (3.569.503),True,1 satır
EGSER,2026,6,1646913,PDF,,KIRA,onceki,-3569503.0,PDF (şirket sitesi) https://www.egeseramik.com/application/files/8317/8637/6025/Ege_Seramik_San._ve_Tic.A.S._30.06.2026_Mali_Tablo_ve_Dipnotlar.pdf,PDF_OKUNDU,TL,9,Kira Sözleşmelerinden Kaynaklanan Borç Ödemelerine İlişkin Nakit Çıkışları 20 (6.748.005) (3.569.503),True,1 satır
EGSER,2026,6,1646913,PDF,,TEMETTU,cari,0.0,PDF (şirket sitesi) https://www.egeseramik.com/application/files/8317/8637/6025/Ege_Seramik_San._ve_Tic.A.S._30.06.2026_Mali_Tablo_ve_Dipnotlar.pdf,PDF_SATIR_YOK,TL,,,True,nakit akış tablosunda kalem satırı yok → 0
EGSER,2026,6,1646913,PDF,,TEMETTU,onceki,0.0,PDF (şirket sitesi) https://www.egeseramik.com/application/files/8317/8637/6025/Ege_Seramik_San._ve_Tic.A.S._30.06.2026_Mali_Tablo_ve_Dipnotlar.pdf,PDF_SATIR_YOK,TL,,,True,nakit akış tablosunda kalem satırı yok → 0
GIPTA,2024,12,1396215,PDF,,CFO,cari,279663312.0,PDF (şirket sitesi) https://www.gipta.com.tr/wp-content/uploads/2025/02/31.12.2024-Bagimsiz-Denetim-Raporu.pdf,PDF_OKUNDU,TL,12,Faaliyetlerden Elde Edilen Nakit Akışları 279.663.312 (267.842.655),True,özdeşlik A+B+C(+etki)=net değişim tuttu
GIPTA,2024,12,1396215,PDF,,CFO,onceki,-267842655.0,PDF (şirket sitesi) https://www.gipta.com.tr/wp-content/uploads/2025/02/31.12.2024-Bagimsiz-Denetim-Raporu.pdf,PDF_OKUNDU,TL,12,Faaliyetlerden Elde Edilen Nakit Akışları 279.663.312 (267.842.655),True,özdeşlik A+B+C(+etki)=net değişim tuttu
GIPTA,2024,12,1396215,PDF,,MDV+MODV,cari,-42252378.0,PDF (şirket sitesi) https://www.gipta.com.tr/wp-content/uploads/2025/02/31.12.2024-Bagimsiz-Denetim-Raporu.pdf,PDF_OKUNDU,TL,12,Maddi duran varlıkların alımından kaynaklanan nakit çıkışları 9 (42.252.378) (123.606.806) || Maddi olmayan duran varlıkların alımından kaynaklanan nakit çıkışları 10 - (28.899),True,2 satır
GIPTA,2024,12,1396215,PDF,,MDV+MODV,onceki,-123635705.0,PDF (şirket sitesi) https://www.gipta.com.tr/wp-content/uploads/2025/02/31.12.2024-Bagimsiz-Denetim-Raporu.pdf,PDF_OKUNDU,TL,12,Maddi duran varlıkların alımından kaynaklanan nakit çıkışları 9 (42.252.378) (123.606.806) || Maddi olmayan duran varlıkların alımından kaynaklanan nakit çıkışları 10 - (28.899),True,2 satır
GIPTA,2024,12,1396215,PDF,,YAGM,cari,0.0,PDF (şirket sitesi) https://www.gipta.com.tr/wp-content/uploads/2025/02/31.12.2024-Bagimsiz-Denetim-Raporu.pdf,PDF_SATIR_YOK,TL,,,True,nakit akış tablosunda kalem satırı yok → 0
GIPTA,2024,12,1396215,PDF,,YAGM,onceki,0.0,PDF (şirket sitesi) https://www.gipta.com.tr/wp-content/uploads/2025/02/31.12.2024-Bagimsiz-Denetim-Raporu.pdf,PDF_SATIR_YOK,TL,,,True,nakit akış tablosunda kalem satırı yok → 0
GIPTA,2024,12,1396215,PDF,,KIRA,cari,0.0,PDF (şirket sitesi) https://www.gipta.com.tr/wp-content/uploads/2025/02/31.12.2024-Bagimsiz-Denetim-Raporu.pdf,PDF_SATIR_YOK,TL,,,True,nakit akış tablosunda kalem satırı yok → 0
GIPTA,2024,12,1396215,PDF,,KIRA,onceki,0.0,PDF (şirket sitesi) https://www.gipta.com.tr/wp-content/uploads/2025/02/31.12.2024-Bagimsiz-Denetim-Raporu.pdf,PDF_SATIR_YOK,TL,,,True,nakit akış tablosunda kalem satırı yok → 0
GIPTA,2024,12,1396215,PDF,,TEMETTU,cari,0.0,PDF (şirket sitesi) https://www.gipta.com.tr/wp-content/uploads/2025/02/31.12.2024-Bagimsiz-Denetim-Raporu.pdf,PDF_SATIR_YOK,TL,,,True,nakit akış tablosunda kalem satırı yok → 0
GIPTA,2024,12,1396215,PDF,,TEMETTU,onceki,0.0,PDF (şirket sitesi) https://www.gipta.com.tr/wp-content/uploads/2025/02/31.12.2024-Bagimsiz-Denetim-Raporu.pdf,PDF_SATIR_YOK,TL,,,True,nakit akış tablosunda kalem satırı yok → 0
GIPTA,2025,6,1472553,PDF,,CFO,cari,54631549.0,PDF (şirket sitesi) https://www.gipta.com.tr/raporlar/30.06.2025-Bagimsiz-Denetim-Raporu.pdf,PDF_OKUNDU,TL,8,Faaliyetlerden Elde Edilen Nakit Akışları 54.631.549 382.512.180,True,özdeşlik A+B+C(+etki)=net değişim tuttu
GIPTA,2025,6,1472553,PDF,,CFO,onceki,382512180.0,PDF (şirket sitesi) https://www.gipta.com.tr/raporlar/30.06.2025-Bagimsiz-Denetim-Raporu.pdf,PDF_OKUNDU,TL,8,Faaliyetlerden Elde Edilen Nakit Akışları 54.631.549 382.512.180,True,özdeşlik A+B+C(+etki)=net değişim tuttu
GIPTA,2025,6,1472553,PDF,,MDV+MODV,cari,-11640535.0,PDF (şirket sitesi) https://www.gipta.com.tr/raporlar/30.06.2025-Bagimsiz-Denetim-Raporu.pdf,PDF_OKUNDU,TL,8,Maddi duran varlıkların alımından kaynaklanan nakit çıkışları 9 (11.610.123) (25.918.526) || Maddi olmayan duran varlıkların alımından kaynaklanan nakit çıkışları 10 (30.412) -,True,2 satır
GIPTA,2025,6,1472553,PDF,,MDV+MODV,onceki,-25918526.0,PDF (şirket sitesi) https://www.gipta.com.tr/raporlar/30.06.2025-Bagimsiz-Denetim-Raporu.pdf,PDF_OKUNDU,TL,8,Maddi duran varlıkların alımından kaynaklanan nakit çıkışları 9 (11.610.123) (25.918.526) || Maddi olmayan duran varlıkların alımından kaynaklanan nakit çıkışları 10 (30.412) -,True,2 satır
GIPTA,2025,6,1472553,PDF,,YAGM,cari,0.0,PDF (şirket sitesi) https://www.gipta.com.tr/raporlar/30.06.2025-Bagimsiz-Denetim-Raporu.pdf,PDF_SATIR_YOK,TL,,,True,nakit akış tablosunda kalem satırı yok → 0
GIPTA,2025,6,1472553,PDF,,YAGM,onceki,0.0,PDF (şirket sitesi) https://www.gipta.com.tr/raporlar/30.06.2025-Bagimsiz-Denetim-Raporu.pdf,PDF_SATIR_YOK,TL,,,True,nakit akış tablosunda kalem satırı yok → 0
GIPTA,2025,6,1472553,PDF,,KIRA,cari,0.0,PDF (şirket sitesi) https://www.gipta.com.tr/raporlar/30.06.2025-Bagimsiz-Denetim-Raporu.pdf,PDF_SATIR_YOK,TL,,,True,nakit akış tablosunda kalem satırı yok → 0
GIPTA,2025,6,1472553,PDF,,KIRA,onceki,0.0,PDF (şirket sitesi) https://www.gipta.com.tr/raporlar/30.06.2025-Bagimsiz-Denetim-Raporu.pdf,PDF_SATIR_YOK,TL,,,True,nakit akış tablosunda kalem satırı yok → 0
GIPTA,2025,6,1472553,PDF,,TEMETTU,cari,0.0,PDF (şirket sitesi) https://www.gipta.com.tr/raporlar/30.06.2025-Bagimsiz-Denetim-Raporu.pdf,PDF_SATIR_YOK,TL,,,True,nakit akış tablosunda kalem satırı yok → 0
GIPTA,2025,6,1472553,PDF,,TEMETTU,onceki,0.0,PDF (şirket sitesi) https://www.gipta.com.tr/raporlar/30.06.2025-Bagimsiz-Denetim-Raporu.pdf,PDF_SATIR_YOK,TL,,,True,nakit akış tablosunda kalem satırı yok → 0
GIPTA,2025,9,1508706,PDF,,CFO,cari,9096207.0,PDF (şirket sitesi) https://www.gipta.com.tr/wp-content/uploads/2025/10/30.09.2025-Bagimsiz-Denetim-Raporu.pdf,PDF_OKUNDU,TL,7,Faaliyetlerden Elde Edilen Nakit Akışları 9.096.207 (157.930.252),True,özdeşlik A+B+C(+etki)=net değişim tuttu
GIPTA,2025,9,1508706,PDF,,CFO,onceki,-157930252.0,PDF (şirket sitesi) https://www.gipta.com.tr/wp-content/uploads/2025/10/30.09.2025-Bagimsiz-Denetim-Raporu.pdf,PDF_OKUNDU,TL,7,Faaliyetlerden Elde Edilen Nakit Akışları 9.096.207 (157.930.252),True,özdeşlik A+B+C(+etki)=net değişim tuttu
GIPTA,2025,9,1508706,PDF,,MDV+MODV,cari,-32579913.0,PDF (şirket sitesi) https://www.gipta.com.tr/wp-content/uploads/2025/10/30.09.2025-Bagimsiz-Denetim-Raporu.pdf,PDF_OKUNDU,TL,7,Maddi duran varlıkların alımından kaynaklanan nakit çıkışları 9 (32.547.218) (34.164.103) || Maddi olmayan duran varlıkların alımından kaynaklanan nakit çıkışları 10 (32.695) -,True,2 satır
GIPTA,2025,9,1508706,PDF,,MDV+MODV,onceki,-34164103.0,PDF (şirket sitesi) https://www.gipta.com.tr/wp-content/uploads/2025/10/30.09.2025-Bagimsiz-Denetim-Raporu.pdf,PDF_OKUNDU,TL,7,Maddi duran varlıkların alımından kaynaklanan nakit çıkışları 9 (32.547.218) (34.164.103) || Maddi olmayan duran varlıkların alımından kaynaklanan nakit çıkışları 10 (32.695) -,True,2 satır
GIPTA,2025,9,1508706,PDF,,YAGM,cari,0.0,PDF (şirket sitesi) https://www.gipta.com.tr/wp-content/uploads/2025/10/30.09.2025-Bagimsiz-Denetim-Raporu.pdf,PDF_SATIR_YOK,TL,,,True,nakit akış tablosunda kalem satırı yok → 0
GIPTA,2025,9,1508706,PDF,,YAGM,onceki,0.0,PDF (şirket sitesi) https://www.gipta.com.tr/wp-content/uploads/2025/10/30.09.2025-Bagimsiz-Denetim-Raporu.pdf,PDF_SATIR_YOK,TL,,,True,nakit akış tablosunda kalem satırı yok → 0
GIPTA,2025,9,1508706,PDF,,KIRA,cari,0.0,PDF (şirket sitesi) https://www.gipta.com.tr/wp-content/uploads/2025/10/30.09.2025-Bagimsiz-Denetim-Raporu.pdf,PDF_SATIR_YOK,TL,,,True,nakit akış tablosunda kalem satırı yok → 0
GIPTA,2025,9,1508706,PDF,,KIRA,onceki,0.0,PDF (şirket sitesi) https://www.gipta.com.tr/wp-content/uploads/2025/10/30.09.2025-Bagimsiz-Denetim-Raporu.pdf,PDF_SATIR_YOK,TL,,,True,nakit akış tablosunda kalem satırı yok → 0
GIPTA,2025,9,1508706,PDF,,TEMETTU,cari,0.0,PDF (şirket sitesi) https://www.gipta.com.tr/wp-content/uploads/2025/10/30.09.2025-Bagimsiz-Denetim-Raporu.pdf,PDF_SATIR_YOK,TL,,,True,nakit akış tablosunda kalem satırı yok → 0
GIPTA,2025,9,1508706,PDF,,TEMETTU,onceki,0.0,PDF (şirket sitesi) https://www.gipta.com.tr/wp-content/uploads/2025/10/30.09.2025-Bagimsiz-Denetim-Raporu.pdf,PDF_SATIR_YOK,TL,,,True,nakit akış tablosunda kalem satırı yok → 0
GIPTA,2025,12,1563044,PDF,,CFO,cari,211682374.0,PDF (şirket sitesi) https://www.gipta.com.tr/wp-content/uploads/2026/03/31.12.2025-Bagimsiz-Denetim-Raporu.pdf,PDF_OKUNDU,TL,12,Faaliyetlerden Elde Edilen Nakit Akışları 211.682.374 366.057.825,True,özdeşlik A+B+C(+etki)=net değişim tuttu
GIPTA,2025,12,1563044,PDF,,CFO,onceki,366057825.0,PDF (şirket sitesi) https://www.gipta.com.tr/wp-content/uploads/2026/03/31.12.2025-Bagimsiz-Denetim-Raporu.pdf,PDF_OKUNDU,TL,12,Faaliyetlerden Elde Edilen Nakit Akışları 211.682.374 366.057.825,True,özdeşlik A+B+C(+etki)=net değişim tuttu
GIPTA,2025,12,1563044,PDF,,MDV+MODV,cari,-37202118.0,PDF (şirket sitesi) https://www.gipta.com.tr/wp-content/uploads/2026/03/31.12.2025-Bagimsiz-Denetim-Raporu.pdf,PDF_OKUNDU,TL,12,Maddi duran varlıkların alımından kaynaklanan nakit çıkışları 9 (37.151.500) (55.305.121) || Maddi olmayan duran varlıkların alımından kaynaklanan nakit çıkışları 10 (50.618) -,True,2 satır
GIPTA,2025,12,1563044,PDF,,MDV+MODV,onceki,-55305121.0,PDF (şirket sitesi) https://www.gipta.com.tr/wp-content/uploads/2026/03/31.12.2025-Bagimsiz-Denetim-Raporu.pdf,PDF_OKUNDU,TL,12,Maddi duran varlıkların alımından kaynaklanan nakit çıkışları 9 (37.151.500) (55.305.121) || Maddi olmayan duran varlıkların alımından kaynaklanan nakit çıkışları 10 (50.618) -,True,2 satır
GIPTA,2025,12,1563044,PDF,,YAGM,cari,0.0,PDF (şirket sitesi) https://www.gipta.com.tr/wp-content/uploads/2026/03/31.12.2025-Bagimsiz-Denetim-Raporu.pdf,PDF_SATIR_YOK,TL,,,True,nakit akış tablosunda kalem satırı yok → 0
GIPTA,2025,12,1563044,PDF,,YAGM,onceki,0.0,PDF (şirket sitesi) https://www.gipta.com.tr/wp-content/uploads/2026/03/31.12.2025-Bagimsiz-Denetim-Raporu.pdf,PDF_SATIR_YOK,TL,,,True,nakit akış tablosunda kalem satırı yok → 0
GIPTA,2025,12,1563044,PDF,,KIRA,cari,0.0,PDF (şirket sitesi) https://www.gipta.com.tr/wp-content/uploads/2026/03/31.12.2025-Bagimsiz-Denetim-Raporu.pdf,PDF_SATIR_YOK,TL,,,True,nakit akış tablosunda kalem satırı yok → 0
GIPTA,2025,12,1563044,PDF,,KIRA,onceki,0.0,PDF (şirket sitesi) https://www.gipta.com.tr/wp-content/uploads/2026/03/31.12.2025-Bagimsiz-Denetim-Raporu.pdf,PDF_SATIR_YOK,TL,,,True,nakit akış tablosunda kalem satırı yok → 0
GIPTA,2025,12,1563044,PDF,,TEMETTU,cari,0.0,PDF (şirket sitesi) https://www.gipta.com.tr/wp-content/uploads/2026/03/31.12.2025-Bagimsiz-Denetim-Raporu.pdf,PDF_SATIR_YOK,TL,,,True,nakit akış tablosunda kalem satırı yok → 0
GIPTA,2025,12,1563044,PDF,,TEMETTU,onceki,0.0,PDF (şirket sitesi) https://www.gipta.com.tr/wp-content/uploads/2026/03/31.12.2025-Bagimsiz-Denetim-Raporu.pdf,PDF_SATIR_YOK,TL,,,True,nakit akış tablosunda kalem satırı yok → 0
GLYHO,2025,12,1566137,PDF,,CFO,cari,10558252902.0,PDF (şirket sitesi) https://globalyatirim.com.tr/wp-content/uploads/2026/03/glyho-31122025-spk-rapor.pdf,PDF_OKUNDU,TL,13,İşletme Faaliyetlerinden Nakit Akışları 10.558.252.902 9.166.503.360,True,özdeşlik A+B+C(+etki)=net değişim tuttu
GLYHO,2025,12,1566137,PDF,,CFO,onceki,9166503360.0,PDF (şirket sitesi) https://globalyatirim.com.tr/wp-content/uploads/2026/03/glyho-31122025-spk-rapor.pdf,PDF_OKUNDU,TL,13,İşletme Faaliyetlerinden Nakit Akışları 10.558.252.902 9.166.503.360,True,özdeşlik A+B+C(+etki)=net değişim tuttu
GLYHO,2025,12,1566137,PDF,,MDV+MODV,cari,-9832906434.0,PDF (şirket sitesi) https://globalyatirim.com.tr/wp-content/uploads/2026/03/glyho-31122025-spk-rapor.pdf,PDF_OKUNDU,TL,13,Maddi Duran Varlık Alımından Kaynaklanan Nakit Çıkışları 16 (3.747.106.606) (2.209.608.978) || Maddi Olmayan Duran Varlık Alımından Kaynaklanan Nakit Çıkışları 18 (6.085.799.828) (11.331.214.401),True,2 satır
GLYHO,2025,12,1566137,PDF,,MDV+MODV,onceki,-13540823379.0,PDF (şirket sitesi) https://globalyatirim.com.tr/wp-content/uploads/2026/03/glyho-31122025-spk-rapor.pdf,PDF_OKUNDU,TL,13,Maddi Duran Varlık Alımından Kaynaklanan Nakit Çıkışları 16 (3.747.106.606) (2.209.608.978) || Maddi Olmayan Duran Varlık Alımından Kaynaklanan Nakit Çıkışları 18 (6.085.799.828) (11.331.214.401),True,2 satır
GLYHO,2025,12,1566137,PDF,,YAGM,cari,-497136635.0,PDF (şirket sitesi) https://globalyatirim.com.tr/wp-content/uploads/2026/03/glyho-31122025-spk-rapor.pdf,PDF_OKUNDU,TL,13,Yatırım Amaçlı Gayrimenkul Alımından Kaynaklanan Nakit Çıkışları 15 (497.136.635) (463.624.139),True,1 satır
GLYHO,2025,12,1566137,PDF,,YAGM,onceki,-463624139.0,PDF (şirket sitesi) https://globalyatirim.com.tr/wp-content/uploads/2026/03/glyho-31122025-spk-rapor.pdf,PDF_OKUNDU,TL,13,Yatırım Amaçlı Gayrimenkul Alımından Kaynaklanan Nakit Çıkışları 15 (497.136.635) (463.624.139),True,1 satır
GLYHO,2025,12,1566137,PDF,,KIRA,cari,-596038304.0,PDF (şirket sitesi) https://globalyatirim.com.tr/wp-content/uploads/2026/03/glyho-31122025-spk-rapor.pdf,PDF_OKUNDU,TL,13,Kira Sözleşmelerinden Kaynaklanan Borç Ödemelerine İlişkin Nakit Çıkışları 9 (596.038.304) (311.803.800),True,1 satır
GLYHO,2025,12,1566137,PDF,,KIRA,onceki,-311803800.0,PDF (şirket sitesi) https://globalyatirim.com.tr/wp-content/uploads/2026/03/glyho-31122025-spk-rapor.pdf,PDF_OKUNDU,TL,13,Kira Sözleşmelerinden Kaynaklanan Borç Ödemelerine İlişkin Nakit Çıkışları 9 (596.038.304) (311.803.800),True,1 satır
GLYHO,2025,12,1566137,PDF,,TEMETTU,cari,0.0,PDF (şirket sitesi) https://globalyatirim.com.tr/wp-content/uploads/2026/03/glyho-31122025-spk-rapor.pdf,PDF_SATIR_YOK,TL,,,True,nakit akış tablosunda kalem satırı yok → 0
GLYHO,2025,12,1566137,PDF,,TEMETTU,onceki,0.0,PDF (şirket sitesi) https://globalyatirim.com.tr/wp-content/uploads/2026/03/glyho-31122025-spk-rapor.pdf,PDF_SATIR_YOK,TL,,,True,nakit akış tablosunda kalem satırı yok → 0
GOKNR,2025,6,1480962,PDF,,CFO,cari,783534972.0,PDF (şirket sitesi) https://goknur.com.tr/public/images/dokuman/Finansal%20Tablolar__30-06-2025.pdf,PDF_OKUNDU,TL,7,İşletme faaliyetlerden kaynaklanan nakit akışları 783.534.972 1.326.905.895,True,özdeşlik A+B+C(+etki)=net değişim tuttu
GOKNR,2025,6,1480962,PDF,,CFO,onceki,1326905895.0,PDF (şirket sitesi) https://goknur.com.tr/public/images/dokuman/Finansal%20Tablolar__30-06-2025.pdf,PDF_OKUNDU,TL,7,İşletme faaliyetlerden kaynaklanan nakit akışları 783.534.972 1.326.905.895,True,özdeşlik A+B+C(+etki)=net değişim tuttu
GOKNR,2025,6,1480962,PDF,,MDV+MODV,cari,0.0,PDF (şirket sitesi) https://goknur.com.tr/public/images/dokuman/Finansal%20Tablolar__30-06-2025.pdf,PDF_SATIR_YOK,TL,,,True,nakit akış tablosunda kalem satırı yok → 0
GOKNR,2025,6,1480962,PDF,,MDV+MODV,onceki,0.0,PDF (şirket sitesi) https://goknur.com.tr/public/images/dokuman/Finansal%20Tablolar__30-06-2025.pdf,PDF_SATIR_YOK,TL,,,True,nakit akış tablosunda kalem satırı yok → 0
GOKNR,2025,6,1480962,PDF,,YAGM,cari,0.0,PDF (şirket sitesi) https://goknur.com.tr/public/images/dokuman/Finansal%20Tablolar__30-06-2025.pdf,PDF_SATIR_YOK,TL,,,True,nakit akış tablosunda kalem satırı yok → 0
GOKNR,2025,6,1480962,PDF,,YAGM,onceki,0.0,PDF (şirket sitesi) https://goknur.com.tr/public/images/dokuman/Finansal%20Tablolar__30-06-2025.pdf,PDF_SATIR_YOK,TL,,,True,nakit akış tablosunda kalem satırı yok → 0
GOKNR,2025,6,1480962,PDF,,KIRA,cari,0.0,PDF (şirket sitesi) https://goknur.com.tr/public/images/dokuman/Finansal%20Tablolar__30-06-2025.pdf,PDF_SATIR_YOK,TL,,,True,nakit akış tablosunda kalem satırı yok → 0
GOKNR,2025,6,1480962,PDF,,KIRA,onceki,0.0,PDF (şirket sitesi) https://goknur.com.tr/public/images/dokuman/Finansal%20Tablolar__30-06-2025.pdf,PDF_SATIR_YOK,TL,,,True,nakit akış tablosunda kalem satırı yok → 0
GOKNR,2025,6,1480962,PDF,,TEMETTU,cari,0.0,PDF (şirket sitesi) https://goknur.com.tr/public/images/dokuman/Finansal%20Tablolar__30-06-2025.pdf,PDF_SATIR_YOK,TL,,,True,nakit akış tablosunda kalem satırı yok → 0
GOKNR,2025,6,1480962,PDF,,TEMETTU,onceki,0.0,PDF (şirket sitesi) https://goknur.com.tr/public/images/dokuman/Finansal%20Tablolar__30-06-2025.pdf,PDF_SATIR_YOK,TL,,,True,nakit akış tablosunda kalem satırı yok → 0
GOKNR,2025,9,1514384,PDF,,CFO,cari,1279636986.0,PDF (şirket sitesi) https://goknur.com.tr/public/images/Finansal%20Tablolar__30-09-2025.pdf,PDF_OKUNDU,TL,7,İşletme faaliyetlerden kaynaklanan nakit akışları 1.279.636.986 1.524.768.517,True,özdeşlik A+B+C(+etki)=net değişim tuttu
GOKNR,2025,9,1514384,PDF,,CFO,onceki,1524768517.0,PDF (şirket sitesi) https://goknur.com.tr/public/images/Finansal%20Tablolar__30-09-2025.pdf,PDF_OKUNDU,TL,7,İşletme faaliyetlerden kaynaklanan nakit akışları 1.279.636.986 1.524.768.517,True,özdeşlik A+B+C(+etki)=net değişim tuttu
GOKNR,2025,9,1514384,PDF,,MDV+MODV,cari,0.0,PDF (şirket sitesi) https://goknur.com.tr/public/images/Finansal%20Tablolar__30-09-2025.pdf,PDF_SATIR_YOK,TL,,,True,nakit akış tablosunda kalem satırı yok → 0
GOKNR,2025,9,1514384,PDF,,MDV+MODV,onceki,0.0,PDF (şirket sitesi) https://goknur.com.tr/public/images/Finansal%20Tablolar__30-09-2025.pdf,PDF_SATIR_YOK,TL,,,True,nakit akış tablosunda kalem satırı yok → 0
GOKNR,2025,9,1514384,PDF,,YAGM,cari,0.0,PDF (şirket sitesi) https://goknur.com.tr/public/images/Finansal%20Tablolar__30-09-2025.pdf,PDF_SATIR_YOK,TL,,,True,nakit akış tablosunda kalem satırı yok → 0
GOKNR,2025,9,1514384,PDF,,YAGM,onceki,0.0,PDF (şirket sitesi) https://goknur.com.tr/public/images/Finansal%20Tablolar__30-09-2025.pdf,PDF_SATIR_YOK,TL,,,True,nakit akış tablosunda kalem satırı yok → 0
GOKNR,2025,9,1514384,PDF,,KIRA,cari,0.0,PDF (şirket sitesi) https://goknur.com.tr/public/images/Finansal%20Tablolar__30-09-2025.pdf,PDF_SATIR_YOK,TL,,,True,nakit akış tablosunda kalem satırı yok → 0
GOKNR,2025,9,1514384,PDF,,KIRA,onceki,0.0,PDF (şirket sitesi) https://goknur.com.tr/public/images/Finansal%20Tablolar__30-09-2025.pdf,PDF_SATIR_YOK,TL,,,True,nakit akış tablosunda kalem satırı yok → 0
GOKNR,2025,9,1514384,PDF,,TEMETTU,cari,0.0,PDF (şirket sitesi) https://goknur.com.tr/public/images/Finansal%20Tablolar__30-09-2025.pdf,PDF_SATIR_YOK,TL,,,True,nakit akış tablosunda kalem satırı yok → 0
GOKNR,2025,9,1514384,PDF,,TEMETTU,onceki,0.0,PDF (şirket sitesi) https://goknur.com.tr/public/images/Finansal%20Tablolar__30-09-2025.pdf,PDF_SATIR_YOK,TL,,,True,nakit akış tablosunda kalem satırı yok → 0
GOKNR,2025,12,1571201,PDF,,CFO,cari,2043340350.0,PDF (şirket sitesi) https://goknur.com.tr/public/images/faaliyetraporlari/Faaliyet%20Raporu___01-01-2025-31-12-2025.pdf,PDF_OKUNDU,TL,25,İşletme faaliyetlerinden kaynaklanan nakit akışları 2.043.340.350 1.123.333.586,True,özdeşlik A+B+C(+etki)=net değişim tuttu
GOKNR,2025,12,1571201,PDF,,CFO,onceki,1123333586.0,PDF (şirket sitesi) https://goknur.com.tr/public/images/faaliyetraporlari/Faaliyet%20Raporu___01-01-2025-31-12-2025.pdf,PDF_OKUNDU,TL,25,İşletme faaliyetlerinden kaynaklanan nakit akışları 2.043.340.350 1.123.333.586,True,özdeşlik A+B+C(+etki)=net değişim tuttu
GOKNR,2025,12,1571201,PDF,,MDV+MODV,cari,-463345208.0,PDF (şirket sitesi) https://goknur.com.tr/public/images/faaliyetraporlari/Faaliyet%20Raporu___01-01-2025-31-12-2025.pdf,PDF_OKUNDU,TL,25,"çıkışları 13,14,15 (463.345.208) (455.300.120)",True,1 satır
GOKNR,2025,12,1571201,PDF,,MDV+MODV,onceki,-455300120.0,PDF (şirket sitesi) https://goknur.com.tr/public/images/faaliyetraporlari/Faaliyet%20Raporu___01-01-2025-31-12-2025.pdf,PDF_OKUNDU,TL,25,"çıkışları 13,14,15 (463.345.208) (455.300.120)",True,1 satır
GOKNR,2025,12,1571201,PDF,,YAGM,cari,0.0,PDF (şirket sitesi) https://goknur.com.tr/public/images/faaliyetraporlari/Faaliyet%20Raporu___01-01-2025-31-12-2025.pdf,PDF_SATIR_YOK,TL,,,True,nakit akış tablosunda kalem satırı yok → 0
GOKNR,2025,12,1571201,PDF,,YAGM,onceki,0.0,PDF (şirket sitesi) https://goknur.com.tr/public/images/faaliyetraporlari/Faaliyet%20Raporu___01-01-2025-31-12-2025.pdf,PDF_SATIR_YOK,TL,,,True,nakit akış tablosunda kalem satırı yok → 0
GOKNR,2025,12,1571201,PDF,,KIRA,cari,0.0,PDF (şirket sitesi) https://goknur.com.tr/public/images/faaliyetraporlari/Faaliyet%20Raporu___01-01-2025-31-12-2025.pdf,PDF_SATIR_YOK,TL,,,True,nakit akış tablosunda kalem satırı yok → 0
GOKNR,2025,12,1571201,PDF,,KIRA,onceki,0.0,PDF (şirket sitesi) https://goknur.com.tr/public/images/faaliyetraporlari/Faaliyet%20Raporu___01-01-2025-31-12-2025.pdf,PDF_SATIR_YOK,TL,,,True,nakit akış tablosunda kalem satırı yok → 0
GOKNR,2025,12,1571201,PDF,,TEMETTU,cari,0.0,PDF (şirket sitesi) https://goknur.com.tr/public/images/faaliyetraporlari/Faaliyet%20Raporu___01-01-2025-31-12-2025.pdf,PDF_SATIR_YOK,TL,,,True,nakit akış tablosunda kalem satırı yok → 0
GOKNR,2025,12,1571201,PDF,,TEMETTU,onceki,0.0,PDF (şirket sitesi) https://goknur.com.tr/public/images/faaliyetraporlari/Faaliyet%20Raporu___01-01-2025-31-12-2025.pdf,PDF_SATIR_YOK,TL,,,True,nakit akış tablosunda kalem satırı yok → 0
GOKNR,2026,6,1665599,PDF,,CFO,cari,697781581.0,PDF (şirket sitesi) https://goknur.com.tr/public/images/faaliyetraporlari/Goknur%20Gida_Faaliyet%20Faporu_01-01-2026-30-06-2026.pdf,PDF_OKUNDU,TL,17,Faaliyetlerden Elde Edilen Nakit Akışları 697.781.581 1.035.133.108,True,özdeşlik A+B+C(+etki)=net değişim tuttu
GOKNR,2026,6,1665599,PDF,,CFO,onceki,1035133108.0,PDF (şirket sitesi) https://goknur.com.tr/public/images/faaliyetraporlari/Goknur%20Gida_Faaliyet%20Faporu_01-01-2026-30-06-2026.pdf,PDF_OKUNDU,TL,17,Faaliyetlerden Elde Edilen Nakit Akışları 697.781.581 1.035.133.108,True,özdeşlik A+B+C(+etki)=net değişim tuttu
GOKNR,2026,6,1665599,PDF,,MDV+MODV,cari,-53523456.0,PDF (şirket sitesi) https://goknur.com.tr/public/images/faaliyetraporlari/Goknur%20Gida_Faaliyet%20Faporu_01-01-2026-30-06-2026.pdf,PDF_OKUNDU,TL,17,"Maddi ve maddi olmayan duran varlık alımından kaynaklanan nakit çıkışları 9, 10 (53.523.456) (61.417.582)",True,1 satır
GOKNR,2026,6,1665599,PDF,,MDV+MODV,onceki,-61417582.0,PDF (şirket sitesi) https://goknur.com.tr/public/images/faaliyetraporlari/Goknur%20Gida_Faaliyet%20Faporu_01-01-2026-30-06-2026.pdf,PDF_OKUNDU,TL,17,"Maddi ve maddi olmayan duran varlık alımından kaynaklanan nakit çıkışları 9, 10 (53.523.456) (61.417.582)",True,1 satır
GOKNR,2026,6,1665599,PDF,,YAGM,cari,0.0,PDF (şirket sitesi) https://goknur.com.tr/public/images/faaliyetraporlari/Goknur%20Gida_Faaliyet%20Faporu_01-01-2026-30-06-2026.pdf,PDF_SATIR_YOK,TL,,,True,nakit akış tablosunda kalem satırı yok → 0
GOKNR,2026,6,1665599,PDF,,YAGM,onceki,0.0,PDF (şirket sitesi) https://goknur.com.tr/public/images/faaliyetraporlari/Goknur%20Gida_Faaliyet%20Faporu_01-01-2026-30-06-2026.pdf,PDF_SATIR_YOK,TL,,,True,nakit akış tablosunda kalem satırı yok → 0
GOKNR,2026,6,1665599,PDF,,KIRA,cari,0.0,PDF (şirket sitesi) https://goknur.com.tr/public/images/faaliyetraporlari/Goknur%20Gida_Faaliyet%20Faporu_01-01-2026-30-06-2026.pdf,PDF_SATIR_YOK,TL,,,True,nakit akış tablosunda kalem satırı yok → 0
GOKNR,2026,6,1665599,PDF,,KIRA,onceki,0.0,PDF (şirket sitesi) https://goknur.com.tr/public/images/faaliyetraporlari/Goknur%20Gida_Faaliyet%20Faporu_01-01-2026-30-06-2026.pdf,PDF_SATIR_YOK,TL,,,True,nakit akış tablosunda kalem satırı yok → 0
GOKNR,2026,6,1665599,PDF,,TEMETTU,cari,0.0,PDF (şirket sitesi) https://goknur.com.tr/public/images/faaliyetraporlari/Goknur%20Gida_Faaliyet%20Faporu_01-01-2026-30-06-2026.pdf,PDF_SATIR_YOK,TL,,,True,nakit akış tablosunda kalem satırı yok → 0
GOKNR,2026,6,1665599,PDF,,TEMETTU,onceki,0.0,PDF (şirket sitesi) https://goknur.com.tr/public/images/faaliyetraporlari/Goknur%20Gida_Faaliyet%20Faporu_01-01-2026-30-06-2026.pdf,PDF_SATIR_YOK,TL,,,True,nakit akış tablosunda kalem satırı yok → 0
HEKTS,2025,12,1567816,PDF,,CFO,cari,1932502053.0,PDF (şirket sitesi) https://hektas.com.tr/media/2iolsxqy/hektas-31122025-rapor-tr.pdf,PDF_OKUNDU,TL,14,İŞLETME FAALİYETLERİNDEN NAKİT AKIŞLARI 1.932.502.053 5.510.896.746,True,özdeşlik A+B+C(+etki)=net değişim tuttu
HEKTS,2025,12,1567816,PDF,,CFO,onceki,5510896746.0,PDF (şirket sitesi) https://hektas.com.tr/media/2iolsxqy/hektas-31122025-rapor-tr.pdf,PDF_OKUNDU,TL,14,İŞLETME FAALİYETLERİNDEN NAKİT AKIŞLARI 1.932.502.053 5.510.896.746,True,özdeşlik A+B+C(+etki)=net değişim tuttu
HEKTS,2025,12,1567816,PDF,,MDV+MODV,cari,-1080319245.0,PDF (şirket sitesi) https://hektas.com.tr/media/2iolsxqy/hektas-31122025-rapor-tr.pdf,PDF_OKUNDU,TL,14,Maddi ve Maddi Olmayan Duran Varlıkları Alımından Kaynaklanan Nakit Çıkışları (1.080.319.245) (874.830.621),True,1 satır
HEKTS,2025,12,1567816,PDF,,MDV+MODV,onceki,-874830621.0,PDF (şirket sitesi) https://hektas.com.tr/media/2iolsxqy/hektas-31122025-rapor-tr.pdf,PDF_OKUNDU,TL,14,Maddi ve Maddi Olmayan Duran Varlıkları Alımından Kaynaklanan Nakit Çıkışları (1.080.319.245) (874.830.621),True,1 satır
HEKTS,2025,12,1567816,PDF,,YAGM,cari,0.0,PDF (şirket sitesi) https://hektas.com.tr/media/2iolsxqy/hektas-31122025-rapor-tr.pdf,PDF_OKUNDU,TL,14,Yatırım Amaçlı Gayrimenkul Alımından Kaynaklanan Nakit Çıkışları 15 - (68.952.861),True,1 satır
HEKTS,2025,12,1567816,PDF,,YAGM,onceki,-68952861.0,PDF (şirket sitesi) https://hektas.com.tr/media/2iolsxqy/hektas-31122025-rapor-tr.pdf,PDF_OKUNDU,TL,14,Yatırım Amaçlı Gayrimenkul Alımından Kaynaklanan Nakit Çıkışları 15 - (68.952.861),True,1 satır
HEKTS,2025,12,1567816,PDF,,KIRA,cari,-302394232.0,PDF (şirket sitesi) https://hektas.com.tr/media/2iolsxqy/hektas-31122025-rapor-tr.pdf,PDF_OKUNDU,TL,14,Kira Sözleşmelerinden Kaynaklanan Borç Ödemelerine İlişkin Nakit Çıkışları 5 (302.394.232) (251.813.225),True,1 satır
HEKTS,2025,12,1567816,PDF,,KIRA,onceki,-251813225.0,PDF (şirket sitesi) https://hektas.com.tr/media/2iolsxqy/hektas-31122025-rapor-tr.pdf,PDF_OKUNDU,TL,14,Kira Sözleşmelerinden Kaynaklanan Borç Ödemelerine İlişkin Nakit Çıkışları 5 (302.394.232) (251.813.225),True,1 satır
HEKTS,2025,12,1567816,PDF,,TEMETTU,cari,0.0,PDF (şirket sitesi) https://hektas.com.tr/media/2iolsxqy/hektas-31122025-rapor-tr.pdf,PDF_SATIR_YOK,TL,,,True,nakit akış tablosunda kalem satırı yok → 0
HEKTS,2025,12,1567816,PDF,,TEMETTU,onceki,0.0,PDF (şirket sitesi) https://hektas.com.tr/media/2iolsxqy/hektas-31122025-rapor-tr.pdf,PDF_SATIR_YOK,TL,,,True,nakit akış tablosunda kalem satırı yok → 0
KATMR,2025,9,1513504,PDF,,CFO,cari,-1032216830.0,PDF (şirket sitesi) https://katmerciler.com.tr/wp-content/uploads/2025/11/KTMR_TFRS_Kons_30092025.pdf,PDF_OKUNDU,TL,7,A. ESAS FAALİYETLERDEN NAKİT AKIŞLARI (1.032.216.830) 164.263.755,True,özdeşlik A+B+C(+etki)=net değişim tuttu
KATMR,2025,9,1513504,PDF,,CFO,onceki,164263755.0,PDF (şirket sitesi) https://katmerciler.com.tr/wp-content/uploads/2025/11/KTMR_TFRS_Kons_30092025.pdf,PDF_OKUNDU,TL,7,A. ESAS FAALİYETLERDEN NAKİT AKIŞLARI (1.032.216.830) 164.263.755,True,özdeşlik A+B+C(+etki)=net değişim tuttu
KATMR,2025,9,1513504,PDF,,MDV+MODV,cari,-31210452.0,PDF (şirket sitesi) https://katmerciler.com.tr/wp-content/uploads/2025/11/KTMR_TFRS_Kons_30092025.pdf,PDF_OKUNDU,TL,7,"Maddi ve Maddi Olmayan Duran Varlıkların Alımından Kaynaklanan Nakit Çıkışları 13,16 (31.210.452) (598.118.104)",True,1 satır
KATMR,2025,9,1513504,PDF,,MDV+MODV,onceki,-598118104.0,PDF (şirket sitesi) https://katmerciler.com.tr/wp-content/uploads/2025/11/KTMR_TFRS_Kons_30092025.pdf,PDF_OKUNDU,TL,7,"Maddi ve Maddi Olmayan Duran Varlıkların Alımından Kaynaklanan Nakit Çıkışları 13,16 (31.210.452) (598.118.104)",True,1 satır
KATMR,2025,9,1513504,PDF,,YAGM,cari,0.0,PDF (şirket sitesi) https://katmerciler.com.tr/wp-content/uploads/2025/11/KTMR_TFRS_Kons_30092025.pdf,PDF_SATIR_YOK,TL,,,True,nakit akış tablosunda kalem satırı yok → 0
KATMR,2025,9,1513504,PDF,,YAGM,onceki,0.0,PDF (şirket sitesi) https://katmerciler.com.tr/wp-content/uploads/2025/11/KTMR_TFRS_Kons_30092025.pdf,PDF_SATIR_YOK,TL,,,True,nakit akış tablosunda kalem satırı yok → 0
KATMR,2025,9,1513504,PDF,,KIRA,cari,0.0,PDF (şirket sitesi) https://katmerciler.com.tr/wp-content/uploads/2025/11/KTMR_TFRS_Kons_30092025.pdf,PDF_SATIR_YOK,TL,,,True,nakit akış tablosunda kalem satırı yok → 0
KATMR,2025,9,1513504,PDF,,KIRA,onceki,0.0,PDF (şirket sitesi) https://katmerciler.com.tr/wp-content/uploads/2025/11/KTMR_TFRS_Kons_30092025.pdf,PDF_SATIR_YOK,TL,,,True,nakit akış tablosunda kalem satırı yok → 0
KATMR,2025,9,1513504,PDF,,TEMETTU,cari,0.0,PDF (şirket sitesi) https://katmerciler.com.tr/wp-content/uploads/2025/11/KTMR_TFRS_Kons_30092025.pdf,PDF_SATIR_YOK,TL,,,True,nakit akış tablosunda kalem satırı yok → 0
KATMR,2025,9,1513504,PDF,,TEMETTU,onceki,0.0,PDF (şirket sitesi) https://katmerciler.com.tr/wp-content/uploads/2025/11/KTMR_TFRS_Kons_30092025.pdf,PDF_SATIR_YOK,TL,,,True,nakit akış tablosunda kalem satırı yok → 0
KTSKR,2025,12,1564007,PDF,,CFO,cari,-436948386.0,PDF (şirket sitesi) https://www.kutahyaseker.com.tr/data/2025_4.pdf,PDF_OKUNDU,TL,11,A. İşletme Faaliyetlerinden Nakit Akışları (436.948.386) 1.160.573.423,True,özdeşlik A+B+C(+etki)=net değişim tuttu
KTSKR,2025,12,1564007,PDF,,CFO,onceki,1160573423.0,PDF (şirket sitesi) https://www.kutahyaseker.com.tr/data/2025_4.pdf,PDF_OKUNDU,TL,11,A. İşletme Faaliyetlerinden Nakit Akışları (436.948.386) 1.160.573.423,True,özdeşlik A+B+C(+etki)=net değişim tuttu
KTSKR,2025,12,1564007,PDF,,MDV+MODV,cari,-80673738.0,PDF (şirket sitesi) https://www.kutahyaseker.com.tr/data/2025_4.pdf,PDF_OKUNDU,TL,11,Maddi Duran Varlıkların Alımından Kaynaklanan Nakit Çıkışları 12 (80.673.738) (31.376.877),True,1 satır
KTSKR,2025,12,1564007,PDF,,MDV+MODV,onceki,-31376877.0,PDF (şirket sitesi) https://www.kutahyaseker.com.tr/data/2025_4.pdf,PDF_OKUNDU,TL,11,Maddi Duran Varlıkların Alımından Kaynaklanan Nakit Çıkışları 12 (80.673.738) (31.376.877),True,1 satır
KTSKR,2025,12,1564007,PDF,,YAGM,cari,0.0,PDF (şirket sitesi) https://www.kutahyaseker.com.tr/data/2025_4.pdf,PDF_SATIR_YOK,TL,,,True,nakit akış tablosunda kalem satırı yok → 0
KTSKR,2025,12,1564007,PDF,,YAGM,onceki,0.0,PDF (şirket sitesi) https://www.kutahyaseker.com.tr/data/2025_4.pdf,PDF_SATIR_YOK,TL,,,True,nakit akış tablosunda kalem satırı yok → 0
KTSKR,2025,12,1564007,PDF,,KIRA,cari,0.0,PDF (şirket sitesi) https://www.kutahyaseker.com.tr/data/2025_4.pdf,PDF_SATIR_YOK,TL,,,True,nakit akış tablosunda kalem satırı yok → 0
KTSKR,2025,12,1564007,PDF,,KIRA,onceki,0.0,PDF (şirket sitesi) https://www.kutahyaseker.com.tr/data/2025_4.pdf,PDF_SATIR_YOK,TL,,,True,nakit akış tablosunda kalem satırı yok → 0
KTSKR,2025,12,1564007,PDF,,TEMETTU,cari,0.0,PDF (şirket sitesi) https://www.kutahyaseker.com.tr/data/2025_4.pdf,PDF_SATIR_YOK,TL,,,True,nakit akış tablosunda kalem satırı yok → 0
KTSKR,2025,12,1564007,PDF,,TEMETTU,onceki,0.0,PDF (şirket sitesi) https://www.kutahyaseker.com.tr/data/2025_4.pdf,PDF_SATIR_YOK,TL,,,True,nakit akış tablosunda kalem satırı yok → 0
KTSKR,2026,3,1599614,PDF,,CFO,cari,-339912693.0,PDF (şirket sitesi) https://www.kutahyaseker.com.tr/data/2026_1.pdf,PDF_OKUNDU,TL,7,A. İşletme Faaliyetlerinden Nakit Akışları (339.912.693) (499.302.979),True,özdeşlik A+B+C(+etki)=net değişim tuttu
KTSKR,2026,3,1599614,PDF,,CFO,onceki,-499302979.0,PDF (şirket sitesi) https://www.kutahyaseker.com.tr/data/2026_1.pdf,PDF_OKUNDU,TL,7,A. İşletme Faaliyetlerinden Nakit Akışları (339.912.693) (499.302.979),True,özdeşlik A+B+C(+etki)=net değişim tuttu
KTSKR,2026,3,1599614,PDF,,MDV+MODV,cari,,PDF (şirket sitesi) https://www.kutahyaseker.com.tr/data/2026_1.pdf,PDF_EK_SATIR,TL,7,Maddi Duran Varlıkların Alımından Kaynaklanan Nakit Çıkışları 12 24.122.658 (391.208),True,çıkış satırında pozitif (işaret?)
KTSKR,2026,3,1599614,PDF,,MDV+MODV,onceki,,PDF (şirket sitesi) https://www.kutahyaseker.com.tr/data/2026_1.pdf,PDF_EK_SATIR,TL,7,Maddi Duran Varlıkların Alımından Kaynaklanan Nakit Çıkışları 12 24.122.658 (391.208),True,çıkış satırında pozitif (işaret?)
KTSKR,2026,3,1599614,PDF,,YAGM,cari,0.0,PDF (şirket sitesi) https://www.kutahyaseker.com.tr/data/2026_1.pdf,PDF_SATIR_YOK,TL,,,True,nakit akış tablosunda kalem satırı yok → 0
KTSKR,2026,3,1599614,PDF,,YAGM,onceki,0.0,PDF (şirket sitesi) https://www.kutahyaseker.com.tr/data/2026_1.pdf,PDF_SATIR_YOK,TL,,,True,nakit akış tablosunda kalem satırı yok → 0
KTSKR,2026,3,1599614,PDF,,KIRA,cari,0.0,PDF (şirket sitesi) https://www.kutahyaseker.com.tr/data/2026_1.pdf,PDF_SATIR_YOK,TL,,,True,nakit akış tablosunda kalem satırı yok → 0
KTSKR,2026,3,1599614,PDF,,KIRA,onceki,0.0,PDF (şirket sitesi) https://www.kutahyaseker.com.tr/data/2026_1.pdf,PDF_SATIR_YOK,TL,,,True,nakit akış tablosunda kalem satırı yok → 0
KTSKR,2026,3,1599614,PDF,,TEMETTU,cari,0.0,PDF (şirket sitesi) https://www.kutahyaseker.com.tr/data/2026_1.pdf,PDF_SATIR_YOK,TL,,,True,nakit akış tablosunda kalem satırı yok → 0
KTSKR,2026,3,1599614,PDF,,TEMETTU,onceki,0.0,PDF (şirket sitesi) https://www.kutahyaseker.com.tr/data/2026_1.pdf,PDF_SATIR_YOK,TL,,,True,nakit akış tablosunda kalem satırı yok → 0
KTSKR,2026,6,1645560,PDF,,CFO,cari,-237439794.0,PDF (şirket sitesi) https://www.kutahyaseker.com.tr/data/2026_2.pdf,PDF_OKUNDU,TL,8,A. İşletme Faaliyetlerinden Nakit Akışları (237.439.794) (537.966.516),True,özdeşlik A+B+C(+etki)=net değişim tuttu
KTSKR,2026,6,1645560,PDF,,CFO,onceki,-537966516.0,PDF (şirket sitesi) https://www.kutahyaseker.com.tr/data/2026_2.pdf,PDF_OKUNDU,TL,8,A. İşletme Faaliyetlerinden Nakit Akışları (237.439.794) (537.966.516),True,özdeşlik A+B+C(+etki)=net değişim tuttu
KTSKR,2026,6,1645560,PDF,,MDV+MODV,cari,-756663.0,PDF (şirket sitesi) https://www.kutahyaseker.com.tr/data/2026_2.pdf,PDF_OKUNDU,TL,8,Maddi Duran Varlıkların Alımından Kaynaklanan Nakit Çıkışları 12 (756.663) (19.428.126),True,1 satır
KTSKR,2026,6,1645560,PDF,,MDV+MODV,onceki,-19428126.0,PDF (şirket sitesi) https://www.kutahyaseker.com.tr/data/2026_2.pdf,PDF_OKUNDU,TL,8,Maddi Duran Varlıkların Alımından Kaynaklanan Nakit Çıkışları 12 (756.663) (19.428.126),True,1 satır
KTSKR,2026,6,1645560,PDF,,YAGM,cari,0.0,PDF (şirket sitesi) https://www.kutahyaseker.com.tr/data/2026_2.pdf,PDF_SATIR_YOK,TL,,,True,nakit akış tablosunda kalem satırı yok → 0
KTSKR,2026,6,1645560,PDF,,YAGM,onceki,0.0,PDF (şirket sitesi) https://www.kutahyaseker.com.tr/data/2026_2.pdf,PDF_SATIR_YOK,TL,,,True,nakit akış tablosunda kalem satırı yok → 0
KTSKR,2026,6,1645560,PDF,,KIRA,cari,0.0,PDF (şirket sitesi) https://www.kutahyaseker.com.tr/data/2026_2.pdf,PDF_SATIR_YOK,TL,,,True,nakit akış tablosunda kalem satırı yok → 0
KTSKR,2026,6,1645560,PDF,,KIRA,onceki,0.0,PDF (şirket sitesi) https://www.kutahyaseker.com.tr/data/2026_2.pdf,PDF_SATIR_YOK,TL,,,True,nakit akış tablosunda kalem satırı yok → 0
KTSKR,2026,6,1645560,PDF,,TEMETTU,cari,0.0,PDF (şirket sitesi) https://www.kutahyaseker.com.tr/data/2026_2.pdf,PDF_SATIR_YOK,TL,,,True,nakit akış tablosunda kalem satırı yok → 0
KTSKR,2026,6,1645560,PDF,,TEMETTU,onceki,0.0,PDF (şirket sitesi) https://www.kutahyaseker.com.tr/data/2026_2.pdf,PDF_SATIR_YOK,TL,,,True,nakit akış tablosunda kalem satırı yok → 0
MAKTK,2025,12,1567752,PDF,,CFO,cari,26002925.0,PDF (şirket sitesi) https://makinatakim.com.tr/wp-content/uploads/2026/03/MAKTK-Finansal-Rapor_Aralik-2025.pdf,PDF_OKUNDU,TL,12,İşletme faaliyetlerinde kullanılan nakit akışları 26.002.925 (5.693.927),True,özdeşlik A+B+C(+etki)=net değişim tuttu
MAKTK,2025,12,1567752,PDF,,CFO,onceki,-5693927.0,PDF (şirket sitesi) https://makinatakim.com.tr/wp-content/uploads/2026/03/MAKTK-Finansal-Rapor_Aralik-2025.pdf,PDF_OKUNDU,TL,12,İşletme faaliyetlerinde kullanılan nakit akışları 26.002.925 (5.693.927),True,özdeşlik A+B+C(+etki)=net değişim tuttu
MAKTK,2025,12,1567752,PDF,,MDV+MODV,cari,-55676556.0,PDF (şirket sitesi) https://makinatakim.com.tr/wp-content/uploads/2026/03/MAKTK-Finansal-Rapor_Aralik-2025.pdf,PDF_OKUNDU,TL,12,Maddi ve Maddi Olmayan Duran Varlıkların Alımından Kaynaklanan Nakit Çıkışları 8-9 (55.676.556) (50.273.748),True,1 satır
MAKTK,2025,12,1567752,PDF,,MDV+MODV,onceki,-50273748.0,PDF (şirket sitesi) https://makinatakim.com.tr/wp-content/uploads/2026/03/MAKTK-Finansal-Rapor_Aralik-2025.pdf,PDF_OKUNDU,TL,12,Maddi ve Maddi Olmayan Duran Varlıkların Alımından Kaynaklanan Nakit Çıkışları 8-9 (55.676.556) (50.273.748),True,1 satır
MAKTK,2025,12,1567752,PDF,,YAGM,cari,0.0,PDF (şirket sitesi) https://makinatakim.com.tr/wp-content/uploads/2026/03/MAKTK-Finansal-Rapor_Aralik-2025.pdf,PDF_SATIR_YOK,TL,,,True,nakit akış tablosunda kalem satırı yok → 0
MAKTK,2025,12,1567752,PDF,,YAGM,onceki,0.0,PDF (şirket sitesi) https://makinatakim.com.tr/wp-content/uploads/2026/03/MAKTK-Finansal-Rapor_Aralik-2025.pdf,PDF_SATIR_YOK,TL,,,True,nakit akış tablosunda kalem satırı yok → 0
MAKTK,2025,12,1567752,PDF,,KIRA,cari,-27259684.0,PDF (şirket sitesi) https://makinatakim.com.tr/wp-content/uploads/2026/03/MAKTK-Finansal-Rapor_Aralik-2025.pdf,PDF_OKUNDU,TL,12,Kira sözleşmelerinden kaynaklanan borç ödemelerine ilişkin nakit çıkışları 4 (27.259.684) (152.970.458),True,1 satır
MAKTK,2025,12,1567752,PDF,,KIRA,onceki,-152970458.0,PDF (şirket sitesi) https://makinatakim.com.tr/wp-content/uploads/2026/03/MAKTK-Finansal-Rapor_Aralik-2025.pdf,PDF_OKUNDU,TL,12,Kira sözleşmelerinden kaynaklanan borç ödemelerine ilişkin nakit çıkışları 4 (27.259.684) (152.970.458),True,1 satır
MAKTK,2025,12,1567752,PDF,,TEMETTU,cari,0.0,PDF (şirket sitesi) https://makinatakim.com.tr/wp-content/uploads/2026/03/MAKTK-Finansal-Rapor_Aralik-2025.pdf,PDF_SATIR_YOK,TL,,,True,nakit akış tablosunda kalem satırı yok → 0
MAKTK,2025,12,1567752,PDF,,TEMETTU,onceki,0.0,PDF (şirket sitesi) https://makinatakim.com.tr/wp-content/uploads/2026/03/MAKTK-Finansal-Rapor_Aralik-2025.pdf,PDF_SATIR_YOK,TL,,,True,nakit akış tablosunda kalem satırı yok → 0
MANAS,2026,3,1603912,PDF,,CFO,cari,-135751568.0,PDF (şirket sitesi) https://www.manas.com.tr/pdf/Manas-31.03.2026.pdf,PDF_OKUNDU,TL,7,A. ESAS FAALİYETLERDEN NAKİT AKIŞLAR (135.751.568) 69.212.076,True,özdeşlik A+B+C(+etki)=net değişim tuttu
MANAS,2026,3,1603912,PDF,,CFO,onceki,69212076.0,PDF (şirket sitesi) https://www.manas.com.tr/pdf/Manas-31.03.2026.pdf,PDF_OKUNDU,TL,7,A. ESAS FAALİYETLERDEN NAKİT AKIŞLAR (135.751.568) 69.212.076,True,özdeşlik A+B+C(+etki)=net değişim tuttu
MANAS,2026,3,1603912,PDF,,MDV+MODV,cari,-1844846.0,PDF (şirket sitesi) https://www.manas.com.tr/pdf/Manas-31.03.2026.pdf,PDF_OKUNDU,TL,7,Maddi Duran Varlık Alımları 14 (1.844.846) (3.724.760) || Maddi Olmayan Duran Varlık Alımları 15 - (32.975.654),True,2 satır
MANAS,2026,3,1603912,PDF,,MDV+MODV,onceki,-36700414.0,PDF (şirket sitesi) https://www.manas.com.tr/pdf/Manas-31.03.2026.pdf,PDF_OKUNDU,TL,7,Maddi Duran Varlık Alımları 14 (1.844.846) (3.724.760) || Maddi Olmayan Duran Varlık Alımları 15 - (32.975.654),True,2 satır
MANAS,2026,3,1603912,PDF,,YAGM,cari,0.0,PDF (şirket sitesi) https://www.manas.com.tr/pdf/Manas-31.03.2026.pdf,PDF_SATIR_YOK,TL,,,True,nakit akış tablosunda kalem satırı yok → 0
MANAS,2026,3,1603912,PDF,,YAGM,onceki,0.0,PDF (şirket sitesi) https://www.manas.com.tr/pdf/Manas-31.03.2026.pdf,PDF_SATIR_YOK,TL,,,True,nakit akış tablosunda kalem satırı yok → 0
MANAS,2026,3,1603912,PDF,,KIRA,cari,-47033.0,PDF (şirket sitesi) https://www.manas.com.tr/pdf/Manas-31.03.2026.pdf,PDF_OKUNDU,TL,7,Kiralama Sözleşmelerinden Kaynaklanan Borç Ödemeleri 5 (47.033) (92.088),True,1 satır
MANAS,2026,3,1603912,PDF,,KIRA,onceki,-92088.0,PDF (şirket sitesi) https://www.manas.com.tr/pdf/Manas-31.03.2026.pdf,PDF_OKUNDU,TL,7,Kiralama Sözleşmelerinden Kaynaklanan Borç Ödemeleri 5 (47.033) (92.088),True,1 satır
MANAS,2026,3,1603912,PDF,,TEMETTU,cari,0.0,PDF (şirket sitesi) https://www.manas.com.tr/pdf/Manas-31.03.2026.pdf,PDF_SATIR_YOK,TL,,,True,nakit akış tablosunda kalem satırı yok → 0
MANAS,2026,3,1603912,PDF,,TEMETTU,onceki,0.0,PDF (şirket sitesi) https://www.manas.com.tr/pdf/Manas-31.03.2026.pdf,PDF_SATIR_YOK,TL,,,True,nakit akış tablosunda kalem satırı yok → 0
MARBL,2024,12,1403888,PDF,,CFO,cari,91536253.0,PDF (şirket sitesi) https://www.marblesystemstureks.com.tr/wp-content/uploads/2025/03/Tureks-A.S-31.12.2024-Bagimsiz-Denetim-Raporu.pdf,PDF_OKUNDU,TL,13,A) İŞLETME FAALİYETLERİNDEN NAKİT AKIŞLARI 91.536.253 140.042.617,False,özdeşlik A+B+C(+etki)=net değişim tuttu
MARBL,2024,12,1403888,PDF,,CFO,onceki,140042617.0,PDF (şirket sitesi) https://www.marblesystemstureks.com.tr/wp-content/uploads/2025/03/Tureks-A.S-31.12.2024-Bagimsiz-Denetim-Raporu.pdf,PDF_OKUNDU,TL,13,A) İŞLETME FAALİYETLERİNDEN NAKİT AKIŞLARI 91.536.253 140.042.617,False,özdeşlik A+B+C(+etki)=net değişim tuttu
MARBL,2024,12,1403888,PDF,,MDV+MODV,cari,,PDF (şirket sitesi) https://www.marblesystemstureks.com.tr/wp-content/uploads/2025/03/Tureks-A.S-31.12.2024-Bagimsiz-Denetim-Raporu.pdf,PDF_EK_SATIR,TL,13,"Maddi ve Maddi Olmayan Duran Varlıkların Alımından Kaynaklanan Nakit Çıkışları 14,15.16 214.644.796 (80.781.304)",False,çıkış satırında pozitif (işaret?)
MARBL,2024,12,1403888,PDF,,MDV+MODV,onceki,,PDF (şirket sitesi) https://www.marblesystemstureks.com.tr/wp-content/uploads/2025/03/Tureks-A.S-31.12.2024-Bagimsiz-Denetim-Raporu.pdf,PDF_EK_SATIR,TL,13,"Maddi ve Maddi Olmayan Duran Varlıkların Alımından Kaynaklanan Nakit Çıkışları 14,15.16 214.644.796 (80.781.304)",False,çıkış satırında pozitif (işaret?)
MARBL,2024,12,1403888,PDF,,YAGM,cari,0.0,PDF (şirket sitesi) https://www.marblesystemstureks.com.tr/wp-content/uploads/2025/03/Tureks-A.S-31.12.2024-Bagimsiz-Denetim-Raporu.pdf,PDF_SATIR_YOK,TL,,,False,nakit akış tablosunda kalem satırı yok → 0
MARBL,2024,12,1403888,PDF,,YAGM,onceki,0.0,PDF (şirket sitesi) https://www.marblesystemstureks.com.tr/wp-content/uploads/2025/03/Tureks-A.S-31.12.2024-Bagimsiz-Denetim-Raporu.pdf,PDF_SATIR_YOK,TL,,,False,nakit akış tablosunda kalem satırı yok → 0
MARBL,2024,12,1403888,PDF,,KIRA,cari,-225729542.0,PDF (şirket sitesi) https://www.marblesystemstureks.com.tr/wp-content/uploads/2025/03/Tureks-A.S-31.12.2024-Bagimsiz-Denetim-Raporu.pdf,PDF_OKUNDU,TL,13,Kira sözleşmelerinden kaynaklanan borç ödemelerine ilişkin nakit çıkışlar (225.729.542) (56.584.728),False,1 satır
MARBL,2024,12,1403888,PDF,,KIRA,onceki,-56584728.0,PDF (şirket sitesi) https://www.marblesystemstureks.com.tr/wp-content/uploads/2025/03/Tureks-A.S-31.12.2024-Bagimsiz-Denetim-Raporu.pdf,PDF_OKUNDU,TL,13,Kira sözleşmelerinden kaynaklanan borç ödemelerine ilişkin nakit çıkışlar (225.729.542) (56.584.728),False,1 satır
MARBL,2024,12,1403888,PDF,,TEMETTU,cari,0.0,PDF (şirket sitesi) https://www.marblesystemstureks.com.tr/wp-content/uploads/2025/03/Tureks-A.S-31.12.2024-Bagimsiz-Denetim-Raporu.pdf,PDF_SATIR_YOK,TL,,,False,nakit akış tablosunda kalem satırı yok → 0
MARBL,2024,12,1403888,PDF,,TEMETTU,onceki,0.0,PDF (şirket sitesi) https://www.marblesystemstureks.com.tr/wp-content/uploads/2025/03/Tureks-A.S-31.12.2024-Bagimsiz-Denetim-Raporu.pdf,PDF_SATIR_YOK,TL,,,False,nakit akış tablosunda kalem satırı yok → 0
MARBL,2025,9,1513642,PDF,,CFO,cari,-39927558.0,PDF (şirket sitesi) https://www.marblesystemstureks.com.tr/wp-content/uploads/2025/11/Tureks-A.S.-30.09.2025-Konsolide-Finansal-Tablolar.pdf,PDF_OKUNDU,TL,8,A) İŞLETME FAALİYETLERİNDEN NAKİT AKIŞLARI (39.927.558) 23.188.368,False,özdeşlik A+B+C(+etki)=net değişim tuttu
MARBL,2025,9,1513642,PDF,,CFO,onceki,23188368.0,PDF (şirket sitesi) https://www.marblesystemstureks.com.tr/wp-content/uploads/2025/11/Tureks-A.S.-30.09.2025-Konsolide-Finansal-Tablolar.pdf,PDF_OKUNDU,TL,8,A) İŞLETME FAALİYETLERİNDEN NAKİT AKIŞLARI (39.927.558) 23.188.368,False,özdeşlik A+B+C(+etki)=net değişim tuttu
MARBL,2025,9,1513642,PDF,,MDV+MODV,cari,-120350709.0,PDF (şirket sitesi) https://www.marblesystemstureks.com.tr/wp-content/uploads/2025/11/Tureks-A.S.-30.09.2025-Konsolide-Finansal-Tablolar.pdf,PDF_OKUNDU,TL,8,"Maddi ve Maddi Olmayan Duran Varlıkların Alımından Kaynaklanan Nakit Çıkışları 14,15.16 (120.350.709) (189.360.787)",False,1 satır
MARBL,2025,9,1513642,PDF,,MDV+MODV,onceki,-189360787.0,PDF (şirket sitesi) https://www.marblesystemstureks.com.tr/wp-content/uploads/2025/11/Tureks-A.S.-30.09.2025-Konsolide-Finansal-Tablolar.pdf,PDF_OKUNDU,TL,8,"Maddi ve Maddi Olmayan Duran Varlıkların Alımından Kaynaklanan Nakit Çıkışları 14,15.16 (120.350.709) (189.360.787)",False,1 satır
MARBL,2025,9,1513642,PDF,,YAGM,cari,0.0,PDF (şirket sitesi) https://www.marblesystemstureks.com.tr/wp-content/uploads/2025/11/Tureks-A.S.-30.09.2025-Konsolide-Finansal-Tablolar.pdf,PDF_SATIR_YOK,TL,,,False,nakit akış tablosunda kalem satırı yok → 0
MARBL,2025,9,1513642,PDF,,YAGM,onceki,0.0,PDF (şirket sitesi) https://www.marblesystemstureks.com.tr/wp-content/uploads/2025/11/Tureks-A.S.-30.09.2025-Konsolide-Finansal-Tablolar.pdf,PDF_SATIR_YOK,TL,,,False,nakit akış tablosunda kalem satırı yok → 0
MARBL,2025,9,1513642,PDF,,KIRA,cari,,PDF (şirket sitesi) https://www.marblesystemstureks.com.tr/wp-content/uploads/2025/11/Tureks-A.S.-30.09.2025-Konsolide-Finansal-Tablolar.pdf,PDF_EK_SATIR,TL,8,Kira sözleşmelerinden kaynaklanan borç ödemelerine ilişkin nakit çıkışlar 5.621.219 (60.410.211),False,çıkış satırında pozitif (işaret?)
MARBL,2025,9,1513642,PDF,,KIRA,onceki,,PDF (şirket sitesi) https://www.marblesystemstureks.com.tr/wp-content/uploads/2025/11/Tureks-A.S.-30.09.2025-Konsolide-Finansal-Tablolar.pdf,PDF_EK_SATIR,TL,8,Kira sözleşmelerinden kaynaklanan borç ödemelerine ilişkin nakit çıkışlar 5.621.219 (60.410.211),False,çıkış satırında pozitif (işaret?)
MARBL,2025,9,1513642,PDF,,TEMETTU,cari,0.0,PDF (şirket sitesi) https://www.marblesystemstureks.com.tr/wp-content/uploads/2025/11/Tureks-A.S.-30.09.2025-Konsolide-Finansal-Tablolar.pdf,PDF_SATIR_YOK,TL,,,False,nakit akış tablosunda kalem satırı yok → 0
MARBL,2025,9,1513642,PDF,,TEMETTU,onceki,0.0,PDF (şirket sitesi) https://www.marblesystemstureks.com.tr/wp-content/uploads/2025/11/Tureks-A.S.-30.09.2025-Konsolide-Finansal-Tablolar.pdf,PDF_SATIR_YOK,TL,,,False,nakit akış tablosunda kalem satırı yok → 0
MERCN,2025,6,1476609,PDF,,CFO,cari,88665766.0,PDF (şirket sitesi) https://www.mercankimya.com.tr/uploads/files/pdf/FinansalSonuclar-30-06-2025.pdf,PDF_OKUNDU,TL,7,Faaliyetlerden Elde Edilen Nakit Akışları 88.665.766 391.663.400,True,özdeşlik A+B+C(+etki)=net değişim tuttu
MERCN,2025,6,1476609,PDF,,CFO,onceki,400915639.0,PDF (şirket sitesi) https://www.mercankimya.com.tr/uploads/files/pdf/FinansalSonuclar-30-06-2025.pdf,PDF_OKUNDU,TL,7,İşletme faaliyetlerinden nakit akışlar 88.665.766 400.915.639,True,özdeşlik A+B+C(+etki)=net değişim tuttu
MERCN,2025,6,1476609,PDF,,MDV+MODV,cari,,PDF (şirket sitesi) https://www.mercankimya.com.tr/uploads/files/pdf/FinansalSonuclar-30-06-2025.pdf,PDF_EK_SATIR,TL,7,Maddi ve Maddi Olmayan Varlıkların Alımından Kaynaklanan Nakit Çıkışları 13 14 (124.709.493) (64.825.160),True,3 sütun
MERCN,2025,6,1476609,PDF,,MDV+MODV,onceki,,PDF (şirket sitesi) https://www.mercankimya.com.tr/uploads/files/pdf/FinansalSonuclar-30-06-2025.pdf,PDF_EK_SATIR,TL,7,Maddi ve Maddi Olmayan Varlıkların Alımından Kaynaklanan Nakit Çıkışları 13 14 (124.709.493) (64.825.160),True,3 sütun
MERCN,2025,6,1476609,PDF,,YAGM,cari,,PDF (şirket sitesi) https://www.mercankimya.com.tr/uploads/files/pdf/FinansalSonuclar-30-06-2025.pdf,PDF_EK_SATIR,TL,7,Yatırım Amaçlı Gayrimenkul Alımından Kaynaklanan Nakit Çıkışları 12 50.000.000 -,True,çıkış satırında pozitif (işaret?)
MERCN,2025,6,1476609,PDF,,YAGM,onceki,,PDF (şirket sitesi) https://www.mercankimya.com.tr/uploads/files/pdf/FinansalSonuclar-30-06-2025.pdf,PDF_EK_SATIR,TL,7,Yatırım Amaçlı Gayrimenkul Alımından Kaynaklanan Nakit Çıkışları 12 50.000.000 -,True,çıkış satırında pozitif (işaret?)
MERCN,2025,6,1476609,PDF,,KIRA,cari,-1595796.0,PDF (şirket sitesi) https://www.mercankimya.com.tr/uploads/files/pdf/FinansalSonuclar-30-06-2025.pdf,PDF_OKUNDU,TL,7,Kira Sözleşmelerinden Kaynaklanan Borç Ödemelerine İlişkin Nakit Çıkışlar 6 (1.595.796) (3.771.234),True,1 satır
MERCN,2025,6,1476609,PDF,,KIRA,onceki,-3771234.0,PDF (şirket sitesi) https://www.mercankimya.com.tr/uploads/files/pdf/FinansalSonuclar-30-06-2025.pdf,PDF_OKUNDU,TL,7,Kira Sözleşmelerinden Kaynaklanan Borç Ödemelerine İlişkin Nakit Çıkışlar 6 (1.595.796) (3.771.234),True,1 satır
MERCN,2025,6,1476609,PDF,,TEMETTU,cari,0.0,PDF (şirket sitesi) https://www.mercankimya.com.tr/uploads/files/pdf/FinansalSonuclar-30-06-2025.pdf,PDF_SATIR_YOK,TL,,,True,nakit akış tablosunda kalem satırı yok → 0
MERCN,2025,6,1476609,PDF,,TEMETTU,onceki,0.0,PDF (şirket sitesi) https://www.mercankimya.com.tr/uploads/files/pdf/FinansalSonuclar-30-06-2025.pdf,PDF_SATIR_YOK,TL,,,True,nakit akış tablosunda kalem satırı yok → 0
MERKO,2026,3,0,PDF,,CFO,cari,-252241015.0,PDF (şirket sitesi) https://www.merko.com.tr/wp-content/uploads/2026/06/Merko-Finansal_Rapor-20260331-9M.pdf,PDF_OKUNDU,TL,7,Faaliyetlerden Elde Edilen Nakit Akışları (252.241.015) (885.945.000),True,özdeşlik A+B+C(+etki)=net değişim tuttu
MERKO,2026,3,0,PDF,,CFO,onceki,-885945000.0,PDF (şirket sitesi) https://www.merko.com.tr/wp-content/uploads/2026/06/Merko-Finansal_Rapor-20260331-9M.pdf,PDF_OKUNDU,TL,7,Faaliyetlerden Elde Edilen Nakit Akışları (252.241.015) (885.945.000),True,özdeşlik A+B+C(+etki)=net değişim tuttu
MERKO,2026,3,0,PDF,,MDV+MODV,cari,-64232282.0,PDF (şirket sitesi) https://www.merko.com.tr/wp-content/uploads/2026/06/Merko-Finansal_Rapor-20260331-9M.pdf,PDF_OKUNDU,TL,7,Maddi & Maddi Olmayan Duran Varlık Alımından Kaynaklanan Nakit Çıkışları (64.232.282) (97.148.076),True,1 satır
MERKO,2026,3,0,PDF,,MDV+MODV,onceki,-97148076.0,PDF (şirket sitesi) https://www.merko.com.tr/wp-content/uploads/2026/06/Merko-Finansal_Rapor-20260331-9M.pdf,PDF_OKUNDU,TL,7,Maddi & Maddi Olmayan Duran Varlık Alımından Kaynaklanan Nakit Çıkışları (64.232.282) (97.148.076),True,1 satır
MERKO,2026,3,0,PDF,,YAGM,cari,0.0,PDF (şirket sitesi) https://www.merko.com.tr/wp-content/uploads/2026/06/Merko-Finansal_Rapor-20260331-9M.pdf,PDF_SATIR_YOK,TL,,,True,nakit akış tablosunda kalem satırı yok → 0
MERKO,2026,3,0,PDF,,YAGM,onceki,0.0,PDF (şirket sitesi) https://www.merko.com.tr/wp-content/uploads/2026/06/Merko-Finansal_Rapor-20260331-9M.pdf,PDF_SATIR_YOK,TL,,,True,nakit akış tablosunda kalem satırı yok → 0
MERKO,2026,3,0,PDF,,KIRA,cari,0.0,PDF (şirket sitesi) https://www.merko.com.tr/wp-content/uploads/2026/06/Merko-Finansal_Rapor-20260331-9M.pdf,PDF_OKUNDU,TL,7,-Kiralama İşlemlerinden Borçlar - (72.014.777),True,1 satır
MERKO,2026,3,0,PDF,,KIRA,onceki,-72014777.0,PDF (şirket sitesi) https://www.merko.com.tr/wp-content/uploads/2026/06/Merko-Finansal_Rapor-20260331-9M.pdf,PDF_OKUNDU,TL,7,-Kiralama İşlemlerinden Borçlar - (72.014.777),True,1 satır
MERKO,2026,3,0,PDF,,TEMETTU,cari,0.0,PDF (şirket sitesi) https://www.merko.com.tr/wp-content/uploads/2026/06/Merko-Finansal_Rapor-20260331-9M.pdf,PDF_SATIR_YOK,TL,,,True,nakit akış tablosunda kalem satırı yok → 0
MERKO,2026,3,0,PDF,,TEMETTU,onceki,0.0,PDF (şirket sitesi) https://www.merko.com.tr/wp-content/uploads/2026/06/Merko-Finansal_Rapor-20260331-9M.pdf,PDF_SATIR_YOK,TL,,,True,nakit akış tablosunda kalem satırı yok → 0
NTHOL,2026,3,1605807,PDF,,CFO,cari,1535340000.0,PDF (şirket sitesi) https://www.netholding.com/wp-content/uploads/2026/06/2026-03-31-finansal-tablolar-ve-dipnotlari.pdf,PDF_OKUNDU,bin TL,8,A. İŞLETME FAALİYETLERDEN NAKİT AKIŞLARI 1.535.340 1.909.760,True,özdeşlik A+B+C(+etki)=net değişim tuttu
NTHOL,2026,3,1605807,PDF,,CFO,onceki,1909760000.0,PDF (şirket sitesi) https://www.netholding.com/wp-content/uploads/2026/06/2026-03-31-finansal-tablolar-ve-dipnotlari.pdf,PDF_OKUNDU,bin TL,8,A. İŞLETME FAALİYETLERDEN NAKİT AKIŞLARI 1.535.340 1.909.760,True,özdeşlik A+B+C(+etki)=net değişim tuttu
NTHOL,2026,3,1605807,PDF,,MDV+MODV,cari,-1403570000.0,PDF (şirket sitesi) https://www.netholding.com/wp-content/uploads/2026/06/2026-03-31-finansal-tablolar-ve-dipnotlari.pdf,PDF_OKUNDU,bin TL,9,Nakit Çıkışları (1.403.570) (1.935.312),True,1 satır
NTHOL,2026,3,1605807,PDF,,MDV+MODV,onceki,-1935312000.0,PDF (şirket sitesi) https://www.netholding.com/wp-content/uploads/2026/06/2026-03-31-finansal-tablolar-ve-dipnotlari.pdf,PDF_OKUNDU,bin TL,9,Nakit Çıkışları (1.403.570) (1.935.312),True,1 satır
NTHOL,2026,3,1605807,PDF,,YAGM,cari,-10110000.0,PDF (şirket sitesi) https://www.netholding.com/wp-content/uploads/2026/06/2026-03-31-finansal-tablolar-ve-dipnotlari.pdf,PDF_OKUNDU,bin TL,9,Yatırım Amaçlı Gayrimenkul Alımından Kaynaklanan Nakit Çıkışları (10.110) -,True,1 satır
NTHOL,2026,3,1605807,PDF,,YAGM,onceki,0.0,PDF (şirket sitesi) https://www.netholding.com/wp-content/uploads/2026/06/2026-03-31-finansal-tablolar-ve-dipnotlari.pdf,PDF_OKUNDU,bin TL,9,Yatırım Amaçlı Gayrimenkul Alımından Kaynaklanan Nakit Çıkışları (10.110) -,True,1 satır
NTHOL,2026,3,1605807,PDF,,KIRA,cari,0.0,PDF (şirket sitesi) https://www.netholding.com/wp-content/uploads/2026/06/2026-03-31-finansal-tablolar-ve-dipnotlari.pdf,PDF_SATIR_YOK,bin TL,,,True,nakit akış tablosunda kalem satırı yok → 0
NTHOL,2026,3,1605807,PDF,,KIRA,onceki,0.0,PDF (şirket sitesi) https://www.netholding.com/wp-content/uploads/2026/06/2026-03-31-finansal-tablolar-ve-dipnotlari.pdf,PDF_SATIR_YOK,bin TL,,,True,nakit akış tablosunda kalem satırı yok → 0
NTHOL,2026,3,1605807,PDF,,TEMETTU,cari,0.0,PDF (şirket sitesi) https://www.netholding.com/wp-content/uploads/2026/06/2026-03-31-finansal-tablolar-ve-dipnotlari.pdf,PDF_SATIR_YOK,bin TL,,,True,nakit akış tablosunda kalem satırı yok → 0
NTHOL,2026,3,1605807,PDF,,TEMETTU,onceki,0.0,PDF (şirket sitesi) https://www.netholding.com/wp-content/uploads/2026/06/2026-03-31-finansal-tablolar-ve-dipnotlari.pdf,PDF_SATIR_YOK,bin TL,,,True,nakit akış tablosunda kalem satırı yok → 0
OBAMS,2025,3,1437062,PDF,,CFO,cari,-900974018.0,PDF (şirket sitesi) https://www.obamakarna.com.tr/uploads/2/Oba-Makarnacilik-Mali-Tablo-Dipnotlar--31032025.pdf,PDF_OKUNDU,TL,7,İşletme faaliyetlerinden elde edilen nakit akışları (900.974.018) (4.381.426.499),True,özdeşlik A+B+C(+etki)=net değişim tuttu
OBAMS,2025,3,1437062,PDF,,CFO,onceki,-4381426499.0,PDF (şirket sitesi) https://www.obamakarna.com.tr/uploads/2/Oba-Makarnacilik-Mali-Tablo-Dipnotlar--31032025.pdf,PDF_OKUNDU,TL,7,İşletme faaliyetlerinden elde edilen nakit akışları (900.974.018) (4.381.426.499),True,özdeşlik A+B+C(+etki)=net değişim tuttu
OBAMS,2025,3,1437062,PDF,,MDV+MODV,cari,-9789337.0,PDF (şirket sitesi) https://www.obamakarna.com.tr/uploads/2/Oba-Makarnacilik-Mali-Tablo-Dipnotlar--31032025.pdf,PDF_OKUNDU,TL,7,Maddi duran varlıkların alımından kaynaklanan nakit çıkışları 11 (9.789.337) (93.880.271),True,1 satır
OBAMS,2025,3,1437062,PDF,,MDV+MODV,onceki,-93880271.0,PDF (şirket sitesi) https://www.obamakarna.com.tr/uploads/2/Oba-Makarnacilik-Mali-Tablo-Dipnotlar--31032025.pdf,PDF_OKUNDU,TL,7,Maddi duran varlıkların alımından kaynaklanan nakit çıkışları 11 (9.789.337) (93.880.271),True,1 satır
OBAMS,2025,3,1437062,PDF,,YAGM,cari,0.0,PDF (şirket sitesi) https://www.obamakarna.com.tr/uploads/2/Oba-Makarnacilik-Mali-Tablo-Dipnotlar--31032025.pdf,PDF_SATIR_YOK,TL,,,True,nakit akış tablosunda kalem satırı yok → 0
OBAMS,2025,3,1437062,PDF,,YAGM,onceki,0.0,PDF (şirket sitesi) https://www.obamakarna.com.tr/uploads/2/Oba-Makarnacilik-Mali-Tablo-Dipnotlar--31032025.pdf,PDF_SATIR_YOK,TL,,,True,nakit akış tablosunda kalem satırı yok → 0
OBAMS,2025,3,1437062,PDF,,KIRA,cari,0.0,PDF (şirket sitesi) https://www.obamakarna.com.tr/uploads/2/Oba-Makarnacilik-Mali-Tablo-Dipnotlar--31032025.pdf,PDF_SATIR_YOK,TL,,,True,nakit akış tablosunda kalem satırı yok → 0
OBAMS,2025,3,1437062,PDF,,KIRA,onceki,0.0,PDF (şirket sitesi) https://www.obamakarna.com.tr/uploads/2/Oba-Makarnacilik-Mali-Tablo-Dipnotlar--31032025.pdf,PDF_SATIR_YOK,TL,,,True,nakit akış tablosunda kalem satırı yok → 0
OBAMS,2025,3,1437062,PDF,,TEMETTU,cari,0.0,PDF (şirket sitesi) https://www.obamakarna.com.tr/uploads/2/Oba-Makarnacilik-Mali-Tablo-Dipnotlar--31032025.pdf,PDF_SATIR_YOK,TL,,,True,nakit akış tablosunda kalem satırı yok → 0
OBAMS,2025,3,1437062,PDF,,TEMETTU,onceki,0.0,PDF (şirket sitesi) https://www.obamakarna.com.tr/uploads/2/Oba-Makarnacilik-Mali-Tablo-Dipnotlar--31032025.pdf,PDF_SATIR_YOK,TL,,,True,nakit akış tablosunda kalem satırı yok → 0
OTTO,2025,9,1514416,PDF,,CFO,cari,16925128.0,PDF (şirket sitesi) https://ottoholding.com.tr/wp-content/uploads/2025/12/Otto_30092025_3donem.pdf,PDF_OKUNDU,TL,7,A. İşletme Faaliyetlerinden Elde Edilen Nakit Akışları 16.925.128 173.085.739,True,özdeşlik A+B+C(+etki)=net değişim tuttu
OTTO,2025,9,1514416,PDF,,CFO,onceki,173085739.0,PDF (şirket sitesi) https://ottoholding.com.tr/wp-content/uploads/2025/12/Otto_30092025_3donem.pdf,PDF_OKUNDU,TL,7,A. İşletme Faaliyetlerinden Elde Edilen Nakit Akışları 16.925.128 173.085.739,True,özdeşlik A+B+C(+etki)=net değişim tuttu
OTTO,2025,9,1514416,PDF,,MDV+MODV,cari,-3413291.0,PDF (şirket sitesi) https://ottoholding.com.tr/wp-content/uploads/2025/12/Otto_30092025_3donem.pdf,PDF_OKUNDU,TL,7,Maddi Duran Varlık Alımından Kaynaklanan Nakit Çıkışları 12 (3.413.291) (129.229.109),True,1 satır
OTTO,2025,9,1514416,PDF,,MDV+MODV,onceki,-129229109.0,PDF (şirket sitesi) https://ottoholding.com.tr/wp-content/uploads/2025/12/Otto_30092025_3donem.pdf,PDF_OKUNDU,TL,7,Maddi Duran Varlık Alımından Kaynaklanan Nakit Çıkışları 12 (3.413.291) (129.229.109),True,1 satır
OTTO,2025,9,1514416,PDF,,YAGM,cari,0.0,PDF (şirket sitesi) https://ottoholding.com.tr/wp-content/uploads/2025/12/Otto_30092025_3donem.pdf,PDF_SATIR_YOK,TL,,,True,nakit akış tablosunda kalem satırı yok → 0
OTTO,2025,9,1514416,PDF,,YAGM,onceki,0.0,PDF (şirket sitesi) https://ottoholding.com.tr/wp-content/uploads/2025/12/Otto_30092025_3donem.pdf,PDF_SATIR_YOK,TL,,,True,nakit akış tablosunda kalem satırı yok → 0
OTTO,2025,9,1514416,PDF,,KIRA,cari,0.0,PDF (şirket sitesi) https://ottoholding.com.tr/wp-content/uploads/2025/12/Otto_30092025_3donem.pdf,PDF_SATIR_YOK,TL,,,True,nakit akış tablosunda kalem satırı yok → 0
OTTO,2025,9,1514416,PDF,,KIRA,onceki,0.0,PDF (şirket sitesi) https://ottoholding.com.tr/wp-content/uploads/2025/12/Otto_30092025_3donem.pdf,PDF_SATIR_YOK,TL,,,True,nakit akış tablosunda kalem satırı yok → 0
OTTO,2025,9,1514416,PDF,,TEMETTU,cari,0.0,PDF (şirket sitesi) https://ottoholding.com.tr/wp-content/uploads/2025/12/Otto_30092025_3donem.pdf,PDF_SATIR_YOK,TL,,,True,nakit akış tablosunda kalem satırı yok → 0
OTTO,2025,9,1514416,PDF,,TEMETTU,onceki,0.0,PDF (şirket sitesi) https://ottoholding.com.tr/wp-content/uploads/2025/12/Otto_30092025_3donem.pdf,PDF_SATIR_YOK,TL,,,True,nakit akış tablosunda kalem satırı yok → 0
RTALB,2025,9,1508381,PDF,,CFO,cari,149631243.0,PDF (şirket sitesi) https://rtalabs.com.tr/wp-content/uploads/2025/12/RTALB-30.09.2025-Mali-Tablosu.pdf,PDF_OKUNDU,TL,8,A. İŞLETME FAALİYETLERİNDEN NAKİT AKIŞLARI 149.631.243 (205.244.314),True,özdeşlik A+B+C(+etki)=net değişim tuttu
RTALB,2025,9,1508381,PDF,,CFO,onceki,-205244314.0,PDF (şirket sitesi) https://rtalabs.com.tr/wp-content/uploads/2025/12/RTALB-30.09.2025-Mali-Tablosu.pdf,PDF_OKUNDU,TL,8,A. İŞLETME FAALİYETLERİNDEN NAKİT AKIŞLARI 149.631.243 (205.244.314),True,özdeşlik A+B+C(+etki)=net değişim tuttu
RTALB,2025,9,1508381,PDF,,MDV+MODV,cari,-9511819.0,PDF (şirket sitesi) https://rtalabs.com.tr/wp-content/uploads/2025/12/RTALB-30.09.2025-Mali-Tablosu.pdf,PDF_OKUNDU,TL,8,Maddi ve maddi olmayan duran varlık alımından kaynaklanan nakit çıkışları 17 (9.511.819) (10.165.904),True,1 satır
RTALB,2025,9,1508381,PDF,,MDV+MODV,onceki,-10165904.0,PDF (şirket sitesi) https://rtalabs.com.tr/wp-content/uploads/2025/12/RTALB-30.09.2025-Mali-Tablosu.pdf,PDF_OKUNDU,TL,8,Maddi ve maddi olmayan duran varlık alımından kaynaklanan nakit çıkışları 17 (9.511.819) (10.165.904),True,1 satır
RTALB,2025,9,1508381,PDF,,YAGM,cari,0.0,PDF (şirket sitesi) https://rtalabs.com.tr/wp-content/uploads/2025/12/RTALB-30.09.2025-Mali-Tablosu.pdf,PDF_SATIR_YOK,TL,,,True,nakit akış tablosunda kalem satırı yok → 0
RTALB,2025,9,1508381,PDF,,YAGM,onceki,0.0,PDF (şirket sitesi) https://rtalabs.com.tr/wp-content/uploads/2025/12/RTALB-30.09.2025-Mali-Tablosu.pdf,PDF_SATIR_YOK,TL,,,True,nakit akış tablosunda kalem satırı yok → 0
RTALB,2025,9,1508381,PDF,,KIRA,cari,-3612525.0,PDF (şirket sitesi) https://rtalabs.com.tr/wp-content/uploads/2025/12/RTALB-30.09.2025-Mali-Tablosu.pdf,PDF_OKUNDU,TL,8,Kira Sözleşmelerinden Kaynaklanan Borç Ödemelerine İlişkin Nakit Çıkışları 15 (3.612.525) --,True,1 satır
RTALB,2025,9,1508381,PDF,,KIRA,onceki,0.0,PDF (şirket sitesi) https://rtalabs.com.tr/wp-content/uploads/2025/12/RTALB-30.09.2025-Mali-Tablosu.pdf,PDF_OKUNDU,TL,8,Kira Sözleşmelerinden Kaynaklanan Borç Ödemelerine İlişkin Nakit Çıkışları 15 (3.612.525) --,True,1 satır
RTALB,2025,9,1508381,PDF,,TEMETTU,cari,0.0,PDF (şirket sitesi) https://rtalabs.com.tr/wp-content/uploads/2025/12/RTALB-30.09.2025-Mali-Tablosu.pdf,PDF_SATIR_YOK,TL,,,True,nakit akış tablosunda kalem satırı yok → 0
RTALB,2025,9,1508381,PDF,,TEMETTU,onceki,0.0,PDF (şirket sitesi) https://rtalabs.com.tr/wp-content/uploads/2025/12/RTALB-30.09.2025-Mali-Tablosu.pdf,PDF_SATIR_YOK,TL,,,True,nakit akış tablosunda kalem satırı yok → 0
RTALB,2025,12,1561491,PDF,,CFO,cari,154388196.0,PDF (şirket sitesi) https://rtalabs.com.tr/wp-content/uploads/2026/05/RTALB-31.12.2025-Mali-Tablosu.pdf,PDF_OKUNDU,TL,12,A. İŞLETME FAALİYETLERİNDEN NAKİT AKIŞLARI 154.388.196 (110.538.678),True,özdeşlik A+B+C(+etki)=net değişim tuttu
RTALB,2025,12,1561491,PDF,,CFO,onceki,-110538678.0,PDF (şirket sitesi) https://rtalabs.com.tr/wp-content/uploads/2026/05/RTALB-31.12.2025-Mali-Tablosu.pdf,PDF_OKUNDU,TL,12,Faaliyetlerden Elde Edilen Nakit Akışları 156.126.783 (110.538.678),True,özdeşlik A+B+C(+etki)=net değişim tuttu
RTALB,2025,12,1561491,PDF,,MDV+MODV,cari,-33420925.0,PDF (şirket sitesi) https://rtalabs.com.tr/wp-content/uploads/2026/05/RTALB-31.12.2025-Mali-Tablosu.pdf,PDF_OKUNDU,TL,12,Maddi ve maddi olmayan duran varlık alımından kaynaklanan nakit çıkışları 17 (33.420.925) (126.248.189),True,1 satır
RTALB,2025,12,1561491,PDF,,MDV+MODV,onceki,-126248189.0,PDF (şirket sitesi) https://rtalabs.com.tr/wp-content/uploads/2026/05/RTALB-31.12.2025-Mali-Tablosu.pdf,PDF_OKUNDU,TL,12,Maddi ve maddi olmayan duran varlık alımından kaynaklanan nakit çıkışları 17 (33.420.925) (126.248.189),True,1 satır
RTALB,2025,12,1561491,PDF,,YAGM,cari,0.0,PDF (şirket sitesi) https://rtalabs.com.tr/wp-content/uploads/2026/05/RTALB-31.12.2025-Mali-Tablosu.pdf,PDF_SATIR_YOK,TL,,,True,nakit akış tablosunda kalem satırı yok → 0
RTALB,2025,12,1561491,PDF,,YAGM,onceki,0.0,PDF (şirket sitesi) https://rtalabs.com.tr/wp-content/uploads/2026/05/RTALB-31.12.2025-Mali-Tablosu.pdf,PDF_SATIR_YOK,TL,,,True,nakit akış tablosunda kalem satırı yok → 0
RTALB,2025,12,1561491,PDF,,KIRA,cari,-4804240.0,PDF (şirket sitesi) https://rtalabs.com.tr/wp-content/uploads/2026/05/RTALB-31.12.2025-Mali-Tablosu.pdf,PDF_OKUNDU,TL,12,Kira Sözleşmelerinden Kaynaklanan Borç Ödemelerine İlişkin Nakit Çıkışları 15 (4.804.240) (4.180.722),True,1 satır
RTALB,2025,12,1561491,PDF,,KIRA,onceki,-4180722.0,PDF (şirket sitesi) https://rtalabs.com.tr/wp-content/uploads/2026/05/RTALB-31.12.2025-Mali-Tablosu.pdf,PDF_OKUNDU,TL,12,Kira Sözleşmelerinden Kaynaklanan Borç Ödemelerine İlişkin Nakit Çıkışları 15 (4.804.240) (4.180.722),True,1 satır
RTALB,2025,12,1561491,PDF,,TEMETTU,cari,0.0,PDF (şirket sitesi) https://rtalabs.com.tr/wp-content/uploads/2026/05/RTALB-31.12.2025-Mali-Tablosu.pdf,PDF_SATIR_YOK,TL,,,True,nakit akış tablosunda kalem satırı yok → 0
RTALB,2025,12,1561491,PDF,,TEMETTU,onceki,0.0,PDF (şirket sitesi) https://rtalabs.com.tr/wp-content/uploads/2026/05/RTALB-31.12.2025-Mali-Tablosu.pdf,PDF_SATIR_YOK,TL,,,True,nakit akış tablosunda kalem satırı yok → 0
RTALB,2026,3,1598834,PDF,,CFO,cari,121060203.0,PDF (şirket sitesi) https://rtalabs.com.tr/wp-content/uploads/2026/04/RTALB-31.03.2026-Mali-Tablosu.pdf,PDF_OKUNDU,TL,8,A. İŞLETME FAALİYETLERİNDEN NAKİT AKIŞLARI 121.060.203 153.775.582,True,özdeşlik A+B+C(+etki)=net değişim tuttu
RTALB,2026,3,1598834,PDF,,CFO,onceki,153775582.0,PDF (şirket sitesi) https://rtalabs.com.tr/wp-content/uploads/2026/04/RTALB-31.03.2026-Mali-Tablosu.pdf,PDF_OKUNDU,TL,8,A. İŞLETME FAALİYETLERİNDEN NAKİT AKIŞLARI 121.060.203 153.775.582,True,özdeşlik A+B+C(+etki)=net değişim tuttu
RTALB,2026,3,1598834,PDF,,MDV+MODV,cari,-625776.0,PDF (şirket sitesi) https://rtalabs.com.tr/wp-content/uploads/2026/04/RTALB-31.03.2026-Mali-Tablosu.pdf,PDF_OKUNDU,TL,8,Maddi ve Maddi Olmayan Duran Varlık Alımından Kaynaklanan Nakit Çıkışları 17 (625.776) (4.696.230),True,1 satır
RTALB,2026,3,1598834,PDF,,MDV+MODV,onceki,-4696230.0,PDF (şirket sitesi) https://rtalabs.com.tr/wp-content/uploads/2026/04/RTALB-31.03.2026-Mali-Tablosu.pdf,PDF_OKUNDU,TL,8,Maddi ve Maddi Olmayan Duran Varlık Alımından Kaynaklanan Nakit Çıkışları 17 (625.776) (4.696.230),True,1 satır
RTALB,2026,3,1598834,PDF,,YAGM,cari,0.0,PDF (şirket sitesi) https://rtalabs.com.tr/wp-content/uploads/2026/04/RTALB-31.03.2026-Mali-Tablosu.pdf,PDF_SATIR_YOK,TL,,,True,nakit akış tablosunda kalem satırı yok → 0
RTALB,2026,3,1598834,PDF,,YAGM,onceki,0.0,PDF (şirket sitesi) https://rtalabs.com.tr/wp-content/uploads/2026/04/RTALB-31.03.2026-Mali-Tablosu.pdf,PDF_SATIR_YOK,TL,,,True,nakit akış tablosunda kalem satırı yok → 0
RTALB,2026,3,1598834,PDF,,KIRA,cari,-5890083.0,PDF (şirket sitesi) https://rtalabs.com.tr/wp-content/uploads/2026/04/RTALB-31.03.2026-Mali-Tablosu.pdf,PDF_OKUNDU,TL,8,Kira Sözleşmelerinden Kaynaklanan Borç Ödemelerine İlişkin Nakit Çıkışları 15 (5.890.083) (5.303.483),True,1 satır
RTALB,2026,3,1598834,PDF,,KIRA,onceki,-5303483.0,PDF (şirket sitesi) https://rtalabs.com.tr/wp-content/uploads/2026/04/RTALB-31.03.2026-Mali-Tablosu.pdf,PDF_OKUNDU,TL,8,Kira Sözleşmelerinden Kaynaklanan Borç Ödemelerine İlişkin Nakit Çıkışları 15 (5.890.083) (5.303.483),True,1 satır
RTALB,2026,3,1598834,PDF,,TEMETTU,cari,0.0,PDF (şirket sitesi) https://rtalabs.com.tr/wp-content/uploads/2026/04/RTALB-31.03.2026-Mali-Tablosu.pdf,PDF_SATIR_YOK,TL,,,True,nakit akış tablosunda kalem satırı yok → 0
RTALB,2026,3,1598834,PDF,,TEMETTU,onceki,0.0,PDF (şirket sitesi) https://rtalabs.com.tr/wp-content/uploads/2026/04/RTALB-31.03.2026-Mali-Tablosu.pdf,PDF_SATIR_YOK,TL,,,True,nakit akış tablosunda kalem satırı yok → 0
SDTTR,2025,9,1515078,PDF,,CFO,cari,52067065.0,PDF (şirket sitesi) https://www.sdt.com.tr/uploads/docs/raporlar/1762852474_sdt-spk-rapor-30.09.2025.pdf?1762863274,PDF_OKUNDU,TL,8,İŞLETME FAALİYETLERDEN NAKİT AKIŞLARI 52.067.065 416.677.031,True,özdeşlik A+B+C(+etki)=net değişim tuttu
SDTTR,2025,9,1515078,PDF,,CFO,onceki,416677031.0,PDF (şirket sitesi) https://www.sdt.com.tr/uploads/docs/raporlar/1762852474_sdt-spk-rapor-30.09.2025.pdf?1762863274,PDF_OKUNDU,TL,8,İŞLETME FAALİYETLERDEN NAKİT AKIŞLARI 52.067.065 416.677.031,True,özdeşlik A+B+C(+etki)=net değişim tuttu
SDTTR,2025,9,1515078,PDF,,MDV+MODV,cari,-138672435.0,PDF (şirket sitesi) https://www.sdt.com.tr/uploads/docs/raporlar/1762852474_sdt-spk-rapor-30.09.2025.pdf?1762863274,PDF_OKUNDU,TL,9,Maddi ve Maddi Olmayan Duran Varlıkların Alımından Kaynaklanan Nakit Çıkışları (138.672.435) (101.529.609),True,1 satır
SDTTR,2025,9,1515078,PDF,,MDV+MODV,onceki,-101529609.0,PDF (şirket sitesi) https://www.sdt.com.tr/uploads/docs/raporlar/1762852474_sdt-spk-rapor-30.09.2025.pdf?1762863274,PDF_OKUNDU,TL,9,Maddi ve Maddi Olmayan Duran Varlıkların Alımından Kaynaklanan Nakit Çıkışları (138.672.435) (101.529.609),True,1 satır
SDTTR,2025,9,1515078,PDF,,YAGM,cari,0.0,PDF (şirket sitesi) https://www.sdt.com.tr/uploads/docs/raporlar/1762852474_sdt-spk-rapor-30.09.2025.pdf?1762863274,PDF_SATIR_YOK,TL,,,True,nakit akış tablosunda kalem satırı yok → 0
SDTTR,2025,9,1515078,PDF,,YAGM,onceki,0.0,PDF (şirket sitesi) https://www.sdt.com.tr/uploads/docs/raporlar/1762852474_sdt-spk-rapor-30.09.2025.pdf?1762863274,PDF_SATIR_YOK,TL,,,True,nakit akış tablosunda kalem satırı yok → 0
SDTTR,2025,9,1515078,PDF,,KIRA,cari,0.0,PDF (şirket sitesi) https://www.sdt.com.tr/uploads/docs/raporlar/1762852474_sdt-spk-rapor-30.09.2025.pdf?1762863274,PDF_SATIR_YOK,TL,,,True,nakit akış tablosunda kalem satırı yok → 0
SDTTR,2025,9,1515078,PDF,,KIRA,onceki,0.0,PDF (şirket sitesi) https://www.sdt.com.tr/uploads/docs/raporlar/1762852474_sdt-spk-rapor-30.09.2025.pdf?1762863274,PDF_SATIR_YOK,TL,,,True,nakit akış tablosunda kalem satırı yok → 0
SDTTR,2025,9,1515078,PDF,,TEMETTU,cari,0.0,PDF (şirket sitesi) https://www.sdt.com.tr/uploads/docs/raporlar/1762852474_sdt-spk-rapor-30.09.2025.pdf?1762863274,PDF_SATIR_YOK,TL,,,True,nakit akış tablosunda kalem satırı yok → 0
SDTTR,2025,9,1515078,PDF,,TEMETTU,onceki,0.0,PDF (şirket sitesi) https://www.sdt.com.tr/uploads/docs/raporlar/1762852474_sdt-spk-rapor-30.09.2025.pdf?1762863274,PDF_SATIR_YOK,TL,,,True,nakit akış tablosunda kalem satırı yok → 0
SDTTR,2026,3,1600155,PDF,,CFO,cari,63021755.0,PDF (şirket sitesi) https://www.sdt.com.tr/uploads/docs/raporlar/1777883994_sdt-spk-rapor-31.03.2026.pdf?1777894794,PDF_OKUNDU,TL,8,İŞLETME FAALİYETLERDEN NAKİT AKIŞLARI 63.021.755 28.177.555,True,özdeşlik A+B+C(+etki)=net değişim tuttu
SDTTR,2026,3,1600155,PDF,,CFO,onceki,28177555.0,PDF (şirket sitesi) https://www.sdt.com.tr/uploads/docs/raporlar/1777883994_sdt-spk-rapor-31.03.2026.pdf?1777894794,PDF_OKUNDU,TL,8,İŞLETME FAALİYETLERDEN NAKİT AKIŞLARI 63.021.755 28.177.555,True,özdeşlik A+B+C(+etki)=net değişim tuttu
SDTTR,2026,3,1600155,PDF,,MDV+MODV,cari,-278883021.0,PDF (şirket sitesi) https://www.sdt.com.tr/uploads/docs/raporlar/1777883994_sdt-spk-rapor-31.03.2026.pdf?1777894794,PDF_OKUNDU,TL,9,Maddi ve Maddi Olmayan Duran Varlıkların Alımından Kaynaklanan Nakit Çıkışları (278.883.021) (37.304.151),True,1 satır
SDTTR,2026,3,1600155,PDF,,MDV+MODV,onceki,-37304151.0,PDF (şirket sitesi) https://www.sdt.com.tr/uploads/docs/raporlar/1777883994_sdt-spk-rapor-31.03.2026.pdf?1777894794,PDF_OKUNDU,TL,9,Maddi ve Maddi Olmayan Duran Varlıkların Alımından Kaynaklanan Nakit Çıkışları (278.883.021) (37.304.151),True,1 satır
SDTTR,2026,3,1600155,PDF,,YAGM,cari,0.0,PDF (şirket sitesi) https://www.sdt.com.tr/uploads/docs/raporlar/1777883994_sdt-spk-rapor-31.03.2026.pdf?1777894794,PDF_SATIR_YOK,TL,,,True,nakit akış tablosunda kalem satırı yok → 0
SDTTR,2026,3,1600155,PDF,,YAGM,onceki,0.0,PDF (şirket sitesi) https://www.sdt.com.tr/uploads/docs/raporlar/1777883994_sdt-spk-rapor-31.03.2026.pdf?1777894794,PDF_SATIR_YOK,TL,,,True,nakit akış tablosunda kalem satırı yok → 0
SDTTR,2026,3,1600155,PDF,,KIRA,cari,0.0,PDF (şirket sitesi) https://www.sdt.com.tr/uploads/docs/raporlar/1777883994_sdt-spk-rapor-31.03.2026.pdf?1777894794,PDF_SATIR_YOK,TL,,,True,nakit akış tablosunda kalem satırı yok → 0
SDTTR,2026,3,1600155,PDF,,KIRA,onceki,0.0,PDF (şirket sitesi) https://www.sdt.com.tr/uploads/docs/raporlar/1777883994_sdt-spk-rapor-31.03.2026.pdf?1777894794,PDF_SATIR_YOK,TL,,,True,nakit akış tablosunda kalem satırı yok → 0
SDTTR,2026,3,1600155,PDF,,TEMETTU,cari,0.0,PDF (şirket sitesi) https://www.sdt.com.tr/uploads/docs/raporlar/1777883994_sdt-spk-rapor-31.03.2026.pdf?1777894794,PDF_SATIR_YOK,TL,,,True,nakit akış tablosunda kalem satırı yok → 0
SDTTR,2026,3,1600155,PDF,,TEMETTU,onceki,0.0,PDF (şirket sitesi) https://www.sdt.com.tr/uploads/docs/raporlar/1777883994_sdt-spk-rapor-31.03.2026.pdf?1777894794,PDF_SATIR_YOK,TL,,,True,nakit akış tablosunda kalem satırı yok → 0
TBORG,2025,3,1437991,PDF,,CFO,cari,-3499168000.0,PDF (şirket sitesi) https://www.turktuborg.com.tr/pdf/mali-tablolar/2025/31-03-2025-Mali-Tablolar.pdf,PDF_OKUNDU,bin TL,8,İşletme Faaliyetlerinde Kullanılan Net Nakit (3.499.168) (3.002.931),True,özdeşlik A+B+C(+etki)=net değişim tuttu
TBORG,2025,3,1437991,PDF,,CFO,onceki,-3002931000.0,PDF (şirket sitesi) https://www.turktuborg.com.tr/pdf/mali-tablolar/2025/31-03-2025-Mali-Tablolar.pdf,PDF_OKUNDU,bin TL,8,İşletme Faaliyetlerinde Kullanılan Net Nakit (3.499.168) (3.002.931),True,özdeşlik A+B+C(+etki)=net değişim tuttu
TBORG,2025,3,1437991,PDF,,MDV+MODV,cari,-609789000.0,PDF (şirket sitesi) https://www.turktuborg.com.tr/pdf/mali-tablolar/2025/31-03-2025-Mali-Tablolar.pdf,PDF_OKUNDU,bin TL,8,Kaynaklanan Nakit Çıkışları (609.789) (598.821),True,1 satır
TBORG,2025,3,1437991,PDF,,MDV+MODV,onceki,-598821000.0,PDF (şirket sitesi) https://www.turktuborg.com.tr/pdf/mali-tablolar/2025/31-03-2025-Mali-Tablolar.pdf,PDF_OKUNDU,bin TL,8,Kaynaklanan Nakit Çıkışları (609.789) (598.821),True,1 satır
TBORG,2025,3,1437991,PDF,,YAGM,cari,0.0,PDF (şirket sitesi) https://www.turktuborg.com.tr/pdf/mali-tablolar/2025/31-03-2025-Mali-Tablolar.pdf,PDF_SATIR_YOK,bin TL,,,True,nakit akış tablosunda kalem satırı yok → 0
TBORG,2025,3,1437991,PDF,,YAGM,onceki,0.0,PDF (şirket sitesi) https://www.turktuborg.com.tr/pdf/mali-tablolar/2025/31-03-2025-Mali-Tablolar.pdf,PDF_SATIR_YOK,bin TL,,,True,nakit akış tablosunda kalem satırı yok → 0
TBORG,2025,3,1437991,PDF,,KIRA,cari,-54955000.0,PDF (şirket sitesi) https://www.turktuborg.com.tr/pdf/mali-tablolar/2025/31-03-2025-Mali-Tablolar.pdf,PDF_OKUNDU,bin TL,8,Çıkışları 5 (54.955) (421.215),True,1 satır
TBORG,2025,3,1437991,PDF,,KIRA,onceki,-421215000.0,PDF (şirket sitesi) https://www.turktuborg.com.tr/pdf/mali-tablolar/2025/31-03-2025-Mali-Tablolar.pdf,PDF_OKUNDU,bin TL,8,Çıkışları 5 (54.955) (421.215),True,1 satır
TBORG,2025,3,1437991,PDF,,TEMETTU,cari,0.0,PDF (şirket sitesi) https://www.turktuborg.com.tr/pdf/mali-tablolar/2025/31-03-2025-Mali-Tablolar.pdf,PDF_SATIR_YOK,bin TL,,,True,nakit akış tablosunda kalem satırı yok → 0
TBORG,2025,3,1437991,PDF,,TEMETTU,onceki,0.0,PDF (şirket sitesi) https://www.turktuborg.com.tr/pdf/mali-tablolar/2025/31-03-2025-Mali-Tablolar.pdf,PDF_SATIR_YOK,bin TL,,,True,nakit akış tablosunda kalem satırı yok → 0
TBORG,2025,6,1480081,PDF,,CFO,cari,831025000.0,PDF (şirket sitesi) https://www.turktuborg.com.tr/pdf/mali-tablolar/2025/30-06-2025-Mali-Tablolar.pdf,PDF_OKUNDU,bin TL,9,İşletme Faaliyetlerinde Sağlanan Net Nakit 831.025 1.329.354,True,özdeşlik A+B+C(+etki)=net değişim tuttu
TBORG,2025,6,1480081,PDF,,CFO,onceki,1329354000.0,PDF (şirket sitesi) https://www.turktuborg.com.tr/pdf/mali-tablolar/2025/30-06-2025-Mali-Tablolar.pdf,PDF_OKUNDU,bin TL,9,İşletme Faaliyetlerinde Sağlanan Net Nakit 831.025 1.329.354,True,özdeşlik A+B+C(+etki)=net değişim tuttu
TBORG,2025,6,1480081,PDF,,MDV+MODV,cari,-1893338000.0,PDF (şirket sitesi) https://www.turktuborg.com.tr/pdf/mali-tablolar/2025/30-06-2025-Mali-Tablolar.pdf,PDF_OKUNDU,bin TL,9,Kaynaklanan Nakit Çıkışları (1.893.338) (1.676.147),True,1 satır
TBORG,2025,6,1480081,PDF,,MDV+MODV,onceki,-1676147000.0,PDF (şirket sitesi) https://www.turktuborg.com.tr/pdf/mali-tablolar/2025/30-06-2025-Mali-Tablolar.pdf,PDF_OKUNDU,bin TL,9,Kaynaklanan Nakit Çıkışları (1.893.338) (1.676.147),True,1 satır
TBORG,2025,6,1480081,PDF,,YAGM,cari,0.0,PDF (şirket sitesi) https://www.turktuborg.com.tr/pdf/mali-tablolar/2025/30-06-2025-Mali-Tablolar.pdf,PDF_SATIR_YOK,bin TL,,,True,nakit akış tablosunda kalem satırı yok → 0
TBORG,2025,6,1480081,PDF,,YAGM,onceki,0.0,PDF (şirket sitesi) https://www.turktuborg.com.tr/pdf/mali-tablolar/2025/30-06-2025-Mali-Tablolar.pdf,PDF_SATIR_YOK,bin TL,,,True,nakit akış tablosunda kalem satırı yok → 0
TBORG,2025,6,1480081,PDF,,KIRA,cari,-117375000.0,PDF (şirket sitesi) https://www.turktuborg.com.tr/pdf/mali-tablolar/2025/30-06-2025-Mali-Tablolar.pdf,PDF_OKUNDU,bin TL,9,Çıkışları 5 (117.375) (363.331),True,1 satır
TBORG,2025,6,1480081,PDF,,KIRA,onceki,-363331000.0,PDF (şirket sitesi) https://www.turktuborg.com.tr/pdf/mali-tablolar/2025/30-06-2025-Mali-Tablolar.pdf,PDF_OKUNDU,bin TL,9,Çıkışları 5 (117.375) (363.331),True,1 satır
TBORG,2025,6,1480081,PDF,,TEMETTU,cari,0.0,PDF (şirket sitesi) https://www.turktuborg.com.tr/pdf/mali-tablolar/2025/30-06-2025-Mali-Tablolar.pdf,PDF_SATIR_YOK,bin TL,,,True,nakit akış tablosunda kalem satırı yok → 0
TBORG,2025,6,1480081,PDF,,TEMETTU,onceki,0.0,PDF (şirket sitesi) https://www.turktuborg.com.tr/pdf/mali-tablolar/2025/30-06-2025-Mali-Tablolar.pdf,PDF_SATIR_YOK,bin TL,,,True,nakit akış tablosunda kalem satırı yok → 0
TBORG,2025,9,1513474,PDF,,CFO,cari,1618623000.0,PDF (şirket sitesi) https://www.turktuborg.com.tr/pdf/mali-tablolar/2025/30-09-2025-Mali-Tablolar.pdf,PDF_OKUNDU,bin TL,8,İşletme Faaliyetlerinde Sağlanan Net Nakit 1.618.623 7.282.601,True,özdeşlik A+B+C(+etki)=net değişim tuttu
TBORG,2025,9,1513474,PDF,,CFO,onceki,7282601000.0,PDF (şirket sitesi) https://www.turktuborg.com.tr/pdf/mali-tablolar/2025/30-09-2025-Mali-Tablolar.pdf,PDF_OKUNDU,bin TL,8,İşletme Faaliyetlerinde Sağlanan Net Nakit 1.618.623 7.282.601,True,özdeşlik A+B+C(+etki)=net değişim tuttu
TBORG,2025,9,1513474,PDF,,MDV+MODV,cari,-3256442000.0,PDF (şirket sitesi) https://www.turktuborg.com.tr/pdf/mali-tablolar/2025/30-09-2025-Mali-Tablolar.pdf,PDF_OKUNDU,bin TL,8,Kaynaklanan Nakit Çıkışları (3.256.442) (3.288.892),True,1 satır
TBORG,2025,9,1513474,PDF,,MDV+MODV,onceki,-3288892000.0,PDF (şirket sitesi) https://www.turktuborg.com.tr/pdf/mali-tablolar/2025/30-09-2025-Mali-Tablolar.pdf,PDF_OKUNDU,bin TL,8,Kaynaklanan Nakit Çıkışları (3.256.442) (3.288.892),True,1 satır
TBORG,2025,9,1513474,PDF,,YAGM,cari,0.0,PDF (şirket sitesi) https://www.turktuborg.com.tr/pdf/mali-tablolar/2025/30-09-2025-Mali-Tablolar.pdf,PDF_SATIR_YOK,bin TL,,,True,nakit akış tablosunda kalem satırı yok → 0
TBORG,2025,9,1513474,PDF,,YAGM,onceki,0.0,PDF (şirket sitesi) https://www.turktuborg.com.tr/pdf/mali-tablolar/2025/30-09-2025-Mali-Tablolar.pdf,PDF_SATIR_YOK,bin TL,,,True,nakit akış tablosunda kalem satırı yok → 0
TBORG,2025,9,1513474,PDF,,KIRA,cari,-193431000.0,PDF (şirket sitesi) https://www.turktuborg.com.tr/pdf/mali-tablolar/2025/30-09-2025-Mali-Tablolar.pdf,PDF_OKUNDU,bin TL,8,Çıkışları 5 (193.431) (342.720),True,1 satır
TBORG,2025,9,1513474,PDF,,KIRA,onceki,-342720000.0,PDF (şirket sitesi) https://www.turktuborg.com.tr/pdf/mali-tablolar/2025/30-09-2025-Mali-Tablolar.pdf,PDF_OKUNDU,bin TL,8,Çıkışları 5 (193.431) (342.720),True,1 satır
TBORG,2025,9,1513474,PDF,,TEMETTU,cari,0.0,PDF (şirket sitesi) https://www.turktuborg.com.tr/pdf/mali-tablolar/2025/30-09-2025-Mali-Tablolar.pdf,PDF_SATIR_YOK,bin TL,,,True,nakit akış tablosunda kalem satırı yok → 0
TBORG,2025,9,1513474,PDF,,TEMETTU,onceki,0.0,PDF (şirket sitesi) https://www.turktuborg.com.tr/pdf/mali-tablolar/2025/30-09-2025-Mali-Tablolar.pdf,PDF_SATIR_YOK,bin TL,,,True,nakit akış tablosunda kalem satırı yok → 0
TEZOL,2024,12,1403951,PDF,,CFO,cari,306514698.0,PDF (şirket sitesi) https://www.tezol.com.tr/wp-content/uploads/2025/03/EUROPAP-TEZOL-31.12.2024-SPK.pdf,PDF_OKUNDU,TL,13,İŞLETME FAALİYETLERİNDEN NAKİT AKIŞLARI 306.514.698 638.605.674,True,özdeşlik A+B+C(+etki)=net değişim tuttu
TEZOL,2024,12,1403951,PDF,,CFO,onceki,638605674.0,PDF (şirket sitesi) https://www.tezol.com.tr/wp-content/uploads/2025/03/EUROPAP-TEZOL-31.12.2024-SPK.pdf,PDF_OKUNDU,TL,13,İŞLETME FAALİYETLERİNDEN NAKİT AKIŞLARI 306.514.698 638.605.674,True,özdeşlik A+B+C(+etki)=net değişim tuttu
TEZOL,2024,12,1403951,PDF,,MDV+MODV,cari,-323650705.0,PDF (şirket sitesi) https://www.tezol.com.tr/wp-content/uploads/2025/03/EUROPAP-TEZOL-31.12.2024-SPK.pdf,PDF_OKUNDU,TL,14,Kaynaklanan Nakit Çıkışları 10 (323.650.705) (385.687.677),True,1 satır
TEZOL,2024,12,1403951,PDF,,MDV+MODV,onceki,-385687677.0,PDF (şirket sitesi) https://www.tezol.com.tr/wp-content/uploads/2025/03/EUROPAP-TEZOL-31.12.2024-SPK.pdf,PDF_OKUNDU,TL,14,Kaynaklanan Nakit Çıkışları 10 (323.650.705) (385.687.677),True,1 satır
TEZOL,2024,12,1403951,PDF,,YAGM,cari,0.0,PDF (şirket sitesi) https://www.tezol.com.tr/wp-content/uploads/2025/03/EUROPAP-TEZOL-31.12.2024-SPK.pdf,PDF_SATIR_YOK,TL,,,True,nakit akış tablosunda kalem satırı yok → 0
TEZOL,2024,12,1403951,PDF,,YAGM,onceki,0.0,PDF (şirket sitesi) https://www.tezol.com.tr/wp-content/uploads/2025/03/EUROPAP-TEZOL-31.12.2024-SPK.pdf,PDF_SATIR_YOK,TL,,,True,nakit akış tablosunda kalem satırı yok → 0
TEZOL,2024,12,1403951,PDF,,KIRA,cari,-12212109.0,PDF (şirket sitesi) https://www.tezol.com.tr/wp-content/uploads/2025/03/EUROPAP-TEZOL-31.12.2024-SPK.pdf,PDF_OKUNDU,TL,14,Kiralama Sözleşmelerine İlişkin Nakit Çıkışları (12.212.109) (5.200.003),True,1 satır
TEZOL,2024,12,1403951,PDF,,KIRA,onceki,-5200003.0,PDF (şirket sitesi) https://www.tezol.com.tr/wp-content/uploads/2025/03/EUROPAP-TEZOL-31.12.2024-SPK.pdf,PDF_OKUNDU,TL,14,Kiralama Sözleşmelerine İlişkin Nakit Çıkışları (12.212.109) (5.200.003),True,1 satır
TEZOL,2024,12,1403951,PDF,,TEMETTU,cari,0.0,PDF (şirket sitesi) https://www.tezol.com.tr/wp-content/uploads/2025/03/EUROPAP-TEZOL-31.12.2024-SPK.pdf,PDF_SATIR_YOK,TL,,,True,nakit akış tablosunda kalem satırı yok → 0
TEZOL,2024,12,1403951,PDF,,TEMETTU,onceki,0.0,PDF (şirket sitesi) https://www.tezol.com.tr/wp-content/uploads/2025/03/EUROPAP-TEZOL-31.12.2024-SPK.pdf,PDF_SATIR_YOK,TL,,,True,nakit akış tablosunda kalem satırı yok → 0
TEZOL,2025,3,1436942,PDF,,CFO,cari,248359000.0,PDF (şirket sitesi) https://www.tezol.com.tr/wp-content/uploads/2025/05/EUROPAP-TEZOL-31.03.2025-SPK.pdf,PDF_OKUNDU,bin TL,8,İŞLETME FAALİYETLERİNDEN NAKİT AKIŞLARI 248.359 205.097,True,özdeşlik A+B+C(+etki)=net değişim tuttu
TEZOL,2025,3,1436942,PDF,,CFO,onceki,205097000.0,PDF (şirket sitesi) https://www.tezol.com.tr/wp-content/uploads/2025/05/EUROPAP-TEZOL-31.03.2025-SPK.pdf,PDF_OKUNDU,bin TL,8,İŞLETME FAALİYETLERİNDEN NAKİT AKIŞLARI 248.359 205.097,True,özdeşlik A+B+C(+etki)=net değişim tuttu
TEZOL,2025,3,1436942,PDF,,MDV+MODV,cari,-21098000.0,PDF (şirket sitesi) https://www.tezol.com.tr/wp-content/uploads/2025/05/EUROPAP-TEZOL-31.03.2025-SPK.pdf,PDF_OKUNDU,bin TL,9,Kaynaklanan Nakit Çıkışları 10 (21.098) (203.216),True,1 satır
TEZOL,2025,3,1436942,PDF,,MDV+MODV,onceki,-203216000.0,PDF (şirket sitesi) https://www.tezol.com.tr/wp-content/uploads/2025/05/EUROPAP-TEZOL-31.03.2025-SPK.pdf,PDF_OKUNDU,bin TL,9,Kaynaklanan Nakit Çıkışları 10 (21.098) (203.216),True,1 satır
TEZOL,2025,3,1436942,PDF,,YAGM,cari,0.0,PDF (şirket sitesi) https://www.tezol.com.tr/wp-content/uploads/2025/05/EUROPAP-TEZOL-31.03.2025-SPK.pdf,PDF_SATIR_YOK,bin TL,,,True,nakit akış tablosunda kalem satırı yok → 0
TEZOL,2025,3,1436942,PDF,,YAGM,onceki,0.0,PDF (şirket sitesi) https://www.tezol.com.tr/wp-content/uploads/2025/05/EUROPAP-TEZOL-31.03.2025-SPK.pdf,PDF_SATIR_YOK,bin TL,,,True,nakit akış tablosunda kalem satırı yok → 0
TEZOL,2025,3,1436942,PDF,,KIRA,cari,-11230000.0,PDF (şirket sitesi) https://www.tezol.com.tr/wp-content/uploads/2025/05/EUROPAP-TEZOL-31.03.2025-SPK.pdf,PDF_OKUNDU,bin TL,9,Kiralama Sözleşmelerine İlişkin Nakit Çıkışları (11.230) (4.975),True,1 satır
TEZOL,2025,3,1436942,PDF,,KIRA,onceki,-4975000.0,PDF (şirket sitesi) https://www.tezol.com.tr/wp-content/uploads/2025/05/EUROPAP-TEZOL-31.03.2025-SPK.pdf,PDF_OKUNDU,bin TL,9,Kiralama Sözleşmelerine İlişkin Nakit Çıkışları (11.230) (4.975),True,1 satır
TEZOL,2025,3,1436942,PDF,,TEMETTU,cari,0.0,PDF (şirket sitesi) https://www.tezol.com.tr/wp-content/uploads/2025/05/EUROPAP-TEZOL-31.03.2025-SPK.pdf,PDF_SATIR_YOK,bin TL,,,True,nakit akış tablosunda kalem satırı yok → 0
TEZOL,2025,3,1436942,PDF,,TEMETTU,onceki,0.0,PDF (şirket sitesi) https://www.tezol.com.tr/wp-content/uploads/2025/05/EUROPAP-TEZOL-31.03.2025-SPK.pdf,PDF_SATIR_YOK,bin TL,,,True,nakit akış tablosunda kalem satırı yok → 0
TEZOL,2026,3,1605731,PDF,,CFO,cari,43431000.0,PDF (şirket sitesi) https://www.tezol.com.tr/wp-content/uploads/2026/05/EUROPAP-TEZOL-31.03.2026-SPK.pdf,PDF_OKUNDU,bin TL,8,İŞLETME FAALİYETLERİNDEN NAKİT AKIŞLARI 43.431 325.015,True,özdeşlik A+B+C(+etki)=net değişim tuttu
TEZOL,2026,3,1605731,PDF,,CFO,onceki,325015000.0,PDF (şirket sitesi) https://www.tezol.com.tr/wp-content/uploads/2026/05/EUROPAP-TEZOL-31.03.2026-SPK.pdf,PDF_OKUNDU,bin TL,8,İŞLETME FAALİYETLERİNDEN NAKİT AKIŞLARI 43.431 325.015,True,özdeşlik A+B+C(+etki)=net değişim tuttu
TEZOL,2026,3,1605731,PDF,,MDV+MODV,cari,-4348000.0,PDF (şirket sitesi) https://www.tezol.com.tr/wp-content/uploads/2026/05/EUROPAP-TEZOL-31.03.2026-SPK.pdf,PDF_OKUNDU,bin TL,9,Kaynaklanan Nakit Çıkışları 10 (4.348) (27.610),True,1 satır
TEZOL,2026,3,1605731,PDF,,MDV+MODV,onceki,-27610000.0,PDF (şirket sitesi) https://www.tezol.com.tr/wp-content/uploads/2026/05/EUROPAP-TEZOL-31.03.2026-SPK.pdf,PDF_OKUNDU,bin TL,9,Kaynaklanan Nakit Çıkışları 10 (4.348) (27.610),True,1 satır
TEZOL,2026,3,1605731,PDF,,YAGM,cari,0.0,PDF (şirket sitesi) https://www.tezol.com.tr/wp-content/uploads/2026/05/EUROPAP-TEZOL-31.03.2026-SPK.pdf,PDF_SATIR_YOK,bin TL,,,True,nakit akış tablosunda kalem satırı yok → 0
TEZOL,2026,3,1605731,PDF,,YAGM,onceki,0.0,PDF (şirket sitesi) https://www.tezol.com.tr/wp-content/uploads/2026/05/EUROPAP-TEZOL-31.03.2026-SPK.pdf,PDF_SATIR_YOK,bin TL,,,True,nakit akış tablosunda kalem satırı yok → 0
TEZOL,2026,3,1605731,PDF,,KIRA,cari,-11187000.0,PDF (şirket sitesi) https://www.tezol.com.tr/wp-content/uploads/2026/05/EUROPAP-TEZOL-31.03.2026-SPK.pdf,PDF_OKUNDU,bin TL,9,Kiralama Sözleşmelerine İlişkin Nakit Çıkışları (11.187) (14.696),True,1 satır
TEZOL,2026,3,1605731,PDF,,KIRA,onceki,-14696000.0,PDF (şirket sitesi) https://www.tezol.com.tr/wp-content/uploads/2026/05/EUROPAP-TEZOL-31.03.2026-SPK.pdf,PDF_OKUNDU,bin TL,9,Kiralama Sözleşmelerine İlişkin Nakit Çıkışları (11.187) (14.696),True,1 satır
TEZOL,2026,3,1605731,PDF,,TEMETTU,cari,0.0,PDF (şirket sitesi) https://www.tezol.com.tr/wp-content/uploads/2026/05/EUROPAP-TEZOL-31.03.2026-SPK.pdf,PDF_SATIR_YOK,bin TL,,,True,nakit akış tablosunda kalem satırı yok → 0
TEZOL,2026,3,1605731,PDF,,TEMETTU,onceki,0.0,PDF (şirket sitesi) https://www.tezol.com.tr/wp-content/uploads/2026/05/EUROPAP-TEZOL-31.03.2026-SPK.pdf,PDF_SATIR_YOK,bin TL,,,True,nakit akış tablosunda kalem satırı yok → 0
VANGD,2024,12,1397451,PDF,,CFO,cari,9813618.0,PDF (şirket sitesi) https://www.vanet.com.tr/dokuman/mali-tablolar/2024-12-aylik-mali-tablolar.pdf,PDF_OKUNDU,TL,11,A. İŞLETME FAALİYETLERİNDEN NAKİT AKIŞLARI 9.813.618 58.541,True,özdeşlik A+B+C(+etki)=net değişim tuttu
VANGD,2024,12,1397451,PDF,,CFO,onceki,58541.0,PDF (şirket sitesi) https://www.vanet.com.tr/dokuman/mali-tablolar/2024-12-aylik-mali-tablolar.pdf,PDF_OKUNDU,TL,11,A. İŞLETME FAALİYETLERİNDEN NAKİT AKIŞLARI 9.813.618 58.541,True,özdeşlik A+B+C(+etki)=net değişim tuttu
VANGD,2024,12,1397451,PDF,,MDV+MODV,cari,-8278286.0,PDF (şirket sitesi) https://www.vanet.com.tr/dokuman/mali-tablolar/2024-12-aylik-mali-tablolar.pdf,PDF_OKUNDU,TL,11,Maddi ve Maddi OlmayanVarlıkların Alımından Kaynaklanan Nakit Çıkışları 11-12 (8.278.286) (266.676),True,1 satır
VANGD,2024,12,1397451,PDF,,MDV+MODV,onceki,-266676.0,PDF (şirket sitesi) https://www.vanet.com.tr/dokuman/mali-tablolar/2024-12-aylik-mali-tablolar.pdf,PDF_OKUNDU,TL,11,Maddi ve Maddi OlmayanVarlıkların Alımından Kaynaklanan Nakit Çıkışları 11-12 (8.278.286) (266.676),True,1 satır
VANGD,2024,12,1397451,PDF,,YAGM,cari,0.0,PDF (şirket sitesi) https://www.vanet.com.tr/dokuman/mali-tablolar/2024-12-aylik-mali-tablolar.pdf,PDF_OKUNDU,TL,11,Yatırım Amaçlı Gayrimenkul Alımından Kaynaklanan Nakit Çıkışları 10 -- (558.433),True,1 satır
VANGD,2024,12,1397451,PDF,,YAGM,onceki,-558433.0,PDF (şirket sitesi) https://www.vanet.com.tr/dokuman/mali-tablolar/2024-12-aylik-mali-tablolar.pdf,PDF_OKUNDU,TL,11,Yatırım Amaçlı Gayrimenkul Alımından Kaynaklanan Nakit Çıkışları 10 -- (558.433),True,1 satır
VANGD,2024,12,1397451,PDF,,KIRA,cari,0.0,PDF (şirket sitesi) https://www.vanet.com.tr/dokuman/mali-tablolar/2024-12-aylik-mali-tablolar.pdf,PDF_SATIR_YOK,TL,,,True,nakit akış tablosunda kalem satırı yok → 0
VANGD,2024,12,1397451,PDF,,KIRA,onceki,0.0,PDF (şirket sitesi) https://www.vanet.com.tr/dokuman/mali-tablolar/2024-12-aylik-mali-tablolar.pdf,PDF_SATIR_YOK,TL,,,True,nakit akış tablosunda kalem satırı yok → 0
VANGD,2024,12,1397451,PDF,,TEMETTU,cari,0.0,PDF (şirket sitesi) https://www.vanet.com.tr/dokuman/mali-tablolar/2024-12-aylik-mali-tablolar.pdf,PDF_SATIR_YOK,TL,,,True,nakit akış tablosunda kalem satırı yok → 0
VANGD,2024,12,1397451,PDF,,TEMETTU,onceki,0.0,PDF (şirket sitesi) https://www.vanet.com.tr/dokuman/mali-tablolar/2024-12-aylik-mali-tablolar.pdf,PDF_SATIR_YOK,TL,,,True,nakit akış tablosunda kalem satırı yok → 0
