kod,yil,ay,idx,role,nitelik,kalem,sutun,deger_tl,kaynak,durum,pdf_birim,pdf_sayfa,pdf_satir,not_
A1YEN,2024,12,1403677,520003,Konsolide,CFO,cari,-23982191.0,XBRL,TEYITLI,TL,11,A. İşletme Faaliyetlerden Elde Edilen Nakit Akışları (23.982.191) (217.087.165),
A1YEN,2024,12,1403677,520003,Konsolide,CFO,onceki,-217087165.0,XBRL,TEYITLI,TL,11,A. İşletme Faaliyetlerden Elde Edilen Nakit Akışları (23.982.191) (217.087.165),
A1YEN,2024,12,1403677,520003,Konsolide,MDV+MODV,cari,-10762856.0,XBRL,TEYITLI,TL,11,Maddi ve Maddi Olmayan Duran Varlıkların Alımından Kaynaklanan Nakit Çıkışları (10.762.856) (520.334.994),
A1YEN,2024,12,1403677,520003,Konsolide,MDV+MODV,onceki,-520334994.0,XBRL,TEYITLI,TL,11,B. Yatırım Faaliyetlerinden Kaynaklanan Nakit Akışları (8.577.901) (520.334.994),
A1YEN,2024,12,1403677,520003,Konsolide,YAGM,cari,,XBRL,SIFIR,,,,
A1YEN,2024,12,1403677,520003,Konsolide,YAGM,onceki,,XBRL,SIFIR,,,,
A1YEN,2024,12,1403677,520003,Konsolide,KIRA,cari,,XBRL,SIFIR,,,,
A1YEN,2024,12,1403677,520003,Konsolide,KIRA,onceki,,XBRL,SIFIR,,,,
A1YEN,2025,9,1513198,,,*,,,,INDIRILMEDI,,,,
A1YEN,2025,12,1565836,,,*,,,,INDIRILMEDI,,,,
A1YEN,2026,3,1602620,,,*,,,,INDIRILMEDI,,,,
AFYON,2024,12,1394544,520003,Konsolide Olmayan,CFO,cari,1182861266.0,XBRL,TEYITLI,TL,12,A. İşletme faaliyetlerinden nakit akışları 1.182.861.266 491.699.382,
AFYON,2024,12,1394544,520003,Konsolide Olmayan,CFO,onceki,491699382.0,XBRL,TEYITLI,TL,12,A. İşletme faaliyetlerinden nakit akışları 1.182.861.266 491.699.382,
AFYON,2024,12,1394544,520003,Konsolide Olmayan,MDV+MODV,cari,-304123925.0,XBRL,PDF_TUTMADI,,,,
AFYON,2024,12,1394544,520003,Konsolide Olmayan,MDV+MODV,onceki,-305090381.0,XBRL,PDF_TUTMADI,,,,
AFYON,2024,12,1394544,520003,Konsolide Olmayan,YAGM,cari,,XBRL,SIFIR,,,,
AFYON,2024,12,1394544,520003,Konsolide Olmayan,YAGM,onceki,,XBRL,SIFIR,,,,
AFYON,2024,12,1394544,520003,Konsolide Olmayan,KIRA,cari,,XBRL,SIFIR,,,,
AFYON,2024,12,1394544,520003,Konsolide Olmayan,KIRA,onceki,,XBRL,SIFIR,,,,
AFYON,2025,3,1429229,520003,Konsolide Olmayan,CFO,cari,-198907136.0,XBRL,TEYITLI,TL,7,A. İşletme faaliyetlerinden nakit akışları (198.907.136) 77.296.005,
AFYON,2025,3,1429229,520003,Konsolide Olmayan,CFO,onceki,77296005.0,XBRL,TEYITLI,TL,7,A. İşletme faaliyetlerinden nakit akışları (198.907.136) 77.296.005,
AFYON,2025,3,1429229,520003,Konsolide Olmayan,MDV+MODV,cari,-170149480.0,XBRL,TEYITLI,TL,7,B. Yatırım faaliyetlerinden kaynaklanan nakit akışları (170.149.480) (26.808.587),
AFYON,2025,3,1429229,520003,Konsolide Olmayan,MDV+MODV,onceki,-36082572.0,XBRL,TEYITLI,TL,7,Maddi ve maddi olmayan duran varlıkların alımından kaynaklanan nakit çıkışları 9 (170.149.480) (36.082.572),
AFYON,2025,3,1429229,520003,Konsolide Olmayan,YAGM,cari,,XBRL,SIFIR,,,,
AFYON,2025,3,1429229,520003,Konsolide Olmayan,YAGM,onceki,,XBRL,SIFIR,,,,
AFYON,2025,3,1429229,520003,Konsolide Olmayan,KIRA,cari,,XBRL,SIFIR,,,,
AFYON,2025,3,1429229,520003,Konsolide Olmayan,KIRA,onceki,,XBRL,SIFIR,,,,
AFYON,2025,6,1471454,520003,Konsolide Olmayan,CFO,cari,-193729746.0,XBRL,TEYITLI,TL,9,A. İşletme faaliyetlerinden nakit akışları (193.729.746) 474.379.151,
AFYON,2025,6,1471454,520003,Konsolide Olmayan,CFO,onceki,474379151.0,XBRL,TEYITLI,TL,9,A. İşletme faaliyetlerinden nakit akışları (193.729.746) 474.379.151,
AFYON,2025,6,1471454,520003,Konsolide Olmayan,MDV+MODV,cari,-271750337.0,XBRL,TEYITLI,TL,9,B. Yatırım faaliyetlerinden kaynaklanan nakit akışları (271.750.337) (299.158.411),
AFYON,2025,6,1471454,520003,Konsolide Olmayan,MDV+MODV,onceki,-299168094.0,XBRL,PDF_TUTMADI,,,,
AFYON,2025,6,1471454,520003,Konsolide Olmayan,YAGM,cari,,XBRL,SIFIR,,,,
AFYON,2025,6,1471454,520003,Konsolide Olmayan,YAGM,onceki,,XBRL,SIFIR,,,,
AFYON,2025,6,1471454,520003,Konsolide Olmayan,KIRA,cari,,XBRL,SIFIR,,,,
AFYON,2025,6,1471454,520003,Konsolide Olmayan,KIRA,onceki,,XBRL,SIFIR,,,,
AFYON,2025,9,1508010,,,*,,,,INDIRILMEDI,,,,
AFYON,2025,12,1561107,,,*,,,,INDIRILMEDI,,,,
AFYON,2026,6,1639867,,,*,,,,INDIRILMEDI,,,,
AGROT,2024,12,1411771,520003,Konsolide,CFO,cari,901480189.0,XBRL,TEYITLI,TL,14,İşletme sermayesindeki değişim sonra faaliyetlerden sağlanan nakit akışı 901.480.189 (434.358.756),
AGROT,2024,12,1411771,520003,Konsolide,CFO,onceki,-434358756.0,XBRL,TEYITLI,TL,14,İşletme sermayesindeki değişim sonra faaliyetlerden sağlanan nakit akışı 901.480.189 (434.358.756),
AGROT,2024,12,1411771,520003,Konsolide,MDV+MODV,cari,-349619863.0,XBRL,TEYITLI,TL,14,Maddi duran varlıklardaki değişim 11 (349.619.863) (678.809.916),
AGROT,2024,12,1411771,520003,Konsolide,MDV+MODV,onceki,-678809916.0,XBRL,TEYITLI,TL,14,Maddi duran varlıklardaki değişim 11 (349.619.863) (678.809.916),
AGROT,2024,12,1411771,520003,Konsolide,YAGM,cari,0.0,XBRL,SIFIR,,,,
AGROT,2024,12,1411771,520003,Konsolide,YAGM,onceki,-98324890.0,XBRL,TEYITLI,TL,14,Yatırım amaçlı gayrimenkuller 19 -- (98.324.890),
AGROT,2024,12,1411771,520003,Konsolide,KIRA,cari,,XBRL,SIFIR,,,,
AGROT,2024,12,1411771,520003,Konsolide,KIRA,onceki,,XBRL,SIFIR,,,,
AGROT,2025,6,1481009,,,*,,,,INDIRILMEDI,,,,
AGROT,2025,9,1516216,,,*,,,,INDIRILMEDI,,,,
AGROT,2025,12,1571044,,,*,,,,INDIRILMEDI,,,,
AGROT,2026,3,1605587,,,*,,,,INDIRILMEDI,,,,
AGROT,2026,6,1648935,,,*,,,,INDIRILMEDI,,,,
AKHAN,2025,12,1569915,,,*,,,,INDIRILMEDI,,,,
AKHAN,2026,3,1603749,,,*,,,,INDIRILMEDI,,,,
AKHAN,2026,6,1650965,,,*,,,,INDIRILMEDI,,,,
AKSUE,2024,12,1399036,520003,Konsolide Olmayan,CFO,cari,25697765.0,XBRL,TEYITLI,TL,11,İşletme Faaliyetlerinden Nakit Akışları 25.697.765 63.672.729,
AKSUE,2024,12,1399036,520003,Konsolide Olmayan,CFO,onceki,63672729.0,XBRL,TEYITLI,TL,11,İşletme Faaliyetlerinden Nakit Akışları 25.697.765 63.672.729,
AKSUE,2024,12,1399036,520003,Konsolide Olmayan,MDV+MODV,cari,-11356283.0,XBRL,TEYITLI,TL,11,Kaynaklanan Nakit Çıkışları (11.356.284),
AKSUE,2024,12,1399036,520003,Konsolide Olmayan,MDV+MODV,onceki,-1451326.0,XBRL,TEYITLI,TL,11,(1.451.326),
AKSUE,2024,12,1399036,520003,Konsolide Olmayan,YAGM,cari,,XBRL,SIFIR,,,,
AKSUE,2024,12,1399036,520003,Konsolide Olmayan,YAGM,onceki,,XBRL,SIFIR,,,,
AKSUE,2024,12,1399036,520003,Konsolide Olmayan,KIRA,cari,-44291544.0,XBRL,TEYITLI,TL,11,Kiralamalara İlişkin Nakit Çıkışları 6 (44.291.544) (125.603.624),
AKSUE,2024,12,1399036,520003,Konsolide Olmayan,KIRA,onceki,-125603624.0,XBRL,TEYITLI,TL,11,Kiralamalara İlişkin Nakit Çıkışları 6 (44.291.544) (125.603.624),
AKSUE,2025,6,1475879,520003,Konsolide Olmayan,CFO,cari,5972212.0,XBRL,TEYITLI,TL,8,İşletme Faaliyetlerinden Nakit Akışları 5.972.212 6.386.794,
AKSUE,2025,6,1475879,520003,Konsolide Olmayan,CFO,onceki,6386794.0,XBRL,TEYITLI,TL,8,İşletme Faaliyetlerinden Nakit Akışları 5.972.212 6.386.794,
AKSUE,2025,6,1475879,520003,Konsolide Olmayan,MDV+MODV,cari,-2003484.0,XBRL,TEYITLI,TL,8,Yatırım Faaliyetlerinden Kaynaklanan Nakit Akışları (2.003.484) 4.409.814,
AKSUE,2025,6,1475879,520003,Konsolide Olmayan,MDV+MODV,onceki,-1677997.0,XBRL,TEYITLI,TL,8,(2.003.484) (1.677.997),
AKSUE,2025,6,1475879,520003,Konsolide Olmayan,YAGM,cari,,XBRL,SIFIR,,,,
AKSUE,2025,6,1475879,520003,Konsolide Olmayan,YAGM,onceki,,XBRL,SIFIR,,,,
AKSUE,2025,6,1475879,520003,Konsolide Olmayan,KIRA,cari,-20612552.0,XBRL,TEYITLI,TL,8,Kiralamalara İlişkin Nakit Çıkışları 6 (20.612.552) (24.870.150),
AKSUE,2025,6,1475879,520003,Konsolide Olmayan,KIRA,onceki,-24870150.0,XBRL,TEYITLI,TL,8,Kiralamalara İlişkin Nakit Çıkışları 6 (20.612.552) (24.870.150),
AKSUE,2025,9,1509567,,,*,,,,INDIRILMEDI,,,,
AKSUE,2025,12,1563877,,,*,,,,INDIRILMEDI,,,,
AKSUE,2026,3,1599719,,,*,,,,INDIRILMEDI,,,,
AKYHO,2024,12,1405228,520003,Konsolide,CFO,cari,-90513489.0,XBRL,TEYITLI,TL,12,A. İŞLETME FAALİYETLERİNDEN NAKİT AKIŞLARI (90.513.489) (13.346.571),
AKYHO,2024,12,1405228,520003,Konsolide,CFO,onceki,-13346571.0,XBRL,TEYITLI,TL,12,A. İŞLETME FAALİYETLERİNDEN NAKİT AKIŞLARI (90.513.489) (13.346.571),
AKYHO,2024,12,1405228,520003,Konsolide,MDV+MODV,cari,-23866595.0,XBRL,TEYITLI,TL,13,"20,21 (23.866.595) (31.198.748)",
AKYHO,2024,12,1405228,520003,Konsolide,MDV+MODV,onceki,-31198748.0,XBRL,TEYITLI,TL,13,"20,21 (23.866.595) (31.198.748)",
AKYHO,2024,12,1405228,520003,Konsolide,YAGM,cari,,XBRL,SIFIR,,,,
AKYHO,2024,12,1405228,520003,Konsolide,YAGM,onceki,,XBRL,SIFIR,,,,
AKYHO,2024,12,1405228,520003,Konsolide,KIRA,cari,-827332.0,XBRL,TEYITLI,TL,13,9 (827.332) (2.897.181),
AKYHO,2024,12,1405228,520003,Konsolide,KIRA,onceki,-2897181.0,XBRL,TEYITLI,TL,13,9 (827.332) (2.897.181),
AKYHO,2025,3,1438245,520003,Konsolide,CFO,cari,-44851779.0,XBRL,PDF_TUTMADI,,,,
AKYHO,2025,3,1438245,520003,Konsolide,CFO,onceki,51569278.0,XBRL,TEYITLI,TL,7,A. İŞLETME FAALİYETLERİNDEN NAKİT AKIŞLARI (37.526.402) 51.569.278,
AKYHO,2025,3,1438245,520003,Konsolide,MDV+MODV,cari,-10000063.0,XBRL,TEYITLI,TL,7,Maddi Duran Varlık Alımından Kaynaklanan Nakit Çıkışları (10.000.063) -,
AKYHO,2025,3,1438245,520003,Konsolide,MDV+MODV,onceki,0.0,XBRL,SIFIR,,,,
AKYHO,2025,3,1438245,520003,Konsolide,YAGM,cari,,XBRL,SIFIR,,,,
AKYHO,2025,3,1438245,520003,Konsolide,YAGM,onceki,,XBRL,SIFIR,,,,
AKYHO,2025,3,1438245,520003,Konsolide,KIRA,cari,,XBRL,SIFIR,,,,
AKYHO,2025,3,1438245,520003,Konsolide,KIRA,onceki,,XBRL,SIFIR,,,,
AKYHO,2025,6,1479566,,,*,,,,INDIRILMEDI,,,,
AKYHO,2025,9,1513697,,,*,,,,INDIRILMEDI,,,,
ALARK,2024,12,1403943,520003,Konsolide,CFO,cari,1263675.0,XBRL,TEYITLI,TL,12,A. İşletme faaliyetlerinden nakit akışları 1.263.675 3.975.876,
ALARK,2024,12,1403943,520003,Konsolide,CFO,onceki,3975876.0,XBRL,TEYITLI,TL,12,A. İşletme faaliyetlerinden nakit akışları 1.263.675 3.975.876,
ALARK,2024,12,1403943,520003,Konsolide,MDV+MODV,cari,-6309121.0,XBRL,TEYITLI,TL,12,"Maddi ve maddi olmayan duran varlıkların alımından kaynaklanan nakit çıkışları 18,19 (6.309.121) (4.632.995)",
ALARK,2024,12,1403943,520003,Konsolide,MDV+MODV,onceki,-4632995.0,XBRL,TEYITLI,TL,12,"Maddi ve maddi olmayan duran varlıkların alımından kaynaklanan nakit çıkışları 18,19 (6.309.121) (4.632.995)",
ALARK,2024,12,1403943,520003,Konsolide,YAGM,cari,,XBRL,SIFIR,,,,
ALARK,2024,12,1403943,520003,Konsolide,YAGM,onceki,,XBRL,SIFIR,,,,
ALARK,2024,12,1403943,520003,Konsolide,KIRA,cari,-31172.0,XBRL,TEYITLI,bin TL,12,BAĞIMSIZ DENETİMDEN GEÇMİŞ 1 OCAK - 31 ARALIK 2024 DÖNEMİNE AİT,
ALARK,2024,12,1403943,520003,Konsolide,KIRA,onceki,-45124.0,XBRL,TEYITLI,TL,12,Kira sözleşmelerinden kaynaklanan borç ödemelerine ilişkin nakit çıkışları 7 (31.172) (45.124),
ALARK,2025,3,1437035,520003,Konsolide,CFO,cari,-902939.0,XBRL,TEYITLI,TL,7,A. İşletme faaliyetlerinden nakit akışları (902.939) 1.559.118,
ALARK,2025,3,1437035,520003,Konsolide,CFO,onceki,1559118.0,XBRL,TEYITLI,TL,7,A. İşletme faaliyetlerinden nakit akışları (902.939) 1.559.118,
ALARK,2025,3,1437035,520003,Konsolide,MDV+MODV,cari,-2322675.0,XBRL,TEYITLI,TL,7,Maddi ve maddi olmayan duran varlıkların alımından kaynaklanan nakit çıkışları (2.322.675) (1.581.411),
ALARK,2025,3,1437035,520003,Konsolide,MDV+MODV,onceki,-1581411.0,XBRL,TEYITLI,TL,7,Maddi ve maddi olmayan duran varlıkların alımından kaynaklanan nakit çıkışları (2.322.675) (1.581.411),
ALARK,2025,3,1437035,520003,Konsolide,YAGM,cari,,XBRL,SIFIR,,,,
ALARK,2025,3,1437035,520003,Konsolide,YAGM,onceki,,XBRL,SIFIR,,,,
ALARK,2025,3,1437035,520003,Konsolide,KIRA,cari,-16483.0,XBRL,TEYITLI,TL,7,Kira sözleşmelerinden kaynaklanan borç ödemelerine ilişkin nakit çıkışları (16.483) (7.822),
ALARK,2025,3,1437035,520003,Konsolide,KIRA,onceki,-7822.0,XBRL,TEYITLI,TL,7,Kira sözleşmelerinden kaynaklanan borç ödemelerine ilişkin nakit çıkışları (16.483) (7.822),
ALBTN,2026,6,1642529,,,*,,,,INDIRILMEDI,,,,
ALCTL,2024,12,1399351,520003,Konsolide Olmayan,CFO,cari,-132460730.0,XBRL,TEYITLI,TL,11,A. İşletme Faaliyetlerinden Elde Edilen Nakit Akışları (132.460.730) 328.851.438,
ALCTL,2024,12,1399351,520003,Konsolide Olmayan,CFO,onceki,328851438.0,XBRL,TEYITLI,TL,11,A. İşletme Faaliyetlerinden Elde Edilen Nakit Akışları (132.460.730) 328.851.438,
ALCTL,2024,12,1399351,520003,Konsolide Olmayan,MDV+MODV,cari,-6020348.0,XBRL,TEYITLI,TL,11,"Maddi ve maddi olmayan duran varlıkların alımından kaynaklanan nakit çıkışı 10,11 (6.020.348) (10.286.331)",
ALCTL,2024,12,1399351,520003,Konsolide Olmayan,MDV+MODV,onceki,-10286331.0,XBRL,TEYITLI,TL,11,"Maddi ve maddi olmayan duran varlıkların alımından kaynaklanan nakit çıkışı 10,11 (6.020.348) (10.286.331)",
ALCTL,2024,12,1399351,520003,Konsolide Olmayan,YAGM,cari,,XBRL,SIFIR,,,,
ALCTL,2024,12,1399351,520003,Konsolide Olmayan,YAGM,onceki,,XBRL,SIFIR,,,,
ALCTL,2024,12,1399351,520003,Konsolide Olmayan,KIRA,cari,-52469716.0,XBRL,TEYITLI,TL,11,C. FİNANSMAN FAALİYETLERİNDEN KULLANILAN NAKİT AKIŞLARI (52.469.716) (83.874.858),
ALCTL,2024,12,1399351,520003,Konsolide Olmayan,KIRA,onceki,-83874858.0,XBRL,TEYITLI,TL,11,C. FİNANSMAN FAALİYETLERİNDEN KULLANILAN NAKİT AKIŞLARI (52.469.716) (83.874.858),
ALCTL,2025,3,1430419,520003,Konsolide Olmayan,CFO,cari,39850157.0,XBRL,TEYITLI,TL,7,A. İşletme Faaliyetlerinden Elde Edilen Nakit Akışları 39.850.157 (287.145.248),
ALCTL,2025,3,1430419,520003,Konsolide Olmayan,CFO,onceki,-287145248.0,XBRL,TEYITLI,TL,7,A. İşletme Faaliyetlerinden Elde Edilen Nakit Akışları 39.850.157 (287.145.248),
ALCTL,2025,3,1430419,520003,Konsolide Olmayan,MDV+MODV,cari,,XBRL,SIFIR,,,,
ALCTL,2025,3,1430419,520003,Konsolide Olmayan,MDV+MODV,onceki,-1379867.0,XBRL,TEYITLI,TL,7,B. YATIRIM FAALİYETLERİNDE KULLANILAN NAKİT AKIŞLARI - (1.379.867),
ALCTL,2025,3,1430419,520003,Konsolide Olmayan,YAGM,cari,,XBRL,SIFIR,,,,
ALCTL,2025,3,1430419,520003,Konsolide Olmayan,YAGM,onceki,,XBRL,SIFIR,,,,
ALCTL,2025,3,1430419,520003,Konsolide Olmayan,KIRA,cari,-23313513.0,XBRL,TEYITLI,TL,7,C. FİNANSMAN FAALİYETLERİNDEN KULLANILAN NAKİT AKIŞLARI (23.313.513) (4.788.602),
ALCTL,2025,3,1430419,520003,Konsolide Olmayan,KIRA,onceki,-4788602.0,XBRL,TEYITLI,TL,7,C. FİNANSMAN FAALİYETLERİNDEN KULLANILAN NAKİT AKIŞLARI (23.313.513) (4.788.602),
ALCTL,2025,6,1476152,,,*,,,,INDIRILMEDI,,,,
ALCTL,2025,9,1507962,,,*,,,,INDIRILMEDI,,,,
ALCTL,2025,12,1564359,,,*,,,,INDIRILMEDI,,,,
ALCTL,2026,3,1599603,,,*,,,,INDIRILMEDI,,,,
ALFAS,2024,12,1405002,520003,Konsolide,CFO,cari,237399896.0,XBRL,TEYITLI,TL,13,CASH FLOWS FROM (USED IN) OPERATING ACTIVITIES 237.399.896 (1.012.216.394),
ALFAS,2024,12,1405002,520003,Konsolide,CFO,onceki,-1012216394.0,XBRL,TEYITLI,TL,13,CASH FLOWS FROM (USED IN) OPERATING ACTIVITIES 237.399.896 (1.012.216.394),
ALFAS,2024,12,1405002,520003,Konsolide,MDV+MODV,cari,-776990182.0,XBRL,TEYITLI,TL,13,"Purchase of Property, Plant, Equipment, and Intangible Assets 15 (776.990.182) (864.338.539)",
ALFAS,2024,12,1405002,520003,Konsolide,MDV+MODV,onceki,-864338539.0,XBRL,TEYITLI,TL,13,"Purchase of Property, Plant, Equipment, and Intangible Assets 15 (776.990.182) (864.338.539)",
ALFAS,2024,12,1405002,520003,Konsolide,YAGM,cari,,XBRL,SIFIR,,,,
ALFAS,2024,12,1405002,520003,Konsolide,YAGM,onceki,,XBRL,SIFIR,,,,
ALFAS,2024,12,1405002,520003,Konsolide,KIRA,cari,-969236.0,XBRL,TEYITLI,TL,13,Cash Inflows Related to Debt Payments Arising from Rental Agreements 8 (969.236) (1.491.678),
ALFAS,2024,12,1405002,520003,Konsolide,KIRA,onceki,-1491678.0,XBRL,TEYITLI,TL,13,Cash Inflows Related to Debt Payments Arising from Rental Agreements 8 (969.236) (1.491.678),
ALFAS,2025,6,1480706,,,*,,,,INDIRILMEDI,,,,
ALFAS,2025,9,1514818,,,*,,,,INDIRILMEDI,,,,
ALFAS,2025,12,1605555,,,*,,,,INDIRILMEDI,,,,
ALFAS,2026,3,1605558,,,*,,,,INDIRILMEDI,,,,
ALFAS,2026,6,1653016,,,*,,,,INDIRILMEDI,,,,
ALTNY,2024,12,1429196,520003,Konsolide,CFO,cari,-94964606.0,XBRL,TEYITLI,TL,14,"İşletme Faaliyetlerinden Sağlanan Nakit Akışları, net (94.964.606) 193.050.869", 2 bildirim; son kullanıldı
ALTNY,2024,12,1429196,520003,Konsolide,CFO,onceki,193050869.0,XBRL,TEYITLI,TL,14,"İşletme Faaliyetlerinden Sağlanan Nakit Akışları, net (94.964.606) 193.050.869", 2 bildirim; son kullanıldı
ALTNY,2024,12,1429196,520003,Konsolide,MDV+MODV,cari,-808946673.0,XBRL(alt kalemler PDF),TEYITLI,TL,14,Maddi duran varlıklardaki değişim 11 (359.871.321) (400.277.049) + Maddi olmayan duran varlıklardaki değişim 12 (449.075.352) (331.017.526), 2 bildirim; son kullanıldı
ALTNY,2024,12,1429196,520003,Konsolide,MDV+MODV,onceki,-731294575.0,XBRL(alt kalemler PDF),TEYITLI,TL,14,Maddi duran varlıklardaki değişim 11 (359.871.321) (400.277.049) + Maddi olmayan duran varlıklardaki değişim 12 (449.075.352) (331.017.526), 2 bildirim; son kullanıldı
ALTNY,2024,12,1429196,520003,Konsolide,YAGM,cari,,XBRL,SIFIR,,,, 2 bildirim; son kullanıldı
ALTNY,2024,12,1429196,520003,Konsolide,YAGM,onceki,,XBRL,SIFIR,,,, 2 bildirim; son kullanıldı
ALTNY,2024,12,1429196,520003,Konsolide,KIRA,cari,,XBRL,SIFIR,,,, 2 bildirim; son kullanıldı
ALTNY,2024,12,1429196,520003,Konsolide,KIRA,onceki,,XBRL,SIFIR,,,, 2 bildirim; son kullanıldı
ALTNY,2024,12,1429196,520003,Konsolide,KIRA,*,,PDF,PDF_EK_SATIR,,14,Operasyonel kiralama işlemlerinden kaynaklanan nakit girişleri ve çıkışları 13 598.065 (4.051.404), 2 bildirim; son kullanıldı
ALTNY,2025,6,1479304,,,*,,,,INDIRILMEDI,,,,
ALTNY,2025,12,1569926,,,*,,,,INDIRILMEDI,,,,
ALTNY,2026,6,1652196,,,*,,,,INDIRILMEDI,,,,
ANGEN,2024,12,1397550,520003,Konsolide,CFO,cari,141411301.0,XBRL,TEYITLI,TL,11,Toplam 141.411.300 424.360.267,
ANGEN,2024,12,1397550,520003,Konsolide,CFO,onceki,424360267.0,XBRL,TEYITLI,TL,11,Toplam 141.411.300 424.360.267,
ANGEN,2024,12,1397550,520003,Konsolide,MDV+MODV,cari,-246491926.0,XBRL,TEYITLI,TL,11,"Maddi ve Maddi Olmayan Duran Varlıkların Alımından Kaynaklanan Nakit Çıkışları 12,13,14 (246.491.926) (167.048.027)",
ANGEN,2024,12,1397550,520003,Konsolide,MDV+MODV,onceki,-167048027.0,XBRL,TEYITLI,TL,11,"Maddi ve Maddi Olmayan Duran Varlıkların Alımından Kaynaklanan Nakit Çıkışları 12,13,14 (246.491.926) (167.048.027)",
ANGEN,2024,12,1397550,520003,Konsolide,YAGM,cari,,XBRL,SIFIR,,,,
ANGEN,2024,12,1397550,520003,Konsolide,YAGM,onceki,,XBRL,SIFIR,,,,
ANGEN,2024,12,1397550,520003,Konsolide,KIRA,cari,-1788137.0,XBRL,TEYITLI,TL,11,Borç Ödemelerine İlişkin Nakit Çıkışları (1.788.137) (2.091.442),
ANGEN,2024,12,1397550,520003,Konsolide,KIRA,onceki,-2091442.0,XBRL,TEYITLI,TL,11,Borç Ödemelerine İlişkin Nakit Çıkışları (1.788.137) (2.091.442),
ANGEN,2025,3,1436616,520003,Konsolide,CFO,cari,-2238511.0,XBRL,TEYITLI,TL,7,Toplam (2.238.511) 1.430.575,
ANGEN,2025,3,1436616,520003,Konsolide,CFO,onceki,1430575.0,XBRL,TEYITLI,TL,7,Toplam (2.238.511) 1.430.575,
ANGEN,2025,3,1436616,520003,Konsolide,MDV+MODV,cari,-20754443.0,XBRL,TEYITLI,TL,7,Kaynaklanan Nakit Çıkışları (20.754.443) (93.227.914),
ANGEN,2025,3,1436616,520003,Konsolide,MDV+MODV,onceki,-93227914.0,XBRL,TEYITLI,TL,7,Kaynaklanan Nakit Çıkışları (20.754.443) (93.227.914),
ANGEN,2025,3,1436616,520003,Konsolide,YAGM,cari,,XBRL,SIFIR,,,,
ANGEN,2025,3,1436616,520003,Konsolide,YAGM,onceki,,XBRL,SIFIR,,,,
ANGEN,2025,3,1436616,520003,Konsolide,KIRA,cari,-1971524.0,XBRL,TEYITLI,TL,7,İlişkin Nakit Çıkışları (1.971.524) (2.301.899),
ANGEN,2025,3,1436616,520003,Konsolide,KIRA,onceki,-2301899.0,XBRL,TEYITLI,TL,7,İlişkin Nakit Çıkışları (1.971.524) (2.301.899),
ANGEN,2025,6,1475264,,,*,,,,INDIRILMEDI,,,,
ARDYZ,2024,12,1402829,520003,Konsolide,CFO,cari,1478775017.0,XBRL,TEYITLI,TL,11,A. İşletme Faaliyetlerinden Nakit Akışları 1.478.775.017 184.772.427,
ARDYZ,2024,12,1402829,520003,Konsolide,CFO,onceki,184772427.0,XBRL,TEYITLI,TL,11,A. İşletme Faaliyetlerinden Nakit Akışları 1.478.775.017 184.772.427,
ARDYZ,2024,12,1402829,520003,Konsolide,MDV+MODV,cari,-1578207972.0,XBRL,TEYITLI,TL,11,"Maddi ve maddi olmayan duran varlıkların alımından kaynaklanan nakit çıkışları [16,17] -1.578.207.972 -519.991.093",
ARDYZ,2024,12,1402829,520003,Konsolide,MDV+MODV,onceki,-519991093.0,XBRL,TEYITLI,TL,11,"Maddi ve maddi olmayan duran varlıkların alımından kaynaklanan nakit çıkışları [16,17] -1.578.207.972 -519.991.093",
ARDYZ,2024,12,1402829,520003,Konsolide,YAGM,cari,,XBRL,SIFIR,,,,
ARDYZ,2024,12,1402829,520003,Konsolide,YAGM,onceki,,XBRL,SIFIR,,,,
ARDYZ,2024,12,1402829,520003,Konsolide,KIRA,cari,,XBRL,SIFIR,,,,
ARDYZ,2024,12,1402829,520003,Konsolide,KIRA,onceki,,XBRL,SIFIR,,,,
ARDYZ,2025,3,1438074,520003,Konsolide,CFO,cari,12649653.0,XBRL,TEYITLI,TL,7,A. İşletme Faaliyetlerinden Nakit Akışları 12.649.653 -79.004.987,
ARDYZ,2025,3,1438074,520003,Konsolide,CFO,onceki,-79004987.0,XBRL,TEYITLI,TL,7,A. İşletme Faaliyetlerinden Nakit Akışları 12.649.653 -79.004.987,
ARDYZ,2025,3,1438074,520003,Konsolide,MDV+MODV,cari,,XBRL,SIFIR,,,,
ARDYZ,2025,3,1438074,520003,Konsolide,MDV+MODV,onceki,,XBRL,SIFIR,,,,
ARDYZ,2025,3,1438074,520003,Konsolide,MDV+MODV,*,,PDF,PDF_EK_SATIR,,7,"Maddi ve maddi olmayan duran varlıkların alımından kaynaklanan nakit çıkışları [16,17] -55.314.856 -14.491.630",
ARDYZ,2025,3,1438074,520003,Konsolide,YAGM,cari,,XBRL,SIFIR,,,,
ARDYZ,2025,3,1438074,520003,Konsolide,YAGM,onceki,,XBRL,SIFIR,,,,
ARDYZ,2025,3,1438074,520003,Konsolide,KIRA,cari,,XBRL,SIFIR,,,,
ARDYZ,2025,3,1438074,520003,Konsolide,KIRA,onceki,,XBRL,SIFIR,,,,
ARFYE,2025,12,1562182,,,*,,,,INDIRILMEDI,,,,
ARFYE,2026,3,1597761,,,*,,,,INDIRILMEDI,,,,
ARFYE,2026,6,1645491,,,*,,,,INDIRILMEDI,,,,
ARSAN,2024,12,1404479,520003,Konsolide,CFO,cari,757798351.0,XBRL,TEYITLI,TL,12,Faaliyetlerden elde edilen nakit akışları 757.798.351 1.103.264.073,
ARSAN,2024,12,1404479,520003,Konsolide,CFO,onceki,1103264073.0,XBRL,TEYITLI,TL,12,Faaliyetlerden elde edilen nakit akışları 757.798.351 1.103.264.073,
ARSAN,2024,12,1404479,520003,Konsolide,MDV+MODV,cari,-20607770.0,XBRL,TEYITLI,TL,12,"Maddi ve maddi olmayan duran varlık alımından kaynaklanan nakit (çıkışları) 14,15 (20.607.770) (115.637.828)",
ARSAN,2024,12,1404479,520003,Konsolide,MDV+MODV,onceki,-115637828.0,XBRL,TEYITLI,TL,12,"Maddi ve maddi olmayan duran varlık alımından kaynaklanan nakit (çıkışları) 14,15 (20.607.770) (115.637.828)",
ARSAN,2024,12,1404479,520003,Konsolide,YAGM,cari,,XBRL,SIFIR,,,,
ARSAN,2024,12,1404479,520003,Konsolide,YAGM,onceki,,XBRL,SIFIR,,,,
ARSAN,2024,12,1404479,520003,Konsolide,YAGM,*,,PDF,PDF_EK_SATIR,,12,Yatırım amaçlı gayrimenkullerin gerçeğe uygun değeri ile ilgili düzeltmeler 24 (15.345.105) (1.086.091.739),
ARSAN,2024,12,1404479,520003,Konsolide,KIRA,cari,,XBRL,SIFIR,,,,
ARSAN,2024,12,1404479,520003,Konsolide,KIRA,onceki,,XBRL,SIFIR,,,,
ARSAN,2024,12,1404479,520003,Konsolide,KIRA,*,,PDF,PDF_EK_SATIR,,12,Finansal kiralama sözleşmelerinden kaynaklanan nakit (çıkışları) (20.696.893) (23.745.666),
ARSAN,2025,3,1438669,520003,Konsolide,CFO,cari,-29518258.0,XBRL,TEYITLI,TL,8,A.İşletme Faaliyetlerden Elde Edilen Nakit Akışları (29.518.259) 176.608.610, 2 bildirim; son kullanıldı
ARSAN,2025,3,1438669,520003,Konsolide,CFO,onceki,176608610.0,XBRL,TEYITLI,TL,8,A.İşletme Faaliyetlerden Elde Edilen Nakit Akışları (29.518.259) 176.608.610, 2 bildirim; son kullanıldı
ARSAN,2025,3,1438669,520003,Konsolide,MDV+MODV,cari,-38426671.0,XBRL,TEYITLI,TL,8,"Maddi ve maddi olmayan duran varlık alımından kaynaklanan nakit çıkışları 14,17 (38.426.671) (100.260.784)", 2 bildirim; son kullanıldı
ARSAN,2025,3,1438669,520003,Konsolide,MDV+MODV,onceki,-100260784.0,XBRL,TEYITLI,TL,8,"Maddi ve maddi olmayan duran varlık alımından kaynaklanan nakit çıkışları 14,17 (38.426.671) (100.260.784)", 2 bildirim; son kullanıldı
ARSAN,2025,3,1438669,520003,Konsolide,YAGM,cari,,XBRL,SIFIR,,,, 2 bildirim; son kullanıldı
ARSAN,2025,3,1438669,520003,Konsolide,YAGM,onceki,,XBRL,SIFIR,,,, 2 bildirim; son kullanıldı
ARSAN,2025,3,1438669,520003,Konsolide,KIRA,cari,,XBRL,SIFIR,,,, 2 bildirim; son kullanıldı
ARSAN,2025,3,1438669,520003,Konsolide,KIRA,onceki,,XBRL,SIFIR,,,, 2 bildirim; son kullanıldı
ARSAN,2025,9,1515791,,,*,,,,INDIRILMEDI,,,,
ARSAN,2025,12,1571923,,,*,,,,INDIRILMEDI,,,,
ARSAN,2026,3,1605404,,,*,,,,INDIRILMEDI,,,,
ARSAN,2026,6,1652744,,,*,,,,INDIRILMEDI,,,,
ARTMS,2025,12,1564219,,,*,,,,INDIRILMEDI,,,,
ARTMS,2026,3,1599998,,,*,,,,INDIRILMEDI,,,,
ARTMS,2026,6,1647329,,,*,,,,INDIRILMEDI,,,,
ATATR,2025,12,1568981,,,*,,,,INDIRILMEDI,,,,
ATATR,2026,6,1653278,,,*,,,,INDIRILMEDI,,,,
ATEKS,2024,12,1404386,520003,Konsolide,CFO,cari,176200219.0,XBRL,TEYITLI,TL,11,A. İşletme Faaliyetlerinden Nakit Akışları 176.200.219 -26.079.495,
ATEKS,2024,12,1404386,520003,Konsolide,CFO,onceki,-26079495.0,XBRL,TEYITLI,TL,11,A. İşletme Faaliyetlerinden Nakit Akışları 176.200.219 -26.079.495,
ATEKS,2024,12,1404386,520003,Konsolide,MDV+MODV,cari,-2623086.0,XBRL,TEYITLI,TL,11,"Maddi ve maddi olmayan duran varlıkların alımından kaynaklanan nakit çıkışları [15,16,17] -2.623.086 -21.153.197",
ATEKS,2024,12,1404386,520003,Konsolide,MDV+MODV,onceki,-21153197.0,XBRL,TEYITLI,TL,11,"Maddi ve maddi olmayan duran varlıkların alımından kaynaklanan nakit çıkışları [15,16,17] -2.623.086 -21.153.197",
ATEKS,2024,12,1404386,520003,Konsolide,YAGM,cari,,XBRL,SIFIR,,,,
ATEKS,2024,12,1404386,520003,Konsolide,YAGM,onceki,,XBRL,SIFIR,,,,
ATEKS,2024,12,1404386,520003,Konsolide,YAGM,*,,PDF,PDF_EK_SATIR,,11,• Yatırım amaçlı gayrimenkullerin elden çıkarılmasından kaynaklanan kayıplar (kazançlar) ile ilgili düzeltmeler -1.886.775 40.275.729 || Yatırım amaçlı gayrimenkul satımından kaynaklanan nakit girişleri – 27.679.342,
ATEKS,2024,12,1404386,520003,Konsolide,KIRA,cari,,XBRL,SIFIR,,,,
ATEKS,2024,12,1404386,520003,Konsolide,KIRA,onceki,,XBRL,SIFIR,,,,
ATEKS,2024,12,1404386,520003,Konsolide,KIRA,*,,PDF,PDF_EK_SATIR,,11,• Finansal kiralama sözleşmelerinden kaynaklanan borç ödemelerine ilişkin nakit çıkışları – -25.494.601,
ATEKS,2025,3,1567622,,,*,,,,INDIRILMEDI,,,,
ATEKS,2025,6,1572592,,,*,,,,INDIRILMEDI,,,,
ATEKS,2025,9,1567641,,,*,,,,INDIRILMEDI,,,,
ATSYH,2024,12,1411746,,,*,,,,NAKIT_AKIS_YOK,,,,html indirilemedi
ATSYH,2025,3,1437930,520003,Konsolide,CFO,cari,-147245.0,XBRL,TEYITLI,TL,8,İŞLETME FAALİYETLERİNDEN NAKİT AKIŞLARI (147.245) 23.100.679,
ATSYH,2025,3,1437930,520003,Konsolide,CFO,onceki,23100678.0,XBRL,TEYITLI,TL,8,İŞLETME FAALİYETLERİNDEN NAKİT AKIŞLARI (147.245) 23.100.679,
ATSYH,2025,3,1437930,520003,Konsolide,MDV+MODV,cari,0.0,XBRL,SIFIR,,,,
ATSYH,2025,3,1437930,520003,Konsolide,MDV+MODV,onceki,0.0,XBRL,SIFIR,,,,
ATSYH,2025,3,1437930,520003,Konsolide,YAGM,cari,,XBRL,SIFIR,,,,
ATSYH,2025,3,1437930,520003,Konsolide,YAGM,onceki,,XBRL,SIFIR,,,,
ATSYH,2025,3,1437930,520003,Konsolide,KIRA,cari,,XBRL,SIFIR,,,,
ATSYH,2025,3,1437930,520003,Konsolide,KIRA,onceki,-16658810.0,XBRL,TEYITLI,TL,8,Kira sözleşmelerinden kaynaklanan borç ödemelerine ilişkin nakit çıkışları - (16.658.810),
AVHOL,2024,12,1405230,520003,Konsolide,CFO,cari,79316413.0,XBRL,TEYITLI,TL,13,A. ESAS FAALİYETLERDEN NAKİT AKIŞLARI 79.316.413 48.793.640,
AVHOL,2024,12,1405230,520003,Konsolide,CFO,onceki,48793640.0,XBRL,TEYITLI,TL,13,A. ESAS FAALİYETLERDEN NAKİT AKIŞLARI 79.316.413 48.793.640,
AVHOL,2024,12,1405230,520003,Konsolide,MDV+MODV,cari,-89601220.0,XBRL,TEYITLI,TL,13,Maddi ve Maddi Olmayan Duran Varlıkların Alımından Kaynaklanan Nakit Çıkışları 14 (89.601.220) (16.048.070),
AVHOL,2024,12,1405230,520003,Konsolide,MDV+MODV,onceki,-16048070.0,XBRL,TEYITLI,TL,13,Maddi ve Maddi Olmayan Duran Varlıkların Alımından Kaynaklanan Nakit Çıkışları 14 (89.601.220) (16.048.070),
AVHOL,2024,12,1405230,520003,Konsolide,YAGM,cari,,XBRL,SIFIR,,,,
AVHOL,2024,12,1405230,520003,Konsolide,YAGM,onceki,,XBRL,SIFIR,,,,
AVHOL,2024,12,1405230,520003,Konsolide,KIRA,cari,-17272509.0,XBRL,TEYITLI,TL,13,"Kira Sözleşmelerinden Kaynaklanan Borç Ödemelerine İlişkin Nakit Çıkışları 20,47 (17.272.509) (25.897.909)",
AVHOL,2024,12,1405230,520003,Konsolide,KIRA,onceki,-25897909.0,XBRL,TEYITLI,TL,13,"Kira Sözleşmelerinden Kaynaklanan Borç Ödemelerine İlişkin Nakit Çıkışları 20,47 (17.272.509) (25.897.909)",
AVHOL,2025,3,1436681,520003,Konsolide,CFO,cari,12371673.0,XBRL,TEYITLI,TL,7,A. ESAS FAALİYETLERDEN NAKİT AKIŞLARI 12.371.673 40.444.922,
AVHOL,2025,3,1436681,520003,Konsolide,CFO,onceki,40444924.0,XBRL,PDF_TUTMADI,,,,
AVHOL,2025,3,1436681,520003,Konsolide,MDV+MODV,cari,-11157561.0,XBRL,TEYITLI,TL,7,Maddi ve Maddi Olmayan Duran Varlıkların Alımından Kaynaklanan Nakit Çıkışları 14 (11.157.561) (47.182.709),
AVHOL,2025,3,1436681,520003,Konsolide,MDV+MODV,onceki,-47182709.0,XBRL,TEYITLI,TL,7,B. YATIRIM FAALİYETLERİNDEN NAKİT AKIŞLARI 33.732.255 (47.182.709),
AVHOL,2025,3,1436681,520003,Konsolide,YAGM,cari,,XBRL,SIFIR,,,,
AVHOL,2025,3,1436681,520003,Konsolide,YAGM,onceki,,XBRL,SIFIR,,,,
AVHOL,2025,3,1436681,520003,Konsolide,KIRA,cari,-67382.0,XBRL,TEYITLI,TL,7,"Kira Sözleşmelerinden Kaynaklanan Borç Ödemelerine İlişkin Nakit Çıkışları 20,47 (67.382) 597.372",
AVHOL,2025,3,1436681,520003,Konsolide,KIRA,onceki,597372.0,XBRL,TEYITLI,TL,7,C. FİNANSMAN FAALİYETLERİNDEN NAKİT AKIŞLARI 7.437.839 597.372,
AVHOL,2025,6,1480688,,,*,,,,INDIRILMEDI,,,,
AVHOL,2025,9,1514360,,,*,,,,INDIRILMEDI,,,,
AVOD,2024,12,1404487,520003,Konsolide,CFO,cari,385966519.0,XBRL,TEYITLI,TL,14,A. ESAS FAALİYETLERDEN NAKİT AKIŞLARI 385.966.519 (145.645.421),
AVOD,2024,12,1404487,520003,Konsolide,CFO,onceki,-145645420.0,XBRL,TEYITLI,TL,14,A. ESAS FAALİYETLERDEN NAKİT AKIŞLARI 385.966.519 (145.645.421),
AVOD,2024,12,1404487,520003,Konsolide,MDV+MODV,cari,-30214997.0,XBRL,TEYITLI,TL,14,Maddi ve Maddi Olmayan Duran Varlıkların Alımından Kaynaklanan Nakit Çıkışları (30.214.997) (169.979.361),
AVOD,2024,12,1404487,520003,Konsolide,MDV+MODV,onceki,-169979361.0,XBRL,TEYITLI,TL,14,Maddi ve Maddi Olmayan Duran Varlıkların Alımından Kaynaklanan Nakit Çıkışları (30.214.997) (169.979.361),
AVOD,2024,12,1404487,520003,Konsolide,YAGM,cari,,XBRL,SIFIR,,,,
AVOD,2024,12,1404487,520003,Konsolide,YAGM,onceki,-16274430.0,XBRL,TEYITLI,TL,14,Yatırım Amaçlı Gayrimenkul Alımından Kaynaklanan Nakit Çıkışları 13 -- (16.274.430),
AVOD,2024,12,1404487,520003,Konsolide,KIRA,cari,-9242158.0,XBRL,TEYITLI,TL,14,Kira Sözleşmelerinden Kaynaklanan Borç Ödemelerine İlişkin Nakit Çıkışları 20 (9.242.158) (30.343),
AVOD,2024,12,1404487,520003,Konsolide,KIRA,onceki,-30343.0,XBRL,TEYITLI,bin TL,14,31 ARALIK 2024 TARİHİ İTİBARİYLE DENETİMDEN GEÇMİŞ KONSOLİDE NAKİT AKIŞ TABLOSU,
AVOD,2025,3,1437531,520003,Konsolide,CFO,cari,-65850400.0,XBRL,PDF_TUTMADI,,,,
AVOD,2025,3,1437531,520003,Konsolide,CFO,onceki,159960964.0,XBRL,TEYITLI,TL,7,A. ESAS FAALİYETLERDEN NAKİT AKIŞLARI (65.850.402) 159.960.964,
AVOD,2025,3,1437531,520003,Konsolide,MDV+MODV,cari,-6738221.0,XBRL,TEYITLI,TL,7,"Maddi ve Maddi Olmayan Duran Varlıkların Alımından Kaynaklanan Nakit Çıkışları 14,17 (6.738.221) (3.264.310)",
AVOD,2025,3,1437531,520003,Konsolide,MDV+MODV,onceki,-3264310.0,XBRL,TEYITLI,TL,7,"Maddi ve Maddi Olmayan Duran Varlıkların Alımından Kaynaklanan Nakit Çıkışları 14,17 (6.738.221) (3.264.310)",
AVOD,2025,3,1437531,520003,Konsolide,YAGM,cari,,XBRL,SIFIR,,,,
AVOD,2025,3,1437531,520003,Konsolide,YAGM,onceki,,XBRL,SIFIR,,,,
AVOD,2025,3,1437531,520003,Konsolide,KIRA,cari,-1173342.0,XBRL,TEYITLI,TL,7,Kira Sözleşmelerinden Kaynaklanan Borç Ödemelerine İlişkin Nakit Çıkışları 20 (1.173.342) --,
AVOD,2025,3,1437531,520003,Konsolide,KIRA,onceki,,XBRL,SIFIR,,,,
AYES,2024,12,1404456,520003,Konsolide,CFO,cari,456412749.0,XBRL,TEYITLI,TL,7,İŞLETME FAALİYETLERİNDEN NAKİT AKIŞLARI 456.412.749 (1.076.451.342),
AYES,2024,12,1404456,520003,Konsolide,CFO,onceki,-1076451342.0,XBRL,TEYITLI,TL,7,İŞLETME FAALİYETLERİNDEN NAKİT AKIŞLARI 456.412.749 (1.076.451.342),
AYES,2024,12,1404456,520003,Konsolide,MDV+MODV,cari,-44335913.0,XBRL,TEYITLI,TL,7,"Maddi ve Maddi Olmayan Duran Varlıkların Alımından Kaynaklanan Nakit Çıkışları 12,13 (44.335.913) (136.494.013)",
AYES,2024,12,1404456,520003,Konsolide,MDV+MODV,onceki,-136494013.0,XBRL,TEYITLI,TL,7,"Maddi ve Maddi Olmayan Duran Varlıkların Alımından Kaynaklanan Nakit Çıkışları 12,13 (44.335.913) (136.494.013)",
AYES,2024,12,1404456,520003,Konsolide,YAGM,cari,,XBRL,SIFIR,,,,
AYES,2024,12,1404456,520003,Konsolide,YAGM,onceki,,XBRL,SIFIR,,,,
AYES,2024,12,1404456,520003,Konsolide,KIRA,cari,,XBRL,SIFIR,,,,
AYES,2024,12,1404456,520003,Konsolide,KIRA,onceki,,XBRL,SIFIR,,,,
AYES,2025,6,1480700,,,*,,,,INDIRILMEDI,,,,
AYES,2025,12,1570888,,,*,,,,INDIRILMEDI,,,,
BAHKM,2025,12,1568898,,,*,,,,INDIRILMEDI,,,,
BAHKM,2026,3,1604922,,,*,,,,INDIRILMEDI,,,,
BAHKM,2026,6,1647117,,,*,,,,INDIRILMEDI,,,,
BALAT,2024,12,1411816,520003,Konsolide,CFO,cari,-1504831.0,XBRL,TEYITLI,TL,10,Toplam Düzeltmeler (1.504.831) (5.843.037),
BALAT,2024,12,1411816,520003,Konsolide,CFO,onceki,-6502642.0,XBRL,TEYITLI,TL,10,Toplam (1.504.831) (6.502.641),
BALAT,2024,12,1411816,520003,Konsolide,MDV+MODV,cari,-1482241.0,XBRL,TEYITLI,TL,10,Maddi ve Maddi Olmayan Duran Varlıkların Alımından Kaynaklanan Nakit Çıkışları 9-10 (1.482.241) (14.556.064),
BALAT,2024,12,1411816,520003,Konsolide,MDV+MODV,onceki,-14556064.0,XBRL,TEYITLI,TL,10,Maddi ve Maddi Olmayan Duran Varlıkların Alımından Kaynaklanan Nakit Çıkışları 9-10 (1.482.241) (14.556.064),
BALAT,2024,12,1411816,520003,Konsolide,YAGM,cari,,XBRL,SIFIR,,,,
BALAT,2024,12,1411816,520003,Konsolide,YAGM,onceki,,XBRL,SIFIR,,,,
BALAT,2024,12,1411816,520003,Konsolide,KIRA,cari,,XBRL,SIFIR,,,,
BALAT,2024,12,1411816,520003,Konsolide,KIRA,onceki,,XBRL,SIFIR,,,,
BALAT,2025,6,1482153,,,*,,,,INDIRILMEDI,,,,
BALAT,2025,12,1564764,,,*,,,,INDIRILMEDI,,,,
BALAT,2026,6,1655978,,,*,,,,INDIRILMEDI,,,,
BALSU,2024,12,1483921,,,*,,,,INDIRILMEDI,,,,
BALSU,2025,3,1515136,,,*,,,,INDIRILMEDI,,,,
BALSU,2025,12,1659822,,,*,,,,INDIRILMEDI,,,,
BANVT,2024,12,1396375,520003,Konsolide Olmayan,CFO,cari,4853475966.0,XBRL,TEYITLI,TL,7,Faaliyetlerden Elde Edilen Net Nakit Akışları 4.853.475.966 3.958.912.322,
BANVT,2024,12,1396375,520003,Konsolide Olmayan,CFO,onceki,3958912322.0,XBRL,TEYITLI,TL,7,Faaliyetlerden Elde Edilen Net Nakit Akışları 4.853.475.966 3.958.912.322,
BANVT,2024,12,1396375,520003,Konsolide Olmayan,MDV+MODV,cari,-67784232.0,XBRL,TEYITLI,TL,7,"Nakit Çıkışları 13,14 (67.784.232) (396.842.754)",
BANVT,2024,12,1396375,520003,Konsolide Olmayan,MDV+MODV,onceki,-396842754.0,XBRL,TEYITLI,TL,7,"Nakit Çıkışları 13,14 (67.784.232) (396.842.754)",
BANVT,2024,12,1396375,520003,Konsolide Olmayan,YAGM,cari,,XBRL,SIFIR,,,,
BANVT,2024,12,1396375,520003,Konsolide Olmayan,YAGM,onceki,,XBRL,SIFIR,,,,
BANVT,2024,12,1396375,520003,Konsolide Olmayan,KIRA,cari,-122913468.0,XBRL,TEYITLI,TL,7,Çıkışları (122.913.468) (46.616.203),
BANVT,2024,12,1396375,520003,Konsolide Olmayan,KIRA,onceki,-46616203.0,XBRL,TEYITLI,TL,7,Çıkışları (122.913.468) (46.616.203),
BANVT,2025,9,1509600,,,*,,,,INDIRILMEDI,,,,
BASCM,2024,12,1395381,520003,Konsolide,CFO,cari,212732436.0,XBRL,TEYITLI,TL,7,Faaliyetlerden Elde Edilen Net Nakit Akışları 212.732.436 991.932.886,
BASCM,2024,12,1395381,520003,Konsolide,CFO,onceki,991932886.0,XBRL,TEYITLI,TL,7,Faaliyetlerden Elde Edilen Net Nakit Akışları 212.732.436 991.932.886,
BASCM,2024,12,1395381,520003,Konsolide,MDV+MODV,cari,-217827477.0,XBRL,TEYITLI,TL,7,"Maddi ve maddi olmayan duran varlık alımından kaynaklanan nakit çıkışları 13,15 (217.827.477) (701.977.306)",
BASCM,2024,12,1395381,520003,Konsolide,MDV+MODV,onceki,-701977306.0,XBRL,TEYITLI,TL,7,"Maddi ve maddi olmayan duran varlık alımından kaynaklanan nakit çıkışları 13,15 (217.827.477) (701.977.306)",
BASCM,2024,12,1395381,520003,Konsolide,YAGM,cari,,XBRL,SIFIR,,,,
BASCM,2024,12,1395381,520003,Konsolide,YAGM,onceki,,XBRL,SIFIR,,,,
BASCM,2024,12,1395381,520003,Konsolide,KIRA,cari,-45066373.0,XBRL,TEYITLI,TL,7,Kira sözleşmelerinden kaynaklanan borç ödemelerine ilişkin nakit çıkışları 5 (45.066.373) (80.945.328),
BASCM,2024,12,1395381,520003,Konsolide,KIRA,onceki,-80945328.0,XBRL,TEYITLI,TL,7,Kira sözleşmelerinden kaynaklanan borç ödemelerine ilişkin nakit çıkışları 5 (45.066.373) (80.945.328),
BASCM,2025,6,1476101,,,*,,,,INDIRILMEDI,,,,
BASCM,2025,12,1564250,,,*,,,,INDIRILMEDI,,,,
BASCM,2026,6,1646953,,,*,,,,INDIRILMEDI,,,,
BERA,2024,12,1404612,520003,Konsolide,CFO,cari,365648962.0,XBRL,TEYITLI,TL,13,A. İŞLETME FAALİYETLERİNDEN NAKİT AKIŞLARI 365.648.962 3.766.877.694,
BERA,2024,12,1404612,520003,Konsolide,CFO,onceki,3766877694.0,XBRL,TEYITLI,TL,13,A. İŞLETME FAALİYETLERİNDEN NAKİT AKIŞLARI 365.648.962 3.766.877.694,
BERA,2024,12,1404612,520003,Konsolide,MDV+MODV,cari,-718860654.0,XBRL,TEYITLI,TL,13,"13, 14, 15, 17 (718.860.654) (1.409.435.062)",
BERA,2024,12,1404612,520003,Konsolide,MDV+MODV,onceki,-1409435062.0,XBRL,TEYITLI,TL,13,"13, 14, 15, 17 (718.860.654) (1.409.435.062)",
BERA,2024,12,1404612,520003,Konsolide,YAGM,cari,,XBRL,SIFIR,,,,
BERA,2024,12,1404612,520003,Konsolide,YAGM,onceki,,XBRL,SIFIR,,,,
BERA,2024,12,1404612,520003,Konsolide,YAGM,*,,PDF,PDF_EK_SATIR,,13,Yatırım Amaçlı Gayrimenkullere İlişkin Değer Artışı 35 -- (1.162.309.867),
BERA,2024,12,1404612,520003,Konsolide,KIRA,cari,,XBRL,SIFIR,,,,
BERA,2024,12,1404612,520003,Konsolide,KIRA,onceki,,XBRL,SIFIR,,,,
BERA,2025,3,1437569,520003,Konsolide,CFO,cari,769261403.0,XBRL,TEYITLI,TL,7,A. İŞLETME FAALİYETLERİNDEN NAKİT AKIŞLARI 769.261.403 356.872.324,
BERA,2025,3,1437569,520003,Konsolide,CFO,onceki,356872324.0,XBRL,TEYITLI,TL,7,A. İŞLETME FAALİYETLERİNDEN NAKİT AKIŞLARI 769.261.403 356.872.324,
BERA,2025,3,1437569,520003,Konsolide,MDV+MODV,cari,,XBRL,SIFIR,,,,
BERA,2025,3,1437569,520003,Konsolide,MDV+MODV,onceki,,XBRL,SIFIR,,,,
BERA,2025,3,1437569,520003,Konsolide,YAGM,cari,,XBRL,SIFIR,,,,
BERA,2025,3,1437569,520003,Konsolide,YAGM,onceki,,XBRL,SIFIR,,,,
BERA,2025,3,1437569,520003,Konsolide,KIRA,cari,,XBRL,SIFIR,,,,
BERA,2025,3,1437569,520003,Konsolide,KIRA,onceki,,XBRL,SIFIR,,,,
BESTE,2025,12,1559412,,,*,,,,INDIRILMEDI,,,,
BESTE,2026,3,1605104,,,*,,,,INDIRILMEDI,,,,
BESTE,2026,6,1648856,,,*,,,,INDIRILMEDI,,,,
BETAE,2026,6,1647180,,,*,,,,INDIRILMEDI,,,,
BFREN,2024,12,1397614,520003,Konsolide Olmayan,CFO,cari,82792438.0,XBRL,TEYITLI,TL,11,İŞLETME FAALİYETLERİNDEN NAKİT AKIŞLARI 82.792.438 281.549.004,
BFREN,2024,12,1397614,520003,Konsolide Olmayan,CFO,onceki,281549004.0,XBRL,TEYITLI,TL,11,İŞLETME FAALİYETLERİNDEN NAKİT AKIŞLARI 82.792.438 281.549.004,
BFREN,2024,12,1397614,520003,Konsolide Olmayan,MDV+MODV,cari,-21394219.0,XBRL,TEYITLI,TL,11,Maddi ve Maddi Olmayan Duran Varlıkların Alımından Kaynaklanan Nakit Çıkışları (21.394.219) (30.066.539),
BFREN,2024,12,1397614,520003,Konsolide Olmayan,MDV+MODV,onceki,-30066539.0,XBRL,TEYITLI,TL,11,YATIRIM FAALİYETLERİNDEN KAYNAKLANAN NAKİT AKIŞLARI 12.421.002 (30.066.539),
BFREN,2024,12,1397614,520003,Konsolide Olmayan,YAGM,cari,,XBRL,SIFIR,,,,
BFREN,2024,12,1397614,520003,Konsolide Olmayan,YAGM,onceki,,XBRL,SIFIR,,,,
BFREN,2024,12,1397614,520003,Konsolide Olmayan,KIRA,cari,-30739495.0,XBRL,TEYITLI,TL,11,Kira Sözleşmelerinden Kaynaklanan Borç Ödemelerine İlişkin Nakit Çıkışları 10 (30.739.495) (33.447.091),
BFREN,2024,12,1397614,520003,Konsolide Olmayan,KIRA,onceki,-33447091.0,XBRL,TEYITLI,TL,11,Kira Sözleşmelerinden Kaynaklanan Borç Ödemelerine İlişkin Nakit Çıkışları 10 (30.739.495) (33.447.091),
BFREN,2025,3,1439870,520003,Konsolide Olmayan,CFO,cari,-119722024.0,XBRL,TEYITLI,TL,7,İŞLETME FAALİYETLERİNDEN NAKİT AKIŞLARI (119.722.024) (18.964.702),
BFREN,2025,3,1439870,520003,Konsolide Olmayan,CFO,onceki,-18964702.0,XBRL,TEYITLI,TL,7,İŞLETME FAALİYETLERİNDEN NAKİT AKIŞLARI (119.722.024) (18.964.702),
BFREN,2025,3,1439870,520003,Konsolide Olmayan,MDV+MODV,cari,-294957.0,XBRL,TEYITLI,TL,7,YATIRIM FAALİYETLERİNDEN KAYNAKLANAN NAKİT AKIŞLARI (294.957) (877.281),
BFREN,2025,3,1439870,520003,Konsolide Olmayan,MDV+MODV,onceki,-877281.0,XBRL,TEYITLI,TL,7,YATIRIM FAALİYETLERİNDEN KAYNAKLANAN NAKİT AKIŞLARI (294.957) (877.281),
BFREN,2025,3,1439870,520003,Konsolide Olmayan,YAGM,cari,,XBRL,SIFIR,,,,
BFREN,2025,3,1439870,520003,Konsolide Olmayan,YAGM,onceki,,XBRL,SIFIR,,,,
BFREN,2025,3,1439870,520003,Konsolide Olmayan,KIRA,cari,-8850039.0,XBRL,TEYITLI,TL,7,Kira Sözleşmelerinden Kaynaklanan Borç Ödemelerine İlişkin Nakit Çıkışları (8.850.039) (9.232.276),
BFREN,2025,3,1439870,520003,Konsolide Olmayan,KIRA,onceki,-9232276.0,XBRL,TEYITLI,TL,7,Kira Sözleşmelerinden Kaynaklanan Borç Ödemelerine İlişkin Nakit Çıkışları (8.850.039) (9.232.276),
BFREN,2025,6,1476400,,,*,,,,INDIRILMEDI,,,,
BFREN,2025,9,1517474,,,*,,,,INDIRILMEDI,,,,
BFREN,2025,12,1564156,,,*,,,,INDIRILMEDI,,,,
BFREN,2026,3,1608126,,,*,,,,INDIRILMEDI,,,,
BFREN,2026,6,1647089,,,*,,,,INDIRILMEDI,,,,
BINBN,2024,12,1404905,520003,Konsolide,CFO,cari,-1837451483.0,XBRL,TEYITLI,TL,13,A. İşletme faaliyetlerden kaynaklanan nakit akışları (1.837.451.483) 1.235.305.453,
BINBN,2024,12,1404905,520003,Konsolide,CFO,onceki,1235305453.0,XBRL,TEYITLI,TL,13,A. İşletme faaliyetlerden kaynaklanan nakit akışları (1.837.451.483) 1.235.305.453,
BINBN,2024,12,1404905,520003,Konsolide,MDV+MODV,cari,-40746329.0,XBRL,TEYITLI,TL,13,"kaynaklanan nakit çıkışları 12, 13, 14 (40.746.329) (162.985.355)",
BINBN,2024,12,1404905,520003,Konsolide,MDV+MODV,onceki,-162985355.0,XBRL,TEYITLI,TL,13,"kaynaklanan nakit çıkışları 12, 13, 14 (40.746.329) (162.985.355)",
BINBN,2024,12,1404905,520003,Konsolide,YAGM,cari,,XBRL,SIFIR,,,,
BINBN,2024,12,1404905,520003,Konsolide,YAGM,onceki,,XBRL,SIFIR,,,,
BINBN,2024,12,1404905,520003,Konsolide,KIRA,cari,-51257354.0,XBRL,TEYITLI,TL,13,Kiralama işlemlerinden kaynaklanan yükümlülüklerdeki değişim 7 (51.257.354) 61.177.614,
BINBN,2024,12,1404905,520003,Konsolide,KIRA,onceki,61177614.0,XBRL,TEYITLI,TL,13,Kiralama işlemlerinden kaynaklanan yükümlülüklerdeki değişim 7 (51.257.354) 61.177.614,
BINBN,2025,3,1432563,520003,Konsolide,CFO,cari,214263062.0,XBRL,TEYITLI,TL,8,A. İşletme Faaliyetlerinden Nakit Akışları 214.263.062 (649.195.727),
BINBN,2025,3,1432563,520003,Konsolide,CFO,onceki,-649195727.0,XBRL,TEYITLI,TL,8,A. İşletme Faaliyetlerinden Nakit Akışları 214.263.062 (649.195.727),
BINBN,2025,3,1432563,520003,Konsolide,MDV+MODV,cari,-19561643.0,XBRL,TEYITLI,TL,8,Maddi ve Maddi Olmayan Duran Varlıkların Alımından Kaynaklanan Nakit Çıkışları (19.561.643) (6.340.474),
BINBN,2025,3,1432563,520003,Konsolide,MDV+MODV,onceki,-6340474.0,XBRL,TEYITLI,TL,8,Maddi ve Maddi Olmayan Duran Varlıkların Alımından Kaynaklanan Nakit Çıkışları (19.561.643) (6.340.474),
BINBN,2025,3,1432563,520003,Konsolide,YAGM,cari,,XBRL,SIFIR,,,,
BINBN,2025,3,1432563,520003,Konsolide,YAGM,onceki,,XBRL,SIFIR,,,,
BINBN,2025,3,1432563,520003,Konsolide,KIRA,cari,-56322437.0,XBRL,TEYITLI,TL,8,Kiralama Işlemlerinden Kaynaklanan Yükümlülüklerdeki Değişim (56.322.437) (20.585.119),
BINBN,2025,3,1432563,520003,Konsolide,KIRA,onceki,-20585119.0,XBRL,TEYITLI,TL,8,Kiralama Işlemlerinden Kaynaklanan Yükümlülüklerdeki Değişim (56.322.437) (20.585.119),
BINBN,2025,6,1476501,,,*,,,,INDIRILMEDI,,,,
BINBN,2025,9,1509573,,,*,,,,INDIRILMEDI,,,,
BINBN,2025,12,1564432,,,*,,,,INDIRILMEDI,,,,
BINBN,2026,3,1601309,,,*,,,,INDIRILMEDI,,,,
BINBN,2026,6,1648119,,,*,,,,INDIRILMEDI,,,,
BIOEN,2024,12,1403855,520003,Konsolide,CFO,cari,1323974220.0,XBRL,TEYITLI,TL,13,İŞLETME FAALİYETLERİNDEN NAKİT AKIŞLARI 1.323.974.220 1.611.234.276,
BIOEN,2024,12,1403855,520003,Konsolide,CFO,onceki,1611234276.0,XBRL,TEYITLI,TL,13,İŞLETME FAALİYETLERİNDEN NAKİT AKIŞLARI 1.323.974.220 1.611.234.276,
BIOEN,2024,12,1403855,520003,Konsolide,MDV+MODV,cari,-692244665.0,XBRL,TEYITLI,TL,13,Maddi ve Maddi Olmayan Duran Varlıkların Alımından Kaynaklanan Nakit Çıkışları 13-14 (692.244.665) (1.510.776.859),
BIOEN,2024,12,1403855,520003,Konsolide,MDV+MODV,onceki,-1510776859.0,XBRL,TEYITLI,TL,13,Maddi ve Maddi Olmayan Duran Varlıkların Alımından Kaynaklanan Nakit Çıkışları 13-14 (692.244.665) (1.510.776.859),
BIOEN,2024,12,1403855,520003,Konsolide,YAGM,cari,,XBRL,SIFIR,,,,
BIOEN,2024,12,1403855,520003,Konsolide,YAGM,onceki,,XBRL,SIFIR,,,,
BIOEN,2024,12,1403855,520003,Konsolide,KIRA,cari,,XBRL,SIFIR,,,,
BIOEN,2024,12,1403855,520003,Konsolide,KIRA,onceki,,XBRL,SIFIR,,,,
BIOEN,2025,3,1436865,520003,Konsolide,CFO,cari,177541848.0,XBRL,TEYITLI,TL,8,A. İŞLETME FAALİYETLERDEN NAKİT AKIŞLARI 177.541.848 475.129.428,
BIOEN,2025,3,1436865,520003,Konsolide,CFO,onceki,475129428.0,XBRL,TEYITLI,TL,8,A. İŞLETME FAALİYETLERDEN NAKİT AKIŞLARI 177.541.848 475.129.428,
BIOEN,2025,3,1436865,520003,Konsolide,MDV+MODV,cari,-101794056.0,XBRL,TEYITLI,TL,8,Nakit Çıkışları 13-14 (101.794.056) (164.326.300),
BIOEN,2025,3,1436865,520003,Konsolide,MDV+MODV,onceki,-164326300.0,XBRL,TEYITLI,TL,8,Nakit Çıkışları 13-14 (101.794.056) (164.326.300),
BIOEN,2025,3,1436865,520003,Konsolide,YAGM,cari,,XBRL,SIFIR,,,,
BIOEN,2025,3,1436865,520003,Konsolide,YAGM,onceki,,XBRL,SIFIR,,,,
BIOEN,2025,3,1436865,520003,Konsolide,KIRA,cari,,XBRL,SIFIR,,,,
BIOEN,2025,3,1436865,520003,Konsolide,KIRA,onceki,,XBRL,SIFIR,,,,
BIOEN,2025,6,1479536,,,*,,,,INDIRILMEDI,,,,
BIOEN,2025,9,1513423,,,*,,,,INDIRILMEDI,,,,
BIOEN,2025,12,1570921,,,*,,,,INDIRILMEDI,,,,
BIOEN,2026,3,1605768,,,*,,,,INDIRILMEDI,,,,
BIOEN,2026,6,1652232,,,*,,,,INDIRILMEDI,,,,
BIZIM,2024,12,1401825,520003,Konsolide,CFO,cari,1835560788.0,XBRL,TEYITLI,TL,14,A. İşle tme faaliye tle rinde n e lde e dile n nakit akışları 1.835.560.788 1.975.213.031,
BIZIM,2024,12,1401825,520003,Konsolide,CFO,onceki,1975213031.0,XBRL,TEYITLI,TL,14,A. İşle tme faaliye tle rinde n e lde e dile n nakit akışları 1.835.560.788 1.975.213.031,
BIZIM,2024,12,1401825,520003,Konsolide,MDV+MODV,cari,-607689194.0,XBRL,TEYITLI,TL,14,"Maddi ve maddi olmayan duran varlıkların alımından kaynaklanan nakit çıkışları 10,11,20 (607.689.194) (929.136.715)",
BIZIM,2024,12,1401825,520003,Konsolide,MDV+MODV,onceki,-929136715.0,XBRL,TEYITLI,TL,14,"Maddi ve maddi olmayan duran varlıkların alımından kaynaklanan nakit çıkışları 10,11,20 (607.689.194) (929.136.715)",
BIZIM,2024,12,1401825,520003,Konsolide,YAGM,cari,,XBRL,SIFIR,,,,
BIZIM,2024,12,1401825,520003,Konsolide,YAGM,onceki,,XBRL,SIFIR,,,,
BIZIM,2024,12,1401825,520003,Konsolide,KIRA,cari,-694437660.0,XBRL,TEYITLI,TL,14,Kiralama yükümlülüklerinden kaynaklanan borç ödemelerine ilişkin nakit çıkışları (694.437.660) (644.016.567),
BIZIM,2024,12,1401825,520003,Konsolide,KIRA,onceki,-644016567.0,XBRL,TEYITLI,TL,14,Kiralama yükümlülüklerinden kaynaklanan borç ödemelerine ilişkin nakit çıkışları (694.437.660) (644.016.567),
BIZIM,2025,6,1478639,,,*,,,,INDIRILMEDI,,,,
BIZIM,2025,9,1511859,,,*,,,,INDIRILMEDI,,,,
BIZIM,2025,12,1569032,,,*,,,,INDIRILMEDI,,,,
BIZIM,2026,3,1602818,,,*,,,,INDIRILMEDI,,,,
BIZIM,2026,6,1651399,,,*,,,,INDIRILMEDI,,,,
BJKAS,2024,12,1476579,,,*,,,,INDIRILMEDI,,,,
BJKAS,2025,3,1502662,,,*,,,,INDIRILMEDI,,,,
BJKAS,2025,6,1541095,,,*,,,,INDIRILMEDI,,,,
BJKAS,2025,9,1590385,,,*,,,,INDIRILMEDI,,,,
BJKAS,2025,12,1645896,,,*,,,,INDIRILMEDI,,,,
BLCYT,2024,12,1403417,520003,Konsolide,CFO,cari,325516041.0,XBRL,TEYITLI,TL,12,A. İşletme Faaliyetlerinden Nakit Akışları 325.516.041 330.939.431,
BLCYT,2024,12,1403417,520003,Konsolide,CFO,onceki,330939431.0,XBRL,TEYITLI,TL,12,A. İşletme Faaliyetlerinden Nakit Akışları 325.516.041 330.939.431,
BLCYT,2024,12,1403417,520003,Konsolide,MDV+MODV,cari,-139211199.0,XBRL,TEYITLI,TL,13,"Maddi ve maddi olmayan duran varlıkların alımından kaynaklanan nakit çıkışları [15,16] -139.211.199 -201.312.481",
BLCYT,2024,12,1403417,520003,Konsolide,MDV+MODV,onceki,-201312481.0,XBRL,TEYITLI,TL,13,"Maddi ve maddi olmayan duran varlıkların alımından kaynaklanan nakit çıkışları [15,16] -139.211.199 -201.312.481",
BLCYT,2024,12,1403417,520003,Konsolide,YAGM,cari,,XBRL,SIFIR,,,,
BLCYT,2024,12,1403417,520003,Konsolide,YAGM,onceki,,XBRL,SIFIR,,,,
BLCYT,2024,12,1403417,520003,Konsolide,YAGM,*,,PDF,PDF_EK_SATIR,,12,• Yatırım amaçlı gayrimenkullerin gerçeğe uygun değer kayıpları (kazançları) ile ilgili düzeltmeler -626.328.514 –,
BLCYT,2024,12,1403417,520003,Konsolide,KIRA,cari,,XBRL,SIFIR,,,,
BLCYT,2024,12,1403417,520003,Konsolide,KIRA,onceki,,XBRL,SIFIR,,,,
BLCYT,2025,3,1437489,520003,Konsolide,CFO,cari,-496914859.0,XBRL,TEYITLI,TL,8,A) İşletme Faaliyetlerinden Nakit Akışları (496.914.859) (31.132.182),
BLCYT,2025,3,1437489,520003,Konsolide,CFO,onceki,-31132182.0,XBRL,TEYITLI,TL,8,A) İşletme Faaliyetlerinden Nakit Akışları (496.914.859) (31.132.182),
BLCYT,2025,3,1437489,520003,Konsolide,MDV+MODV,cari,,XBRL,SIFIR,,,,
BLCYT,2025,3,1437489,520003,Konsolide,MDV+MODV,onceki,,XBRL,SIFIR,,,,
BLCYT,2025,3,1437489,520003,Konsolide,MDV+MODV,*,,PDF,PDF_EK_SATIR,,8,"Maddi ve maddi olmayan duran varlıkların satışından kaynaklı nakit girişleri 13,14 (34.503.985) 2.878.720 || Maddi ve maddi olmayan duran varlıkların alımından kaynaklı nakit çıkışları 13,14 - (11.056.229)",
BLCYT,2025,3,1437489,520003,Konsolide,YAGM,cari,,XBRL,SIFIR,,,,
BLCYT,2025,3,1437489,520003,Konsolide,YAGM,onceki,,XBRL,SIFIR,,,,
BLCYT,2025,3,1437489,520003,Konsolide,KIRA,cari,,XBRL,SIFIR,,,,
BLCYT,2025,3,1437489,520003,Konsolide,KIRA,onceki,,XBRL,SIFIR,,,,
BLCYT,2025,6,1477559,,,*,,,,INDIRILMEDI,,,,
BLCYT,2025,9,1513194,,,*,,,,INDIRILMEDI,,,,
BLCYT,2025,12,1557582,,,*,,,,INDIRILMEDI,,,,
BLCYT,2026,3,1605914,,,*,,,,INDIRILMEDI,,,,
BLCYT,2026,6,1645499,,,*,,,,INDIRILMEDI,,,,
BLUME,2025,12,1559290,,,*,,,,INDIRILMEDI,,,,
BLUME,2026,3,1603495,,,*,,,,INDIRILMEDI,,,,
BORLS,2024,12,1405065,520003,Konsolide,CFO,cari,185234568.0,XBRL,TEYITLI,TL,11,A. İŞLETME FAALİYETLERİNDEN NAKİT AKIŞLARI 185.234.568 826.874.717,
BORLS,2024,12,1405065,520003,Konsolide,CFO,onceki,826874717.0,XBRL,TEYITLI,TL,11,A. İŞLETME FAALİYETLERİNDEN NAKİT AKIŞLARI 185.234.568 826.874.717,
BORLS,2024,12,1405065,520003,Konsolide,MDV+MODV,cari,-3956038564.0,XBRL,TEYITLI,TL,11,Maddi ve Maddi Olmayan Duran Varlıkların Alımından Kaynaklanan Nakit Çıkışları 13- 14 (3.956.038.564) (2.543.432.495),
BORLS,2024,12,1405065,520003,Konsolide,MDV+MODV,onceki,-2543432495.0,XBRL,TEYITLI,TL,11,Maddi ve Maddi Olmayan Duran Varlıkların Alımından Kaynaklanan Nakit Çıkışları 13- 14 (3.956.038.564) (2.543.432.495),
BORLS,2024,12,1405065,520003,Konsolide,YAGM,cari,,XBRL,SIFIR,,,,
BORLS,2024,12,1405065,520003,Konsolide,YAGM,onceki,,XBRL,SIFIR,,,,
BORLS,2024,12,1405065,520003,Konsolide,KIRA,cari,,XBRL,SIFIR,,,,
BORLS,2024,12,1405065,520003,Konsolide,KIRA,onceki,,XBRL,SIFIR,,,,
BORLS,2024,12,1405065,520003,Konsolide,KIRA,*,,PDF,PDF_EK_SATIR,,12,"Borlease Otomotiv A.Ş. (“Şirket” veya “Borlease”) 2013 yılında İstanbul, Türkiye’de kurulmuştur. Şirket’in ana || Grup öncelikli olarak her marka binek aracın operasyonel filo kiralama hizmetini yürütmektedir. 31 Aralık 2024 || tarihi itibarıyla operasyonel kiralamada kullanılan araçların sayısı 8.367’dir (31 Aralık 2023: 7.254). Bu",
BORLS,2025,3,1438086,520003,Konsolide,CFO,cari,1167409709.0,XBRL,TEYITLI,TL,7,A. İŞLETME FAALİYETLERİNDEN NAKİT AKIŞLARI 1.167.409.709 (43.403.419),
BORLS,2025,3,1438086,520003,Konsolide,CFO,onceki,-43403419.0,XBRL,TEYITLI,TL,7,A. İŞLETME FAALİYETLERİNDEN NAKİT AKIŞLARI 1.167.409.709 (43.403.419),
BORLS,2025,3,1438086,520003,Konsolide,MDV+MODV,cari,-1220258936.0,XBRL,TEYITLI,TL,7,Maddi ve Maddi Olmayan Duran Varlıkların Alımından Kaynaklanan Nakit Çıkışları 13 - 14 (1.220.258.936) (1.392.815.413),
BORLS,2025,3,1438086,520003,Konsolide,MDV+MODV,onceki,-1392815413.0,XBRL,TEYITLI,TL,7,Maddi ve Maddi Olmayan Duran Varlıkların Alımından Kaynaklanan Nakit Çıkışları 13 - 14 (1.220.258.936) (1.392.815.413),
BORLS,2025,3,1438086,520003,Konsolide,YAGM,cari,,XBRL,SIFIR,,,,
BORLS,2025,3,1438086,520003,Konsolide,YAGM,onceki,,XBRL,SIFIR,,,,
BORLS,2025,3,1438086,520003,Konsolide,KIRA,cari,,XBRL,SIFIR,,,,
BORLS,2025,3,1438086,520003,Konsolide,KIRA,onceki,,XBRL,SIFIR,,,,
BORLS,2025,3,1438086,520003,Konsolide,KIRA,*,,PDF,PDF_EK_SATIR,,7,"Kira Sözleşmelerinden Kaynaklanan Borç Ödemelerine İlişkin Nakit Çıkışları 6 (343.551.623) -- || Borlease Otomotiv A.Ş. (“Şirket” veya “Borlease”) 2013 yılında İstanbul, Türkiye’de kurulmuştur. Şirket’in ana || Grup öncelikli olarak her marka binek aracın operasyonel filo kiralama hizmetini yürütmektedir. 31 Mart 2025",
BRKO,2024,12,1405101,,,*,,,,NAKIT_AKIS_YOK,,,,
BRKO,2025,6,1482529,,,*,,,,INDIRILMEDI,,,,
BRKO,2025,9,1523992,,,*,,,,INDIRILMEDI,,,,
BRMEN,2025,12,1562820,,,*,,,,INDIRILMEDI,,,,
BRMEN,2026,3,1611638,,,*,,,,INDIRILMEDI,,,,
BRMEN,2026,6,1652207,,,*,,,,INDIRILMEDI,,,,
BSOKE,2024,12,1417960,520003,Konsolide Olmayan,CFO,cari,349621.0,XBRL,TEYITLI,TL,11,A. İşletme faaliyetlerinden nakit akışları 349.621 222.770,
BSOKE,2024,12,1417960,520003,Konsolide Olmayan,CFO,onceki,222770.0,XBRL,TEYITLI,TL,11,A. İşletme faaliyetlerinden nakit akışları 349.621 222.770,
BSOKE,2024,12,1417960,520003,Konsolide Olmayan,MDV+MODV,cari,-82926.0,XBRL(alt kalemler PDF),TEYITLI,TL,11,- Maddi duran varlık alımından kaynaklanan nakit çıkışları 9 (82.872) (106.083) + - Maddi olmayan duran varlık alımından kaynaklanan nakit çıkışları 10 (54) -,
BSOKE,2024,12,1417960,520003,Konsolide Olmayan,MDV+MODV,onceki,-106083.0,XBRL,TEYITLI,TL,11,- Maddi duran varlık alımından kaynaklanan nakit çıkışları 9 (82.872) (106.083),
BSOKE,2024,12,1417960,520003,Konsolide Olmayan,YAGM,cari,,XBRL,SIFIR,,,,
BSOKE,2024,12,1417960,520003,Konsolide Olmayan,YAGM,onceki,,XBRL,SIFIR,,,,
BSOKE,2024,12,1417960,520003,Konsolide Olmayan,KIRA,cari,-2387.0,XBRL,TEYITLI,TL,11,Kiralama yükümlülükleri ile ilgili nakit çıkışları 4 (2.387) (6.898),
BSOKE,2024,12,1417960,520003,Konsolide Olmayan,KIRA,onceki,-6898.0,XBRL,TEYITLI,TL,11,Kiralama yükümlülükleri ile ilgili nakit çıkışları 4 (2.387) (6.898),
BSOKE,2025,3,1439955,520003,Konsolide Olmayan,CFO,cari,-139045.0,XBRL,TEYITLI,TL,7,A. İşletme faaliyetlerinden nakit akışları (139.045) 62.814,
BSOKE,2025,3,1439955,520003,Konsolide Olmayan,CFO,onceki,62814.0,XBRL,TEYITLI,TL,7,A. İşletme faaliyetlerinden nakit akışları (139.045) 62.814,
BSOKE,2025,3,1439955,520003,Konsolide Olmayan,MDV+MODV,cari,-35537.0,XBRL(alt kalemler PDF),TEYITLI,TL,7,- Maddi duran varlık alımından kaynaklanan nakit çıkışları 9 (35.500) (77.338) + - Maddi olmayan duran varlık alımından kaynaklanan nakit çıkışları 9 (37) -,
BSOKE,2025,3,1439955,520003,Konsolide Olmayan,MDV+MODV,onceki,-77338.0,XBRL,TEYITLI,TL,7,- Maddi duran varlık alımından kaynaklanan nakit çıkışları 9 (35.500) (77.338),
BSOKE,2025,3,1439955,520003,Konsolide Olmayan,YAGM,cari,,XBRL,SIFIR,,,,
BSOKE,2025,3,1439955,520003,Konsolide Olmayan,YAGM,onceki,,XBRL,SIFIR,,,,
BSOKE,2025,3,1439955,520003,Konsolide Olmayan,KIRA,cari,,XBRL,SIFIR,,,,
BSOKE,2025,3,1439955,520003,Konsolide Olmayan,KIRA,onceki,,XBRL,SIFIR,,,,
BSOKE,2025,6,1476138,,,*,,,,INDIRILMEDI,,,,
BSOKE,2025,9,1511840,,,*,,,,INDIRILMEDI,,,,
BSOKE,2025,12,1560066,,,*,,,,INDIRILMEDI,,,,
BSOKE,2026,3,1616509,,,*,,,,INDIRILMEDI,,,,
BSOKE,2026,6,1671640,,,*,,,,INDIRILMEDI,,,,
BTCIM,2024,12,1424617,520003,Konsolide,CFO,cari,158261.0,XBRL,TEYITLI,TL,11,"A. İşletme faaliyetlerinden nakit akışları, net 158.261 1.657.315",
BTCIM,2024,12,1424617,520003,Konsolide,CFO,onceki,1657315.0,XBRL,TEYITLI,TL,11,"A. İşletme faaliyetlerinden nakit akışları, net 158.261 1.657.315",
BTCIM,2024,12,1424617,520003,Konsolide,MDV+MODV,cari,-365009.0,XBRL(alt kalemler PDF),TEYITLI,TL,11,- Maddi duran varlık alımından kaynaklanan nakit çıkışları 12 (361.438) (650.282) + - Maddi olmayan duran varlık alımından kaynaklanan nakit çıkışları 13 (3.571) (555),
BTCIM,2024,12,1424617,520003,Konsolide,MDV+MODV,onceki,-650837.0,XBRL(alt kalemler PDF),TEYITLI,TL,11,- Maddi duran varlık alımından kaynaklanan nakit çıkışları 12 (361.438) (650.282) + - Maddi olmayan duran varlık alımından kaynaklanan nakit çıkışları 13 (3.571) (555),
BTCIM,2024,12,1424617,520003,Konsolide,YAGM,cari,,XBRL,SIFIR,,,,
BTCIM,2024,12,1424617,520003,Konsolide,YAGM,onceki,,XBRL,SIFIR,,,,
BTCIM,2024,12,1424617,520003,Konsolide,KIRA,cari,-26302.0,XBRL,TEYITLI,bin TL,11,- İlişkili taraflara faaliyetlerle ilgili diğer borçlardaki artış (azalış) 7 (9.484) (26),
BTCIM,2024,12,1424617,520003,Konsolide,KIRA,onceki,-18208.0,XBRL,TEYITLI,TL,11,Kiralamadan nakit çıkışları 6 (26.302) (18.208),
BTCIM,2025,3,1448284,520003,Konsolide,CFO,cari,-157465.0,XBRL,TEYITLI,TL,7,A. İşletme faaliyetlerinden nakit akışları (157.465) 106.847,
BTCIM,2025,3,1448284,520003,Konsolide,CFO,onceki,106847.0,XBRL,TEYITLI,TL,7,A. İşletme faaliyetlerinden nakit akışları (157.465) 106.847,
BTCIM,2025,3,1448284,520003,Konsolide,MDV+MODV,cari,-138202.0,XBRL(alt kalemler PDF),TEYITLI,TL,7,- Maddi duran varlık alımından kaynaklanan nakit çıkışları (138.164) (153.051) + - Maddi olmayan duran varlık alımından kaynaklanan nakit çıkışları (38) (2.161),
BTCIM,2025,3,1448284,520003,Konsolide,MDV+MODV,onceki,-155212.0,XBRL(alt kalemler PDF),TEYITLI,TL,7,- Maddi duran varlık alımından kaynaklanan nakit çıkışları (138.164) (153.051) + - Maddi olmayan duran varlık alımından kaynaklanan nakit çıkışları (38) (2.161),
BTCIM,2025,3,1448284,520003,Konsolide,YAGM,cari,,XBRL,SIFIR,,,,
BTCIM,2025,3,1448284,520003,Konsolide,YAGM,onceki,,XBRL,SIFIR,,,,
BTCIM,2025,3,1448284,520003,Konsolide,KIRA,cari,,XBRL,SIFIR,,,,
BTCIM,2025,3,1448284,520003,Konsolide,KIRA,onceki,,XBRL,SIFIR,,,,
BTCIM,2025,6,1480893,,,*,,,,INDIRILMEDI,,,,
BTCIM,2025,9,1517052,,,*,,,,INDIRILMEDI,,,,
BTCIM,2025,12,1560069,,,*,,,,INDIRILMEDI,,,,
BTCIM,2026,6,1671645,,,*,,,,INDIRILMEDI,,,,
BUCIM,2024,12,1402680,520003,Konsolide,CFO,cari,1966770904.0,XBRL,TEYITLI,TL,11,A-İŞLETME FAALİYETLERİNDEN NAKİT AKIŞLARI 1.966.770.904 2.723.604.004,
BUCIM,2024,12,1402680,520003,Konsolide,CFO,onceki,2723604004.0,XBRL,TEYITLI,TL,11,A-İŞLETME FAALİYETLERİNDEN NAKİT AKIŞLARI 1.966.770.904 2.723.604.004,
BUCIM,2024,12,1402680,520003,Konsolide,MDV+MODV,cari,-4030185963.0,XBRL,TEYITLI,TL,11,Maddi ve Maddi Olmayan Duran Varlıkların Alımından Kaynaklanan Nakit Çıkışları (4.030.185.963) (2.738.041.167),
BUCIM,2024,12,1402680,520003,Konsolide,MDV+MODV,onceki,-2738041167.0,XBRL,TEYITLI,TL,11,Maddi ve Maddi Olmayan Duran Varlıkların Alımından Kaynaklanan Nakit Çıkışları (4.030.185.963) (2.738.041.167),
BUCIM,2024,12,1402680,520003,Konsolide,YAGM,cari,,XBRL,SIFIR,,,,
BUCIM,2024,12,1402680,520003,Konsolide,YAGM,onceki,,XBRL,SIFIR,,,,
BUCIM,2024,12,1402680,520003,Konsolide,KIRA,cari,-11792148.0,XBRL,TEYITLI,TL,11,Kira Sözleşmelerinden Kaynaklanan Borç Ödemelerine İlişkin Nakit Çıkışları (11.792.148) (15.869.939),
BUCIM,2024,12,1402680,520003,Konsolide,KIRA,onceki,-15869939.0,XBRL,TEYITLI,TL,11,Kira Sözleşmelerinden Kaynaklanan Borç Ödemelerine İlişkin Nakit Çıkışları (11.792.148) (15.869.939),
BUCIM,2025,3,1436696,520003,Konsolide,CFO,cari,71344939.0,XBRL,TEYITLI,TL,7,A-İŞLETME FAALİYETLERİNDEN NAKİT AKIŞLARI 71.344.939 883.240.183,
BUCIM,2025,3,1436696,520003,Konsolide,CFO,onceki,883240183.0,XBRL,TEYITLI,TL,7,A-İŞLETME FAALİYETLERİNDEN NAKİT AKIŞLARI 71.344.939 883.240.183,
BUCIM,2025,3,1436696,520003,Konsolide,MDV+MODV,cari,-676663493.0,XBRL,TEYITLI,TL,7,Maddi ve Maddi Olmayan Duran Varlıkların Alımından Kaynaklanan Nakit Çıkışları (676.663.493) (1.058.660.366),
BUCIM,2025,3,1436696,520003,Konsolide,MDV+MODV,onceki,-1058660366.0,XBRL,TEYITLI,TL,7,Maddi ve Maddi Olmayan Duran Varlıkların Alımından Kaynaklanan Nakit Çıkışları (676.663.493) (1.058.660.366),
BUCIM,2025,3,1436696,520003,Konsolide,YAGM,cari,,XBRL,SIFIR,,,,
BUCIM,2025,3,1436696,520003,Konsolide,YAGM,onceki,,XBRL,SIFIR,,,,
BUCIM,2025,3,1436696,520003,Konsolide,KIRA,cari,,XBRL,SIFIR,,,,
BUCIM,2025,3,1436696,520003,Konsolide,KIRA,onceki,,XBRL,SIFIR,,,,
BUCIM,2025,6,1481751,,,*,,,,INDIRILMEDI,,,,
BUCIM,2025,9,1514392,,,*,,,,INDIRILMEDI,,,,
BUCIM,2025,12,1568992,,,*,,,,INDIRILMEDI,,,,
BUCIM,2026,3,1605236,,,*,,,,INDIRILMEDI,,,,
BUCIM,2026,6,1652929,,,*,,,,INDIRILMEDI,,,,
BURCE,2024,12,1404795,520003,Konsolide,CFO,cari,52354414.0,XBRL,TEYITLI,TL,7,İŞLETME FAALİYETLERİNDEN NAKİT AKIŞLARI 52.354.414 198.250.763,
BURCE,2024,12,1404795,520003,Konsolide,CFO,onceki,198250763.0,XBRL,TEYITLI,TL,7,İŞLETME FAALİYETLERİNDEN NAKİT AKIŞLARI 52.354.414 198.250.763,
BURCE,2024,12,1404795,520003,Konsolide,MDV+MODV,cari,-56930887.0,XBRL,TEYITLI,TL,7,Maddi ve Maddi Olmayan Duran Varlıkların Alımından Kaynaklanan Nakit 11-13 (56.930.887) (67.415.701),
BURCE,2024,12,1404795,520003,Konsolide,MDV+MODV,onceki,-67415701.0,XBRL,TEYITLI,TL,7,Maddi ve Maddi Olmayan Duran Varlıkların Alımından Kaynaklanan Nakit 11-13 (56.930.887) (67.415.701),
BURCE,2024,12,1404795,520003,Konsolide,YAGM,cari,,XBRL,SIFIR,,,,
BURCE,2024,12,1404795,520003,Konsolide,YAGM,onceki,,XBRL,SIFIR,,,,
BURCE,2024,12,1404795,520003,Konsolide,KIRA,cari,12646.0,XBRL,TEYITLI,bin TL,7,Amortisman ve İtfa Gideri İle İlgili Düzeltmeler 11-12-13 34.228.642 28.821.952,
BURCE,2024,12,1404795,520003,Konsolide,KIRA,onceki,,XBRL,SIFIR,,,,
BURCE,2025,3,1437766,520003,Konsolide,CFO,cari,-32799249.0,XBRL,TEYITLI,TL,7,İŞLETME FAALİYETLERİNDEN NAKİT AKIŞLARI (32.799.249) (28.302.877),
BURCE,2025,3,1437766,520003,Konsolide,CFO,onceki,-28302877.0,XBRL,TEYITLI,TL,7,İŞLETME FAALİYETLERİNDEN NAKİT AKIŞLARI (32.799.249) (28.302.877),
BURCE,2025,3,1437766,520003,Konsolide,MDV+MODV,cari,-10119961.0,XBRL,TEYITLI,TL,7,Maddi ve Maddi Olmayan Duran Varlıkların Alımından Kaynaklanan Nakit 9-11 (10.119.961) (17.931.547),
BURCE,2025,3,1437766,520003,Konsolide,MDV+MODV,onceki,-17931547.0,XBRL,TEYITLI,TL,7,Maddi ve Maddi Olmayan Duran Varlıkların Alımından Kaynaklanan Nakit 9-11 (10.119.961) (17.931.547),
BURCE,2025,3,1437766,520003,Konsolide,YAGM,cari,,XBRL,SIFIR,,,,
BURCE,2025,3,1437766,520003,Konsolide,YAGM,onceki,,XBRL,SIFIR,,,,
BURCE,2025,3,1437766,520003,Konsolide,KIRA,cari,-314.0,XBRL,TEYITLI,TL,7,Kira Sözleşmelerinden Kaynaklanan Borç Ödemelerine İlişkin Nakit Çıkışları (314) - - -,
BURCE,2025,3,1437766,520003,Konsolide,KIRA,onceki,,XBRL,SIFIR,,,,
BURCE,2025,6,1480725,,,*,,,,INDIRILMEDI,,,,
BURCE,2025,9,1514677,,,*,,,,INDIRILMEDI,,,,
BURCE,2025,12,1570586,,,*,,,,INDIRILMEDI,,,,
BURCE,2026,6,1654971,,,*,,,,INDIRILMEDI,,,,
BURVA,2025,12,1564285,,,*,,,,INDIRILMEDI,,,,
BURVA,2026,3,1600105,,,*,,,,INDIRILMEDI,,,,
BURVA,2026,6,1646896,,,*,,,,INDIRILMEDI,,,,
BYDNR,2024,12,1410064,520003,Konsolide,CFO,cari,-7560658.0,XBRL,TEYITLI,TL,7,İŞLETME FAALİYETLERİNDEN NAKİT AKIŞLARI (7.560.658) 552.601.184,
BYDNR,2024,12,1410064,520003,Konsolide,CFO,onceki,552601184.0,XBRL,TEYITLI,TL,7,İŞLETME FAALİYETLERİNDEN NAKİT AKIŞLARI (7.560.658) 552.601.184,
BYDNR,2024,12,1410064,520003,Konsolide,MDV+MODV,cari,-307916129.0,XBRL,TEYITLI,TL,7,alımından kaynaklanan nakit çıkışları 9 (307.916.129) (653.276.994),
BYDNR,2024,12,1410064,520003,Konsolide,MDV+MODV,onceki,-653276994.0,XBRL,TEYITLI,TL,7,alımından kaynaklanan nakit çıkışları 9 (307.916.129) (653.276.994),
BYDNR,2024,12,1410064,520003,Konsolide,YAGM,cari,,XBRL,SIFIR,,,,
BYDNR,2024,12,1410064,520003,Konsolide,YAGM,onceki,,XBRL,SIFIR,,,,
BYDNR,2024,12,1410064,520003,Konsolide,KIRA,cari,,XBRL,SIFIR,,,,
BYDNR,2024,12,1410064,520003,Konsolide,KIRA,onceki,,XBRL,SIFIR,,,,
BYDNR,2024,12,1410064,520003,Konsolide,KIRA,*,,PDF,PDF_EK_SATIR,,7,Kiralama yükümlülükleriyle ilgili nakit giriş/ çıkışları – net 11 202.306.909 199.476.322,
BYDNR,2025,3,1438232,520003,Konsolide,CFO,cari,-88141734.0,XBRL,TEYITLI,TL,7,A. İşletme faaliyetlerden nakit akışları (88.141.734) 200.792.028,
BYDNR,2025,3,1438232,520003,Konsolide,CFO,onceki,200792028.0,XBRL,TEYITLI,TL,7,A. İşletme faaliyetlerden nakit akışları (88.141.734) 200.792.028,
BYDNR,2025,3,1438232,520003,Konsolide,MDV+MODV,cari,-80070261.0,XBRL,TEYITLI,TL,7,çıkışları (80.070.261) (185.076.080),
BYDNR,2025,3,1438232,520003,Konsolide,MDV+MODV,onceki,-185076080.0,XBRL,TEYITLI,TL,7,çıkışları (80.070.261) (185.076.080),
BYDNR,2025,3,1438232,520003,Konsolide,YAGM,cari,,XBRL,SIFIR,,,,
BYDNR,2025,3,1438232,520003,Konsolide,YAGM,onceki,,XBRL,SIFIR,,,,
BYDNR,2025,3,1438232,520003,Konsolide,KIRA,cari,,XBRL,SIFIR,,,,
BYDNR,2025,3,1438232,520003,Konsolide,KIRA,onceki,,XBRL,SIFIR,,,,
BYDNR,2025,6,1480925,,,*,,,,INDIRILMEDI,,,,
BYDNR,2025,12,1571167,,,*,,,,INDIRILMEDI,,,,
BYDNR,2026,3,1605061,,,*,,,,INDIRILMEDI,,,,
BYDNR,2026,6,1652987,,,*,,,,INDIRILMEDI,,,,
CELHA,2024,12,1397708,520003,Konsolide,CFO,cari,273713504.0,XBRL,TEYITLI,TL,7,"A. İŞLETME FAALİYETLERİNDEN NAKİT AKIŞLARI 273,713,504 (124,566,410)",
CELHA,2024,12,1397708,520003,Konsolide,CFO,onceki,-124566410.0,XBRL,TEYITLI,TL,7,"A. İŞLETME FAALİYETLERİNDEN NAKİT AKIŞLARI 273,713,504 (124,566,410)",
CELHA,2024,12,1397708,520003,Konsolide,MDV+MODV,cari,-259830868.0,XBRL,TEYITLI,TL,7,"Maddi ve maddi olmayan duran varlıkların alımından kaynaklanan nakit çıkışları 11,12 (259,830,868) (465,388,768)",
CELHA,2024,12,1397708,520003,Konsolide,MDV+MODV,onceki,-465388768.0,XBRL,TEYITLI,TL,7,"Maddi ve maddi olmayan duran varlıkların alımından kaynaklanan nakit çıkışları 11,12 (259,830,868) (465,388,768)",
CELHA,2024,12,1397708,520003,Konsolide,YAGM,cari,,XBRL,SIFIR,,,,
CELHA,2024,12,1397708,520003,Konsolide,YAGM,onceki,,XBRL,SIFIR,,,,
CELHA,2024,12,1397708,520003,Konsolide,KIRA,cari,-457441.0,XBRL,TEYITLI,TL,7,"Kira sözleşmelerinden kaynaklanan borç ödemelerine ilişkin nakit çıkışları 5 (457,441) (1,457,417)",
CELHA,2024,12,1397708,520003,Konsolide,KIRA,onceki,-1457417.0,XBRL,TEYITLI,TL,7,"Kira sözleşmelerinden kaynaklanan borç ödemelerine ilişkin nakit çıkışları 5 (457,441) (1,457,417)",
CELHA,2025,9,1513385,,,*,,,,INDIRILMEDI,,,,
CEMZY,2024,12,1393041,520003,Konsolide Olmayan,CFO,cari,-455386476.0,XBRL,TEYITLI,TL,12,A. İşletme Faaliyetlerinden Nakit Akımları (455.386.476) (90.364.679),
CEMZY,2024,12,1393041,520003,Konsolide Olmayan,CFO,onceki,-90364679.0,XBRL,TEYITLI,TL,12,A. İşletme Faaliyetlerinden Nakit Akımları (455.386.476) (90.364.679),
CEMZY,2024,12,1393041,520003,Konsolide Olmayan,MDV+MODV,cari,-162580680.0,XBRL,TEYITLI,TL,12,"Maddi ve Maddi Olmayan Duran Varlıkların Alımından Kaynaklanan Nakit Çıkışları 16,17 (162.580.680) (386.002.222)",
CEMZY,2024,12,1393041,520003,Konsolide Olmayan,MDV+MODV,onceki,-386002222.0,XBRL,TEYITLI,TL,12,"Maddi ve Maddi Olmayan Duran Varlıkların Alımından Kaynaklanan Nakit Çıkışları 16,17 (162.580.680) (386.002.222)",
CEMZY,2024,12,1393041,520003,Konsolide Olmayan,YAGM,cari,,XBRL,SIFIR,,,,
CEMZY,2024,12,1393041,520003,Konsolide Olmayan,YAGM,onceki,,XBRL,SIFIR,,,,
CEMZY,2024,12,1393041,520003,Konsolide Olmayan,KIRA,cari,,XBRL,SIFIR,,,,
CEMZY,2024,12,1393041,520003,Konsolide Olmayan,KIRA,onceki,,XBRL,SIFIR,,,,
CEMZY,2025,3,1432036,,,*,,,,NAKIT_AKIS_YOK,,,,html indirilemedi
CEMZY,2025,6,1476027,520003,Konsolide Olmayan,CFO,cari,435128698.0,XBRL,TEYITLI,TL,8,A. İşletme Faaliyetlerinden Nakit Akışları 435.128.698 66.718.269,
CEMZY,2025,6,1476027,520003,Konsolide Olmayan,CFO,onceki,66718269.0,XBRL,TEYITLI,TL,8,A. İşletme Faaliyetlerinden Nakit Akışları 435.128.698 66.718.269,
CEMZY,2025,6,1476027,520003,Konsolide Olmayan,MDV+MODV,cari,-43171438.0,XBRL,TEYITLI,TL,8,Maddi ve Maddi Olmayan Duran Varlıkların Alımından Kaynaklanan Nakit Çıkışları (43.171.438) (65.077.745),
CEMZY,2025,6,1476027,520003,Konsolide Olmayan,MDV+MODV,onceki,-65077745.0,XBRL,TEYITLI,TL,8,Maddi ve Maddi Olmayan Duran Varlıkların Alımından Kaynaklanan Nakit Çıkışları (43.171.438) (65.077.745),
CEMZY,2025,6,1476027,520003,Konsolide Olmayan,YAGM,cari,,XBRL,SIFIR,,,,
CEMZY,2025,6,1476027,520003,Konsolide Olmayan,YAGM,onceki,,XBRL,SIFIR,,,,
CEMZY,2025,6,1476027,520003,Konsolide Olmayan,KIRA,cari,,XBRL,SIFIR,,,,
CEMZY,2025,6,1476027,520003,Konsolide Olmayan,KIRA,onceki,,XBRL,SIFIR,,,,
CITAS,2026,6,1654235,,,*,,,,INDIRILMEDI,,,,
COSMO,2024,12,1405048,520003,Konsolide,CFO,cari,3653554.0,XBRL,TEYITLI,TL,12,A. İŞLETME FAALİYETLERİNDEN NAKİT AKIŞLARI 3.653.554 (30.663.846),
COSMO,2024,12,1405048,520003,Konsolide,CFO,onceki,-30663845.0,XBRL,TEYITLI,TL,12,A. İŞLETME FAALİYETLERİNDEN NAKİT AKIŞLARI 3.653.554 (30.663.846),
COSMO,2024,12,1405048,520003,Konsolide,MDV+MODV,cari,-11888808.0,XBRL(alt kalemler PDF),TEYITLI,TL,12,Maddi duran varlıkların alımından kaynaklanan nakit çıkışları 14 (11.778.353) (17.035.374) + Maddi olmayan duran varlıkların alımından kaynaklanan nakit çıkışları 15 (110.455) (65.679),
COSMO,2024,12,1405048,520003,Konsolide,MDV+MODV,onceki,-17101053.0,XBRL(alt kalemler PDF),TEYITLI,mn TL,12,-Kıdem tazminatı karşılıkları / (iptalleri) 17 573.706 338.539 + Maddi olmayan duran varlıkların alımından kaynaklanan nakit çıkışları 15 (110.455) (65.679),
COSMO,2024,12,1405048,520003,Konsolide,YAGM,cari,-8000000.0,XBRL,TEYITLI,TL,12,Yatırım amaçlı gayrimenkullerin alımından kaynaklanan nakit çıkışları 13 (8.000.000) -,
COSMO,2024,12,1405048,520003,Konsolide,YAGM,onceki,0.0,XBRL,SIFIR,,,,
COSMO,2024,12,1405048,520003,Konsolide,KIRA,cari,,XBRL,SIFIR,,,,
COSMO,2024,12,1405048,520003,Konsolide,KIRA,onceki,,XBRL,SIFIR,,,,
COSMO,2025,3,1438665,520003,Konsolide,CFO,cari,8820880.0,XBRL,PDF_TUTMADI,,,, 2 bildirim; son kullanıldı
COSMO,2025,3,1438665,520003,Konsolide,CFO,onceki,-2179652.0,XBRL,PDF_TUTMADI,,,, 2 bildirim; son kullanıldı
COSMO,2025,3,1438665,520003,Konsolide,MDV+MODV,cari,-8307335.0,XBRL,TEYITLI,TL,7,Maddi Duran Varlık Alımından Kaynaklanan Nakit Çıkışları (8.307.335) (1.883.582), 2 bildirim; son kullanıldı
COSMO,2025,3,1438665,520003,Konsolide,MDV+MODV,onceki,-1883582.0,XBRL,TEYITLI,TL,7,Maddi Duran Varlık Alımından Kaynaklanan Nakit Çıkışları (8.307.335) (1.883.582), 2 bildirim; son kullanıldı
COSMO,2025,3,1438665,520003,Konsolide,YAGM,cari,,XBRL,SIFIR,,,, 2 bildirim; son kullanıldı
COSMO,2025,3,1438665,520003,Konsolide,YAGM,onceki,,XBRL,SIFIR,,,, 2 bildirim; son kullanıldı
COSMO,2025,3,1438665,520003,Konsolide,KIRA,cari,,XBRL,SIFIR,,,, 2 bildirim; son kullanıldı
COSMO,2025,3,1438665,520003,Konsolide,KIRA,onceki,,XBRL,SIFIR,,,, 2 bildirim; son kullanıldı
COSMO,2025,6,1480743,,,*,,,,INDIRILMEDI,,,,
COSMO,2025,9,1514675,,,*,,,,INDIRILMEDI,,,,
CUSAN,2024,12,1424503,520003,Konsolide,CFO,cari,306639731.0,XBRL,TEYITLI,TL,11,A. İŞLETME FAALİYETLERİNDEN NAKİT AKIŞLARI 306.639.731 1.170.110.169,
CUSAN,2024,12,1424503,520003,Konsolide,CFO,onceki,1170110169.0,XBRL,TEYITLI,TL,11,A. İŞLETME FAALİYETLERİNDEN NAKİT AKIŞLARI 306.639.731 1.170.110.169,
CUSAN,2024,12,1424503,520003,Konsolide,MDV+MODV,cari,-1096596918.0,XBRL(alt kalemler PDF),TEYITLI,TL,11,Maddi Duran Varlık Alımından Kaynaklanan Nakit Çıkışları (-) 15 (1.064.440.704) (37.498.375) + Maddi Olmayan Duran Varlık Alımından Kaynaklanan Nakit Çıkışları (-) 17 (32.156.214) (16.036.182),
CUSAN,2024,12,1424503,520003,Konsolide,MDV+MODV,onceki,-53534557.0,XBRL(alt kalemler PDF),TEYITLI,TL,11,Maddi Duran Varlık Alımından Kaynaklanan Nakit Çıkışları (-) 15 (1.064.440.704) (37.498.375) + Amortisman ve İtfa Gideri İle İlgili Düzeltmeler 14 15 16 17 150.366.652 122.134.450,
CUSAN,2024,12,1424503,520003,Konsolide,YAGM,cari,,XBRL,SIFIR,,,,
CUSAN,2024,12,1424503,520003,Konsolide,YAGM,onceki,,XBRL,SIFIR,,,,
CUSAN,2024,12,1424503,520003,Konsolide,YAGM,*,,PDF,PDF_EK_SATIR,,11,Yatırım Amaçlı Gayrimenkul Satımından Kaynaklanan Nakit Girişleri 14 -- 2.926.955,
CUSAN,2024,12,1424503,520003,Konsolide,KIRA,cari,-25572000.0,XBRL,TEYITLI,TL,11,Kira Sözleşmelerinden Kaynaklanan Borç Ödemelerine İlişkin Nakit Çıkışları (-) (25.572.000) (4.568.722),
CUSAN,2024,12,1424503,520003,Konsolide,KIRA,onceki,-4568722.0,XBRL,TEYITLI,TL,11,Kira Sözleşmelerinden Kaynaklanan Borç Ödemelerine İlişkin Nakit Çıkışları (-) (25.572.000) (4.568.722),
CUSAN,2025,9,1515154,,,*,,,,INDIRILMEDI,,,,
DENGE,2024,12,1406369,520003,Konsolide,CFO,cari,-489763769.0,XBRL,TEYITLI,TL,14,A. İŞLETME FAALİYETLERİNDEN NAKİT AKIŞLARI (489.763.769) (935.968.288), 2 bildirim; son kullanıldı
DENGE,2024,12,1406369,520003,Konsolide,CFO,onceki,-935968288.0,XBRL,TEYITLI,TL,14,A. İŞLETME FAALİYETLERİNDEN NAKİT AKIŞLARI (489.763.769) (935.968.288), 2 bildirim; son kullanıldı
DENGE,2024,12,1406369,520003,Konsolide,MDV+MODV,cari,-8371357.0,XBRL,TEYITLI,TL,14,Maddi ve maddi olmayan duran varlık alışları 16-17 (8.371.357) (87.026.960), 2 bildirim; son kullanıldı
DENGE,2024,12,1406369,520003,Konsolide,MDV+MODV,onceki,-87026960.0,XBRL,TEYITLI,TL,14,Maddi ve maddi olmayan duran varlık alışları 16-17 (8.371.357) (87.026.960), 2 bildirim; son kullanıldı
DENGE,2024,12,1406369,520003,Konsolide,YAGM,cari,,XBRL,SIFIR,,,, 2 bildirim; son kullanıldı
DENGE,2024,12,1406369,520003,Konsolide,YAGM,onceki,,XBRL,SIFIR,,,, 2 bildirim; son kullanıldı
DENGE,2024,12,1406369,520003,Konsolide,KIRA,cari,,XBRL,SIFIR,,,, 2 bildirim; son kullanıldı
DENGE,2024,12,1406369,520003,Konsolide,KIRA,onceki,,XBRL,SIFIR,,,, 2 bildirim; son kullanıldı
DENGE,2025,6,1479984,,,*,,,,INDIRILMEDI,,,,
DERHL,2025,12,1559851,,,*,,,,INDIRILMEDI,,,,
DERIM,2024,12,1399580,520003,Konsolide Olmayan,CFO,cari,58311758.0,XBRL,TEYITLI,TL,11,A. İşletme Faaliyetlerinden Elde Edilen Nakit Akışları 58.311.758 10.206.740,
DERIM,2024,12,1399580,520003,Konsolide Olmayan,CFO,onceki,10206740.0,XBRL,TEYITLI,TL,11,A. İşletme Faaliyetlerinden Elde Edilen Nakit Akışları 58.311.758 10.206.740,
DERIM,2024,12,1399580,520003,Konsolide Olmayan,MDV+MODV,cari,-529433.0,XBRL,TEYITLI,TL,11,B. Yatırım Faaliyetlerinden Kaynaklanan Nakit Akışları (529.433) (3.057.053),
DERIM,2024,12,1399580,520003,Konsolide Olmayan,MDV+MODV,onceki,-3057053.0,XBRL,TEYITLI,TL,11,B. Yatırım Faaliyetlerinden Kaynaklanan Nakit Akışları (529.433) (3.057.053),
DERIM,2024,12,1399580,520003,Konsolide Olmayan,YAGM,cari,,XBRL,SIFIR,,,,
DERIM,2024,12,1399580,520003,Konsolide Olmayan,YAGM,onceki,,XBRL,SIFIR,,,,
DERIM,2024,12,1399580,520003,Konsolide Olmayan,KIRA,cari,,XBRL,SIFIR,,,,
DERIM,2024,12,1399580,520003,Konsolide Olmayan,KIRA,onceki,,XBRL,SIFIR,,,,
DERIM,2024,12,1399580,520003,Konsolide Olmayan,KIRA,*,,PDF,PDF_EK_SATIR,,11,Kira Sözleşmelerinden Kaynaklanan Borç Ödemelerine İlişkin Nakit Çıkışları (1.966.495) (12.093.258) || perakende olup 31 Aralık 2024 tarihi itibarıyla yurt içinde 94 adet (31 Aralık 2023: 89) kiraladığı mağazası,
DERIM,2025,3,1432382,520003,Konsolide Olmayan,CFO,cari,153588155.0,XBRL,PDF_YOK,,,,
DERIM,2025,3,1432382,520003,Konsolide Olmayan,CFO,onceki,41375533.0,XBRL,PDF_YOK,,,,
DERIM,2025,3,1432382,520003,Konsolide Olmayan,MDV+MODV,cari,-404459.0,XBRL,PDF_YOK,,,,
DERIM,2025,3,1432382,520003,Konsolide Olmayan,MDV+MODV,onceki,-165225.0,XBRL,PDF_YOK,,,,
DERIM,2025,3,1432382,520003,Konsolide Olmayan,YAGM,cari,,XBRL,PDF_YOK,,,,
DERIM,2025,3,1432382,520003,Konsolide Olmayan,YAGM,onceki,,XBRL,PDF_YOK,,,,
DERIM,2025,3,1432382,520003,Konsolide Olmayan,KIRA,cari,,XBRL,PDF_YOK,,,,
DERIM,2025,3,1432382,520003,Konsolide Olmayan,KIRA,onceki,-5235540.0,XBRL,PDF_YOK,,,,
DERIM,2025,6,1476596,,,*,,,,INDIRILMEDI,,,,
DESA,2024,12,1399627,520003,Konsolide Olmayan,CFO,cari,-87238423.0,XBRL,TEYITLI,TL,14,A. İşletme Faaliyetlerinden Kaynaklanan Nakit Akışları (+/-) (87.238.423) 465.946.315,
DESA,2024,12,1399627,520003,Konsolide Olmayan,CFO,onceki,465946315.0,XBRL,TEYITLI,TL,14,A. İşletme Faaliyetlerinden Kaynaklanan Nakit Akışları (+/-) (87.238.423) 465.946.315,
DESA,2024,12,1399627,520003,Konsolide Olmayan,MDV+MODV,cari,-41512999.0,XBRL,TEYITLI,TL,15,Maddi ve Maddi Olmayan Duran Varlıkların Alımından Kaynaklanan Nakit Çıkışları (41.512.999) (84.706.735),
DESA,2024,12,1399627,520003,Konsolide Olmayan,MDV+MODV,onceki,-84706735.0,XBRL,TEYITLI,TL,15,Maddi ve Maddi Olmayan Duran Varlıkların Alımından Kaynaklanan Nakit Çıkışları (41.512.999) (84.706.735),
DESA,2024,12,1399627,520003,Konsolide Olmayan,YAGM,cari,,XBRL,SIFIR,,,,
DESA,2024,12,1399627,520003,Konsolide Olmayan,YAGM,onceki,,XBRL,SIFIR,,,,
DESA,2024,12,1399627,520003,Konsolide Olmayan,KIRA,cari,-291321083.0,XBRL,TEYITLI,TL,15,Kira Sözleşmelerinden Kaynaklanan Borç Ödemelerine İlişkin Nakit Çıkışları 7 (291.321.083) (231.791.720),
DESA,2024,12,1399627,520003,Konsolide Olmayan,KIRA,onceki,-231791720.0,XBRL,TEYITLI,TL,15,Kira Sözleşmelerinden Kaynaklanan Borç Ödemelerine İlişkin Nakit Çıkışları 7 (291.321.083) (231.791.720),
DESA,2025,3,1437611,520003,Konsolide,CFO,cari,609243188.0,XBRL,TEYITLI,TL,8,İŞLETME FAALİYETLERDEN KAYNAKLANAN NAKİT AKIŞLARI 609.243.188 (310.791.265), 2 bildirim; son kullanıldı
DESA,2025,3,1437611,520003,Konsolide,CFO,onceki,-310791265.0,XBRL,TEYITLI,TL,8,İŞLETME FAALİYETLERDEN KAYNAKLANAN NAKİT AKIŞLARI 609.243.188 (310.791.265), 2 bildirim; son kullanıldı
DESA,2025,3,1437611,520003,Konsolide,MDV+MODV,cari,-5012205.0,XBRL,TEYITLI,TL,8,"Maddi ve Maddi Olmayan Duran Varlıkların Alımından Kayn.Nakit Çıkışları 12,13 (5.012.205) (9.581.254)", 2 bildirim; son kullanıldı
DESA,2025,3,1437611,520003,Konsolide,MDV+MODV,onceki,-9581254.0,XBRL,TEYITLI,TL,8,YATIRIM FAALİYETLERİNDEN KAYNAKLANAN NAKİT AKIŞLARI 8.743.462 (9.581.254), 2 bildirim; son kullanıldı
DESA,2025,3,1437611,520003,Konsolide,YAGM,cari,,XBRL,SIFIR,,,, 2 bildirim; son kullanıldı
DESA,2025,3,1437611,520003,Konsolide,YAGM,onceki,,XBRL,SIFIR,,,, 2 bildirim; son kullanıldı
DESA,2025,3,1437611,520003,Konsolide,KIRA,cari,-81874655.0,XBRL,TEYITLI,TL,8,Kira Sözleşmelerinden Kaynaklanan Borç Ödemelerine İlişkin Nakit Çıkışları (81.874.655) (124.310.002), 2 bildirim; son kullanıldı
DESA,2025,3,1437611,520003,Konsolide,KIRA,onceki,-124310002.0,XBRL,TEYITLI,TL,8,Kira Sözleşmelerinden Kaynaklanan Borç Ödemelerine İlişkin Nakit Çıkışları (81.874.655) (124.310.002), 2 bildirim; son kullanıldı
DESA,2025,6,1479575,,,*,,,,INDIRILMEDI,,,,
DESA,2025,9,1513713,,,*,,,,INDIRILMEDI,,,,
DESA,2025,12,1570058,,,*,,,,INDIRILMEDI,,,,
DESA,2026,3,1602808,,,*,,,,INDIRILMEDI,,,,
DESA,2026,6,1652389,,,*,,,,INDIRILMEDI,,,,
DITAS,2024,12,1399540,520003,Konsolide,CFO,cari,-222132873.0,XBRL,TEYITLI,TL,12,A. İşletme Faaliyetlerinden Nakit Akışları (222.132.873) (56.022.928),
DITAS,2024,12,1399540,520003,Konsolide,CFO,onceki,-56022928.0,XBRL,TEYITLI,TL,12,A. İşletme Faaliyetlerinden Nakit Akışları (222.132.873) (56.022.928),
DITAS,2024,12,1399540,520003,Konsolide,MDV+MODV,cari,-135374199.0,XBRL,TEYITLI,TL,13,Nakit Çıkışları 11 (135.374.199) (221.973.797),
DITAS,2024,12,1399540,520003,Konsolide,MDV+MODV,onceki,-221973797.0,XBRL,TEYITLI,TL,13,Nakit Çıkışları 11 (135.374.199) (221.973.797),
DITAS,2024,12,1399540,520003,Konsolide,YAGM,cari,,XBRL,SIFIR,,,,
DITAS,2024,12,1399540,520003,Konsolide,YAGM,onceki,,XBRL,SIFIR,,,,
DITAS,2024,12,1399540,520003,Konsolide,KIRA,cari,-13176509.0,XBRL,TEYITLI,TL,13,Kira Sözleşmelerinden Kaynaklanan Borç Ödemelerine İlişkin Nakit Çıkışları 4 (13.176.509) (33.299.474),
DITAS,2024,12,1399540,520003,Konsolide,KIRA,onceki,-33299474.0,XBRL,TEYITLI,TL,13,Kira Sözleşmelerinden Kaynaklanan Borç Ödemelerine İlişkin Nakit Çıkışları 4 (13.176.509) (33.299.474),
DITAS,2025,3,1435100,520003,Konsolide,CFO,cari,51502750.0,XBRL,TEYITLI,TL,7,A. İşle tme Faaliye tle rinde n Nakit Akışları 51.502.750 (110.493.821),
DITAS,2025,3,1435100,520003,Konsolide,CFO,onceki,-110493821.0,XBRL,TEYITLI,TL,7,A. İşle tme Faaliye tle rinde n Nakit Akışları 51.502.750 (110.493.821),
DITAS,2025,3,1435100,520003,Konsolide,MDV+MODV,cari,-30136835.0,XBRL,TEYITLI,TL,8,Nakit Çıkışları 11 (30.136.835) (58.155.187),
DITAS,2025,3,1435100,520003,Konsolide,MDV+MODV,onceki,-58155187.0,XBRL,TEYITLI,TL,8,Nakit Çıkışları 11 (30.136.835) (58.155.187),
DITAS,2025,3,1435100,520003,Konsolide,YAGM,cari,,XBRL,SIFIR,,,,
DITAS,2025,3,1435100,520003,Konsolide,YAGM,onceki,,XBRL,SIFIR,,,,
DITAS,2025,3,1435100,520003,Konsolide,KIRA,cari,-2939238.0,XBRL,TEYITLI,TL,8,Çıkışları 4 (2.939.238) (1.578.009),
DITAS,2025,3,1435100,520003,Konsolide,KIRA,onceki,-1578009.0,XBRL,TEYITLI,TL,8,Çıkışları 4 (2.939.238) (1.578.009),
DITAS,2025,9,1514694,,,*,,,,INDIRILMEDI,,,,
DMSAS,2024,12,1397795,520003,Konsolide Olmayan,CFO,cari,203084311.0,XBRL,TEYITLI,TL,7,A) İŞLETME FAALİYETLERİNDEN NAKİT AKIŞLARI 203.084.311 514.336.967,
DMSAS,2024,12,1397795,520003,Konsolide Olmayan,CFO,onceki,514336968.0,XBRL,TEYITLI,TL,7,A) İŞLETME FAALİYETLERİNDEN NAKİT AKIŞLARI 203.084.311 514.336.967,
DMSAS,2024,12,1397795,520003,Konsolide Olmayan,MDV+MODV,cari,-135471402.0,XBRL,TEYITLI,TL,7,"Maddi ve Maddi Olmayan Duran Varlıkların Alımından Kaynaklanan Nakit Çıkışları 18,19 (135.471.402) (344.096.862)",
DMSAS,2024,12,1397795,520003,Konsolide Olmayan,MDV+MODV,onceki,-344096862.0,XBRL,TEYITLI,TL,7,"Maddi ve Maddi Olmayan Duran Varlıkların Alımından Kaynaklanan Nakit Çıkışları 18,19 (135.471.402) (344.096.862)",
DMSAS,2024,12,1397795,520003,Konsolide Olmayan,YAGM,cari,,XBRL,SIFIR,,,,
DMSAS,2024,12,1397795,520003,Konsolide Olmayan,YAGM,onceki,,XBRL,SIFIR,,,,
DMSAS,2024,12,1397795,520003,Konsolide Olmayan,KIRA,cari,,XBRL,SIFIR,,,,
DMSAS,2024,12,1397795,520003,Konsolide Olmayan,KIRA,onceki,-3257971.0,XBRL,TEYITLI,TL,7,Kira Sözleşmelerinden Kaynaklanan Borç Ödemelerine İlişkin Nakit Çıkışları - (3.257.971),
DMSAS,2025,3,1432442,520003,Konsolide Olmayan,CFO,cari,-42440613.0,XBRL,TEYITLI,TL,7,A) İŞLETME FAALİYETLERİNDEN NAKİT AKIŞLARI (42.440.613) 68.470.873,
DMSAS,2025,3,1432442,520003,Konsolide Olmayan,CFO,onceki,68470873.0,XBRL,TEYITLI,TL,7,A) İŞLETME FAALİYETLERİNDEN NAKİT AKIŞLARI (42.440.613) 68.470.873,
DMSAS,2025,3,1432442,520003,Konsolide Olmayan,MDV+MODV,cari,-17406275.0,XBRL,TEYITLI,TL,7,"Maddi ve Maddi Olmayan Duran Varlıkların Alımından Kaynaklanan Nakit Çıkışları 18,19 (17.406.275) (16.523.015)",
DMSAS,2025,3,1432442,520003,Konsolide Olmayan,MDV+MODV,onceki,-16523015.0,XBRL,TEYITLI,TL,7,B) YATIRIM DAALİYETLERİNDEN KAYNAKLANAN NAKİT AKIŞLARI (1.347.808) (16.523.015),
DMSAS,2025,3,1432442,520003,Konsolide Olmayan,YAGM,cari,,XBRL,SIFIR,,,,
DMSAS,2025,3,1432442,520003,Konsolide Olmayan,YAGM,onceki,,XBRL,SIFIR,,,,
DMSAS,2025,3,1432442,520003,Konsolide Olmayan,KIRA,cari,,XBRL,SIFIR,,,,
DMSAS,2025,3,1432442,520003,Konsolide Olmayan,KIRA,onceki,-2652535.0,XBRL,TEYITLI,TL,7,Kira Sözleşmelerinden Kaynaklanan Borç Ödemelerine İlişkin Nakit Çıkışları - (2.652.535),
DMSAS,2025,6,1476159,,,*,,,,INDIRILMEDI,,,,
DMSAS,2025,9,1509144,,,*,,,,INDIRILMEDI,,,,
DMSAS,2025,12,1564396,,,*,,,,INDIRILMEDI,,,,
DMSAS,2026,3,1599656,,,*,,,,INDIRILMEDI,,,,
DMSAS,2026,6,1646979,,,*,,,,INDIRILMEDI,,,,
DOFER,2024,12,1397731,520003,Konsolide Olmayan,CFO,cari,13661978.0,XBRL,TEYITLI,TL,13,A. İŞLETME FAALİYETLERİNDEN NAKİT AKIŞLARI 13.661.978 133.530.664,
DOFER,2024,12,1397731,520003,Konsolide Olmayan,CFO,onceki,133530664.0,XBRL,TEYITLI,TL,13,A. İŞLETME FAALİYETLERİNDEN NAKİT AKIŞLARI 13.661.978 133.530.664,
DOFER,2024,12,1397731,520003,Konsolide Olmayan,MDV+MODV,cari,,XBRL,SIFIR,,,,
DOFER,2024,12,1397731,520003,Konsolide Olmayan,MDV+MODV,onceki,,XBRL,SIFIR,,,,
DOFER,2024,12,1397731,520003,Konsolide Olmayan,YAGM,cari,,XBRL,SIFIR,,,,
DOFER,2024,12,1397731,520003,Konsolide Olmayan,YAGM,onceki,,XBRL,SIFIR,,,,
DOFER,2024,12,1397731,520003,Konsolide Olmayan,KIRA,cari,,XBRL,SIFIR,,,,
DOFER,2024,12,1397731,520003,Konsolide Olmayan,KIRA,onceki,,XBRL,SIFIR,,,,
DOFER,2025,3,1430396,,,*,,,,NAKIT_AKIS_YOK,,,,html indirilemedi
DOFRB,2025,12,1564343,,,*,,,,INDIRILMEDI,,,,
DOFRB,2026,6,1647301,,,*,,,,INDIRILMEDI,,,,
DOHOL,2024,12,1400523,,,*,,,,NAKIT_AKIS_YOK,,,,
DOHOL,2025,3,1435837,,,*,,,,NAKIT_AKIS_YOK,,,,
DOHOL,2025,6,1477077,,,*,,,,INDIRILMEDI,,,,
DOHOL,2025,9,1512387,,,*,,,,INDIRILMEDI,,,,
DOHOL,2025,12,1565271,,,*,,,,INDIRILMEDI,,,,
DOHOL,2026,3,1602638,,,*,,,,INDIRILMEDI,,,,
DOHOL,2026,6,1648007,,,*,,,,INDIRILMEDI,,,,
DUNYH,2024,12,1451119,520003,Konsolide Olmayan,CFO,cari,237598940.0,XBRL,PDF_TUTMADI,,,, 2 bildirim; son kullanıldı
DUNYH,2024,12,1451119,520003,Konsolide Olmayan,CFO,onceki,-24462798.0,XBRL,TEYITLI,TL,7,A. İŞLETME FAALİYETLERDEN NAKİT AKIŞLARI 237.598.938 (24.462.798), 2 bildirim; son kullanıldı
DUNYH,2024,12,1451119,520003,Konsolide Olmayan,MDV+MODV,cari,-387970.0,XBRL,TEYITLI,TL,7,Maddi ve Maddi Olmayan Duran Varlıkların Alımından Kaynaklanan Nakit Çıkışları (387.970) (5.362.169), 2 bildirim; son kullanıldı
DUNYH,2024,12,1451119,520003,Konsolide Olmayan,MDV+MODV,onceki,-5362169.0,XBRL,TEYITLI,TL,7,Maddi ve Maddi Olmayan Duran Varlıkların Alımından Kaynaklanan Nakit Çıkışları (387.970) (5.362.169), 2 bildirim; son kullanıldı
DUNYH,2024,12,1451119,520003,Konsolide Olmayan,YAGM,cari,,XBRL,SIFIR,,,, 2 bildirim; son kullanıldı
DUNYH,2024,12,1451119,520003,Konsolide Olmayan,YAGM,onceki,21965505.0,XBRL,TEYITLI,TL,7,Yatırım Amaçlı Gayrimenkul Alımından Kaynaklanan Nakit Çıkışları - 21.965.505, 2 bildirim; son kullanıldı
DUNYH,2024,12,1451119,520003,Konsolide Olmayan,KIRA,cari,-359567.0,XBRL,TEYITLI,TL,7,KiraSözleşmelerinden Kaynaklanan Borç Ödemelerine İlişkin Nakit Çıkışları (359.568) (342.223), 2 bildirim; son kullanıldı
DUNYH,2024,12,1451119,520003,Konsolide Olmayan,KIRA,onceki,-342223.0,XBRL,TEYITLI,TL,7,KiraSözleşmelerinden Kaynaklanan Borç Ödemelerine İlişkin Nakit Çıkışları (359.568) (342.223), 2 bildirim; son kullanıldı
DUNYH,2025,3,1432524,520003,Konsolide Olmayan,CFO,cari,-40498201.0,XBRL,TEYITLI,TL,7,A. İŞLETME FAALİYETLERDEN NAKİT AKIŞLARI (40.498.201) (21.865.314),
DUNYH,2025,3,1432524,520003,Konsolide Olmayan,CFO,onceki,-21865314.0,XBRL,TEYITLI,TL,7,A. İŞLETME FAALİYETLERDEN NAKİT AKIŞLARI (40.498.201) (21.865.314),
DUNYH,2025,3,1432524,520003,Konsolide Olmayan,MDV+MODV,cari,,XBRL,SIFIR,,,,
DUNYH,2025,3,1432524,520003,Konsolide Olmayan,MDV+MODV,onceki,-187149.0,XBRL,TEYITLI,TL,7,B. YATIRIM FAALİYETLERİNDEN KAYNAKLANAN NAKİT AKIŞLARI 38.100.000 (187.149),
DUNYH,2025,3,1432524,520003,Konsolide Olmayan,YAGM,cari,,XBRL,SIFIR,,,,
DUNYH,2025,3,1432524,520003,Konsolide Olmayan,YAGM,onceki,,XBRL,SIFIR,,,,
DUNYH,2025,3,1432524,520003,Konsolide Olmayan,KIRA,cari,,XBRL,SIFIR,,,,
DUNYH,2025,3,1432524,520003,Konsolide Olmayan,KIRA,onceki,-496576.0,XBRL,TEYITLI,TL,7,KiraSözleşmelerinden Kaynaklanan Borç Ödemelerine İlişkin Nakit Çıkışları - (496.577),
DUNYH,2025,6,1476164,,,*,,,,INDIRILMEDI,,,,
DUNYH,2025,9,1509399,,,*,,,,INDIRILMEDI,,,,
DUNYH,2025,12,1564440,,,*,,,,INDIRILMEDI,,,,
DUNYH,2026,3,1599975,,,*,,,,INDIRILMEDI,,,,
DUNYH,2026,6,1646849,,,*,,,,INDIRILMEDI,,,,
DURKN,2024,12,1396668,520003,Konsolide Olmayan,CFO,cari,-324714614.0,XBRL,TEYITLI,TL,12,Faaliyetlerden elde edilen nakit akışları (324.714.614) 12.197.558,
DURKN,2024,12,1396668,520003,Konsolide Olmayan,CFO,onceki,12197558.0,XBRL,TEYITLI,TL,12,Faaliyetlerden elde edilen nakit akışları (324.714.614) 12.197.558,
DURKN,2024,12,1396668,520003,Konsolide Olmayan,MDV+MODV,cari,-110014338.0,XBRL,TEYITLI,TL,12,"çıkışları 11,12 (110.014.338) (98.854.742)",
DURKN,2024,12,1396668,520003,Konsolide Olmayan,MDV+MODV,onceki,-98854742.0,XBRL,TEYITLI,TL,12,"çıkışları 11,12 (110.014.338) (98.854.742)",
DURKN,2024,12,1396668,520003,Konsolide Olmayan,YAGM,cari,,XBRL,SIFIR,,,,
DURKN,2024,12,1396668,520003,Konsolide Olmayan,YAGM,onceki,,XBRL,SIFIR,,,,
DURKN,2024,12,1396668,520003,Konsolide Olmayan,KIRA,cari,,XBRL,SIFIR,,,,
DURKN,2024,12,1396668,520003,Konsolide Olmayan,KIRA,onceki,,XBRL,SIFIR,,,,
DURKN,2025,6,1475036,520003,Konsolide Olmayan,CFO,cari,-131049169.0,XBRL,TEYITLI,TL,9,Faaliyetlerden elde edilen nakit akışları (131.049.169) (47.056.547),
DURKN,2025,6,1475036,520003,Konsolide Olmayan,CFO,onceki,-47056547.0,XBRL,TEYITLI,TL,9,Faaliyetlerden elde edilen nakit akışları (131.049.169) (47.056.547),
DURKN,2025,6,1475036,520003,Konsolide Olmayan,MDV+MODV,cari,-89553819.0,XBRL,TEYITLI,TL,9,"Maddi ve maddi olmayan duran varlık alımından kaynaklanan nakit çıkışları 11,12 (89.553.819) (54.349.874)",
DURKN,2025,6,1475036,520003,Konsolide Olmayan,MDV+MODV,onceki,-54349874.0,XBRL,TEYITLI,TL,9,"Maddi ve maddi olmayan duran varlık alımından kaynaklanan nakit çıkışları 11,12 (89.553.819) (54.349.874)",
DURKN,2025,6,1475036,520003,Konsolide Olmayan,YAGM,cari,,XBRL,SIFIR,,,,
DURKN,2025,6,1475036,520003,Konsolide Olmayan,YAGM,onceki,,XBRL,SIFIR,,,,
DURKN,2025,6,1475036,520003,Konsolide Olmayan,KIRA,cari,,XBRL,SIFIR,,,,
DURKN,2025,6,1475036,520003,Konsolide Olmayan,KIRA,onceki,,XBRL,SIFIR,,,,
ECILC,2024,12,1405425,520003,Konsolide,CFO,cari,2085517.0,XBRL,TEYITLI,TL,14,A. İşletme faaliyetlerinden elde edilen nakit akışları 2.085.517 3.192.573,
ECILC,2024,12,1405425,520003,Konsolide,CFO,onceki,3192573.0,XBRL,TEYITLI,TL,14,A. İşletme faaliyetlerinden elde edilen nakit akışları 2.085.517 3.192.573,
ECILC,2024,12,1405425,520003,Konsolide,MDV+MODV,cari,-470478.0,XBRL,TEYITLI,TL,15,"kaynaklanan nakit çıkışları 17, 18 (470.478) (982.955)",
ECILC,2024,12,1405425,520003,Konsolide,MDV+MODV,onceki,-982955.0,XBRL,TEYITLI,TL,15,"kaynaklanan nakit çıkışları 17, 18 (470.478) (982.955)",
ECILC,2024,12,1405425,520003,Konsolide,YAGM,cari,,XBRL,SIFIR,,,,
ECILC,2024,12,1405425,520003,Konsolide,YAGM,onceki,,XBRL,SIFIR,,,,
ECILC,2024,12,1405425,520003,Konsolide,KIRA,cari,-112963.0,XBRL,TEYITLI,TL,15,ilişkin nakit (çıkışları) / girişleri 8 (112.963) (123.165),
ECILC,2024,12,1405425,520003,Konsolide,KIRA,onceki,-123165.0,XBRL,TEYITLI,TL,15,ilişkin nakit (çıkışları) / girişleri 8 (112.963) (123.165),
ECILC,2025,3,1436886,520003,Konsolide,CFO,cari,-60697.0,XBRL,TEYITLI,TL,10,A. İşletme faaliyetlerinden elde edilen nakit akışları (60.697) 612.220,
ECILC,2025,3,1436886,520003,Konsolide,CFO,onceki,612220.0,XBRL,TEYITLI,TL,10,A. İşletme faaliyetlerinden elde edilen nakit akışları (60.697) 612.220,
ECILC,2025,3,1436886,520003,Konsolide,MDV+MODV,cari,-71669.0,XBRL,TEYITLI,TL,11,"kaynaklanan nakit çıkışları 14, 15 (71.669) (406.561)",
ECILC,2025,3,1436886,520003,Konsolide,MDV+MODV,onceki,-406561.0,XBRL,TEYITLI,TL,11,"kaynaklanan nakit çıkışları 14, 15 (71.669) (406.561)",
ECILC,2025,3,1436886,520003,Konsolide,YAGM,cari,0.0,XBRL,SIFIR,,,,
ECILC,2025,3,1436886,520003,Konsolide,YAGM,onceki,-3982.0,XBRL,TEYITLI,TL,11,Yatırım amaçlı gayrimenkul alımından kaynaklanan nakit çıkışları 13 - (3.982),
ECILC,2025,3,1436886,520003,Konsolide,KIRA,cari,-20556.0,XBRL,TEYITLI,TL,11,ilişkin nakit çıkışları (20.556) (25.881),
ECILC,2025,3,1436886,520003,Konsolide,KIRA,onceki,-25881.0,XBRL,TEYITLI,bin TL,10,Vergi gideri/(geliri) ile ilgili düzeltmeler 25 392.295 223.471,
ECILC,2025,6,1475240,520003,Konsolide,CFO,cari,456569.0,XBRL,TEYITLI,TL,10,A. İşletme faaliyetlerinden elde edilen nakit akışları 456.569 583.094,
ECILC,2025,6,1475240,520003,Konsolide,CFO,onceki,583094.0,XBRL,TEYITLI,TL,10,A. İşletme faaliyetlerinden elde edilen nakit akışları 456.569 583.094,
ECILC,2025,6,1475240,520003,Konsolide,MDV+MODV,cari,-252544.0,XBRL,TEYITLI,TL,11,"kaynaklanan nakit çıkışları 14, 15 (252.544) (382.999)",
ECILC,2025,6,1475240,520003,Konsolide,MDV+MODV,onceki,-382999.0,XBRL,TEYITLI,TL,11,"kaynaklanan nakit çıkışları 14, 15 (252.544) (382.999)",
ECILC,2025,6,1475240,520003,Konsolide,YAGM,cari,,XBRL,SIFIR,,,,
ECILC,2025,6,1475240,520003,Konsolide,YAGM,onceki,,XBRL,SIFIR,,,,
ECILC,2025,6,1475240,520003,Konsolide,KIRA,cari,-30764.0,XBRL,TEYITLI,bin TL,10,1 OCAK - 30 HAZİRAN 2025 VE 2024 TARİHLERİNDE SONA EREN ALTI AYLIK,
ECILC,2025,6,1475240,520003,Konsolide,KIRA,onceki,-111428.0,XBRL,TEYITLI,TL,11,ilişkin nakit çıkışları (30.764) (111.428),
ECILC,2025,9,1509538,,,*,,,,INDIRILMEDI,,,,
ECOGR,2025,9,1514843,,,*,,,,INDIRILMEDI,,,,
ECZYT,2024,12,1405427,520003,Konsolide Olmayan,CFO,cari,2506995.0,XBRL,TEYITLI,TL,13,A. İşletme faaliyetlerinden nakit akışları 2.506.995 766.281.757,
ECZYT,2024,12,1405427,520003,Konsolide Olmayan,CFO,onceki,766281757.0,XBRL,TEYITLI,TL,13,A. İşletme faaliyetlerinden nakit akışları 2.506.995 766.281.757,
ECZYT,2024,12,1405427,520003,Konsolide Olmayan,MDV+MODV,cari,,XBRL,SIFIR,,,,
ECZYT,2024,12,1405427,520003,Konsolide Olmayan,MDV+MODV,onceki,,XBRL,SIFIR,,,,
ECZYT,2024,12,1405427,520003,Konsolide Olmayan,YAGM,cari,,XBRL,SIFIR,,,,
ECZYT,2024,12,1405427,520003,Konsolide Olmayan,YAGM,onceki,,XBRL,SIFIR,,,,
ECZYT,2024,12,1405427,520003,Konsolide Olmayan,KIRA,cari,-50048.0,XBRL,TEYITLI,TL,13,Kira sözleşmelerinden kaynaklanan borç ödemelerine ilişkin nakit çıkışları (-) (50.048) (45.140),
ECZYT,2024,12,1405427,520003,Konsolide Olmayan,KIRA,onceki,-45140.0,XBRL,TEYITLI,TL,13,Kira sözleşmelerinden kaynaklanan borç ödemelerine ilişkin nakit çıkışları (-) (50.048) (45.140),
ECZYT,2025,3,1436896,520003,Konsolide Olmayan,CFO,cari,65489371.0,XBRL,TEYITLI,TL,8,İşletme faaliyetlerinden nakit akışları 65.489.371 8.936.734,
ECZYT,2025,3,1436896,520003,Konsolide Olmayan,CFO,onceki,8936734.0,XBRL,TEYITLI,TL,8,İşletme faaliyetlerinden nakit akışları 65.489.371 8.936.734,
ECZYT,2025,3,1436896,520003,Konsolide Olmayan,MDV+MODV,cari,,XBRL,SIFIR,,,,
ECZYT,2025,3,1436896,520003,Konsolide Olmayan,MDV+MODV,onceki,,XBRL,SIFIR,,,,
ECZYT,2025,3,1436896,520003,Konsolide Olmayan,YAGM,cari,,XBRL,SIFIR,,,,
ECZYT,2025,3,1436896,520003,Konsolide Olmayan,YAGM,onceki,,XBRL,SIFIR,,,,
ECZYT,2025,3,1436896,520003,Konsolide Olmayan,KIRA,cari,-4670.0,XBRL,TEYITLI,TL,8,Kira sözleşmelerinden kaynaklanan borç ödemelerine ilişkin nakit çıkışları (-) (4.670) (22.642),
ECZYT,2025,3,1436896,520003,Konsolide Olmayan,KIRA,onceki,-22642.0,XBRL,TEYITLI,TL,8,Kira sözleşmelerinden kaynaklanan borç ödemelerine ilişkin nakit çıkışları (-) (4.670) (22.642),
ECZYT,2025,12,1564747,,,*,,,,INDIRILMEDI,,,,
ECZYT,2026,3,1603695,,,*,,,,INDIRILMEDI,,,,
ECZYT,2026,6,1644864,,,*,,,,INDIRILMEDI,,,,
EGEPO,2024,12,1398811,520003,Konsolide Olmayan,CFO,cari,143690605.0,XBRL,PDF_TUTMADI,,,,
EGEPO,2024,12,1398811,520003,Konsolide Olmayan,CFO,onceki,217657342.0,XBRL,PDF_TUTMADI,,,,
EGEPO,2024,12,1398811,520003,Konsolide Olmayan,MDV+MODV,cari,-97872855.0,XBRL,TEYITLI,TL,11,çıkışları 14 (97.872.855) (172.949.179),
EGEPO,2024,12,1398811,520003,Konsolide Olmayan,MDV+MODV,onceki,-172949179.0,XBRL,TEYITLI,TL,11,çıkışları 14 (97.872.855) (172.949.179),
EGEPO,2024,12,1398811,520003,Konsolide Olmayan,YAGM,cari,,XBRL,SIFIR,,,,
EGEPO,2024,12,1398811,520003,Konsolide Olmayan,YAGM,onceki,,XBRL,SIFIR,,,,
EGEPO,2024,12,1398811,520003,Konsolide Olmayan,KIRA,cari,,XBRL,SIFIR,,,,
EGEPO,2024,12,1398811,520003,Konsolide Olmayan,KIRA,onceki,,XBRL,SIFIR,,,,
EGEPO,2024,12,1398811,520003,Konsolide Olmayan,KIRA,*,,PDF,PDF_EK_SATIR,,11,Kiralama borçları 6 (6.596.206) (10.409.958),
EGEPO,2025,3,1431871,520003,Konsolide Olmayan,CFO,cari,8164007.0,XBRL,PDF_TUTMADI,,,,
EGEPO,2025,3,1431871,520003,Konsolide Olmayan,CFO,onceki,5182998.0,XBRL,PDF_TUTMADI,,,,
EGEPO,2025,3,1431871,520003,Konsolide Olmayan,MDV+MODV,cari,-14383024.0,XBRL,TEYITLI,TL,7,B. Yatırım faaliyetlerde kullanılan nakit akışları (14.383.024) 4.908.463,
EGEPO,2025,3,1431871,520003,Konsolide Olmayan,MDV+MODV,onceki,-21657317.0,XBRL,TEYITLI,TL,7,çıkışları 14 (14.383.024) (21.657.317),
EGEPO,2025,3,1431871,520003,Konsolide Olmayan,YAGM,cari,,XBRL,SIFIR,,,,
EGEPO,2025,3,1431871,520003,Konsolide Olmayan,YAGM,onceki,,XBRL,SIFIR,,,,
EGEPO,2025,3,1431871,520003,Konsolide Olmayan,KIRA,cari,-1369269.0,XBRL,TEYITLI,TL,7,Kiralama borçları 6 (1.369.269) (2.102.306),
EGEPO,2025,3,1431871,520003,Konsolide Olmayan,KIRA,onceki,-2102306.0,XBRL,TEYITLI,TL,7,Kiralama borçları 6 (1.369.269) (2.102.306),
EGEPO,2025,6,1472531,520003,Konsolide Olmayan,CFO,cari,-52627413.0,XBRL,TEYITLI,TL,8,A. İşletme faaliyetlerden kaynaklanan nakit akışları (52.627.413) 82.699.770,
EGEPO,2025,6,1472531,520003,Konsolide Olmayan,CFO,onceki,82699770.0,XBRL,TEYITLI,TL,8,A. İşletme faaliyetlerden kaynaklanan nakit akışları (52.627.413) 82.699.770,
EGEPO,2025,6,1472531,520003,Konsolide Olmayan,MDV+MODV,cari,-23000955.0,XBRL,TEYITLI,TL,8,B. Yatırım faaliyetlerde kullanılan nakit akışları (23.000.955) (29.885.153),
EGEPO,2025,6,1472531,520003,Konsolide Olmayan,MDV+MODV,onceki,-58046703.0,XBRL,TEYITLI,TL,8,çıkışları 14 (23.000.955) (58.046.703),
EGEPO,2025,6,1472531,520003,Konsolide Olmayan,YAGM,cari,,XBRL,SIFIR,,,,
EGEPO,2025,6,1472531,520003,Konsolide Olmayan,YAGM,onceki,,XBRL,SIFIR,,,,
EGEPO,2025,6,1472531,520003,Konsolide Olmayan,KIRA,cari,-2886564.0,XBRL,TEYITLI,TL,8,Kiralama borçları 6 (2.886.564) (4.217.614),
EGEPO,2025,6,1472531,520003,Konsolide Olmayan,KIRA,onceki,-4217614.0,XBRL,TEYITLI,TL,8,Kiralama borçları 6 (2.886.564) (4.217.614),
EGEPO,2025,9,1509238,,,*,,,,INDIRILMEDI,,,,
EGEPO,2025,12,1560650,,,*,,,,INDIRILMEDI,,,,
EGEPO,2026,3,1598964,,,*,,,,INDIRILMEDI,,,,
EGEPO,2026,6,1637444,,,*,,,,INDIRILMEDI,,,,
EKDMR,2026,6,1644880,,,*,,,,INDIRILMEDI,,,,
EKIM,2026,6,1650561,,,*,,,,INDIRILMEDI,,,,
EKOS,2025,12,1570613,,,*,,,,INDIRILMEDI,,,,
EKOS,2026,3,1605151,,,*,,,,INDIRILMEDI,,,,
EMKEL,2024,12,1403760,520003,Konsolide,CFO,cari,-78280923.0,XBRL,TEYITLI,TL,12,A. İşletme Faaliyetlerinden Nakit Akışları -78.280.923 -16.178.370,
EMKEL,2024,12,1403760,520003,Konsolide,CFO,onceki,-16178370.0,XBRL,TEYITLI,TL,12,A. İşletme Faaliyetlerinden Nakit Akışları -78.280.923 -16.178.370,
EMKEL,2024,12,1403760,520003,Konsolide,MDV+MODV,cari,-4258046.0,XBRL,TEYITLI,TL,13,"Maddi ve maddi olmayan duran varlıkların alımından kaynaklanan nakit çıkışları [17,18,19] -4.258.046 -6.476.447",
EMKEL,2024,12,1403760,520003,Konsolide,MDV+MODV,onceki,-6476447.0,XBRL,TEYITLI,TL,13,"Maddi ve maddi olmayan duran varlıkların alımından kaynaklanan nakit çıkışları [17,18,19] -4.258.046 -6.476.447",
EMKEL,2024,12,1403760,520003,Konsolide,YAGM,cari,,XBRL,SIFIR,,,,
EMKEL,2024,12,1403760,520003,Konsolide,YAGM,onceki,,XBRL,SIFIR,,,,
EMKEL,2024,12,1403760,520003,Konsolide,KIRA,cari,,XBRL,SIFIR,,,,
EMKEL,2024,12,1403760,520003,Konsolide,KIRA,onceki,,XBRL,SIFIR,,,,
EMKEL,2025,3,1436979,520003,Konsolide,CFO,cari,-31625503.0,XBRL,TEYITLI,TL,7,A. İşletme Faaliyetlerinden Nakit Akışları (31.625.503) 18.034.952,
EMKEL,2025,3,1436979,520003,Konsolide,CFO,onceki,18034952.0,XBRL,TEYITLI,TL,7,A. İşletme Faaliyetlerinden Nakit Akışları (31.625.503) 18.034.952,
EMKEL,2025,3,1436979,520003,Konsolide,MDV+MODV,cari,-2163091.0,XBRL,PDF_TUTMADI,,,,
EMKEL,2025,3,1436979,520003,Konsolide,MDV+MODV,onceki,0.0,XBRL,SIFIR,,,,
EMKEL,2025,3,1436979,520003,Konsolide,YAGM,cari,,XBRL,SIFIR,,,,
EMKEL,2025,3,1436979,520003,Konsolide,YAGM,onceki,,XBRL,SIFIR,,,,
EMKEL,2025,3,1436979,520003,Konsolide,KIRA,cari,,XBRL,SIFIR,,,,
EMKEL,2025,3,1436979,520003,Konsolide,KIRA,onceki,,XBRL,SIFIR,,,,
EMNIS,2024,12,1398858,520003,Konsolide Olmayan,CFO,cari,77860847.0,XBRL,TEYITLI,TL,13,A)İŞLETME FAALİYETLERİNDEN NAKİT AKIŞLARI 77.860.847 111.224.126,
EMNIS,2024,12,1398858,520003,Konsolide Olmayan,CFO,onceki,111224126.0,XBRL,TEYITLI,TL,13,A)İŞLETME FAALİYETLERİNDEN NAKİT AKIŞLARI 77.860.847 111.224.126,
EMNIS,2024,12,1398858,520003,Konsolide Olmayan,MDV+MODV,cari,-72450027.0,XBRL,TEYITLI,TL,13,AKIŞLARI (72.450.027) (129.440.010),
EMNIS,2024,12,1398858,520003,Konsolide Olmayan,MDV+MODV,onceki,-129440010.0,XBRL,TEYITLI,TL,13,AKIŞLARI (72.450.027) (129.440.010),
EMNIS,2024,12,1398858,520003,Konsolide Olmayan,YAGM,cari,,XBRL,SIFIR,,,,
EMNIS,2024,12,1398858,520003,Konsolide Olmayan,YAGM,onceki,,XBRL,SIFIR,,,,
EMNIS,2024,12,1398858,520003,Konsolide Olmayan,KIRA,cari,,XBRL,SIFIR,,,,
EMNIS,2024,12,1398858,520003,Konsolide Olmayan,KIRA,onceki,,XBRL,SIFIR,,,,
EMNIS,2025,3,1432477,520003,Konsolide Olmayan,CFO,cari,-350268.0,XBRL,TEYITLI,TL,7,A)İŞLETME FAALİYETLERİNDEN NAKİT AKIŞLARI (350.268) (26.937.434),
EMNIS,2025,3,1432477,520003,Konsolide Olmayan,CFO,onceki,-26937434.0,XBRL,TEYITLI,TL,7,A)İŞLETME FAALİYETLERİNDEN NAKİT AKIŞLARI (350.268) (26.937.434),
EMNIS,2025,3,1432477,520003,Konsolide Olmayan,MDV+MODV,cari,0.0,XBRL,SIFIR,,,,
EMNIS,2025,3,1432477,520003,Konsolide Olmayan,MDV+MODV,onceki,-39683.0,XBRL,TEYITLI,TL,7,"12,13 -- (39.683)",
EMNIS,2025,3,1432477,520003,Konsolide Olmayan,YAGM,cari,,XBRL,SIFIR,,,,
EMNIS,2025,3,1432477,520003,Konsolide Olmayan,YAGM,onceki,,XBRL,SIFIR,,,,
EMNIS,2025,3,1432477,520003,Konsolide Olmayan,KIRA,cari,,XBRL,SIFIR,,,,
EMNIS,2025,3,1432477,520003,Konsolide Olmayan,KIRA,onceki,,XBRL,SIFIR,,,,
EMNIS,2025,6,1476028,,,*,,,,INDIRILMEDI,,,,
EMNIS,2025,9,1509276,,,*,,,,INDIRILMEDI,,,,
EMPAE,2025,12,1570052,,,*,,,,INDIRILMEDI,,,,
EMPAE,2026,3,1603838,,,*,,,,INDIRILMEDI,,,,
EMPAE,2026,6,1649629,,,*,,,,INDIRILMEDI,,,,
ENSRI,2024,12,1402471,520003,Konsolide,CFO,cari,-3558903.0,XBRL,TEYITLI,TL,11,A. İşletme Faaliyetlerinden Kaynaklanan Nakit Akışları (3.558.903) (189.648.914),
ENSRI,2024,12,1402471,520003,Konsolide,CFO,onceki,-189648914.0,XBRL,TEYITLI,TL,11,A. İşletme Faaliyetlerinden Kaynaklanan Nakit Akışları (3.558.903) (189.648.914),
ENSRI,2024,12,1402471,520003,Konsolide,MDV+MODV,cari,-17957531.0,XBRL,TEYITLI,TL,11,12-13 (17.957.531) (55.480.061),
ENSRI,2024,12,1402471,520003,Konsolide,MDV+MODV,onceki,-55480061.0,XBRL,TEYITLI,TL,11,12-13 (17.957.531) (55.480.061),
ENSRI,2024,12,1402471,520003,Konsolide,YAGM,cari,,XBRL,SIFIR,,,,
ENSRI,2024,12,1402471,520003,Konsolide,YAGM,onceki,,XBRL,SIFIR,,,,
ENSRI,2024,12,1402471,520003,Konsolide,KIRA,cari,-8554776.0,XBRL,TEYITLI,TL,11,(8.554.776) (5.199.382),
ENSRI,2024,12,1402471,520003,Konsolide,KIRA,onceki,-5199382.0,XBRL,TEYITLI,TL,11,(8.554.776) (5.199.382),
ENSRI,2025,3,1437556,520003,Konsolide,CFO,cari,-1138305.0,XBRL,TEYITLI,TL,7,A. İşletme Faaliyetlerinden Kaynaklanan Nakit Akışları (1.138.305) (45.050.174),
ENSRI,2025,3,1437556,520003,Konsolide,CFO,onceki,-45050174.0,XBRL,TEYITLI,TL,7,A. İşletme Faaliyetlerinden Kaynaklanan Nakit Akışları (1.138.305) (45.050.174),
ENSRI,2025,3,1437556,520003,Konsolide,MDV+MODV,cari,-1277930.0,XBRL,TEYITLI,TL,7,9-10 (1.277.930) (7.512.789),
ENSRI,2025,3,1437556,520003,Konsolide,MDV+MODV,onceki,-7512789.0,XBRL,TEYITLI,TL,7,9-10 (1.277.930) (7.512.789),
ENSRI,2025,3,1437556,520003,Konsolide,YAGM,cari,5598402.0,XBRL,TEYITLI,TL,7,5.598.402 22.373.023,
ENSRI,2025,3,1437556,520003,Konsolide,YAGM,onceki,22373023.0,XBRL,TEYITLI,TL,7,5.598.402 22.373.023,
ENSRI,2025,3,1437556,520003,Konsolide,KIRA,cari,-2001466.0,XBRL,TEYITLI,TL,7,(2.001.466) (1.243.352),
ENSRI,2025,3,1437556,520003,Konsolide,KIRA,onceki,-1243352.0,XBRL,TEYITLI,TL,7,(2.001.466) (1.243.352),
ENSRI,2025,6,1480616,,,*,,,,INDIRILMEDI,,,,
ENSRI,2025,9,1514386,,,*,,,,INDIRILMEDI,,,,
ENSRI,2025,12,1565191,,,*,,,,INDIRILMEDI,,,,
ENSRI,2026,3,1605282,,,*,,,,INDIRILMEDI,,,,
ENSRI,2026,6,1652841,,,*,,,,INDIRILMEDI,,,,
EPLAS,2024,12,1405329,520003,Konsolide,CFO,cari,56845245.0,XBRL,TEYITLI,TL,12,İŞLETME FAALİYETLERİNDEN NAKİT AKIŞLARI 56.845.245 (196.496.727),
EPLAS,2024,12,1405329,520003,Konsolide,CFO,onceki,-196496727.0,XBRL,TEYITLI,TL,12,İŞLETME FAALİYETLERİNDEN NAKİT AKIŞLARI 56.845.245 (196.496.727),
EPLAS,2024,12,1405329,520003,Konsolide,MDV+MODV,cari,-43038085.0,XBRL,TEYITLI,TL,12,"Maddi Duran Varlıkların Alımından Kaynaklanan Nakit Çıkışları (-) 13,15 (43.038.085) (74.181.238)",
EPLAS,2024,12,1405329,520003,Konsolide,MDV+MODV,onceki,-74181238.0,XBRL,TEYITLI,TL,12,"Maddi Duran Varlıkların Alımından Kaynaklanan Nakit Çıkışları (-) 13,15 (43.038.085) (74.181.238)",
EPLAS,2024,12,1405329,520003,Konsolide,YAGM,cari,,XBRL,SIFIR,,,,
EPLAS,2024,12,1405329,520003,Konsolide,YAGM,onceki,,XBRL,SIFIR,,,,
EPLAS,2024,12,1405329,520003,Konsolide,KIRA,cari,-39414961.0,XBRL,TEYITLI,TL,12,Kiralama Yükümlülükleriyle İlgili Nakit Çıkışları (-) 14 (39.414.961) (4.151.236),
EPLAS,2024,12,1405329,520003,Konsolide,KIRA,onceki,-4151236.0,XBRL,TEYITLI,TL,12,Kiralama Yükümlülükleriyle İlgili Nakit Çıkışları (-) 14 (39.414.961) (4.151.236),
EPLAS,2025,6,1480334,,,*,,,,INDIRILMEDI,,,,
EPLAS,2025,9,1513538,,,*,,,,INDIRILMEDI,,,,
EPLAS,2025,12,1570892,,,*,,,,INDIRILMEDI,,,,
EPLAS,2026,3,1605452,,,*,,,,INDIRILMEDI,,,,
EPLAS,2026,6,1653037,,,*,,,,INDIRILMEDI,,,,
EUPWR,2024,12,1410019,520003,Konsolide,CFO,cari,395614.0,XBRL,TEYITLI,TL,13,A. İşletme Faaliyetlerinden Nakit Akımları 395.614 (2.056.974),
EUPWR,2024,12,1410019,520003,Konsolide,CFO,onceki,-2056974.0,XBRL,TEYITLI,TL,13,A. İşletme Faaliyetlerinden Nakit Akımları 395.614 (2.056.974),
EUPWR,2024,12,1410019,520003,Konsolide,MDV+MODV,cari,-859552.0,XBRL,TEYITLI,TL,13,"Nakit Çıkışları 13,14 (859.552) (1.390.580)",
EUPWR,2024,12,1410019,520003,Konsolide,MDV+MODV,onceki,-1390580.0,XBRL,TEYITLI,TL,13,"Nakit Çıkışları 13,14 (859.552) (1.390.580)",
EUPWR,2024,12,1410019,520003,Konsolide,YAGM,cari,-13282.0,XBRL,TEYITLI,bin TL,13,"Amortisman ve İtfa Gideri İle İlgili Düzeltmeler 13,14 207.394 197.583",
EUPWR,2024,12,1410019,520003,Konsolide,YAGM,onceki,0.0,XBRL,SIFIR,,,,
EUPWR,2024,12,1410019,520003,Konsolide,KIRA,cari,,XBRL,SIFIR,,,,
EUPWR,2024,12,1410019,520003,Konsolide,KIRA,onceki,,XBRL,SIFIR,,,,
EUPWR,2025,3,1438053,520003,Konsolide,CFO,cari,-74103.0,XBRL,TEYITLI,TL,7,Faaliyetlerden elde edilen nakit akışları (74.103) (644.193),
EUPWR,2025,3,1438053,520003,Konsolide,CFO,onceki,-644193.0,XBRL,TEYITLI,TL,7,Faaliyetlerden elde edilen nakit akışları (74.103) (644.193),
EUPWR,2025,3,1438053,520003,Konsolide,MDV+MODV,cari,-174245.0,XBRL,TEYITLI,TL,7,Maddi ve maddi olmayan duran varlık alımından kaynaklanan nakit çıkışları 9 (174.245) (77.725),
EUPWR,2025,3,1438053,520003,Konsolide,MDV+MODV,onceki,-77725.0,XBRL,TEYITLI,TL,7,Maddi ve maddi olmayan duran varlık alımından kaynaklanan nakit çıkışları 9 (174.245) (77.725),
EUPWR,2025,3,1438053,520003,Konsolide,YAGM,cari,,XBRL,SIFIR,,,,
EUPWR,2025,3,1438053,520003,Konsolide,YAGM,onceki,,XBRL,SIFIR,,,,
EUPWR,2025,3,1438053,520003,Konsolide,KIRA,cari,,XBRL,SIFIR,,,,
EUPWR,2025,3,1438053,520003,Konsolide,KIRA,onceki,,XBRL,SIFIR,,,,
EUPWR,2025,6,1479991,,,*,,,,INDIRILMEDI,,,,
EUPWR,2025,9,1514652,,,*,,,,INDIRILMEDI,,,,
EUREN,2025,12,1564041,,,*,,,,INDIRILMEDI,,,,
EUREN,2026,3,1599630,,,*,,,,INDIRILMEDI,,,,
EUREN,2026,6,1646830,,,*,,,,INDIRILMEDI,,,,
FADE,2025,12,1556582,,,*,,,,INDIRILMEDI,,,,
FADE,2026,3,1603481,,,*,,,,INDIRILMEDI,,,,
FADE,2026,6,1642948,,,*,,,,INDIRILMEDI,,,,
FENER,2024,12,1476151,,,*,,,,INDIRILMEDI,,,,
FENER,2025,3,1502633,,,*,,,,INDIRILMEDI,,,,
FENER,2025,6,1544738,,,*,,,,INDIRILMEDI,,,,
FENER,2025,9,1590307,,,*,,,,INDIRILMEDI,,,,
FENER,2025,12,1647222,,,*,,,,INDIRILMEDI,,,,
FLAP,2024,12,1407562,520003,Konsolide Olmayan,CFO,cari,20757682.0,XBRL,TEYITLI,TL,12,A. İşletme Faaliyetlerinden Nakit Akışları 20.757.682 13.668.574, 2 bildirim; son kullanıldı
FLAP,2024,12,1407562,520003,Konsolide Olmayan,CFO,onceki,13668574.0,XBRL,TEYITLI,TL,12,A. İşletme Faaliyetlerinden Nakit Akışları 20.757.682 13.668.574, 2 bildirim; son kullanıldı
FLAP,2024,12,1407562,520003,Konsolide Olmayan,MDV+MODV,cari,-2702310.0,XBRL,TEYITLI,TL,13,B. Yatırım Faaliyetlerinden Kaynaklanan Nakit Akışları -2.702.310 -1.035.690, 2 bildirim; son kullanıldı
FLAP,2024,12,1407562,520003,Konsolide Olmayan,MDV+MODV,onceki,-1035690.0,XBRL,TEYITLI,TL,13,B. Yatırım Faaliyetlerinden Kaynaklanan Nakit Akışları -2.702.310 -1.035.690, 2 bildirim; son kullanıldı
FLAP,2024,12,1407562,520003,Konsolide Olmayan,YAGM,cari,0.0,XBRL,SIFIR,,,, 2 bildirim; son kullanıldı
FLAP,2024,12,1407562,520003,Konsolide Olmayan,YAGM,onceki,0.0,XBRL,SIFIR,,,, 2 bildirim; son kullanıldı
FLAP,2024,12,1407562,520003,Konsolide Olmayan,YAGM,*,,PDF,PDF_EK_SATIR,,12,"• Yatırım amaçlı gayrimenkullerin gerçeğe uygun değer kayıpları (kazançları) ile [12,28] -15.984.246 -22.372.598 || c) Dipnot 12 – Yatırım amaçlı gayrimenkullerin gerçeğe uygun değerleri ,", 2 bildirim; son kullanıldı
FLAP,2024,12,1407562,520003,Konsolide Olmayan,KIRA,cari,,XBRL,SIFIR,,,, 2 bildirim; son kullanıldı
FLAP,2024,12,1407562,520003,Konsolide Olmayan,KIRA,onceki,,XBRL,SIFIR,,,, 2 bildirim; son kullanıldı
FLAP,2025,6,1476395,,,*,,,,INDIRILMEDI,,,,
FLAP,2025,12,1564335,,,*,,,,INDIRILMEDI,,,,
FLAP,2026,6,1647472,,,*,,,,INDIRILMEDI,,,,
FORMT,2024,12,1398727,520003,Konsolide,CFO,cari,37767076.0,XBRL,TEYITLI,TL,12,A. İşletme Faaliyetlerinden Nakit Akışları 37.767.076 -239.327.485,
FORMT,2024,12,1398727,520003,Konsolide,CFO,onceki,-239327485.0,XBRL,TEYITLI,TL,12,A. İşletme Faaliyetlerinden Nakit Akışları 37.767.076 -239.327.485,
FORMT,2024,12,1398727,520003,Konsolide,MDV+MODV,cari,-259569272.0,XBRL,TEYITLI,TL,13,"Maddi ve maddi olmayan duran varlıkların alımından kaynaklanan nakit çıkışları [10,11] -259.569.272 -181.499.458",
FORMT,2024,12,1398727,520003,Konsolide,MDV+MODV,onceki,-181499458.0,XBRL,TEYITLI,TL,13,"Maddi ve maddi olmayan duran varlıkların alımından kaynaklanan nakit çıkışları [10,11] -259.569.272 -181.499.458",
FORMT,2024,12,1398727,520003,Konsolide,YAGM,cari,,XBRL,SIFIR,,,,
FORMT,2024,12,1398727,520003,Konsolide,YAGM,onceki,,XBRL,SIFIR,,,,
FORMT,2024,12,1398727,520003,Konsolide,YAGM,*,,PDF,PDF_EK_SATIR,,12,• Yatırım amaçlı gayrimenkullerin gerçeğe uygun değer kayıpları (kazançları) ile – 17.390.279,
FORMT,2024,12,1398727,520003,Konsolide,KIRA,cari,-471756.0,XBRL,TEYITLI,TL,13,Finansal kiralama sözleşmelerinden kaynaklanan borç ödemelerine ilişkin nakit [4] -471.756 -5.170.191,
FORMT,2024,12,1398727,520003,Konsolide,KIRA,onceki,-5170191.0,XBRL,TEYITLI,TL,13,Finansal kiralama sözleşmelerinden kaynaklanan borç ödemelerine ilişkin nakit [4] -471.756 -5.170.191,
FORMT,2025,3,1432465,520003,Konsolide Olmayan,CFO,cari,92754647.0,XBRL,TEYITLI,TL,7,A. İşletme Faaliyetlerinden Nakit Akışları 92.754.647 -40.722.880,
FORMT,2025,3,1432465,520003,Konsolide Olmayan,CFO,onceki,-40722880.0,XBRL,TEYITLI,TL,7,A. İşletme Faaliyetlerinden Nakit Akışları 92.754.647 -40.722.880,
FORMT,2025,3,1432465,520003,Konsolide Olmayan,MDV+MODV,cari,-19143323.0,XBRL,TEYITLI,TL,8,"Maddi ve maddi olmayan duran varlıkların alımından kaynaklanan nakit çıkışları [10,11] -19.143.323 -114.183.431",
FORMT,2025,3,1432465,520003,Konsolide Olmayan,MDV+MODV,onceki,-114183431.0,XBRL,TEYITLI,TL,8,"Maddi ve maddi olmayan duran varlıkların alımından kaynaklanan nakit çıkışları [10,11] -19.143.323 -114.183.431",
FORMT,2025,3,1432465,520003,Konsolide Olmayan,YAGM,cari,,XBRL,SIFIR,,,,
FORMT,2025,3,1432465,520003,Konsolide Olmayan,YAGM,onceki,,XBRL,SIFIR,,,,
FORMT,2025,3,1432465,520003,Konsolide Olmayan,KIRA,cari,-770558.0,XBRL,TEYITLI,TL,8,Finansal kiralama sözleşmelerinden kaynaklanan borç ödemelerine ilişkin nakit [4] -770.558 -1.994.981,
FORMT,2025,3,1432465,520003,Konsolide Olmayan,KIRA,onceki,-1994981.0,XBRL,TEYITLI,TL,8,Finansal kiralama sözleşmelerinden kaynaklanan borç ödemelerine ilişkin nakit [4] -770.558 -1.994.981,
FORMT,2025,6,1475949,520003,Konsolide Olmayan,CFO,cari,155973663.0,XBRL,TEYITLI,TL,8,A. İşletme Faaliyetlerinden Nakit Akışları 155.973.663 -185.312.221,
FORMT,2025,6,1475949,520003,Konsolide Olmayan,CFO,onceki,-185312221.0,XBRL,TEYITLI,TL,8,A. İşletme Faaliyetlerinden Nakit Akışları 155.973.663 -185.312.221,
FORMT,2025,6,1475949,520003,Konsolide Olmayan,MDV+MODV,cari,-30191770.0,XBRL,TEYITLI,TL,9,"Maddi ve maddi olmayan duran varlıkların alımından kaynaklanan nakit çıkışları [10,11] -30.191.770 -132.781.768",
FORMT,2025,6,1475949,520003,Konsolide Olmayan,MDV+MODV,onceki,-132781768.0,XBRL,TEYITLI,TL,9,"Maddi ve maddi olmayan duran varlıkların alımından kaynaklanan nakit çıkışları [10,11] -30.191.770 -132.781.768",
FORMT,2025,6,1475949,520003,Konsolide Olmayan,YAGM,cari,,XBRL,SIFIR,,,,
FORMT,2025,6,1475949,520003,Konsolide Olmayan,YAGM,onceki,,XBRL,SIFIR,,,,
FORMT,2025,6,1475949,520003,Konsolide Olmayan,KIRA,cari,-1460848.0,XBRL,TEYITLI,TL,9,Finansal kiralama sözleşmelerinden kaynaklanan borç ödemelerine ilişkin nakit çıkışları [4] -1.460.848 -1.422.338,
FORMT,2025,6,1475949,520003,Konsolide Olmayan,KIRA,onceki,-1422338.0,XBRL,TEYITLI,TL,9,Finansal kiralama sözleşmelerinden kaynaklanan borç ödemelerine ilişkin nakit çıkışları [4] -1.460.848 -1.422.338,
FRIGO,2024,12,1398682,520003,Konsolide,CFO,cari,-33013252.0,XBRL,PDF_YOK,,,,
FRIGO,2024,12,1398682,520003,Konsolide,CFO,onceki,-120857613.0,XBRL,PDF_YOK,,,,
FRIGO,2024,12,1398682,520003,Konsolide,MDV+MODV,cari,-118371440.0,XBRL,PDF_YOK,,,,
FRIGO,2024,12,1398682,520003,Konsolide,MDV+MODV,onceki,-47384098.0,XBRL,PDF_YOK,,,,
FRIGO,2024,12,1398682,520003,Konsolide,YAGM,cari,,XBRL,PDF_YOK,,,,
FRIGO,2024,12,1398682,520003,Konsolide,YAGM,onceki,,XBRL,PDF_YOK,,,,
FRIGO,2024,12,1398682,520003,Konsolide,KIRA,cari,,XBRL,PDF_YOK,,,,
FRIGO,2024,12,1398682,520003,Konsolide,KIRA,onceki,,XBRL,PDF_YOK,,,,
FRIGO,2025,3,1437942,520003,Konsolide,CFO,cari,-237838399.0,XBRL,TEYITLI,TL,7,A. İŞLETME FAALİYETLERİNDEN NAKİT AKIŞLARI (237.838.399) (257.268.210),
FRIGO,2025,3,1437942,520003,Konsolide,CFO,onceki,-257268210.0,XBRL,TEYITLI,TL,7,A. İŞLETME FAALİYETLERİNDEN NAKİT AKIŞLARI (237.838.399) (257.268.210),
FRIGO,2025,3,1437942,520003,Konsolide,MDV+MODV,cari,-9046824.0,XBRL,TEYITLI,TL,7,AKIŞLARI (9.046.824) (574.058),
FRIGO,2025,3,1437942,520003,Konsolide,MDV+MODV,onceki,-574058.0,XBRL,TEYITLI,TL,7,AKIŞLARI (9.046.824) (574.058),
FRIGO,2025,3,1437942,520003,Konsolide,YAGM,cari,,XBRL,SIFIR,,,,
FRIGO,2025,3,1437942,520003,Konsolide,YAGM,onceki,,XBRL,SIFIR,,,,
FRIGO,2025,3,1437942,520003,Konsolide,KIRA,cari,,XBRL,SIFIR,,,,
FRIGO,2025,3,1437942,520003,Konsolide,KIRA,onceki,,XBRL,SIFIR,,,,
FRIGO,2025,3,1437942,520003,Konsolide,KIRA,*,,PDF,PDF_EK_SATIR,,7,Kiralama yükümlülükleri ile ilgili nakit çıkışları (81.813.481) (16.786.893),
FRIGO,2025,6,1479415,,,*,,,,INDIRILMEDI,,,,
FRIGO,2025,9,1514840,,,*,,,,INDIRILMEDI,,,,
FRIGO,2025,12,1567688,,,*,,,,INDIRILMEDI,,,,
FRIGO,2026,3,1605458,,,*,,,,INDIRILMEDI,,,,
GEDZA,2025,12,1567648,,,*,,,,INDIRILMEDI,,,,
GEDZA,2026,3,1605296,,,*,,,,INDIRILMEDI,,,,
GEDZA,2026,6,1651386,,,*,,,,INDIRILMEDI,,,,
GENIL,2024,12,1400992,520003,Konsolide,CFO,cari,1993472828.0,XBRL,TEYITLI,TL,14,"İşletme Faaliyetlerinden Sağlanan Nakit Akışları, net 1.993.472.828 256.052.878",
GENIL,2024,12,1400992,520003,Konsolide,CFO,onceki,256052878.0,XBRL,TEYITLI,TL,14,"İşletme Faaliyetlerinden Sağlanan Nakit Akışları, net 1.993.472.828 256.052.878",
GENIL,2024,12,1400992,520003,Konsolide,MDV+MODV,cari,-591544495.0,XBRL(alt kalemler PDF),TEYITLI,TL,14,Maddi duran varlıklardaki değişim 14 (309.134.971) (762.003.260) + Maddi olmayan duran varlıklardaki değişim 15 (282.409.524) (261.368.838),
GENIL,2024,12,1400992,520003,Konsolide,MDV+MODV,onceki,-1023372098.0,XBRL(alt kalemler PDF),TEYITLI,TL,14,Maddi duran varlıklardaki değişim 14 (309.134.971) (762.003.260) + Maddi olmayan duran varlıklardaki değişim 15 (282.409.524) (261.368.838),
GENIL,2024,12,1400992,520003,Konsolide,YAGM,cari,,XBRL,SIFIR,,,,
GENIL,2024,12,1400992,520003,Konsolide,YAGM,onceki,,XBRL,SIFIR,,,,
GENIL,2024,12,1400992,520003,Konsolide,YAGM,*,,PDF,PDF_EK_SATIR,,14,Yatırım amaçlı gayrimenkullerdeki değişim 13 (169.821.695) --,
GENIL,2024,12,1400992,520003,Konsolide,KIRA,cari,,XBRL,SIFIR,,,,
GENIL,2024,12,1400992,520003,Konsolide,KIRA,onceki,,XBRL,SIFIR,,,,
GENIL,2025,3,1436632,520003,Konsolide,CFO,cari,-513883199.0,XBRL,TEYITLI,TL,8,"İşletme Faaliyetlerinden Sağlanan Nakit Akışları, net (513.883.199) 429.796.021",
GENIL,2025,3,1436632,520003,Konsolide,CFO,onceki,429796021.0,XBRL,TEYITLI,TL,8,"İşletme Faaliyetlerinden Sağlanan Nakit Akışları, net (513.883.199) 429.796.021",
GENIL,2025,3,1436632,520003,Konsolide,MDV+MODV,cari,-188530634.0,XBRL(alt kalemler PDF),TEYITLI,TL,8,Maddi duran varlıklardaki değişim 14 (130.111.441) (63.180.852) + Maddi olmayan duran varlıklardaki değişim 15 (58.419.193) (97.995.631),
GENIL,2025,3,1436632,520003,Konsolide,MDV+MODV,onceki,-161176483.0,XBRL(alt kalemler PDF),TEYITLI,TL,8,Maddi duran varlıklardaki değişim 14 (130.111.441) (63.180.852) + Maddi olmayan duran varlıklardaki değişim 15 (58.419.193) (97.995.631),
GENIL,2025,3,1436632,520003,Konsolide,YAGM,cari,,XBRL,SIFIR,,,,
GENIL,2025,3,1436632,520003,Konsolide,YAGM,onceki,,XBRL,SIFIR,,,,
GENIL,2025,3,1436632,520003,Konsolide,KIRA,cari,,XBRL,SIFIR,,,,
GENIL,2025,3,1436632,520003,Konsolide,KIRA,onceki,,XBRL,SIFIR,,,,
GENIL,2025,6,1477971,,,*,,,,INDIRILMEDI,,,,
GENTS,2025,12,1569747,,,*,,,,INDIRILMEDI,,,,
GENTS,2026,3,1603593,,,*,,,,INDIRILMEDI,,,,
GMTAS,2024,12,1396789,520003,Konsolide Olmayan,CFO,cari,312953605.0,XBRL,TEYITLI,TL,12,A. İşletme Faaliyetlerinden Nakit Akışları 312.953.605 142.051.408,
GMTAS,2024,12,1396789,520003,Konsolide Olmayan,CFO,onceki,142051408.0,XBRL,TEYITLI,TL,12,A. İşletme Faaliyetlerinden Nakit Akışları 312.953.605 142.051.408,
GMTAS,2024,12,1396789,520003,Konsolide Olmayan,MDV+MODV,cari,-63050464.0,XBRL,TEYITLI,TL,12,B. Yatırım Faaliyetlerinden Kaynaklanan Nakit Akışları -63.050.464 -60.467.599,
GMTAS,2024,12,1396789,520003,Konsolide Olmayan,MDV+MODV,onceki,-60467599.0,XBRL,TEYITLI,TL,12,B. Yatırım Faaliyetlerinden Kaynaklanan Nakit Akışları -63.050.464 -60.467.599,
GMTAS,2024,12,1396789,520003,Konsolide Olmayan,YAGM,cari,,XBRL,SIFIR,,,,
GMTAS,2024,12,1396789,520003,Konsolide Olmayan,YAGM,onceki,,XBRL,SIFIR,,,,
GMTAS,2024,12,1396789,520003,Konsolide Olmayan,KIRA,cari,,XBRL,SIFIR,,,,
GMTAS,2024,12,1396789,520003,Konsolide Olmayan,KIRA,onceki,,XBRL,SIFIR,,,,
GMTAS,2025,3,1431846,520003,Konsolide Olmayan,CFO,cari,-126502989.0,XBRL,TEYITLI,TL,6,A. İşletme Faaliyetlerinden Nakit Akışları -126.502.989 -67.046.076,
GMTAS,2025,3,1431846,520003,Konsolide Olmayan,CFO,onceki,-67046076.0,XBRL,TEYITLI,TL,6,A. İşletme Faaliyetlerinden Nakit Akışları -126.502.989 -67.046.076,
GMTAS,2025,3,1431846,520003,Konsolide Olmayan,MDV+MODV,cari,-73241223.0,XBRL,TEYITLI,TL,6,B. Yatırım Faaliyetlerinden Kaynaklanan Nakit Akışları -73.241.223 -21.652.114,
GMTAS,2025,3,1431846,520003,Konsolide Olmayan,MDV+MODV,onceki,-21652114.0,XBRL,TEYITLI,TL,6,B. Yatırım Faaliyetlerinden Kaynaklanan Nakit Akışları -73.241.223 -21.652.114,
GMTAS,2025,3,1431846,520003,Konsolide Olmayan,YAGM,cari,,XBRL,SIFIR,,,,
GMTAS,2025,3,1431846,520003,Konsolide Olmayan,YAGM,onceki,,XBRL,SIFIR,,,,
GMTAS,2025,3,1431846,520003,Konsolide Olmayan,KIRA,cari,,XBRL,SIFIR,,,,
GMTAS,2025,3,1431846,520003,Konsolide Olmayan,KIRA,onceki,,XBRL,SIFIR,,,,
GMTAS,2025,6,1476080,,,*,,,,INDIRILMEDI,,,,
GMTAS,2025,9,1508685,,,*,,,,INDIRILMEDI,,,,
GMTAS,2025,12,1563274,,,*,,,,INDIRILMEDI,,,,
GMTAS,2026,3,1598840,,,*,,,,INDIRILMEDI,,,,
GMTAS,2026,6,1645675,,,*,,,,INDIRILMEDI,,,,
GOKNR,2024,12,1405308,520003,Konsolide,CFO,cari,915782425.0,XBRL,TEYITLI,TL,6,İşletme faaliyetlerden kaynaklanan nakit akışları 915.782.425 2.389.586.588,
GOKNR,2024,12,1405308,520003,Konsolide,CFO,onceki,2389586588.0,XBRL,TEYITLI,TL,6,İşletme faaliyetlerden kaynaklanan nakit akışları 915.782.425 2.389.586.588,
GOKNR,2024,12,1405308,520003,Konsolide,MDV+MODV,cari,-347843245.0,XBRL,TEYITLI,TL,6,"nakit çıkışları 13,14 (347.843.245) (278.662.052)",
GOKNR,2024,12,1405308,520003,Konsolide,MDV+MODV,onceki,-278662052.0,XBRL,TEYITLI,TL,6,"nakit çıkışları 13,14 (347.843.245) (278.662.052)",
GOKNR,2024,12,1405308,520003,Konsolide,YAGM,cari,,XBRL,SIFIR,,,,
GOKNR,2024,12,1405308,520003,Konsolide,YAGM,onceki,,XBRL,SIFIR,,,,
GOKNR,2024,12,1405308,520003,Konsolide,KIRA,cari,,XBRL,SIFIR,,,,
GOKNR,2024,12,1405308,520003,Konsolide,KIRA,onceki,,XBRL,SIFIR,,,,
GOKNR,2025,3,1437924,520003,Konsolide,CFO,cari,183657092.0,XBRL,PDF_TUTMADI,,,,
GOKNR,2025,3,1437924,520003,Konsolide,CFO,onceki,280963363.0,XBRL,PDF_TUTMADI,,,,
GOKNR,2025,3,1437924,520003,Konsolide,MDV+MODV,cari,-78972646.0,XBRL,TEYITLI,TL,6,"nakit çıkışları 10,11 (78.972.646) (65.419.275)",
GOKNR,2025,3,1437924,520003,Konsolide,MDV+MODV,onceki,-65419275.0,XBRL,TEYITLI,TL,6,"nakit çıkışları 10,11 (78.972.646) (65.419.275)",
GOKNR,2025,3,1437924,520003,Konsolide,YAGM,cari,,XBRL,SIFIR,,,,
GOKNR,2025,3,1437924,520003,Konsolide,YAGM,onceki,,XBRL,SIFIR,,,,
GOKNR,2025,3,1437924,520003,Konsolide,KIRA,cari,,XBRL,SIFIR,,,,
GOKNR,2025,3,1437924,520003,Konsolide,KIRA,onceki,,XBRL,SIFIR,,,,
GOLDA,2026,6,1647292,,,*,,,,INDIRILMEDI,,,,
GRTHO,2024,12,1399080,520003,Konsolide,CFO,cari,70617553.0,XBRL,PDF_YOK,,,,
GRTHO,2024,12,1399080,520003,Konsolide,CFO,onceki,-65235278.0,XBRL,PDF_YOK,,,,
GRTHO,2024,12,1399080,520003,Konsolide,MDV+MODV,cari,-62037993.0,XBRL,PDF_YOK,,,,
GRTHO,2024,12,1399080,520003,Konsolide,MDV+MODV,onceki,-363202303.0,XBRL,PDF_YOK,,,,
GRTHO,2024,12,1399080,520003,Konsolide,YAGM,cari,-214622875.0,XBRL,PDF_YOK,,,,
GRTHO,2024,12,1399080,520003,Konsolide,YAGM,onceki,,XBRL,PDF_YOK,,,,
GRTHO,2024,12,1399080,520003,Konsolide,KIRA,cari,-348905.0,XBRL,PDF_YOK,,,,
GRTHO,2024,12,1399080,520003,Konsolide,KIRA,onceki,-568191.0,XBRL,PDF_YOK,,,,
GRTHO,2025,3,1435174,520003,Konsolide,CFO,cari,69207326.0,XBRL,TEYITLI,TL,6,A İşletme Faaliyetlerinden Kaynaklanan Nakit Akışları 69.207.326 481.357.526,
GRTHO,2025,3,1435174,520003,Konsolide,CFO,onceki,481357660.0,XBRL,PDF_TUTMADI,,,,
GRTHO,2025,3,1435174,520003,Konsolide,MDV+MODV,cari,-7322828.0,XBRL(alt kalemler PDF),TEYITLI,TL,6,Maddi Duran Varlıkların Alımından Kaynaklanan Nakit Çıkışları (-) (7.310.891) (17.339.121) + Maddi Olmayan Duran Varlıkların Alımından Kaynaklanan Nakit Çıkışları (-) (11.937) (321.812),
GRTHO,2025,3,1435174,520003,Konsolide,MDV+MODV,onceki,-17660933.0,XBRL(alt kalemler PDF),TEYITLI,TL,6,Maddi Duran Varlıkların Alımından Kaynaklanan Nakit Çıkışları (-) (7.310.891) (17.339.121) + Maddi Olmayan Duran Varlıkların Alımından Kaynaklanan Nakit Çıkışları (-) (11.937) (321.812),
GRTHO,2025,3,1435174,520003,Konsolide,YAGM,cari,,XBRL,SIFIR,,,,
GRTHO,2025,3,1435174,520003,Konsolide,YAGM,onceki,,XBRL,SIFIR,,,,
GRTHO,2025,3,1435174,520003,Konsolide,KIRA,cari,-178007.0,XBRL,TEYITLI,TL,6,Kiralama Yükümlülükleriyle İlgili Nakit Çıkışları (-) (178.007) (540.262),
GRTHO,2025,3,1435174,520003,Konsolide,KIRA,onceki,-540262.0,XBRL,TEYITLI,TL,6,Kiralama Yükümlülükleriyle İlgili Nakit Çıkışları (-) (178.007) (540.262),
GRTHO,2025,6,1477881,,,*,,,,INDIRILMEDI,,,,
GRTHO,2025,9,1511775,,,*,,,,INDIRILMEDI,,,,
GRTHO,2025,12,1555589,,,*,,,,INDIRILMEDI,,,,
GRTHO,2026,3,1604997,,,*,,,,INDIRILMEDI,,,,
GSRAY,2024,12,1476602,,,*,,,,INDIRILMEDI,,,,
GSRAY,2025,3,1502691,,,*,,,,INDIRILMEDI,,,,
GSRAY,2025,6,1544815,,,*,,,,INDIRILMEDI,,,,
GSRAY,2025,9,1590407,,,*,,,,INDIRILMEDI,,,,
GSRAY,2025,12,1647490,,,*,,,,INDIRILMEDI,,,,
GWIND,2024,12,1396922,520003,Konsolide,CFO,cari,1493164152.0,XBRL,TEYITLI,TL,13,A. İŞLETME FAALİYETLERİNDEN NAKİT AKIŞLARI 1.493.164.152 2.867.767.633,
GWIND,2024,12,1396922,520003,Konsolide,CFO,onceki,2867767633.0,XBRL,TEYITLI,TL,13,A. İŞLETME FAALİYETLERİNDEN NAKİT AKIŞLARI 1.493.164.152 2.867.767.633,
GWIND,2024,12,1396922,520003,Konsolide,MDV+MODV,cari,-2004878235.0,XBRL(alt kalemler PDF),TEYITLI,TL,14,Maddi duran varlıklar alımından kaynaklanan nakit çıkışlar 8 (1.994.322.855) (1.900.017.718) + Maddi olmayan duran varlıklar alımından kaynaklanan nakit çıkışlar 9 (10.555.380) (23.604),
GWIND,2024,12,1396922,520003,Konsolide,MDV+MODV,onceki,-1900041322.0,XBRL(alt kalemler PDF),TEYITLI,TL,14,Maddi duran varlıklar alımından kaynaklanan nakit çıkışlar 8 (1.994.322.855) (1.900.017.718) + Vergi (geliri)/gideri ile ilgili düzeltmeler 23 368.642.123 550.824.794,
GWIND,2024,12,1396922,520003,Konsolide,YAGM,cari,,XBRL,SIFIR,,,,
GWIND,2024,12,1396922,520003,Konsolide,YAGM,onceki,,XBRL,SIFIR,,,,
GWIND,2024,12,1396922,520003,Konsolide,KIRA,cari,-21432368.0,XBRL,TEYITLI,TL,14,ilişkin nakit çıkışları 5 (21.432.368) (10.292.556),
GWIND,2024,12,1396922,520003,Konsolide,KIRA,onceki,-10292556.0,XBRL,TEYITLI,TL,14,ilişkin nakit çıkışları 5 (21.432.368) (10.292.556),
GWIND,2025,6,1474232,520003,Konsolide,CFO,cari,648525950.0,XBRL,TEYITLI,TL,9,A. İŞLETME FAALİYETLERİNDEN NAKİT AKIŞLARI 648.525.950 636.551.374,
GWIND,2025,6,1474232,520003,Konsolide,CFO,onceki,636551374.0,XBRL,TEYITLI,TL,9,A. İŞLETME FAALİYETLERİNDEN NAKİT AKIŞLARI 648.525.950 636.551.374,
GWIND,2025,6,1474232,520003,Konsolide,MDV+MODV,cari,-861237209.0,XBRL(alt kalemler PDF),TEYITLI,TL,10,Maddi duran varlıklar alımından kaynaklanan nakit çıkışlar 5 (479.030.256) (1.252.900.496) + Maddi olmayan duran varlıklar alımından kaynaklanan nakit çıkışlar 6 (382.206.953) (738.605),
GWIND,2025,6,1474232,520003,Konsolide,MDV+MODV,onceki,-1253639101.0,XBRL(alt kalemler PDF),TEYITLI,TL,10,Maddi duran varlıklar alımından kaynaklanan nakit çıkışlar 5 (479.030.256) (1.252.900.496) + Maddi olmayan duran varlıklar alımından kaynaklanan nakit çıkışlar 6 (382.206.953) (738.605),
GWIND,2025,6,1474232,520003,Konsolide,YAGM,cari,,XBRL,SIFIR,,,,
GWIND,2025,6,1474232,520003,Konsolide,YAGM,onceki,,XBRL,SIFIR,,,,
GWIND,2025,6,1474232,520003,Konsolide,KIRA,cari,-32038362.0,XBRL,TEYITLI,TL,10,ilişkin nakit çıkışları 4 (32.038.362) (16.141.175),
GWIND,2025,6,1474232,520003,Konsolide,KIRA,onceki,-16141175.0,XBRL,TEYITLI,TL,10,ilişkin nakit çıkışları 4 (32.038.362) (16.141.175),
GWIND,2025,9,1511299,,,*,,,,INDIRILMEDI,,,,
GWIND,2025,12,1562171,,,*,,,,INDIRILMEDI,,,,
GWIND,2026,3,1599805,,,*,,,,INDIRILMEDI,,,,
GWIND,2026,6,1647192,,,*,,,,INDIRILMEDI,,,,
HEKTS,2024,12,1404904,520003,Konsolide,CFO,cari,3974956994.0,XBRL,TEYITLI,TL,14,İŞLETME FAALİYETLERİNDEN NAKİT AKIŞLARI 3.974.956.994 3.822.017.989,
HEKTS,2024,12,1404904,520003,Konsolide,CFO,onceki,3822017989.0,XBRL,TEYITLI,TL,14,İŞLETME FAALİYETLERİNDEN NAKİT AKIŞLARI 3.974.956.994 3.822.017.989,
HEKTS,2024,12,1404904,520003,Konsolide,MDV+MODV,cari,-668358973.0,XBRL,TEYITLI,TL,14,Maddi ve Maddi Olmayan Duran Varlıkları Alımından Kaynaklanan Nakit Çıkışları (668.358.973) (3.942.186.441),
HEKTS,2024,12,1404904,520003,Konsolide,MDV+MODV,onceki,-3942186441.0,XBRL,TEYITLI,TL,14,Maddi ve Maddi Olmayan Duran Varlıkları Alımından Kaynaklanan Nakit Çıkışları (668.358.973) (3.942.186.441),
HEKTS,2024,12,1404904,520003,Konsolide,YAGM,cari,-52679070.0,XBRL,TEYITLI,TL,14,Yatırım Amaçlı Gayrimenkul Alımından Kaynaklanan Nakit Çıkışları 16 (52.679.070) -,
HEKTS,2024,12,1404904,520003,Konsolide,YAGM,onceki,,XBRL,SIFIR,,,,
HEKTS,2024,12,1404904,520003,Konsolide,KIRA,cari,-192381959.0,XBRL,TEYITLI,TL,14,Kira Sözleşmelerinden Kaynaklanan Borç Ödemelerine İlişkin Nakit Çıkışları 6 (192.381.959) (130.877.051),
HEKTS,2024,12,1404904,520003,Konsolide,KIRA,onceki,-130877051.0,XBRL,TEYITLI,TL,14,Kira Sözleşmelerinden Kaynaklanan Borç Ödemelerine İlişkin Nakit Çıkışları 6 (192.381.959) (130.877.051),
HEKTS,2025,3,1433090,520003,Konsolide,CFO,cari,470813964.0,XBRL,TEYITLI,TL,7,İŞLETME FAALİYETLERİNDEN NAKİT AKIŞLARI 470.813.964 2.315.431.672,
HEKTS,2025,3,1433090,520003,Konsolide,CFO,onceki,2315431672.0,XBRL,TEYITLI,TL,7,İŞLETME FAALİYETLERİNDEN NAKİT AKIŞLARI 470.813.964 2.315.431.672,
HEKTS,2025,3,1433090,520003,Konsolide,MDV+MODV,cari,-86801203.0,XBRL,TEYITLI,TL,7,Maddi ve Maddi Olmayan Duran Varlıkları Alımından Kaynaklanan Nakit Çıkışları (86.801.203) (299.540.405),
HEKTS,2025,3,1433090,520003,Konsolide,MDV+MODV,onceki,-299540405.0,XBRL,TEYITLI,TL,7,Maddi ve Maddi Olmayan Duran Varlıkları Alımından Kaynaklanan Nakit Çıkışları (86.801.203) (299.540.405),
HEKTS,2025,3,1433090,520003,Konsolide,YAGM,cari,,XBRL,SIFIR,,,,
HEKTS,2025,3,1433090,520003,Konsolide,YAGM,onceki,,XBRL,SIFIR,,,,
HEKTS,2025,3,1433090,520003,Konsolide,KIRA,cari,-43027056.0,XBRL,TEYITLI,TL,7,Kira Sözleşmelerinden Kaynaklanan Borç Ödemelerine İlişkin Nakit Çıkışları 5 (43.027.056) (43.744.845),
HEKTS,2025,3,1433090,520003,Konsolide,KIRA,onceki,-43744845.0,XBRL,TEYITLI,TL,7,Kira Sözleşmelerinden Kaynaklanan Borç Ödemelerine İlişkin Nakit Çıkışları 5 (43.027.056) (43.744.845),
HEKTS,2025,6,1480330,,,*,,,,INDIRILMEDI,,,,
HEKTS,2025,9,1511899,,,*,,,,INDIRILMEDI,,,,
IHGZT,2025,12,1560029,,,*,,,,INDIRILMEDI,,,,
IHGZT,2026,6,1647188,,,*,,,,INDIRILMEDI,,,,
IHYAY,2025,12,1565855,,,*,,,,INDIRILMEDI,,,,
IHYAY,2026,6,1652803,,,*,,,,INDIRILMEDI,,,,
INTEK,2024,12,1404977,520003,Konsolide,CFO,cari,223473888.0,XBRL,TEYITLI,TL,13,A. İŞLETME FAALİYETLERDEN NAKİT AKIŞLARI 223.473.888 12.554.304,
INTEK,2024,12,1404977,520003,Konsolide,CFO,onceki,12554304.0,XBRL,TEYITLI,TL,13,A. İŞLETME FAALİYETLERDEN NAKİT AKIŞLARI 223.473.888 12.554.304,
INTEK,2024,12,1404977,520003,Konsolide,MDV+MODV,cari,-93369641.0,XBRL,TEYITLI,TL,13,(93.369.641) (219.427),
INTEK,2024,12,1404977,520003,Konsolide,MDV+MODV,onceki,-219427.0,XBRL,TEYITLI,TL,13,(93.369.641) (219.427),
INTEK,2024,12,1404977,520003,Konsolide,YAGM,cari,0.0,XBRL,SIFIR,,,,
INTEK,2024,12,1404977,520003,Konsolide,YAGM,onceki,-34544238.0,XBRL,TEYITLI,TL,13,Yatırım Amaçlı Gayrimenkul Alımından Kaynaklanan Nakit Çıkışları 10 - (34.544.238),
INTEK,2024,12,1404977,520003,Konsolide,KIRA,cari,,XBRL,SIFIR,,,,
INTEK,2024,12,1404977,520003,Konsolide,KIRA,onceki,,XBRL,SIFIR,,,,
INTEK,2025,6,1476341,,,*,,,,INDIRILMEDI,,,,
INTEK,2025,12,1571325,,,*,,,,INDIRILMEDI,,,,
INTEK,2026,6,1647356,,,*,,,,INDIRILMEDI,,,,
INVES,2024,12,1396818,520003,Konsolide Olmayan,CFO,cari,-254789954.0,XBRL,TEYITLI,TL,12,(254.789.954) (546.030.444),
INVES,2024,12,1396818,520003,Konsolide Olmayan,CFO,onceki,-546030444.0,XBRL,TEYITLI,TL,12,(254.789.954) (546.030.444),
INVES,2024,12,1396818,520003,Konsolide Olmayan,MDV+MODV,cari,-144438.0,XBRL,TEYITLI,TL,12,kaynaklanan nakit çıkışları (144.438) (30.464),
INVES,2024,12,1396818,520003,Konsolide Olmayan,MDV+MODV,onceki,-30464.0,XBRL,TEYITLI,bin TL,12,1 OCAK – 31 ARALIK 2024 DÖNEMİNE AİT NAKİT AKIŞ TABLOSU,
INVES,2024,12,1396818,520003,Konsolide Olmayan,YAGM,cari,,XBRL,SIFIR,,,,
INVES,2024,12,1396818,520003,Konsolide Olmayan,YAGM,onceki,,XBRL,SIFIR,,,,
INVES,2024,12,1396818,520003,Konsolide Olmayan,KIRA,cari,,XBRL,SIFIR,,,,
INVES,2024,12,1396818,520003,Konsolide Olmayan,KIRA,onceki,,XBRL,SIFIR,,,,
INVES,2025,3,1432231,520003,Konsolide Olmayan,CFO,cari,-3935566305.0,XBRL,TEYITLI,TL,7,(3.935.566.305) 450.743.923,
INVES,2025,3,1432231,520003,Konsolide Olmayan,CFO,onceki,450743923.0,XBRL,TEYITLI,TL,7,(3.935.566.305) 450.743.923,
INVES,2025,3,1432231,520003,Konsolide Olmayan,MDV+MODV,cari,-36502.0,XBRL,TEYITLI,TL,7,kaynaklanan nakit çıkışları (36.502) (56.451),
INVES,2025,3,1432231,520003,Konsolide Olmayan,MDV+MODV,onceki,-56451.0,XBRL,TEYITLI,TL,7,kaynaklanan nakit çıkışları (36.502) (56.451),
INVES,2025,3,1432231,520003,Konsolide Olmayan,YAGM,cari,,XBRL,SIFIR,,,,
INVES,2025,3,1432231,520003,Konsolide Olmayan,YAGM,onceki,,XBRL,SIFIR,,,,
INVES,2025,3,1432231,520003,Konsolide Olmayan,KIRA,cari,,XBRL,SIFIR,,,,
INVES,2025,3,1432231,520003,Konsolide Olmayan,KIRA,onceki,,XBRL,SIFIR,,,,
INVES,2025,6,1476329,,,*,,,,INDIRILMEDI,,,,
INVES,2025,9,1509374,,,*,,,,INDIRILMEDI,,,,
INVES,2025,12,1564639,,,*,,,,INDIRILMEDI,,,,
INVES,2026,3,1600014,,,*,,,,INDIRILMEDI,,,,
INVES,2026,6,1647352,,,*,,,,INDIRILMEDI,,,,
ISBIR,2024,12,1404332,520003,Konsolide,CFO,cari,850571452.0,XBRL,TEYITLI,TL,14,"A. İşletme faaliyetlerinden nakit akışları, net 850.571.452 1.405.048.692",
ISBIR,2024,12,1404332,520003,Konsolide,CFO,onceki,1405048692.0,XBRL,TEYITLI,TL,14,"A. İşletme faaliyetlerinden nakit akışları, net 850.571.452 1.405.048.692",
ISBIR,2024,12,1404332,520003,Konsolide,MDV+MODV,cari,-455283160.0,XBRL,TEYITLI,TL,14,Maddi ve maddi olmayan duran varlıkların alımından kaynaklanan nakit çıkışları (455.283.160) (217.999.289),
ISBIR,2024,12,1404332,520003,Konsolide,MDV+MODV,onceki,-217999289.0,XBRL,TEYITLI,TL,14,Maddi ve maddi olmayan duran varlıkların alımından kaynaklanan nakit çıkışları (455.283.160) (217.999.289),
ISBIR,2024,12,1404332,520003,Konsolide,YAGM,cari,-17119473.0,XBRL,TEYITLI,TL,14,Yatırım amaçlı gayrimenkul alımları (17.119.473) -,
ISBIR,2024,12,1404332,520003,Konsolide,YAGM,onceki,,XBRL,SIFIR,,,,
ISBIR,2024,12,1404332,520003,Konsolide,KIRA,cari,,XBRL,SIFIR,,,,
ISBIR,2024,12,1404332,520003,Konsolide,KIRA,onceki,,XBRL,SIFIR,,,,
ISBIR,2024,12,1404332,520003,Konsolide,KIRA,*,,PDF,PDF_EK_SATIR,,14,"Finansal kiralama sözleşmelerinden kaynaklanan nakit girişleri, net (117.471.897) (181.120.310)",
ISBIR,2025,6,1474999,520003,Konsolide,CFO,cari,-421354529.0,XBRL,TEYITLI,TL,7,A. İşletme faaliyetlerinden nakit akışları (421.354.529) 1.124.254.789,
ISBIR,2025,6,1474999,520003,Konsolide,CFO,onceki,1124254789.0,XBRL,TEYITLI,TL,7,A. İşletme faaliyetlerinden nakit akışları (421.354.529) 1.124.254.789,
ISBIR,2025,6,1474999,520003,Konsolide,MDV+MODV,cari,-222471321.0,XBRL,TEYITLI,TL,7,Maddi ve maddi olmayan duran varlık alımları 9 (222.471.321) (365.456.316),
ISBIR,2025,6,1474999,520003,Konsolide,MDV+MODV,onceki,-365456316.0,XBRL,TEYITLI,TL,7,Maddi ve maddi olmayan duran varlık alımları 9 (222.471.321) (365.456.316),
ISBIR,2025,6,1474999,520003,Konsolide,YAGM,cari,,XBRL,SIFIR,,,,
ISBIR,2025,6,1474999,520003,Konsolide,YAGM,onceki,,XBRL,SIFIR,,,,
ISBIR,2025,6,1474999,520003,Konsolide,KIRA,cari,,XBRL,SIFIR,,,,
ISBIR,2025,6,1474999,520003,Konsolide,KIRA,onceki,,XBRL,SIFIR,,,,
ISBIR,2025,6,1474999,520003,Konsolide,KIRA,*,,PDF,PDF_EK_SATIR,,7,"Finansal kiralama sözleşmelerinden kaynaklanan nakit girişleri, net (91.493.907) (39.802.292)",
ISBIR,2025,12,1567580,,,*,,,,INDIRILMEDI,,,,
ISBIR,2026,6,1644686,,,*,,,,INDIRILMEDI,,,,
ISVEA,2026,6,1653128,,,*,,,,INDIRILMEDI,,,,
IZMDC,2024,12,1405042,520003,Konsolide,CFO,cari,-1866932689.0,XBRL,TEYITLI,TL,12,A. İŞLETME FAALİYETLERİNDEN NAKİT AKIŞLARI (1.866.932.689) (84.417.281),
IZMDC,2024,12,1405042,520003,Konsolide,CFO,onceki,-84417281.0,XBRL,TEYITLI,TL,12,A. İŞLETME FAALİYETLERİNDEN NAKİT AKIŞLARI (1.866.932.689) (84.417.281),
IZMDC,2024,12,1405042,520003,Konsolide,MDV+MODV,cari,-1346315056.0,XBRL,TEYITLI,TL,12,Duran varlıkların alımından kaynaklanan nakit çıkışları (1.346.315.056) (4.851.783.692),
IZMDC,2024,12,1405042,520003,Konsolide,MDV+MODV,onceki,-4851783692.0,XBRL,TEYITLI,TL,12,Duran varlıkların alımından kaynaklanan nakit çıkışları (1.346.315.056) (4.851.783.692),
IZMDC,2024,12,1405042,520003,Konsolide,YAGM,cari,,XBRL,SIFIR,,,,
IZMDC,2024,12,1405042,520003,Konsolide,YAGM,onceki,,XBRL,SIFIR,,,,
IZMDC,2024,12,1405042,520003,Konsolide,YAGM,*,,PDF,PDF_EK_SATIR,,12,Yatırım Amaçlı Gayrimenkul Satımından Kaynaklanan Nakit Girişleri 671.193.206 -,
IZMDC,2024,12,1405042,520003,Konsolide,KIRA,cari,-54608159.0,XBRL,TEYITLI,TL,12,Kiralama sözleşmelerinden kaynaklanan borç ödemelerine ilişkin nakit çıkışları (54.608.159) (56.273.438),
IZMDC,2024,12,1405042,520003,Konsolide,KIRA,onceki,-56273438.0,XBRL,TEYITLI,TL,12,Kiralama sözleşmelerinden kaynaklanan borç ödemelerine ilişkin nakit çıkışları (54.608.159) (56.273.438),
IZMDC,2025,9,1513219,,,*,,,,INDIRILMEDI,,,,
KARSN,2024,12,1405353,520003,Konsolide,CFO,cari,546438.0,XBRL,TEYITLI,TL,17,İşletme faaliyetlerinden kaynaklanan net nakit akışı (+/-) 546.438 3.061.125,
KARSN,2024,12,1405353,520003,Konsolide,CFO,onceki,3061125.0,XBRL,TEYITLI,TL,17,İşletme faaliyetlerinden kaynaklanan net nakit akışı (+/-) 546.438 3.061.125,
KARSN,2024,12,1405353,520003,Konsolide,MDV+MODV,cari,-964167.0,XBRL,TEYITLI,TL,18,nakit çıkışları* (964.167) (290.135),
KARSN,2024,12,1405353,520003,Konsolide,MDV+MODV,onceki,-290135.0,XBRL,TEYITLI,TL,18,nakit çıkışları* (964.167) (290.135),
KARSN,2024,12,1405353,520003,Konsolide,YAGM,cari,,XBRL,SIFIR,,,,
KARSN,2024,12,1405353,520003,Konsolide,YAGM,onceki,,XBRL,SIFIR,,,,
KARSN,2024,12,1405353,520003,Konsolide,KIRA,cari,-54328.0,XBRL,TEYITLI,TL,18,çıkışları 19 (54.328) (41.385),
KARSN,2024,12,1405353,520003,Konsolide,KIRA,onceki,-41385.0,XBRL,TEYITLI,TL,18,çıkışları 19 (54.328) (41.385),
KARSN,2025,6,1480349,,,*,,,,INDIRILMEDI,,,,
KARSN,2025,9,1510812,,,*,,,,INDIRILMEDI,,,,
KARSN,2025,12,1561513,,,*,,,,INDIRILMEDI,,,,
KARSN,2026,3,1605115,,,*,,,,INDIRILMEDI,,,,
KARSN,2026,6,1650925,,,*,,,,INDIRILMEDI,,,,
KAYSE,2024,12,1471469,520003,Konsolide,CFO,cari,,XBRL,SUTUN_YOK,,,,
KAYSE,2024,12,1471469,520003,Konsolide,CFO,onceki,,XBRL,SUTUN_YOK,,,,
KAYSE,2024,12,1471469,520003,Konsolide,MDV+MODV,cari,,XBRL,SUTUN_YOK,,,,
KAYSE,2024,12,1471469,520003,Konsolide,MDV+MODV,onceki,,XBRL,SUTUN_YOK,,,,
KAYSE,2024,12,1471469,520003,Konsolide,MDV+MODV,*,,PDF,PDF_EK_SATIR,,10,"Maddi ve maddi olmayan duran varlık alımından kaynaklanan nakit çıkışları 15,16 (837.452.832) (984.755.538)",
KAYSE,2024,12,1471469,520003,Konsolide,YAGM,cari,,XBRL,SUTUN_YOK,,,,
KAYSE,2024,12,1471469,520003,Konsolide,YAGM,onceki,,XBRL,SUTUN_YOK,,,,
KAYSE,2024,12,1471469,520003,Konsolide,YAGM,*,,PDF,PDF_EK_SATIR,,10,Yatırım amaçlı gayrimenkulün yeniden değerlemesi ile ilgili düzeltmeler 29 (975.183.187) (317.350.929),
KAYSE,2024,12,1471469,520003,Konsolide,KIRA,cari,,XBRL,SUTUN_YOK,,,,
KAYSE,2024,12,1471469,520003,Konsolide,KIRA,onceki,,XBRL,SUTUN_YOK,,,,
KAYSE,2025,3,1488441,,,*,,,,INDIRILMEDI,,,,
KAYSE,2025,6,1528743,,,*,,,,INDIRILMEDI,,,,
KAYSE,2025,9,1572112,,,*,,,,INDIRILMEDI,,,,
KAYSE,2025,12,1631326,,,*,,,,INDIRILMEDI,,,,
KAYSE,2026,3,1661218,,,*,,,,INDIRILMEDI,,,,
KCAER,2024,12,1402609,520003,Konsolide,CFO,cari,1912847273.0,XBRL,PDF_YOK,,,,
KCAER,2024,12,1402609,520003,Konsolide,CFO,onceki,787323174.0,XBRL,PDF_YOK,,,,
KCAER,2024,12,1402609,520003,Konsolide,MDV+MODV,cari,-1339801336.0,XBRL,PDF_YOK,,,,
KCAER,2024,12,1402609,520003,Konsolide,MDV+MODV,onceki,-632838149.0,XBRL,PDF_YOK,,,,
KCAER,2024,12,1402609,520003,Konsolide,YAGM,cari,-37425863.0,XBRL,PDF_YOK,,,,
KCAER,2024,12,1402609,520003,Konsolide,YAGM,onceki,-789570.0,XBRL,PDF_YOK,,,,
KCAER,2024,12,1402609,520003,Konsolide,KIRA,cari,,XBRL,PDF_YOK,,,,
KCAER,2024,12,1402609,520003,Konsolide,KIRA,onceki,-648985.0,XBRL,PDF_YOK,,,,
KCAER,2025,3,1434382,520003,Konsolide,CFO,cari,824806602.0,XBRL,TEYITLI,TL,8,A) İŞLETME FAALİYETLERİNDEN NAKİT AKIŞLARI 824.806.602 1.010.937.791,
KCAER,2025,3,1434382,520003,Konsolide,CFO,onceki,1010937791.0,XBRL,TEYITLI,TL,8,A) İŞLETME FAALİYETLERİNDEN NAKİT AKIŞLARI 824.806.602 1.010.937.791,
KCAER,2025,3,1434382,520003,Konsolide,MDV+MODV,cari,-217298513.0,XBRL,TEYITLI,TL,8,Maddi ve Maddi Olmayan Duran Varlıkların Alımından Kaynaklanan Nakit Çıkışları 18 (217.298.513) (651.603.975),
KCAER,2025,3,1434382,520003,Konsolide,MDV+MODV,onceki,-651603975.0,XBRL,TEYITLI,TL,8,Maddi ve Maddi Olmayan Duran Varlıkların Alımından Kaynaklanan Nakit Çıkışları 18 (217.298.513) (651.603.975),
KCAER,2025,3,1434382,520003,Konsolide,YAGM,cari,,XBRL,SIFIR,,,,
KCAER,2025,3,1434382,520003,Konsolide,YAGM,onceki,,XBRL,SIFIR,,,,
KCAER,2025,3,1434382,520003,Konsolide,KIRA,cari,,XBRL,SIFIR,,,,
KCAER,2025,3,1434382,520003,Konsolide,KIRA,onceki,,XBRL,SIFIR,,,,
KCAER,2025,6,1476280,,,*,,,,INDIRILMEDI,,,,
KCAER,2025,9,1517522,,,*,,,,INDIRILMEDI,,,,
KCAER,2025,12,1562232,,,*,,,,INDIRILMEDI,,,,
KCAER,2026,3,1600844,,,*,,,,INDIRILMEDI,,,,
KCAER,2026,6,1643859,,,*,,,,INDIRILMEDI,,,,
KFEIN,2024,12,1405090,520003,Konsolide,CFO,cari,51469536.0,XBRL,TEYITLI,TL,14,A) İşletme Faaliyetlerden Nakit Akışları 51.469.536 255.594.780,
KFEIN,2024,12,1405090,520003,Konsolide,CFO,onceki,255594780.0,XBRL,TEYITLI,TL,14,A) İşletme Faaliyetlerden Nakit Akışları 51.469.536 255.594.780,
KFEIN,2024,12,1405090,520003,Konsolide,MDV+MODV,cari,-133765220.0,XBRL,TEYITLI,TL,14,Maddi ve maddi olm. duran varlıkların alımından kaynak. nakit çıkışları 16-17 (133.765.220) (81.745.290),
KFEIN,2024,12,1405090,520003,Konsolide,MDV+MODV,onceki,-81745290.0,XBRL,TEYITLI,TL,14,Maddi ve maddi olm. duran varlıkların alımından kaynak. nakit çıkışları 16-17 (133.765.220) (81.745.290),
KFEIN,2024,12,1405090,520003,Konsolide,YAGM,cari,,XBRL,SIFIR,,,,
KFEIN,2024,12,1405090,520003,Konsolide,YAGM,onceki,,XBRL,SIFIR,,,,
KFEIN,2024,12,1405090,520003,Konsolide,KIRA,cari,-18777929.0,XBRL,TEYITLI,TL,14,Kira sözleşmelerinden kaynaklanan ilişkin nakit çıkışları (18.777.929) (10.260.650),
KFEIN,2024,12,1405090,520003,Konsolide,KIRA,onceki,-10260650.0,XBRL,TEYITLI,TL,14,Kira sözleşmelerinden kaynaklanan ilişkin nakit çıkışları (18.777.929) (10.260.650),
KFEIN,2025,6,1480892,,,*,,,,INDIRILMEDI,,,,
KFEIN,2025,9,1514475,,,*,,,,INDIRILMEDI,,,,
KFEIN,2025,12,1570127,,,*,,,,INDIRILMEDI,,,,
KFEIN,2026,3,1605208,,,*,,,,INDIRILMEDI,,,,
KFEIN,2026,6,1652881,,,*,,,,INDIRILMEDI,,,,
KIMMR,2024,12,1399197,520003,Konsolide Olmayan,CFO,cari,674268084.0,XBRL,TEYITLI,TL,12,A. İŞLETME FAALİYETLERİNDEN NAKİT AKIŞLARI 674.268.084 675.392.716,
KIMMR,2024,12,1399197,520003,Konsolide Olmayan,CFO,onceki,675392716.0,XBRL,TEYITLI,TL,12,A. İŞLETME FAALİYETLERİNDEN NAKİT AKIŞLARI 674.268.084 675.392.716,
KIMMR,2024,12,1399197,520003,Konsolide Olmayan,MDV+MODV,cari,-205206836.0,XBRL(alt kalemler PDF),TEYITLI,TL,12,Maddi duran varlıkların alımından kaynaklanan nakit çıkışları 12 (204.698.662) (264.014.167) + Maddi olmayan duran varlıkların alımından kaynaklanan nakit çıkışları 11 (508.174) (3.285.899),
KIMMR,2024,12,1399197,520003,Konsolide Olmayan,MDV+MODV,onceki,-267300066.0,XBRL(alt kalemler PDF),TEYITLI,TL,12,Maddi duran varlıkların alımından kaynaklanan nakit çıkışları 12 (204.698.662) (264.014.167) + Maddi olmayan duran varlıkların alımından kaynaklanan nakit çıkışları 11 (508.174) (3.285.899),
KIMMR,2024,12,1399197,520003,Konsolide Olmayan,YAGM,cari,-45585919.0,XBRL,TEYITLI,TL,12,Yatırım amaçlı gayrimenkullerin alımından kaynaklanan nakit çıkışları 10 (45.585.919) (16.251.959),
KIMMR,2024,12,1399197,520003,Konsolide Olmayan,YAGM,onceki,-16251959.0,XBRL,TEYITLI,TL,12,Yatırım amaçlı gayrimenkullerin alımından kaynaklanan nakit çıkışları 10 (45.585.919) (16.251.959),
KIMMR,2024,12,1399197,520003,Konsolide Olmayan,KIRA,cari,,XBRL,SIFIR,,,,
KIMMR,2024,12,1399197,520003,Konsolide Olmayan,KIRA,onceki,,XBRL,SIFIR,,,,
KIMMR,2024,12,1399197,520003,Konsolide Olmayan,KIRA,*,,PDF,PDF_EK_SATIR,,12,Kullanım hakkı ve kiralama işlemlerindeki artış azalış (118.723.988) (223.390.205),
KIMMR,2025,3,1432323,520003,Konsolide Olmayan,CFO,cari,184704018.0,XBRL,TEYITLI,TL,6,A. İŞLETME FAALİYETLERİNDEN NAKİT AKIŞLARI 184.704.018 121.604.242,
KIMMR,2025,3,1432323,520003,Konsolide Olmayan,CFO,onceki,121604242.0,XBRL,TEYITLI,TL,6,A. İŞLETME FAALİYETLERİNDEN NAKİT AKIŞLARI 184.704.018 121.604.242,
KIMMR,2025,3,1432323,520003,Konsolide Olmayan,MDV+MODV,cari,-11986752.0,XBRL,TEYITLI,TL,6,Maddi duran varlıkların alımından kaynaklanan nakit çıkışları 10 (11.986.752) (22.391.763),
KIMMR,2025,3,1432323,520003,Konsolide Olmayan,MDV+MODV,onceki,-22391763.0,XBRL,TEYITLI,TL,6,Maddi duran varlıkların alımından kaynaklanan nakit çıkışları 10 (11.986.752) (22.391.763),
KIMMR,2025,3,1432323,520003,Konsolide Olmayan,YAGM,cari,-164774789.0,XBRL,TEYITLI,TL,6,Yatırım amaçlı gayrimenkullerin alımından kaynaklanan nakit çıkışları 8 (164.774.789) -,
KIMMR,2025,3,1432323,520003,Konsolide Olmayan,YAGM,onceki,,XBRL,SIFIR,,,,
KIMMR,2025,3,1432323,520003,Konsolide Olmayan,KIRA,cari,,XBRL,SIFIR,,,,
KIMMR,2025,3,1432323,520003,Konsolide Olmayan,KIRA,onceki,,XBRL,SIFIR,,,,
KIMMR,2025,3,1432323,520003,Konsolide Olmayan,KIRA,*,,PDF,PDF_EK_SATIR,,6,Kullanım hakkı ve kiralama işlemlerindeki artış azalış (86.419.318) (90.115.541),
KIMMR,2025,6,1476219,,,*,,,,INDIRILMEDI,,,,
KIMMR,2025,12,1564130,,,*,,,,INDIRILMEDI,,,,
KIMMR,2026,6,1647060,,,*,,,,INDIRILMEDI,,,,
KLRHO,2024,12,1424641,520003,Konsolide,CFO,cari,778140.0,XBRL,PDF_YOK,,,,
KLRHO,2024,12,1424641,520003,Konsolide,CFO,onceki,1568057.0,XBRL,PDF_YOK,,,,
KLRHO,2024,12,1424641,520003,Konsolide,MDV+MODV,cari,-1741214.0,XBRL,PDF_YOK,,,,
KLRHO,2024,12,1424641,520003,Konsolide,MDV+MODV,onceki,-1628309.0,XBRL,PDF_YOK,,,,
KLRHO,2024,12,1424641,520003,Konsolide,YAGM,cari,,XBRL,PDF_YOK,,,,
KLRHO,2024,12,1424641,520003,Konsolide,YAGM,onceki,-987196.0,XBRL,PDF_YOK,,,,
KLRHO,2024,12,1424641,520003,Konsolide,KIRA,cari,,XBRL,PDF_YOK,,,,
KLRHO,2024,12,1424641,520003,Konsolide,KIRA,onceki,,XBRL,PDF_YOK,,,,
KLRHO,2025,3,1456557,520003,Konsolide,CFO,cari,-489421.0,XBRL,TEYITLI,TL,9,Faaliyetlerden kaynaklanan net nakit akışları (489.421) 278.993,
KLRHO,2025,3,1456557,520003,Konsolide,CFO,onceki,278993.0,XBRL,TEYITLI,TL,9,Faaliyetlerden kaynaklanan net nakit akışları (489.421) 278.993,
KLRHO,2025,3,1456557,520003,Konsolide,MDV+MODV,cari,-38069.0,XBRL(alt kalemler PDF),TEYITLI,TL,9,Maddi duran varlık alımından kaynaklanan nakit çıkışları 14 (35.735) (695.484) + Maddi olmayan duran varlık alımından kaynaklanan nakit çıkışları 15 (2.334) (50),
KLRHO,2025,3,1456557,520003,Konsolide,MDV+MODV,onceki,-695534.0,XBRL(alt kalemler PDF),TEYITLI,TL,9,Maddi duran varlık alımından kaynaklanan nakit çıkışları 14 (35.735) (695.484) + Maddi olmayan duran varlık alımından kaynaklanan nakit çıkışları 15 (2.334) (50),
KLRHO,2025,3,1456557,520003,Konsolide,YAGM,cari,,XBRL,SIFIR,,,,
KLRHO,2025,3,1456557,520003,Konsolide,YAGM,onceki,,XBRL,SIFIR,,,,
KLRHO,2025,3,1456557,520003,Konsolide,KIRA,cari,,XBRL,SIFIR,,,,
KLRHO,2025,3,1456557,520003,Konsolide,KIRA,onceki,,XBRL,SIFIR,,,,
KLRHO,2025,6,1482577,,,*,,,,INDIRILMEDI,,,,
KLRHO,2025,9,1519245,,,*,,,,INDIRILMEDI,,,,
KLRHO,2025,12,1594488,,,*,,,,INDIRILMEDI,,,,
KLRHO,2026,3,1619494,,,*,,,,INDIRILMEDI,,,,
KLRHO,2026,6,1652408,,,*,,,,INDIRILMEDI,,,,
KLSER,2024,12,1404780,520003,Konsolide,CFO,cari,-1929644445.0,XBRL,TEYITLI,TL,13,İŞLETME FAALİYETLERİNDEN NAKİT AKIŞLARI (1.929.644.445) 208.394.311,
KLSER,2024,12,1404780,520003,Konsolide,CFO,onceki,208394311.0,XBRL,TEYITLI,TL,13,İŞLETME FAALİYETLERİNDEN NAKİT AKIŞLARI (1.929.644.445) 208.394.311,
KLSER,2024,12,1404780,520003,Konsolide,MDV+MODV,cari,-1593466714.0,XBRL,TEYITLI,TL,13,"Maddi ve maddi olmayan duran varlıkların alımından kaynaklanan nakit çıkışları 11, 12 (1.593.466.714) (1.711.808.349)",
KLSER,2024,12,1404780,520003,Konsolide,MDV+MODV,onceki,-1711808349.0,XBRL,TEYITLI,TL,13,"Maddi ve maddi olmayan duran varlıkların alımından kaynaklanan nakit çıkışları 11, 12 (1.593.466.714) (1.711.808.349)",
KLSER,2024,12,1404780,520003,Konsolide,YAGM,cari,,XBRL,SIFIR,,,,
KLSER,2024,12,1404780,520003,Konsolide,YAGM,onceki,,XBRL,SIFIR,,,,
KLSER,2024,12,1404780,520003,Konsolide,KIRA,cari,,XBRL,SIFIR,,,,
KLSER,2024,12,1404780,520003,Konsolide,KIRA,onceki,,XBRL,SIFIR,,,,
KLSER,2025,3,1438155,520003,Konsolide,CFO,cari,-40522801.0,XBRL,TEYITLI,TL,8,İŞLETME FAALİYETLERİNDEN NAKİT AKIŞLARI (40.522.801) (625.151.929),
KLSER,2025,3,1438155,520003,Konsolide,CFO,onceki,-625151929.0,XBRL,TEYITLI,TL,8,İŞLETME FAALİYETLERİNDEN NAKİT AKIŞLARI (40.522.801) (625.151.929),
KLSER,2025,3,1438155,520003,Konsolide,MDV+MODV,cari,-452963707.0,XBRL,TEYITLI,TL,8,Maddi ve maddi olmayan duran varlıkların alımından kaynaklanan nakit çıkışları (452.963.707) (479.032.751),
KLSER,2025,3,1438155,520003,Konsolide,MDV+MODV,onceki,-479032751.0,XBRL,TEYITLI,TL,8,Maddi ve maddi olmayan duran varlıkların alımından kaynaklanan nakit çıkışları (452.963.707) (479.032.751),
KLSER,2025,3,1438155,520003,Konsolide,YAGM,cari,,XBRL,SIFIR,,,,
KLSER,2025,3,1438155,520003,Konsolide,YAGM,onceki,,XBRL,SIFIR,,,,
KLSER,2025,3,1438155,520003,Konsolide,KIRA,cari,-18745873.0,XBRL,TEYITLI,TL,8,Kira sözleşmelerinden kaynaklanan borç ödemelerine ilişkin nakit çıkışları (18.745.873) (18.139.267),
KLSER,2025,3,1438155,520003,Konsolide,KIRA,onceki,-18139267.0,XBRL,TEYITLI,TL,8,Kira sözleşmelerinden kaynaklanan borç ödemelerine ilişkin nakit çıkışları (18.745.873) (18.139.267),
KLSER,2025,6,1480995,,,*,,,,INDIRILMEDI,,,,
KLSER,2025,9,1515088,,,*,,,,INDIRILMEDI,,,,
KLSER,2025,12,1567661,,,*,,,,INDIRILMEDI,,,,
KLSER,2026,3,1601486,,,*,,,,INDIRILMEDI,,,,
KLSER,2026,6,1649597,,,*,,,,INDIRILMEDI,,,,
KLSYN,2024,12,1393024,520003,Konsolide,CFO,cari,460656909.0,XBRL,TEYITLI,TL,13,A) İŞLETME FAALİYETLERİNDEN NAKİT AKIŞLARI 460.656.909 (364.734.218),
KLSYN,2024,12,1393024,520003,Konsolide,CFO,onceki,-364734218.0,XBRL,TEYITLI,TL,13,A) İŞLETME FAALİYETLERİNDEN NAKİT AKIŞLARI 460.656.909 (364.734.218),
KLSYN,2024,12,1393024,520003,Konsolide,MDV+MODV,cari,-392514207.0,XBRL,TEYITLI,TL,13,Maddi ve Maddi Olmayan Duran Varlıkların Alımından Kaynaklanan Nakit Çıkışları 15-16 (392.514.207) 352.457.393,
KLSYN,2024,12,1393024,520003,Konsolide,MDV+MODV,onceki,0.0,XBRL,SIFIR,,,,
KLSYN,2024,12,1393024,520003,Konsolide,YAGM,cari,,XBRL,SIFIR,,,,
KLSYN,2024,12,1393024,520003,Konsolide,YAGM,onceki,,XBRL,SIFIR,,,,
KLSYN,2024,12,1393024,520003,Konsolide,KIRA,cari,,XBRL,SIFIR,,,,
KLSYN,2024,12,1393024,520003,Konsolide,KIRA,onceki,,XBRL,SIFIR,,,,
KLSYN,2024,12,1393024,520003,Konsolide,KIRA,*,,PDF,PDF_EK_SATIR,,13,Kiralama İşlemlerinden Borçlar 20.082.026 - || aktifinde yer alan gayrimenkullerin kiraya verilmesi oluşturmaktadır. 31 Aralık 2024 tarihi itibarıyla çalışan,
KLSYN,2025,3,1430384,520003,Konsolide,CFO,cari,66307362.0,XBRL,TEYITLI,TL,9,A) İŞLETME FAALİYETLERİNDEN NAKİT AKIŞLARI 66.307.362 222.815.165,
KLSYN,2025,3,1430384,520003,Konsolide,CFO,onceki,222815165.0,XBRL,TEYITLI,TL,9,A) İŞLETME FAALİYETLERİNDEN NAKİT AKIŞLARI 66.307.362 222.815.165,
KLSYN,2025,3,1430384,520003,Konsolide,MDV+MODV,cari,-2644532.0,XBRL,TEYITLI,TL,9,Maddi ve Maddi Olmayan Duran Varlıkların Alımından Kaynaklanan Nakit Çıkışları (2.644.532) (359.944.948),
KLSYN,2025,3,1430384,520003,Konsolide,MDV+MODV,onceki,-359944948.0,XBRL,TEYITLI,TL,9,Maddi ve Maddi Olmayan Duran Varlıkların Alımından Kaynaklanan Nakit Çıkışları (2.644.532) (359.944.948),
KLSYN,2025,3,1430384,520003,Konsolide,YAGM,cari,,XBRL,SIFIR,,,,
KLSYN,2025,3,1430384,520003,Konsolide,YAGM,onceki,,XBRL,SIFIR,,,,
KLSYN,2025,3,1430384,520003,Konsolide,KIRA,cari,,XBRL,SIFIR,,,,
KLSYN,2025,3,1430384,520003,Konsolide,KIRA,onceki,,XBRL,SIFIR,,,,
KLSYN,2025,3,1430384,520003,Konsolide,KIRA,*,,PDF,PDF_EK_SATIR,,9,Kiralama İşlemlerinden Borçlar (5.062.352) - || aktifinde yer alan gayrimenkullerin kiraya verilmesi oluşturmaktadır. 31 Mart 2025 tarihi itibarıyla çalışan,
KLSYN,2025,6,1465498,520003,Konsolide,CFO,cari,123992555.0,XBRL,TEYITLI,TL,10,A) İŞLETME FAALİYETLERİNDEN NAKİT AKIŞLARI 123.992.555 417.442.553,
KLSYN,2025,6,1465498,520003,Konsolide,CFO,onceki,417442554.0,XBRL,TEYITLI,TL,10,A) İŞLETME FAALİYETLERİNDEN NAKİT AKIŞLARI 123.992.555 417.442.553,
KLSYN,2025,6,1465498,520003,Konsolide,MDV+MODV,cari,-13701167.0,XBRL,TEYITLI,TL,10,Maddi ve Maddi Olmayan Duran Varlıkların Alımından Kaynaklanan Nakit Çıkışları 9 (13.701.167) (418.073.439),
KLSYN,2025,6,1465498,520003,Konsolide,MDV+MODV,onceki,-418073439.0,XBRL,TEYITLI,TL,10,Maddi ve Maddi Olmayan Duran Varlıkların Alımından Kaynaklanan Nakit Çıkışları 9 (13.701.167) (418.073.439),
KLSYN,2025,6,1465498,520003,Konsolide,YAGM,cari,,XBRL,SIFIR,,,,
KLSYN,2025,6,1465498,520003,Konsolide,YAGM,onceki,,XBRL,SIFIR,,,,
KLSYN,2025,6,1465498,520003,Konsolide,KIRA,cari,,XBRL,SIFIR,,,,
KLSYN,2025,6,1465498,520003,Konsolide,KIRA,onceki,,XBRL,SIFIR,,,,
KLSYN,2025,6,1465498,520003,Konsolide,KIRA,*,,PDF,PDF_EK_SATIR,,10,Kiralama İşlemlerinden Borçlar (9.623.940) 34.164.821 || aktifinde yer alan gayrimenkullerin kiraya verilmesi oluşturmaktadır. 30 Haziran 2025 tarihi itibarıyla çalışan,
KLSYN,2025,9,1506533,,,*,,,,INDIRILMEDI,,,,
KLSYN,2025,12,1548050,,,*,,,,INDIRILMEDI,,,,
KLSYN,2026,3,1595736,,,*,,,,INDIRILMEDI,,,,
KLSYN,2026,6,1636226,,,*,,,,INDIRILMEDI,,,,
KONKA,2024,12,1399135,520003,Konsolide Olmayan,CFO,cari,42766291.0,XBRL,TEYITLI,TL,13,A. İŞLETME FAALİYETLERİNDEN NAKİT AKIŞLARI 42.766.291 77.112.376,
KONKA,2024,12,1399135,520003,Konsolide Olmayan,CFO,onceki,77112376.0,XBRL,TEYITLI,TL,13,A. İŞLETME FAALİYETLERİNDEN NAKİT AKIŞLARI 42.766.291 77.112.376,
KONKA,2024,12,1399135,520003,Konsolide Olmayan,MDV+MODV,cari,,XBRL,SIFIR,,,,
KONKA,2024,12,1399135,520003,Konsolide Olmayan,MDV+MODV,onceki,,XBRL,SIFIR,,,,
KONKA,2024,12,1399135,520003,Konsolide Olmayan,MDV+MODV,*,,PDF,PDF_EK_SATIR,,13,Maddi Duran Varlıkların Alım ve Satışından Kaynaklanan Nakit Girişleri / Çıkışları 14 (188.362.960) (38.541.619),
KONKA,2024,12,1399135,520003,Konsolide Olmayan,YAGM,cari,,XBRL,SIFIR,,,,
KONKA,2024,12,1399135,520003,Konsolide Olmayan,YAGM,onceki,,XBRL,SIFIR,,,,
KONKA,2024,12,1399135,520003,Konsolide Olmayan,YAGM,*,,PDF,PDF_EK_SATIR,,13,- Yatırım Amaçlı Gayrimenkuller Değer Azalışı/(Artışı) İle İlgili Düzeltmeler 13 -- (370.013.781),
KONKA,2024,12,1399135,520003,Konsolide Olmayan,KIRA,cari,,XBRL,SIFIR,,,,
KONKA,2024,12,1399135,520003,Konsolide Olmayan,KIRA,onceki,,XBRL,SIFIR,,,,
KONKA,2025,3,1432039,520003,Konsolide Olmayan,CFO,cari,91964090.0,XBRL,TEYITLI,TL,7,A. İŞLETME FAALİYETLERİNDEN NAKİT AKIŞLARI 91.964.090 269.937.778,
KONKA,2025,3,1432039,520003,Konsolide Olmayan,CFO,onceki,269937778.0,XBRL,TEYITLI,TL,7,A. İŞLETME FAALİYETLERİNDEN NAKİT AKIŞLARI 91.964.090 269.937.778,
KONKA,2025,3,1432039,520003,Konsolide Olmayan,MDV+MODV,cari,,XBRL,SIFIR,,,,
KONKA,2025,3,1432039,520003,Konsolide Olmayan,MDV+MODV,onceki,,XBRL,SIFIR,,,,
KONKA,2025,3,1432039,520003,Konsolide Olmayan,YAGM,cari,,XBRL,SIFIR,,,,
KONKA,2025,3,1432039,520003,Konsolide Olmayan,YAGM,onceki,,XBRL,SIFIR,,,,
KONKA,2025,3,1432039,520003,Konsolide Olmayan,KIRA,cari,,XBRL,SIFIR,,,,
KONKA,2025,3,1432039,520003,Konsolide Olmayan,KIRA,onceki,,XBRL,SIFIR,,,,
KONKA,2025,6,1475988,520003,Konsolide Olmayan,CFO,cari,-182873046.0,XBRL,PDF_TUTMADI,,,,
KONKA,2025,6,1475988,520003,Konsolide Olmayan,CFO,onceki,76627435.0,XBRL,PDF_TUTMADI,,,,
KONKA,2025,6,1475988,520003,Konsolide Olmayan,MDV+MODV,cari,-5085860.0,XBRL(alt kalemler PDF),TEYITLI,TL,8,Maddi Duran Varlıkların Alım ve Satışından Kaynaklanan Nakit Girişleri / Çıkışları 14 (4.869.710) (128.046.684) + Maddi Olmayan Duran Varlıkların Alım ve Satışından Kaynaklanan Nakit Girişleri / Çıkışları 17 (216.150) (173.885),
KONKA,2025,6,1475988,520003,Konsolide Olmayan,MDV+MODV,onceki,-128220569.0,XBRL(alt kalemler PDF),TEYITLI,TL,8,Maddi Duran Varlıkların Alım ve Satışından Kaynaklanan Nakit Girişleri / Çıkışları 14 (4.869.710) (128.046.684) + Maddi Olmayan Duran Varlıkların Alım ve Satışından Kaynaklanan Nakit Girişleri / Çıkışları 17 (216.150) (173.885),
KONKA,2025,6,1475988,520003,Konsolide Olmayan,YAGM,cari,,XBRL,SIFIR,,,,
KONKA,2025,6,1475988,520003,Konsolide Olmayan,YAGM,onceki,,XBRL,SIFIR,,,,
KONKA,2025,6,1475988,520003,Konsolide Olmayan,KIRA,cari,,XBRL,SIFIR,,,,
KONKA,2025,6,1475988,520003,Konsolide Olmayan,KIRA,onceki,,XBRL,SIFIR,,,,
KONKA,2025,12,1564037,,,*,,,,INDIRILMEDI,,,,
KONKA,2026,3,1599903,,,*,,,,INDIRILMEDI,,,,
KONKA,2026,6,1647453,,,*,,,,INDIRILMEDI,,,,
KOPOL,2024,12,1399357,520003,Konsolide Olmayan,CFO,cari,259582781.0,XBRL,TEYITLI,TL,13,İşletme Faaliyetlerinden (Kullanılan)/Elde Edilen Net Nakit 259.582.781 357.119.437,
KOPOL,2024,12,1399357,520003,Konsolide Olmayan,CFO,onceki,357119437.0,XBRL,TEYITLI,TL,13,İşletme Faaliyetlerinden (Kullanılan)/Elde Edilen Net Nakit 259.582.781 357.119.437,
KOPOL,2024,12,1399357,520003,Konsolide Olmayan,MDV+MODV,cari,-164657263.0,XBRL,TEYITLI,TL,13,Maddi ve Maddi Olmayan Duran Varlıkların Alımından Kaynaklanan Nakit Çıkışları (164.657.263) (144.806.544),
KOPOL,2024,12,1399357,520003,Konsolide Olmayan,MDV+MODV,onceki,-144806544.0,XBRL,TEYITLI,TL,13,YATIRIM FAALİYETLERİNDEN KAYNAKLANAN NAKİT AKIŞLARI (165.228.642) (144.806.544),
KOPOL,2024,12,1399357,520003,Konsolide Olmayan,YAGM,cari,,XBRL,SIFIR,,,,
KOPOL,2024,12,1399357,520003,Konsolide Olmayan,YAGM,onceki,,XBRL,SIFIR,,,,
KOPOL,2024,12,1399357,520003,Konsolide Olmayan,KIRA,cari,,XBRL,SIFIR,,,,
KOPOL,2024,12,1399357,520003,Konsolide Olmayan,KIRA,onceki,,XBRL,SIFIR,,,,
KOPOL,2024,12,1399357,520003,Konsolide Olmayan,KIRA,*,,PDF,PDF_EK_SATIR,,13,- Kira Sözleşmelerinden Kaynaklanan Borç Ödemelerine İlişkin Nakit Çıkışları (50.911.480) (34.161.885),
KOPOL,2025,3,1432232,520003,Konsolide Olmayan,CFO,cari,-138957239.0,XBRL,TEYITLI,TL,7,İşletme Faaliyetlerinden (Kullanılan)/Elde Edilen Net Nakit (138.957.239) 489.632.480,
KOPOL,2025,3,1432232,520003,Konsolide Olmayan,CFO,onceki,489632480.0,XBRL,TEYITLI,TL,7,İşletme Faaliyetlerinden (Kullanılan)/Elde Edilen Net Nakit (138.957.239) 489.632.480,
KOPOL,2025,3,1432232,520003,Konsolide Olmayan,MDV+MODV,cari,-4791122.0,XBRL,TEYITLI,TL,7,YATIRIM FAALİYETLERİNDEN KAYNAKLANAN NAKİT AKIŞLARI (4.791.122) (8.372.650),
KOPOL,2025,3,1432232,520003,Konsolide Olmayan,MDV+MODV,onceki,-7811601.0,XBRL,TEYITLI,TL,7,Maddi ve Maddi Olmayan Duran Varlıkların Alımından Kaynaklanan Nakit Çıkışları (4.791.122) (7.811.601),
KOPOL,2025,3,1432232,520003,Konsolide Olmayan,YAGM,cari,,XBRL,SIFIR,,,,
KOPOL,2025,3,1432232,520003,Konsolide Olmayan,YAGM,onceki,,XBRL,SIFIR,,,,
KOPOL,2025,3,1432232,520003,Konsolide Olmayan,KIRA,cari,-15268033.0,XBRL,TEYITLI,TL,7,- Kira Sözleşmelerinden Kaynaklanan Borç Ödemelerine İlişkin Nakit Çıkışları (15.268.033) (34.161.885),
KOPOL,2025,3,1432232,520003,Konsolide Olmayan,KIRA,onceki,-34161885.0,XBRL,TEYITLI,TL,7,- Kira Sözleşmelerinden Kaynaklanan Borç Ödemelerine İlişkin Nakit Çıkışları (15.268.033) (34.161.885),
KORDS,2024,12,1397822,520003,Konsolide,CFO,cari,1833683298.0,XBRL,TEYITLI,TL,8,A. İŞLETME FAALİYETLERİNDEN NAKİT AKIŞLARI 1.833.683.298 3.213.212.412,
KORDS,2024,12,1397822,520003,Konsolide,CFO,onceki,3213212412.0,XBRL,TEYITLI,TL,8,A. İŞLETME FAALİYETLERİNDEN NAKİT AKIŞLARI 1.833.683.298 3.213.212.412,
KORDS,2024,12,1397822,520003,Konsolide,MDV+MODV,cari,-1612832704.0,XBRL,TEYITLI,TL,8,"Maddi ve Maddi Olmayan Duran Varlıkların Alımından Kaynaklanan Nakit Çıkışları 11,12 (1.612.832.704) (1.295.025.908)",
KORDS,2024,12,1397822,520003,Konsolide,MDV+MODV,onceki,-1295025908.0,XBRL,TEYITLI,TL,8,"Maddi ve Maddi Olmayan Duran Varlıkların Alımından Kaynaklanan Nakit Çıkışları 11,12 (1.612.832.704) (1.295.025.908)",
KORDS,2024,12,1397822,520003,Konsolide,YAGM,cari,,XBRL,SIFIR,,,,
KORDS,2024,12,1397822,520003,Konsolide,YAGM,onceki,,XBRL,SIFIR,,,,
KORDS,2024,12,1397822,520003,Konsolide,YAGM,*,,PDF,PDF_EK_SATIR,,8,Yatırım Amaçlı Gayrimenkullerin Gerçeğe Uygun Değer Kayıpları (Kazançları) ile İlgili Düzeltmeler 23 32.407.464 (20.480.692),
KORDS,2024,12,1397822,520003,Konsolide,KIRA,cari,-46001714.0,XBRL,TEYITLI,TL,8,Kira Sözleşmelerinden Kaynaklanan Borç Ödemelerine İlişkin Nakit Çıkışları (46.001.714) (45.111.805),
KORDS,2024,12,1397822,520003,Konsolide,KIRA,onceki,-45111805.0,XBRL,TEYITLI,TL,8,Kira Sözleşmelerinden Kaynaklanan Borç Ödemelerine İlişkin Nakit Çıkışları (46.001.714) (45.111.805),
KORDS,2025,6,1473394,520003,Konsolide,CFO,cari,2569439639.0,XBRL,TEYITLI,TL,8,A. İŞLETME FAALİYETLERİNDEN NAKİT AKIŞLARI 2.569.439.639 61.777.422,
KORDS,2025,6,1473394,520003,Konsolide,CFO,onceki,61777422.0,XBRL,TEYITLI,TL,8,A. İŞLETME FAALİYETLERİNDEN NAKİT AKIŞLARI 2.569.439.639 61.777.422,
KORDS,2025,6,1473394,520003,Konsolide,MDV+MODV,cari,-754760434.0,XBRL,TEYITLI,TL,8,9-10 (754.760.434) (722.608.947),
KORDS,2025,6,1473394,520003,Konsolide,MDV+MODV,onceki,-722608947.0,XBRL,TEYITLI,TL,8,9-10 (754.760.434) (722.608.947),
KORDS,2025,6,1473394,520003,Konsolide,YAGM,cari,,XBRL,SIFIR,,,,
KORDS,2025,6,1473394,520003,Konsolide,YAGM,onceki,,XBRL,SIFIR,,,,
KORDS,2025,6,1473394,520003,Konsolide,KIRA,cari,-13337192.0,XBRL,TEYITLI,TL,8,Kira Sözleşmelerinden Kaynaklanan Borç Ödemelerine İlişkin Nakit Çıkışları (13.337.192) (27.186.631),
KORDS,2025,6,1473394,520003,Konsolide,KIRA,onceki,-27186631.0,XBRL,TEYITLI,TL,8,Kira Sözleşmelerinden Kaynaklanan Borç Ödemelerine İlişkin Nakit Çıkışları (13.337.192) (27.186.631),
KORDS,2025,9,1508534,,,*,,,,INDIRILMEDI,,,,
KORDS,2025,12,1562306,,,*,,,,INDIRILMEDI,,,,
KORDS,2026,3,1599053,,,*,,,,INDIRILMEDI,,,,
KORDS,2026,6,1642536,,,*,,,,INDIRILMEDI,,,,
KPEKS,2026,6,1661669,,,*,,,,INDIRILMEDI,,,,
KRDMA,2024,12,1402671,520003,Konsolide,CFO,cari,-793108695.0,XBRL,TEYITLI,TL,12,İŞLETME FAALİYETLERİNDEN NAKİT AKIŞLARI (793.108.695) 9.512.746.862,
KRDMA,2024,12,1402671,520003,Konsolide,CFO,onceki,9512746862.0,XBRL,TEYITLI,TL,12,İŞLETME FAALİYETLERİNDEN NAKİT AKIŞLARI (793.108.695) 9.512.746.862,
KRDMA,2024,12,1402671,520003,Konsolide,MDV+MODV,cari,-2782981686.0,XBRL(alt kalemler PDF),TEYITLI,TL,12,Maddi duran varlık alımları (2.746.070.797) (2.036.278.353) + Maddi olmayan duran varlık alımları 11 (36.910.889) (107.797.415),
KRDMA,2024,12,1402671,520003,Konsolide,MDV+MODV,onceki,-2144075768.0,XBRL(alt kalemler PDF),TEYITLI,TL,12,Maddi duran varlık alımları (2.746.070.797) (2.036.278.353) + Maddi olmayan duran varlık alımları 11 (36.910.889) (107.797.415),
KRDMA,2024,12,1402671,520003,Konsolide,YAGM,cari,,XBRL,SIFIR,,,,
KRDMA,2024,12,1402671,520003,Konsolide,YAGM,onceki,,XBRL,SIFIR,,,,
KRDMA,2024,12,1402671,520003,Konsolide,KIRA,cari,,XBRL,SIFIR,,,,
KRDMA,2024,12,1402671,520003,Konsolide,KIRA,onceki,,XBRL,SIFIR,,,,
KRDMA,2024,12,1402671,520003,Konsolide,KIRA,*,,PDF,PDF_EK_SATIR,,12,Finansal kiralama sözleşmelerinden nakit girişleri 432.510 1.028.929 || Finansal kiralama sözleşmelerinden kaynaklanan borç ödemelerine ilişkin nakit çıkışları (2.840.354) (6.757.120),
KRDMA,2025,3,1436905,520003,Konsolide,CFO,cari,-2179908187.0,XBRL,TEYITLI,TL,7,İŞLETME FAALİYETLERİNDEN NAKİT AKIŞLARI (2.179.908.187) 1.750.062.860,
KRDMA,2025,3,1436905,520003,Konsolide,CFO,onceki,1750062860.0,XBRL,TEYITLI,TL,7,İŞLETME FAALİYETLERİNDEN NAKİT AKIŞLARI (2.179.908.187) 1.750.062.860,
KRDMA,2025,3,1436905,520003,Konsolide,MDV+MODV,cari,-618847400.0,XBRL(alt kalemler PDF),TEYITLI,TL,7,Maddi duran varlık alımları 7 (608.935.345) (276.699.634) + Maddi olmayan duran varlık alımları 8 (9.912.055) (15.616.814),
KRDMA,2025,3,1436905,520003,Konsolide,MDV+MODV,onceki,-292316448.0,XBRL(alt kalemler PDF),TEYITLI,TL,7,Maddi duran varlık alımları 7 (608.935.345) (276.699.634) + Maddi olmayan duran varlık alımları 8 (9.912.055) (15.616.814),
KRDMA,2025,3,1436905,520003,Konsolide,YAGM,cari,,XBRL,SIFIR,,,,
KRDMA,2025,3,1436905,520003,Konsolide,YAGM,onceki,,XBRL,SIFIR,,,,
KRDMA,2025,3,1436905,520003,Konsolide,KIRA,cari,,XBRL,SIFIR,,,,
KRDMA,2025,3,1436905,520003,Konsolide,KIRA,onceki,,XBRL,SIFIR,,,,
KRDMA,2025,3,1436905,520003,Konsolide,KIRA,*,,PDF,PDF_EK_SATIR,,7,Finansal kiralama sözleşmelerinden nakit girişleri 432.510 687.290 || Kiralama yükümlülükleriyle ilgili nakit çıkışları (2.840.354) (4.513.529),
KRDMA,2025,6,1475197,520003,Konsolide,CFO,cari,-2662376177.0,XBRL,TEYITLI,TL,9,İŞLETME FAALİYETLERİNDEN NAKİT AKIŞLARI (2.662.376.177) (3.005.148.643),
KRDMA,2025,6,1475197,520003,Konsolide,CFO,onceki,-3005148643.0,XBRL,TEYITLI,TL,9,İŞLETME FAALİYETLERİNDEN NAKİT AKIŞLARI (2.662.376.177) (3.005.148.643),
KRDMA,2025,6,1475197,520003,Konsolide,MDV+MODV,cari,-1397355959.0,XBRL(alt kalemler PDF),TEYITLI,TL,9,Maddi duran varlık alımları 7 (1.360.021.203) (618.456.593) + Maddi olmayan duran varlık alımları 8 (37.334.756) (28.731.426),
KRDMA,2025,6,1475197,520003,Konsolide,MDV+MODV,onceki,-647188019.0,XBRL(alt kalemler PDF),TEYITLI,TL,9,Maddi duran varlık alımları 7 (1.360.021.203) (618.456.593) + Maddi olmayan duran varlık alımları 8 (37.334.756) (28.731.426),
KRDMA,2025,6,1475197,520003,Konsolide,YAGM,cari,,XBRL,SIFIR,,,,
KRDMA,2025,6,1475197,520003,Konsolide,YAGM,onceki,,XBRL,SIFIR,,,,
KRDMA,2025,6,1475197,520003,Konsolide,KIRA,cari,,XBRL,SIFIR,,,,
KRDMA,2025,6,1475197,520003,Konsolide,KIRA,onceki,,XBRL,SIFIR,,,,
KRDMA,2025,6,1475197,520003,Konsolide,KIRA,*,,PDF,PDF_EK_SATIR,,9,Finansal kiralama sözleşmelerinden kaynaklanan borç ödemelerine ilişkin nakit çıkışları (2.840.354) (3.835.860) || Finansal kiralama sözleşmelerinden nakit girişleri 432.510 584.099,
KRDMA,2025,9,1512420,,,*,,,,INDIRILMEDI,,,,
KRDMA,2025,12,1569931,,,*,,,,INDIRILMEDI,,,,
KRDMA,2026,3,1603696,,,*,,,,INDIRILMEDI,,,,
KRDMB,2024,12,1402671,520003,Konsolide,CFO,cari,-793108695.0,XBRL,TEYITLI,TL,12,İŞLETME FAALİYETLERİNDEN NAKİT AKIŞLARI (793.108.695) 9.512.746.862,
KRDMB,2024,12,1402671,520003,Konsolide,CFO,onceki,9512746862.0,XBRL,TEYITLI,TL,12,İŞLETME FAALİYETLERİNDEN NAKİT AKIŞLARI (793.108.695) 9.512.746.862,
KRDMB,2024,12,1402671,520003,Konsolide,MDV+MODV,cari,-2782981686.0,XBRL(alt kalemler PDF),TEYITLI,TL,12,Maddi duran varlık alımları (2.746.070.797) (2.036.278.353) + Maddi olmayan duran varlık alımları 11 (36.910.889) (107.797.415),
KRDMB,2024,12,1402671,520003,Konsolide,MDV+MODV,onceki,-2144075768.0,XBRL(alt kalemler PDF),TEYITLI,TL,12,Maddi duran varlık alımları (2.746.070.797) (2.036.278.353) + Maddi olmayan duran varlık alımları 11 (36.910.889) (107.797.415),
KRDMB,2024,12,1402671,520003,Konsolide,YAGM,cari,,XBRL,SIFIR,,,,
KRDMB,2024,12,1402671,520003,Konsolide,YAGM,onceki,,XBRL,SIFIR,,,,
KRDMB,2024,12,1402671,520003,Konsolide,KIRA,cari,,XBRL,SIFIR,,,,
KRDMB,2024,12,1402671,520003,Konsolide,KIRA,onceki,,XBRL,SIFIR,,,,
KRDMB,2024,12,1402671,520003,Konsolide,KIRA,*,,PDF,PDF_EK_SATIR,,12,Finansal kiralama sözleşmelerinden nakit girişleri 432.510 1.028.929 || Finansal kiralama sözleşmelerinden kaynaklanan borç ödemelerine ilişkin nakit çıkışları (2.840.354) (6.757.120),
KRDMB,2025,3,1436905,520003,Konsolide,CFO,cari,-2179908187.0,XBRL,TEYITLI,TL,7,İŞLETME FAALİYETLERİNDEN NAKİT AKIŞLARI (2.179.908.187) 1.750.062.860,
KRDMB,2025,3,1436905,520003,Konsolide,CFO,onceki,1750062860.0,XBRL,TEYITLI,TL,7,İŞLETME FAALİYETLERİNDEN NAKİT AKIŞLARI (2.179.908.187) 1.750.062.860,
KRDMB,2025,3,1436905,520003,Konsolide,MDV+MODV,cari,-618847400.0,XBRL(alt kalemler PDF),TEYITLI,TL,7,Maddi duran varlık alımları 7 (608.935.345) (276.699.634) + Maddi olmayan duran varlık alımları 8 (9.912.055) (15.616.814),
KRDMB,2025,3,1436905,520003,Konsolide,MDV+MODV,onceki,-292316448.0,XBRL(alt kalemler PDF),TEYITLI,TL,7,Maddi duran varlık alımları 7 (608.935.345) (276.699.634) + Maddi olmayan duran varlık alımları 8 (9.912.055) (15.616.814),
KRDMB,2025,3,1436905,520003,Konsolide,YAGM,cari,,XBRL,SIFIR,,,,
KRDMB,2025,3,1436905,520003,Konsolide,YAGM,onceki,,XBRL,SIFIR,,,,
KRDMB,2025,3,1436905,520003,Konsolide,KIRA,cari,,XBRL,SIFIR,,,,
KRDMB,2025,3,1436905,520003,Konsolide,KIRA,onceki,,XBRL,SIFIR,,,,
KRDMB,2025,3,1436905,520003,Konsolide,KIRA,*,,PDF,PDF_EK_SATIR,,7,Finansal kiralama sözleşmelerinden nakit girişleri 432.510 687.290 || Kiralama yükümlülükleriyle ilgili nakit çıkışları (2.840.354) (4.513.529),
KRDMB,2025,6,1475197,520003,Konsolide,CFO,cari,-2662376177.0,XBRL,TEYITLI,TL,9,İŞLETME FAALİYETLERİNDEN NAKİT AKIŞLARI (2.662.376.177) (3.005.148.643),
KRDMB,2025,6,1475197,520003,Konsolide,CFO,onceki,-3005148643.0,XBRL,TEYITLI,TL,9,İŞLETME FAALİYETLERİNDEN NAKİT AKIŞLARI (2.662.376.177) (3.005.148.643),
KRDMB,2025,6,1475197,520003,Konsolide,MDV+MODV,cari,-1397355959.0,XBRL(alt kalemler PDF),TEYITLI,TL,9,Maddi duran varlık alımları 7 (1.360.021.203) (618.456.593) + Maddi olmayan duran varlık alımları 8 (37.334.756) (28.731.426),
KRDMB,2025,6,1475197,520003,Konsolide,MDV+MODV,onceki,-647188019.0,XBRL(alt kalemler PDF),TEYITLI,TL,9,Maddi duran varlık alımları 7 (1.360.021.203) (618.456.593) + Maddi olmayan duran varlık alımları 8 (37.334.756) (28.731.426),
KRDMB,2025,6,1475197,520003,Konsolide,YAGM,cari,,XBRL,SIFIR,,,,
KRDMB,2025,6,1475197,520003,Konsolide,YAGM,onceki,,XBRL,SIFIR,,,,
KRDMB,2025,6,1475197,520003,Konsolide,KIRA,cari,,XBRL,SIFIR,,,,
KRDMB,2025,6,1475197,520003,Konsolide,KIRA,onceki,,XBRL,SIFIR,,,,
KRDMB,2025,6,1475197,520003,Konsolide,KIRA,*,,PDF,PDF_EK_SATIR,,9,Finansal kiralama sözleşmelerinden kaynaklanan borç ödemelerine ilişkin nakit çıkışları (2.840.354) (3.835.860) || Finansal kiralama sözleşmelerinden nakit girişleri 432.510 584.099,
KRDMB,2025,9,1512420,,,*,,,,INDIRILMEDI,,,,
KRDMB,2025,12,1569931,,,*,,,,INDIRILMEDI,,,,
KRDMB,2026,3,1603696,,,*,,,,INDIRILMEDI,,,,
KRDMD,2024,12,1402671,520003,Konsolide,CFO,cari,-793108695.0,XBRL,TEYITLI,TL,12,İŞLETME FAALİYETLERİNDEN NAKİT AKIŞLARI (793.108.695) 9.512.746.862,
KRDMD,2024,12,1402671,520003,Konsolide,CFO,onceki,9512746862.0,XBRL,TEYITLI,TL,12,İŞLETME FAALİYETLERİNDEN NAKİT AKIŞLARI (793.108.695) 9.512.746.862,
KRDMD,2024,12,1402671,520003,Konsolide,MDV+MODV,cari,-2782981686.0,XBRL(alt kalemler PDF),TEYITLI,TL,12,Maddi duran varlık alımları (2.746.070.797) (2.036.278.353) + Maddi olmayan duran varlık alımları 11 (36.910.889) (107.797.415),
KRDMD,2024,12,1402671,520003,Konsolide,MDV+MODV,onceki,-2144075768.0,XBRL(alt kalemler PDF),TEYITLI,TL,12,Maddi duran varlık alımları (2.746.070.797) (2.036.278.353) + Maddi olmayan duran varlık alımları 11 (36.910.889) (107.797.415),
KRDMD,2024,12,1402671,520003,Konsolide,YAGM,cari,,XBRL,SIFIR,,,,
KRDMD,2024,12,1402671,520003,Konsolide,YAGM,onceki,,XBRL,SIFIR,,,,
KRDMD,2024,12,1402671,520003,Konsolide,KIRA,cari,,XBRL,SIFIR,,,,
KRDMD,2024,12,1402671,520003,Konsolide,KIRA,onceki,,XBRL,SIFIR,,,,
KRDMD,2024,12,1402671,520003,Konsolide,KIRA,*,,PDF,PDF_EK_SATIR,,12,Finansal kiralama sözleşmelerinden nakit girişleri 432.510 1.028.929 || Finansal kiralama sözleşmelerinden kaynaklanan borç ödemelerine ilişkin nakit çıkışları (2.840.354) (6.757.120),
KRDMD,2025,3,1436905,520003,Konsolide,CFO,cari,-2179908187.0,XBRL,TEYITLI,TL,7,İŞLETME FAALİYETLERİNDEN NAKİT AKIŞLARI (2.179.908.187) 1.750.062.860,
KRDMD,2025,3,1436905,520003,Konsolide,CFO,onceki,1750062860.0,XBRL,TEYITLI,TL,7,İŞLETME FAALİYETLERİNDEN NAKİT AKIŞLARI (2.179.908.187) 1.750.062.860,
KRDMD,2025,3,1436905,520003,Konsolide,MDV+MODV,cari,-618847400.0,XBRL(alt kalemler PDF),TEYITLI,TL,7,Maddi duran varlık alımları 7 (608.935.345) (276.699.634) + Maddi olmayan duran varlık alımları 8 (9.912.055) (15.616.814),
KRDMD,2025,3,1436905,520003,Konsolide,MDV+MODV,onceki,-292316448.0,XBRL(alt kalemler PDF),TEYITLI,TL,7,Maddi duran varlık alımları 7 (608.935.345) (276.699.634) + Maddi olmayan duran varlık alımları 8 (9.912.055) (15.616.814),
KRDMD,2025,3,1436905,520003,Konsolide,YAGM,cari,,XBRL,SIFIR,,,,
KRDMD,2025,3,1436905,520003,Konsolide,YAGM,onceki,,XBRL,SIFIR,,,,
KRDMD,2025,3,1436905,520003,Konsolide,KIRA,cari,,XBRL,SIFIR,,,,
KRDMD,2025,3,1436905,520003,Konsolide,KIRA,onceki,,XBRL,SIFIR,,,,
KRDMD,2025,3,1436905,520003,Konsolide,KIRA,*,,PDF,PDF_EK_SATIR,,7,Finansal kiralama sözleşmelerinden nakit girişleri 432.510 687.290 || Kiralama yükümlülükleriyle ilgili nakit çıkışları (2.840.354) (4.513.529),
KRDMD,2025,6,1475197,520003,Konsolide,CFO,cari,-2662376177.0,XBRL,TEYITLI,TL,9,İŞLETME FAALİYETLERİNDEN NAKİT AKIŞLARI (2.662.376.177) (3.005.148.643),
KRDMD,2025,6,1475197,520003,Konsolide,CFO,onceki,-3005148643.0,XBRL,TEYITLI,TL,9,İŞLETME FAALİYETLERİNDEN NAKİT AKIŞLARI (2.662.376.177) (3.005.148.643),
KRDMD,2025,6,1475197,520003,Konsolide,MDV+MODV,cari,-1397355959.0,XBRL(alt kalemler PDF),TEYITLI,TL,9,Maddi duran varlık alımları 7 (1.360.021.203) (618.456.593) + Maddi olmayan duran varlık alımları 8 (37.334.756) (28.731.426),
KRDMD,2025,6,1475197,520003,Konsolide,MDV+MODV,onceki,-647188019.0,XBRL(alt kalemler PDF),TEYITLI,TL,9,Maddi duran varlık alımları 7 (1.360.021.203) (618.456.593) + Maddi olmayan duran varlık alımları 8 (37.334.756) (28.731.426),
KRDMD,2025,6,1475197,520003,Konsolide,YAGM,cari,,XBRL,SIFIR,,,,
KRDMD,2025,6,1475197,520003,Konsolide,YAGM,onceki,,XBRL,SIFIR,,,,
KRDMD,2025,6,1475197,520003,Konsolide,KIRA,cari,,XBRL,SIFIR,,,,
KRDMD,2025,6,1475197,520003,Konsolide,KIRA,onceki,,XBRL,SIFIR,,,,
KRDMD,2025,6,1475197,520003,Konsolide,KIRA,*,,PDF,PDF_EK_SATIR,,9,Finansal kiralama sözleşmelerinden kaynaklanan borç ödemelerine ilişkin nakit çıkışları (2.840.354) (3.835.860) || Finansal kiralama sözleşmelerinden nakit girişleri 432.510 584.099,
KRDMD,2025,9,1512420,,,*,,,,INDIRILMEDI,,,,
KRDMD,2025,12,1569931,,,*,,,,INDIRILMEDI,,,,
KRDMD,2026,3,1603696,,,*,,,,INDIRILMEDI,,,,
KSTUR,2024,12,1394874,520003,Konsolide Olmayan,CFO,cari,31046429.0,XBRL,TEYITLI,mn TL,11,01 OCAK 2024-31 ARALIK 2024 DÖNEMİNE AİT NAKİT AKIŞ TABLOSU,
KSTUR,2024,12,1394874,520003,Konsolide Olmayan,CFO,onceki,49449169.0,XBRL,TEYITLI,TL,11,A) İşletme Faaliyetlerden Nakit Akışları 31.046.429 49.449.169,
KSTUR,2024,12,1394874,520003,Konsolide Olmayan,MDV+MODV,cari,-30954754.0,XBRL,TEYITLI,mn TL,11,01 OCAK 2024-31 ARALIK 2024 DÖNEMİNE AİT NAKİT AKIŞ TABLOSU,
KSTUR,2024,12,1394874,520003,Konsolide Olmayan,MDV+MODV,onceki,-30727690.0,XBRL,TEYITLI,TL,11,14-15 (30.954.754) (30.727.690),
KSTUR,2024,12,1394874,520003,Konsolide Olmayan,YAGM,cari,,XBRL,SIFIR,,,,
KSTUR,2024,12,1394874,520003,Konsolide Olmayan,YAGM,onceki,,XBRL,SIFIR,,,,
KSTUR,2024,12,1394874,520003,Konsolide Olmayan,KIRA,cari,,XBRL,SIFIR,,,,
KSTUR,2024,12,1394874,520003,Konsolide Olmayan,KIRA,onceki,,XBRL,SIFIR,,,,
KSTUR,2024,12,1394874,520003,Konsolide Olmayan,KIRA,*,,PDF,PDF_EK_SATIR,,12,Müşteri Sözleşmelerinden Hasılat ile TFRS-16 Kiralamalar standartlarındaki değişiklikler ile birlikte 15 Nisan 2019,
KSTUR,2025,6,1467844,520003,Konsolide Olmayan,CFO,cari,240502751.0,XBRL,TEYITLI,TL,7,A) İşletme Faaliyetlerden Nakit Akışları 240.502.751 265.674.450,
KSTUR,2025,6,1467844,520003,Konsolide Olmayan,CFO,onceki,265674450.0,XBRL,TEYITLI,TL,7,A) İşletme Faaliyetlerden Nakit Akışları 240.502.751 265.674.450,
KSTUR,2025,6,1467844,520003,Konsolide Olmayan,MDV+MODV,cari,-28418274.0,XBRL,TEYITLI,TL,7,Nakit Çıkışları 14-15 (28.418.274) (18.333.993),
KSTUR,2025,6,1467844,520003,Konsolide Olmayan,MDV+MODV,onceki,-18333993.0,XBRL,TEYITLI,TL,7,Nakit Çıkışları 14-15 (28.418.274) (18.333.993),
KSTUR,2025,6,1467844,520003,Konsolide Olmayan,YAGM,cari,,XBRL,SIFIR,,,,
KSTUR,2025,6,1467844,520003,Konsolide Olmayan,YAGM,onceki,,XBRL,SIFIR,,,,
KSTUR,2025,6,1467844,520003,Konsolide Olmayan,KIRA,cari,,XBRL,SIFIR,,,,
KSTUR,2025,6,1467844,520003,Konsolide Olmayan,KIRA,onceki,,XBRL,SIFIR,,,,
KSTUR,2025,6,1467844,520003,Konsolide Olmayan,KIRA,*,,PDF,PDF_EK_SATIR,,8,Müşteri Sözleşmelerinden Hasılat ile TFRS-16 Kiralamalar standartlarındaki değişiklikler ile birlikte 15 Nisan 2019,
KSTUR,2025,12,1562030,,,*,,,,INDIRILMEDI,,,,
KSTUR,2026,6,1637921,,,*,,,,INDIRILMEDI,,,,
KUVVA,2025,12,1578860,,,*,,,,INDIRILMEDI,,,,
KUVVA,2026,3,1603626,,,*,,,,INDIRILMEDI,,,,
KUVVA,2026,6,1658555,,,*,,,,INDIRILMEDI,,,,
LILAK,2025,12,1555579,,,*,,,,INDIRILMEDI,,,,
LILAK,2026,6,1643904,,,*,,,,INDIRILMEDI,,,,
LMKDC,2025,12,1562331,,,*,,,,INDIRILMEDI,,,,
LMKDC,2026,3,1600064,,,*,,,,INDIRILMEDI,,,,
LMKDC,2026,6,1647444,,,*,,,,INDIRILMEDI,,,,
LUKSK,2025,12,1564272,,,*,,,,INDIRILMEDI,,,,
LUKSK,2026,3,1599942,,,*,,,,INDIRILMEDI,,,,
LUKSK,2026,6,1647102,,,*,,,,INDIRILMEDI,,,,
LYDHO,2024,12,1404481,520003,Konsolide,CFO,cari,2070227536.0,XBRL,TEYITLI,TL,11,A. İŞLETME FAALİYETLERDEN NAKİT AKIŞLARI 2.070.227.536 (136.995.232),
LYDHO,2024,12,1404481,520003,Konsolide,CFO,onceki,-136995232.0,XBRL,TEYITLI,TL,11,A. İŞLETME FAALİYETLERDEN NAKİT AKIŞLARI 2.070.227.536 (136.995.232),
LYDHO,2024,12,1404481,520003,Konsolide,MDV+MODV,cari,-11741246.0,XBRL,TEYITLI,TL,11,13-14 (11.741.246) (8.437.714),
LYDHO,2024,12,1404481,520003,Konsolide,MDV+MODV,onceki,-8437714.0,XBRL,TEYITLI,TL,11,(1.420.353.577) (8.437.714),
LYDHO,2024,12,1404481,520003,Konsolide,YAGM,cari,,XBRL,SIFIR,,,,
LYDHO,2024,12,1404481,520003,Konsolide,YAGM,onceki,,XBRL,SIFIR,,,,
LYDHO,2024,12,1404481,520003,Konsolide,KIRA,cari,,XBRL,SIFIR,,,,
LYDHO,2024,12,1404481,520003,Konsolide,KIRA,onceki,,XBRL,SIFIR,,,,
LYDHO,2025,3,1439140,520003,Konsolide,CFO,cari,-216302180.0,XBRL,TEYITLI,TL,7,A. İŞLETME FAALİYETLERDEN NAKİT AKIŞLARI (216.302.180) 1.203.235.269, 2 bildirim; son kullanıldı
LYDHO,2025,3,1439140,520003,Konsolide,CFO,onceki,1203235269.0,XBRL,TEYITLI,TL,7,A. İŞLETME FAALİYETLERDEN NAKİT AKIŞLARI (216.302.180) 1.203.235.269, 2 bildirim; son kullanıldı
LYDHO,2025,3,1439140,520003,Konsolide,MDV+MODV,cari,,XBRL,SIFIR,,,, 2 bildirim; son kullanıldı
LYDHO,2025,3,1439140,520003,Konsolide,MDV+MODV,onceki,,XBRL,SIFIR,,,, 2 bildirim; son kullanıldı
LYDHO,2025,3,1439140,520003,Konsolide,MDV+MODV,*,,PDF,PDF_EK_SATIR,,7,Maddi duran varlıkların satışından kaynaklanan nakit girişleri 7.915.705, 2 bildirim; son kullanıldı
LYDHO,2025,3,1439140,520003,Konsolide,YAGM,cari,,XBRL,SIFIR,,,, 2 bildirim; son kullanıldı
LYDHO,2025,3,1439140,520003,Konsolide,YAGM,onceki,,XBRL,SIFIR,,,, 2 bildirim; son kullanıldı
LYDHO,2025,3,1439140,520003,Konsolide,KIRA,cari,,XBRL,SIFIR,,,, 2 bildirim; son kullanıldı
LYDHO,2025,3,1439140,520003,Konsolide,KIRA,onceki,,XBRL,SIFIR,,,, 2 bildirim; son kullanıldı
LYDHO,2025,6,1480306,,,*,,,,INDIRILMEDI,,,,
LYDHO,2025,9,1514431,,,*,,,,INDIRILMEDI,,,,
LYDHO,2025,12,1572103,,,*,,,,INDIRILMEDI,,,,
LYDHO,2026,6,1651548,,,*,,,,INDIRILMEDI,,,,
LYDYE,2024,12,1395842,520003,Konsolide,CFO,cari,57590537.0,XBRL,TEYITLI,TL,11,A. İŞLETME FAALİYETLERDEN NAKİT AKIŞLARI 57.590.537 (13.619.977),
LYDYE,2024,12,1395842,520003,Konsolide,CFO,onceki,-13619977.0,XBRL,TEYITLI,TL,11,A. İŞLETME FAALİYETLERDEN NAKİT AKIŞLARI 57.590.537 (13.619.977),
LYDYE,2024,12,1395842,520003,Konsolide,MDV+MODV,cari,-161310.0,XBRL,TEYITLI,TL,11,12-13 (161.310) (6.694.295),
LYDYE,2024,12,1395842,520003,Konsolide,MDV+MODV,onceki,-6694295.0,XBRL,TEYITLI,TL,11,12-13 (161.310) (6.694.295),
LYDYE,2024,12,1395842,520003,Konsolide,YAGM,cari,,XBRL,SIFIR,,,,
LYDYE,2024,12,1395842,520003,Konsolide,YAGM,onceki,,XBRL,SIFIR,,,,
LYDYE,2024,12,1395842,520003,Konsolide,KIRA,cari,,XBRL,SIFIR,,,,
LYDYE,2024,12,1395842,520003,Konsolide,KIRA,onceki,,XBRL,SIFIR,,,,
LYDYE,2025,6,1476392,,,*,,,,INDIRILMEDI,,,,
LYDYE,2025,12,1554112,,,*,,,,INDIRILMEDI,,,,
LYDYE,2026,3,1598361,,,*,,,,INDIRILMEDI,,,,
LYDYE,2026,6,1643148,,,*,,,,INDIRILMEDI,,,,
MACKO,2025,12,1559438,,,*,,,,INDIRILMEDI,,,,
MACKO,2026,3,1605740,,,*,,,,INDIRILMEDI,,,,
MACKO,2026,6,1649839,,,*,,,,INDIRILMEDI,,,,
MANAS,2025,12,1564182,,,*,,,,INDIRILMEDI,,,,
MANAS,2026,6,1650551,,,*,,,,INDIRILMEDI,,,,
MARMR,2025,9,1514946,,,*,,,,INDIRILMEDI,,,,
MARMR,2025,12,1570772,,,*,,,,INDIRILMEDI,,,,
MARMR,2026,3,1598983,,,*,,,,INDIRILMEDI,,,,
MARMR,2026,6,1647216,,,*,,,,INDIRILMEDI,,,,
MCARD,2026,3,1605417,,,*,,,,INDIRILMEDI,,,,
MCARD,2026,6,1652959,,,*,,,,INDIRILMEDI,,,,
MEDTR,2024,12,1401657,520003,Konsolide,CFO,cari,596436258.0,XBRL,TEYITLI,TL,12,A. ESAS FAALİYETLERDEN NAKİT AKIŞLARI 596.436.259 801.020.007,
MEDTR,2024,12,1401657,520003,Konsolide,CFO,onceki,801020006.0,XBRL,TEYITLI,TL,12,A. ESAS FAALİYETLERDEN NAKİT AKIŞLARI 596.436.259 801.020.007,
MEDTR,2024,12,1401657,520003,Konsolide,MDV+MODV,cari,-201322512.0,XBRL,TEYITLI,TL,12,Maddi ve Maddi Olmayan Duran Varlıkların Alımından Kaynaklanan Nakit Çıkışları (201.322.513) (299.695.433),
MEDTR,2024,12,1401657,520003,Konsolide,MDV+MODV,onceki,-299695433.0,XBRL,TEYITLI,TL,12,Maddi ve Maddi Olmayan Duran Varlıkların Alımından Kaynaklanan Nakit Çıkışları (201.322.513) (299.695.433),
MEDTR,2024,12,1401657,520003,Konsolide,YAGM,cari,,XBRL,SIFIR,,,,
MEDTR,2024,12,1401657,520003,Konsolide,YAGM,onceki,,XBRL,SIFIR,,,,
MEDTR,2024,12,1401657,520003,Konsolide,YAGM,*,,PDF,PDF_EK_SATIR,,12,-Yatırım Amaçlı Gayrimenkullerin Gerçeğe Uygun Değer Kayıpları (Kazançları) ile İlgili Düzeltmeler (1.518.642) (13.437.025),
MEDTR,2024,12,1401657,520003,Konsolide,KIRA,cari,,XBRL,SIFIR,,,,
MEDTR,2024,12,1401657,520003,Konsolide,KIRA,onceki,9998866.0,XBRL,TEYITLI,TL,12,Kira Sözleşmelerinden Kaynaklanan Borç Ödemelerine İlişkin Nakit Çıkışları -- 9.998.866,
MEDTR,2025,3,1436747,520003,Konsolide,CFO,cari,43904.0,XBRL,TEYITLI,TL,7,A. ESAS FAALİYETLERDEN NAKİT AKIŞLARI 43.905 (91.751.708),
MEDTR,2025,3,1436747,520003,Konsolide,CFO,onceki,-91751708.0,XBRL,TEYITLI,TL,7,A. ESAS FAALİYETLERDEN NAKİT AKIŞLARI 43.905 (91.751.708),
MEDTR,2025,3,1436747,520003,Konsolide,MDV+MODV,cari,-5323076.0,XBRL,TEYITLI,TL,7,Maddi ve Maddi Olmayan Duran Varlıkların Alımından Kaynaklanan Nakit Çıkışları (5.323.076) (11.950.814),
MEDTR,2025,3,1436747,520003,Konsolide,MDV+MODV,onceki,-11950814.0,XBRL,TEYITLI,TL,7,Maddi ve Maddi Olmayan Duran Varlıkların Alımından Kaynaklanan Nakit Çıkışları (5.323.076) (11.950.814),
MEDTR,2025,3,1436747,520003,Konsolide,YAGM,cari,,XBRL,SIFIR,,,,
MEDTR,2025,3,1436747,520003,Konsolide,YAGM,onceki,,XBRL,SIFIR,,,,
MEDTR,2025,3,1436747,520003,Konsolide,YAGM,*,,PDF,PDF_EK_SATIR,,3,Yatırım Amaçlı Gayrimenkuller 12 58.878.077 58.878.077,
MEDTR,2025,3,1436747,520003,Konsolide,KIRA,cari,,XBRL,SIFIR,,,,
MEDTR,2025,3,1436747,520003,Konsolide,KIRA,onceki,-243163.0,XBRL,TEYITLI,TL,7,Kira Sözleşmelerinden Kaynaklanan Borç Ödemelerine İlişkin Nakit Çıkışları -- (243.163),
MEDTR,2025,6,1477963,,,*,,,,INDIRILMEDI,,,,
MEDTR,2025,9,1512433,,,*,,,,INDIRILMEDI,,,,
MEDTR,2025,12,1566726,,,*,,,,INDIRILMEDI,,,,
MEDTR,2026,3,1603631,,,*,,,,INDIRILMEDI,,,,
MEDTR,2026,6,1650652,,,*,,,,INDIRILMEDI,,,,
MEGAP,2024,12,1397704,520003,Konsolide,CFO,cari,109287653.0,XBRL,PDF_YOK,,,,
MEGAP,2024,12,1397704,520003,Konsolide,CFO,onceki,-13774082.0,XBRL,PDF_YOK,,,,
MEGAP,2024,12,1397704,520003,Konsolide,MDV+MODV,cari,-122944331.0,XBRL,PDF_YOK,,,,
MEGAP,2024,12,1397704,520003,Konsolide,MDV+MODV,onceki,-292139706.0,XBRL,PDF_YOK,,,,
MEGAP,2024,12,1397704,520003,Konsolide,YAGM,cari,,XBRL,PDF_YOK,,,,
MEGAP,2024,12,1397704,520003,Konsolide,YAGM,onceki,,XBRL,PDF_YOK,,,,
MEGAP,2024,12,1397704,520003,Konsolide,KIRA,cari,956327.0,XBRL,PDF_YOK,,,,
MEGAP,2024,12,1397704,520003,Konsolide,KIRA,onceki,596015.0,XBRL,PDF_YOK,,,,
MEGAP,2025,3,1438164,520003,Konsolide,CFO,cari,-14408173.0,XBRL,TEYITLI,TL,7,A. ESAS FAALİYETLERDEN NAKİT AKIŞLARI -14.408.173 133.942.214,
MEGAP,2025,3,1438164,520003,Konsolide,CFO,onceki,133942214.0,XBRL,TEYITLI,TL,7,A. ESAS FAALİYETLERDEN NAKİT AKIŞLARI -14.408.173 133.942.214,
MEGAP,2025,3,1438164,520003,Konsolide,MDV+MODV,cari,,XBRL,SIFIR,,,,
MEGAP,2025,3,1438164,520003,Konsolide,MDV+MODV,onceki,-12745114.0,XBRL,TEYITLI,TL,7,Maddi ve Maddi Olmayan Duran Varlıkların Alımından Kaynaklanan Nakit Çıkışları 14 - -12.745.114,
MEGAP,2025,3,1438164,520003,Konsolide,YAGM,cari,,XBRL,SIFIR,,,,
MEGAP,2025,3,1438164,520003,Konsolide,YAGM,onceki,,XBRL,SIFIR,,,,
MEGAP,2025,3,1438164,520003,Konsolide,KIRA,cari,1754123.0,XBRL,TEYITLI,TL,7,C. FİNANSMAN FAALİYETLERİNDEN NAKİT AKIŞLARI 1.754.123 -130.683.444,
MEGAP,2025,3,1438164,520003,Konsolide,KIRA,onceki,1434637.0,XBRL,TEYITLI,TL,7,Kira Sözleşmelerinden Kaynaklanan Borç Ödemelerine İlişkin Nakit Çıkışları 20 1.754.123 1.434.637,
MEGAP,2025,6,1480872,,,*,,,,INDIRILMEDI,,,,
MEGAP,2025,9,1515161,,,*,,,,INDIRILMEDI,,,,
MEGAP,2025,12,1593957,,,*,,,,INDIRILMEDI,,,,
MEGAP,2026,3,1614139,,,*,,,,INDIRILMEDI,,,,
MERCN,2024,12,1405291,520003,Konsolide,CFO,cari,564734367.0,XBRL,TEYITLI,TL,12,İŞLETME FAALİYETLERİNDEN NAKİT AKIŞLARI 564.734.367 21.363.220,
MERCN,2024,12,1405291,520003,Konsolide,CFO,onceki,21363217.0,XBRL,PDF_TUTMADI,,,,
MERCN,2024,12,1405291,520003,Konsolide,MDV+MODV,cari,-92528902.0,XBRL,TEYITLI,TL,12,Maddi ve Maddi Olmayan Varlıkların Alımından Kaynaklanan Nakit Çıkışları 12 13 (92.528.902) (372.627.682),
MERCN,2024,12,1405291,520003,Konsolide,MDV+MODV,onceki,-372627682.0,XBRL,TEYITLI,TL,12,Maddi ve Maddi Olmayan Varlıkların Alımından Kaynaklanan Nakit Çıkışları 12 13 (92.528.902) (372.627.682),
MERCN,2024,12,1405291,520003,Konsolide,YAGM,cari,,XBRL,SIFIR,,,,
MERCN,2024,12,1405291,520003,Konsolide,YAGM,onceki,-5962490.0,XBRL,TEYITLI,TL,12,Yatırım Amaçlı Gayrimenkul Alımından Kaynaklanan Nakit Çıkışları - (5.962.490),
MERCN,2024,12,1405291,520003,Konsolide,KIRA,cari,-6585000.0,XBRL,TEYITLI,TL,12,Kira Sözleşmelerinden Kaynaklanan Borç Ödemelerine İlişkin Nakit Çıkışlar 6 (6.585.000) (4.093.138),
MERCN,2024,12,1405291,520003,Konsolide,KIRA,onceki,-4093138.0,XBRL,TEYITLI,TL,12,Kira Sözleşmelerinden Kaynaklanan Borç Ödemelerine İlişkin Nakit Çıkışlar 6 (6.585.000) (4.093.138),
MERCN,2025,9,1514766,,,*,,,,INDIRILMEDI,,,,
MERCN,2025,12,1571240,,,*,,,,INDIRILMEDI,,,,
MERCN,2026,3,1605150,,,*,,,,INDIRILMEDI,,,,
MERIT,2025,12,1569226,,,*,,,,INDIRILMEDI,,,,
MERIT,2026,3,1605810,,,*,,,,INDIRILMEDI,,,,
MERKO,2024,12,1483923,,,*,,,,INDIRILMEDI,,,,
MERKO,2025,3,1509535,,,*,,,,INDIRILMEDI,,,,
MERKO,2025,6,1547490,,,*,,,,INDIRILMEDI,,,,
MERKO,2025,9,1600097,,,*,,,,INDIRILMEDI,,,,
MERKO,2025,12,1656506,,,*,,,,INDIRILMEDI,,,,
METEN,2025,12,1582505,,,*,,,,INDIRILMEDI,,,,
METEN,2026,6,1650784,,,*,,,,INDIRILMEDI,,,,
MIATK,2024,12,1397871,520003,Konsolide,CFO,cari,864388047.0,XBRL,TEYITLI,TL,12,A. İşletme Faaliyetlerinden Nakit Akışları 864.388.047 849.649.426,
MIATK,2024,12,1397871,520003,Konsolide,CFO,onceki,849649426.0,XBRL,TEYITLI,TL,12,A. İşletme Faaliyetlerinden Nakit Akışları 864.388.047 849.649.426,
MIATK,2024,12,1397871,520003,Konsolide,MDV+MODV,cari,-511516240.0,XBRL,TEYITLI,TL,13,B. Yatırım Faaliyetlerinden Kaynaklanan Nakit Akışları -511.516.240 -886.700.383,
MIATK,2024,12,1397871,520003,Konsolide,MDV+MODV,onceki,-886700383.0,XBRL,TEYITLI,TL,13,B. Yatırım Faaliyetlerinden Kaynaklanan Nakit Akışları -511.516.240 -886.700.383,
MIATK,2024,12,1397871,520003,Konsolide,YAGM,cari,,XBRL,SIFIR,,,,
MIATK,2024,12,1397871,520003,Konsolide,YAGM,onceki,,XBRL,SIFIR,,,,
MIATK,2024,12,1397871,520003,Konsolide,YAGM,*,,PDF,PDF_EK_SATIR,,12,• Yatırım amaçlı gayrimenkullerin elden çıkarılmasından kaynaklanan kayıplar [11] -8.675 -19.296.848,
MIATK,2024,12,1397871,520003,Konsolide,KIRA,cari,,XBRL,SIFIR,,,,
MIATK,2024,12,1397871,520003,Konsolide,KIRA,onceki,,XBRL,SIFIR,,,,
MIATK,2025,9,1513584,,,*,,,,INDIRILMEDI,,,,
MMCAS,2024,12,1575792,,,*,,,,INDIRILMEDI,,,,
MMCAS,2025,3,1575795,,,*,,,,INDIRILMEDI,,,,
MMCAS,2025,6,1572689,,,*,,,,INDIRILMEDI,,,,
MMCAS,2025,9,1572690,,,*,,,,INDIRILMEDI,,,,
MNDTR,2024,12,1405154,520003,Konsolide,CFO,cari,-219608852.0,XBRL,TEYITLI,TL,8,A. İŞLETME FAALİYETLERDEN NAKİT AKIŞLARI (219.608.852) 707.288.990,
MNDTR,2024,12,1405154,520003,Konsolide,CFO,onceki,707288990.0,XBRL,TEYITLI,TL,8,A. İŞLETME FAALİYETLERDEN NAKİT AKIŞLARI (219.608.852) 707.288.990,
MNDTR,2024,12,1405154,520003,Konsolide,MDV+MODV,cari,-502646421.0,XBRL,TEYITLI,TL,9,"Nakit Çıkışları 10,11 (502.646.421) (578.929.979)",
MNDTR,2024,12,1405154,520003,Konsolide,MDV+MODV,onceki,-578929979.0,XBRL,TEYITLI,TL,9,"Nakit Çıkışları 10,11 (502.646.421) (578.929.979)",
MNDTR,2024,12,1405154,520003,Konsolide,YAGM,cari,,XBRL,SIFIR,,,,
MNDTR,2024,12,1405154,520003,Konsolide,YAGM,onceki,,XBRL,SIFIR,,,,
MNDTR,2024,12,1405154,520003,Konsolide,KIRA,cari,25786785.0,XBRL,TEYITLI,TL,9,Borç Ödemelerine İlişkin Nakit Çıkışları 25.786.785 (33.497.470),
MNDTR,2024,12,1405154,520003,Konsolide,KIRA,onceki,-33497470.0,XBRL,TEYITLI,TL,9,Borç Ödemelerine İlişkin Nakit Çıkışları 25.786.785 (33.497.470),
MNDTR,2025,3,1438184,520003,Konsolide,CFO,cari,-204626868.0,XBRL,TEYITLI,TL,8,A. İŞLETME FAALİYETLERDEN NAKİT AKIŞLARI (204.626.868) 1.130.929.204,
MNDTR,2025,3,1438184,520003,Konsolide,CFO,onceki,1130929204.0,XBRL,TEYITLI,TL,8,A. İŞLETME FAALİYETLERDEN NAKİT AKIŞLARI (204.626.868) 1.130.929.204,
MNDTR,2025,3,1438184,520003,Konsolide,MDV+MODV,cari,-22366873.0,XBRL,TEYITLI,TL,9,"Nakit Çıkışları 10,11 (22.366.873) (74.522.582)",
MNDTR,2025,3,1438184,520003,Konsolide,MDV+MODV,onceki,-74522582.0,XBRL,TEYITLI,TL,9,"Nakit Çıkışları 10,11 (22.366.873) (74.522.582)",
MNDTR,2025,3,1438184,520003,Konsolide,YAGM,cari,,XBRL,SIFIR,,,,
MNDTR,2025,3,1438184,520003,Konsolide,YAGM,onceki,,XBRL,SIFIR,,,,
MNDTR,2025,3,1438184,520003,Konsolide,KIRA,cari,33196576.0,XBRL,TEYITLI,TL,9,Borç Ödemelerine İlişkin Nakit Çıkışları 33.196.576 (50.200.707),
MNDTR,2025,3,1438184,520003,Konsolide,KIRA,onceki,-50200708.0,XBRL,TEYITLI,TL,9,Borç Ödemelerine İlişkin Nakit Çıkışları 33.196.576 (50.200.707),
MNDTR,2025,6,1479348,,,*,,,,INDIRILMEDI,,,,
MNDTR,2025,9,1513558,,,*,,,,INDIRILMEDI,,,,
MNDTR,2025,12,1571411,,,*,,,,INDIRILMEDI,,,,
MNDTR,2026,3,1605493,,,*,,,,INDIRILMEDI,,,,
MNDTR,2026,6,1651806,,,*,,,,INDIRILMEDI,,,,
MZHLD,2024,12,1405264,520003,Konsolide,CFO,cari,58525950.0,XBRL,TEYITLI,TL,12,İŞLETME FAALİYETLERİNDEN NAKİT AKIŞLARI 58.525.950 (152.456.237),
MZHLD,2024,12,1405264,520003,Konsolide,CFO,onceki,-152456237.0,XBRL,TEYITLI,TL,12,İŞLETME FAALİYETLERİNDEN NAKİT AKIŞLARI 58.525.950 (152.456.237),
MZHLD,2024,12,1405264,520003,Konsolide,MDV+MODV,cari,-43063090.0,XBRL,TEYITLI,TL,12,"Maddi Duran Varlıkların Alımından Kaynaklanan Nakit Çıkışları (-) 13,15 (43.063.090) (74.181.238)",
MZHLD,2024,12,1405264,520003,Konsolide,MDV+MODV,onceki,-74181238.0,XBRL,TEYITLI,TL,12,"Maddi Duran Varlıkların Alımından Kaynaklanan Nakit Çıkışları (-) 13,15 (43.063.090) (74.181.238)",
MZHLD,2024,12,1405264,520003,Konsolide,YAGM,cari,,XBRL,SIFIR,,,,
MZHLD,2024,12,1405264,520003,Konsolide,YAGM,onceki,,XBRL,SIFIR,,,,
MZHLD,2024,12,1405264,520003,Konsolide,KIRA,cari,-39414961.0,XBRL,TEYITLI,TL,12,Kiralama Yükümlülükleriyle İlgili Nakit Çıkışları (-) 14 (39.414.961) (4.151.236),
MZHLD,2024,12,1405264,520003,Konsolide,KIRA,onceki,-4151236.0,XBRL,TEYITLI,TL,12,Kiralama Yükümlülükleriyle İlgili Nakit Çıkışları (-) 14 (39.414.961) (4.151.236),
MZHLD,2025,6,1480344,,,*,,,,INDIRILMEDI,,,,
MZHLD,2025,9,1513541,,,*,,,,INDIRILMEDI,,,,
MZHLD,2025,12,1570905,,,*,,,,INDIRILMEDI,,,,
MZHLD,2026,3,1605443,,,*,,,,INDIRILMEDI,,,,
MZHLD,2026,6,1653042,,,*,,,,INDIRILMEDI,,,,
NETAS,2024,12,1404890,520003,Konsolide,CFO,cari,544641833.0,XBRL,TEYITLI,TL,11,544.641.833 433.182.580,
NETAS,2024,12,1404890,520003,Konsolide,CFO,onceki,433182580.0,XBRL,TEYITLI,TL,11,544.641.833 433.182.580,
NETAS,2024,12,1404890,520003,Konsolide,MDV+MODV,cari,-28111653.0,XBRL,TEYITLI,TL,12,Maddi ve Maddi Olmayan Duran Varlıkların Alımından Kaynaklanan Nakit Çıkışları (28.111.653) (7.670.467),
NETAS,2024,12,1404890,520003,Konsolide,MDV+MODV,onceki,-7670467.0,XBRL,TEYITLI,TL,12,Maddi ve Maddi Olmayan Duran Varlıkların Alımından Kaynaklanan Nakit Çıkışları (28.111.653) (7.670.467),
NETAS,2024,12,1404890,520003,Konsolide,YAGM,cari,,XBRL,SIFIR,,,,
NETAS,2024,12,1404890,520003,Konsolide,YAGM,onceki,,XBRL,SIFIR,,,,
NETAS,2024,12,1404890,520003,Konsolide,KIRA,cari,-114956920.0,XBRL,TEYITLI,TL,12,Kiralama sözleşmelerinden kaynaklanan borç ödemelerine ilişkin nakit çıkışları 6 (114.956.920) (57.839.924),
NETAS,2024,12,1404890,520003,Konsolide,KIRA,onceki,-57839924.0,XBRL,TEYITLI,TL,12,Kiralama sözleşmelerinden kaynaklanan borç ödemelerine ilişkin nakit çıkışları 6 (114.956.920) (57.839.924),
NETAS,2025,6,1477884,,,*,,,,INDIRILMEDI,,,,
NETAS,2025,9,1513313,,,*,,,,INDIRILMEDI,,,,
NETAS,2025,12,1569984,,,*,,,,INDIRILMEDI,,,,
NETAS,2026,6,1650432,,,*,,,,INDIRILMEDI,,,,
NETCD,2025,12,1562094,,,*,,,,INDIRILMEDI,,,,
NETCD,2026,3,1598896,,,*,,,,INDIRILMEDI,,,,
NETCD,2026,6,1645557,,,*,,,,INDIRILMEDI,,,,
NTHOL,2024,12,1405442,520003,Konsolide,CFO,cari,10364787.0,XBRL,TEYITLI,TL,15,A. İŞLETME FAALİYETLERDEN NAKİT AKIŞLARI 10.364.787 5.523.316,
NTHOL,2024,12,1405442,520003,Konsolide,CFO,onceki,5523316.0,XBRL,TEYITLI,TL,15,A. İŞLETME FAALİYETLERDEN NAKİT AKIŞLARI 10.364.787 5.523.316,
NTHOL,2024,12,1405442,520003,Konsolide,MDV+MODV,cari,-9283543.0,XBRL,TEYITLI,TL,16,Nakit Çıkışları (9.283.543) (3.422.814),
NTHOL,2024,12,1405442,520003,Konsolide,MDV+MODV,onceki,-3422814.0,XBRL,TEYITLI,TL,16,Nakit Çıkışları (9.283.543) (3.422.814),
NTHOL,2024,12,1405442,520003,Konsolide,YAGM,cari,-874342.0,XBRL,TEYITLI,TL,16,Yatırım Amaçlı Gayrimenkul Alımından Kaynaklanan Nakit Çıkışları (874.342) (154.482),
NTHOL,2024,12,1405442,520003,Konsolide,YAGM,onceki,-154482.0,XBRL,TEYITLI,TL,16,Yatırım Amaçlı Gayrimenkul Alımından Kaynaklanan Nakit Çıkışları (874.342) (154.482),
NTHOL,2024,12,1405442,520003,Konsolide,KIRA,cari,,XBRL,SIFIR,,,,
NTHOL,2024,12,1405442,520003,Konsolide,KIRA,onceki,,XBRL,SIFIR,,,,
NTHOL,2025,3,1438225,520003,Konsolide,CFO,cari,1428549.0,XBRL,TEYITLI,TL,8,A. İŞLETME FAALİYETLERDEN NAKİT AKIŞLARI 1.428.549 2.950.973,
NTHOL,2025,3,1438225,520003,Konsolide,CFO,onceki,2950973.0,XBRL,TEYITLI,TL,8,A. İŞLETME FAALİYETLERDEN NAKİT AKIŞLARI 1.428.549 2.950.973,
NTHOL,2025,3,1438225,520003,Konsolide,MDV+MODV,cari,-1478856.0,XBRL,TEYITLI,TL,9,Kaynaklanan Nakit Çıkışları (1.478.856) (6.147.230),
NTHOL,2025,3,1438225,520003,Konsolide,MDV+MODV,onceki,-6147230.0,XBRL,TEYITLI,TL,9,Kaynaklanan Nakit Çıkışları (1.478.856) (6.147.230),
NTHOL,2025,3,1438225,520003,Konsolide,YAGM,cari,,XBRL,SIFIR,,,,
NTHOL,2025,3,1438225,520003,Konsolide,YAGM,onceki,,XBRL,SIFIR,,,,
NTHOL,2025,3,1438225,520003,Konsolide,KIRA,cari,,XBRL,SIFIR,,,,
NTHOL,2025,3,1438225,520003,Konsolide,KIRA,onceki,,XBRL,SIFIR,,,,
NTHOL,2025,6,1481043,,,*,,,,INDIRILMEDI,,,,
NTHOL,2025,9,1514656,,,*,,,,INDIRILMEDI,,,,
NUHCM,2024,12,1396378,520003,Konsolide,CFO,cari,3368976229.0,XBRL,TEYITLI,TL,12,3.368.976.229 4.665.600.776,
NUHCM,2024,12,1396378,520003,Konsolide,CFO,onceki,4665600776.0,XBRL,TEYITLI,TL,12,3.368.976.229 4.665.600.776,
NUHCM,2024,12,1396378,520003,Konsolide,MDV+MODV,cari,-1521341238.0,XBRL,TEYITLI,TL,12,"Alımından Kaynaklanan Nakit Çıkışları 12,13 (1.521.341.238) (1.728.292.977)",
NUHCM,2024,12,1396378,520003,Konsolide,MDV+MODV,onceki,-1728292977.0,XBRL,TEYITLI,TL,12,"Alımından Kaynaklanan Nakit Çıkışları 12,13 (1.521.341.238) (1.728.292.977)",
NUHCM,2024,12,1396378,520003,Konsolide,YAGM,cari,,XBRL,SIFIR,,,,
NUHCM,2024,12,1396378,520003,Konsolide,YAGM,onceki,,XBRL,SIFIR,,,,
NUHCM,2024,12,1396378,520003,Konsolide,YAGM,*,,PDF,PDF_EK_SATIR,,12,Yatırım Amaçlı Gayrimenkul Satışından Kaynaklanan Nakit Girişleri - 7.282.280,
NUHCM,2024,12,1396378,520003,Konsolide,KIRA,cari,145183670.0,XBRL,TEYITLI,TL,12,Kira Ödemelerinden Kaynaklanan Nakit Çıkışları 28 145.183.670 (28.504.779),
NUHCM,2024,12,1396378,520003,Konsolide,KIRA,onceki,-28504779.0,XBRL,TEYITLI,TL,12,Kira Ödemelerinden Kaynaklanan Nakit Çıkışları 28 145.183.670 (28.504.779),
NUHCM,2025,3,1436655,520003,Konsolide,CFO,cari,299350491.0,XBRL,TEYITLI,TL,8,299.350.492 2.151.240.901,
NUHCM,2025,3,1436655,520003,Konsolide,CFO,onceki,2151240901.0,XBRL,TEYITLI,TL,8,299.350.492 2.151.240.901,
NUHCM,2025,3,1436655,520003,Konsolide,MDV+MODV,cari,-145312283.0,XBRL,TEYITLI,TL,8,(145.312.283) (451.877.249),
NUHCM,2025,3,1436655,520003,Konsolide,MDV+MODV,onceki,-451877249.0,XBRL,TEYITLI,TL,8,(145.312.283) (451.877.249),
NUHCM,2025,3,1436655,520003,Konsolide,YAGM,cari,,XBRL,SIFIR,,,,
NUHCM,2025,3,1436655,520003,Konsolide,YAGM,onceki,,XBRL,SIFIR,,,,
NUHCM,2025,3,1436655,520003,Konsolide,KIRA,cari,,XBRL,SIFIR,,,,
NUHCM,2025,3,1436655,520003,Konsolide,KIRA,onceki,,XBRL,SIFIR,,,,
NUHCM,2025,3,1436655,520003,Konsolide,KIRA,*,,PDF,PDF_EK_SATIR,,8,Kira Ödemelerinden Kaynaklanan Nakit Çıkışları (31.882.285) (4.433.720),
NUHCM,2025,12,1559422,,,*,,,,INDIRILMEDI,,,,
NUHCM,2026,3,1602696,,,*,,,,INDIRILMEDI,,,,
NUHCM,2026,6,1651522,,,*,,,,INDIRILMEDI,,,,
ODINE,2024,12,1404945,520003,Konsolide,CFO,cari,257144110.0,XBRL,TEYITLI,TL,11,A. İŞLETME FAALİYETLERİNDEN NAKİT AKIŞLARI 257.144.110 451.469.840,
ODINE,2024,12,1404945,520003,Konsolide,CFO,onceki,451469840.0,XBRL,TEYITLI,TL,11,A. İŞLETME FAALİYETLERİNDEN NAKİT AKIŞLARI 257.144.110 451.469.840,
ODINE,2024,12,1404945,520003,Konsolide,MDV+MODV,cari,-472789075.0,XBRL,TEYITLI,TL,11,"Çıkışları 12,13 (472.789.075) (191.760.606)",
ODINE,2024,12,1404945,520003,Konsolide,MDV+MODV,onceki,-191760606.0,XBRL,TEYITLI,TL,11,"Çıkışları 12,13 (472.789.075) (191.760.606)",
ODINE,2024,12,1404945,520003,Konsolide,YAGM,cari,,XBRL,SIFIR,,,,
ODINE,2024,12,1404945,520003,Konsolide,YAGM,onceki,,XBRL,SIFIR,,,,
ODINE,2024,12,1404945,520003,Konsolide,KIRA,cari,-7440817.0,XBRL,TEYITLI,TL,11,Kiralama Yükümlülükleri İle İlgili Nakit Çıkışları 15 (7.440.817) (4.454.707),
ODINE,2024,12,1404945,520003,Konsolide,KIRA,onceki,-4454707.0,XBRL,TEYITLI,TL,11,Kiralama Yükümlülükleri İle İlgili Nakit Çıkışları 15 (7.440.817) (4.454.707),
ODINE,2025,3,1438045,520003,Konsolide,CFO,cari,514978318.0,XBRL,TEYITLI,TL,7,A. İŞLETME FAALİYETLERİNDEN NAKİT AKIŞLARI 514.978.318 167.769.623,
ODINE,2025,3,1438045,520003,Konsolide,CFO,onceki,167769623.0,XBRL,TEYITLI,TL,7,A. İŞLETME FAALİYETLERİNDEN NAKİT AKIŞLARI 514.978.318 167.769.623,
ODINE,2025,3,1438045,520003,Konsolide,MDV+MODV,cari,-72097781.0,XBRL,TEYITLI,TL,7,B. YATIRIM FAALİYETLERİNDEN KAYNAKLANAN NAKİT AKIŞLARI (72.097.781) (82.968.702),
ODINE,2025,3,1438045,520003,Konsolide,MDV+MODV,onceki,-83075590.0,XBRL,TEYITLI,TL,7,Maddi ve Maddi Olmayan Duran Varlıkların Alımından Kaynaklanan Nakit Çıkışları (72.097.781) (83.075.590),
ODINE,2025,3,1438045,520003,Konsolide,YAGM,cari,,XBRL,SIFIR,,,,
ODINE,2025,3,1438045,520003,Konsolide,YAGM,onceki,,XBRL,SIFIR,,,,
ODINE,2025,3,1438045,520003,Konsolide,KIRA,cari,-4387391.0,XBRL,TEYITLI,TL,7,Kiralama Yükümlülükleri İle İlgili Nakit Çıkışları 15 (4.387.391) (9.886.909),
ODINE,2025,3,1438045,520003,Konsolide,KIRA,onceki,-9886909.0,XBRL,TEYITLI,TL,7,Kiralama Yükümlülükleri İle İlgili Nakit Çıkışları 15 (4.387.391) (9.886.909),
ODINE,2025,6,1480273,,,*,,,,INDIRILMEDI,,,,
ODINE,2025,12,1570823,,,*,,,,INDIRILMEDI,,,,
ODINE,2026,3,1605660,,,*,,,,INDIRILMEDI,,,,
ODINE,2026,6,1651588,,,*,,,,INDIRILMEDI,,,,
OFSYM,2024,12,1402625,520003,Konsolide,CFO,cari,1413858056.0,XBRL,TEYITLI,TL,11,A. İşletme faaliyetlerinden nakit akımları 1.413.858.056 1.696.784.122,
OFSYM,2024,12,1402625,520003,Konsolide,CFO,onceki,1696784122.0,XBRL,TEYITLI,TL,11,A. İşletme faaliyetlerinden nakit akımları 1.413.858.056 1.696.784.122,
OFSYM,2024,12,1402625,520003,Konsolide,MDV+MODV,cari,-520080546.0,XBRL,TEYITLI,TL,11,çıkışları (520.080.546) (585.880.467),
OFSYM,2024,12,1402625,520003,Konsolide,MDV+MODV,onceki,-585880467.0,XBRL,TEYITLI,TL,11,çıkışları (520.080.546) (585.880.467),
OFSYM,2024,12,1402625,520003,Konsolide,YAGM,cari,-18336103.0,XBRL,TEYITLI,TL,11,"çıkışları/girişleri, net (18.336.103) -",
OFSYM,2024,12,1402625,520003,Konsolide,YAGM,onceki,,XBRL,SIFIR,,,,
OFSYM,2024,12,1402625,520003,Konsolide,KIRA,cari,,XBRL,SIFIR,,,,
OFSYM,2024,12,1402625,520003,Konsolide,KIRA,onceki,,XBRL,SIFIR,,,,
OFSYM,2025,9,1511811,,,*,,,,INDIRILMEDI,,,,
ONCSM,2025,12,1560019,,,*,,,,INDIRILMEDI,,,,
ONCSM,2026,6,1652780,,,*,,,,INDIRILMEDI,,,,
ONRYT,2024,12,1415200,520003,Konsolide Olmayan,CFO,cari,-31036394.0,XBRL,PDF_YOK,,,,
ONRYT,2024,12,1415200,520003,Konsolide Olmayan,CFO,onceki,99656600.0,XBRL,PDF_YOK,,,,
ONRYT,2024,12,1415200,520003,Konsolide Olmayan,MDV+MODV,cari,-155101241.0,XBRL,PDF_YOK,,,,
ONRYT,2024,12,1415200,520003,Konsolide Olmayan,MDV+MODV,onceki,-69751465.0,XBRL,PDF_YOK,,,,
ONRYT,2024,12,1415200,520003,Konsolide Olmayan,YAGM,cari,,XBRL,PDF_YOK,,,,
ONRYT,2024,12,1415200,520003,Konsolide Olmayan,YAGM,onceki,,XBRL,PDF_YOK,,,,
ONRYT,2024,12,1415200,520003,Konsolide Olmayan,KIRA,cari,-4682076.0,XBRL,PDF_YOK,,,,
ONRYT,2024,12,1415200,520003,Konsolide Olmayan,KIRA,onceki,-3090062.0,XBRL,PDF_YOK,,,,
ONRYT,2025,3,1432334,520003,Konsolide Olmayan,CFO,cari,111172494.0,XBRL,TEYITLI,TL,5,A. İşletme Faaliyetlerinden Kaynaklanan Nakit Akışları 111.172.494 52.678.845,
ONRYT,2025,3,1432334,520003,Konsolide Olmayan,CFO,onceki,52678845.0,XBRL,TEYITLI,TL,5,A. İşletme Faaliyetlerinden Kaynaklanan Nakit Akışları 111.172.494 52.678.845,
ONRYT,2025,3,1432334,520003,Konsolide Olmayan,MDV+MODV,cari,,XBRL,SIFIR,,,,
ONRYT,2025,3,1432334,520003,Konsolide Olmayan,MDV+MODV,onceki,,XBRL,SIFIR,,,,
ONRYT,2025,3,1432334,520003,Konsolide Olmayan,MDV+MODV,*,,PDF,PDF_EK_SATIR,,5,Maddi ve Maddi Olmayan Duran Varlıkların Alımından Kaynaklanan Nakit Çıkışları -49.776.182 -23.279.199 || Maddi Duran Varlık Alımından Kaynaklanan Nakit Çıkışları 15 -2.256.121 -4.074.716 || Maddi Olmayan Duran Varlık Alımından Kaynaklanan Nakit Çıkışları 16 -47.520.061 -19.204.483,
ONRYT,2025,3,1432334,520003,Konsolide Olmayan,YAGM,cari,,XBRL,SIFIR,,,,
ONRYT,2025,3,1432334,520003,Konsolide Olmayan,YAGM,onceki,,XBRL,SIFIR,,,,
ONRYT,2025,3,1432334,520003,Konsolide Olmayan,KIRA,cari,,XBRL,SIFIR,,,,
ONRYT,2025,3,1432334,520003,Konsolide Olmayan,KIRA,onceki,,XBRL,SIFIR,,,,
ORMA,2024,12,1398918,520003,Konsolide Olmayan,CFO,cari,269583667.0,XBRL,TEYITLI,TL,11,A. İŞLETME FAALİYETLERİNDEN NAKİT AKIŞLARI 269.583.667 621.402.278,
ORMA,2024,12,1398918,520003,Konsolide Olmayan,CFO,onceki,621402278.0,XBRL,TEYITLI,TL,11,A. İŞLETME FAALİYETLERİNDEN NAKİT AKIŞLARI 269.583.667 621.402.278,
ORMA,2024,12,1398918,520003,Konsolide Olmayan,MDV+MODV,cari,-477665051.0,XBRL,TEYITLI,TL,11,B. YATIRIM FAALİYETLERİNDEN KAYNAKLANAN NAKİT AKIŞLARI (477.665.051) (332.770.500),
ORMA,2024,12,1398918,520003,Konsolide Olmayan,MDV+MODV,onceki,-333051233.0,XBRL(alt kalemler PDF),TEYITLI,TL,11,Maddi duran varlık alımından kaynaklanan nakit çıkışları (-) 16 (476.466.800) (332.090.444) + Maddi olmayan duran varlık alımından kaynaklanan nakit çıkışları (-) 17 (1.198.251) (960.789),
ORMA,2024,12,1398918,520003,Konsolide Olmayan,YAGM,cari,,XBRL,SIFIR,,,,
ORMA,2024,12,1398918,520003,Konsolide Olmayan,YAGM,onceki,,XBRL,SIFIR,,,,
ORMA,2024,12,1398918,520003,Konsolide Olmayan,KIRA,cari,-14325838.0,XBRL,TEYITLI,TL,11,Kiralama yükümlülükleriyle ilgili nakit çıkışları (-) (14.325.838) (14.233.695),
ORMA,2024,12,1398918,520003,Konsolide Olmayan,KIRA,onceki,-14233695.0,XBRL,TEYITLI,TL,11,Kiralama yükümlülükleriyle ilgili nakit çıkışları (-) (14.325.838) (14.233.695),
ORMA,2025,6,1469120,520003,Konsolide Olmayan,CFO,cari,257100820.0,XBRL,TEYITLI,TL,7,A. İŞLETME FAALİYETLERİNDEN NAKİT AKIŞLARI 257.100.820 170.054.234,
ORMA,2025,6,1469120,520003,Konsolide Olmayan,CFO,onceki,170054234.0,XBRL,TEYITLI,TL,7,A. İŞLETME FAALİYETLERİNDEN NAKİT AKIŞLARI 257.100.820 170.054.234,
ORMA,2025,6,1469120,520003,Konsolide Olmayan,MDV+MODV,cari,-192533229.0,XBRL,TEYITLI,TL,7,Maddi duran varlık alımından kaynaklanan nakit çıkışları (-) 16 (192.533.229) (392.865.431),
ORMA,2025,6,1469120,520003,Konsolide Olmayan,MDV+MODV,onceki,-394263475.0,XBRL,TEYITLI,TL,7,AKIŞLARI (192.291.772) (394.263.475),
ORMA,2025,6,1469120,520003,Konsolide Olmayan,YAGM,cari,,XBRL,SIFIR,,,,
ORMA,2025,6,1469120,520003,Konsolide Olmayan,YAGM,onceki,,XBRL,SIFIR,,,,
ORMA,2025,6,1469120,520003,Konsolide Olmayan,KIRA,cari,-13367361.0,XBRL,TEYITLI,TL,7,Kiralama yükümlülükleriyle ilgili nakit çıkışları (-) 15 (13.367.361) (385.410),
ORMA,2025,6,1469120,520003,Konsolide Olmayan,KIRA,onceki,-385410.0,XBRL,TEYITLI,TL,7,Kiralama yükümlülükleriyle ilgili nakit çıkışları (-) 15 (13.367.361) (385.410),
ORMA,2025,12,1564656,,,*,,,,INDIRILMEDI,,,,
ORMA,2026,6,1639803,,,*,,,,INDIRILMEDI,,,,
ORZAX,2026,6,1653136,,,*,,,,INDIRILMEDI,,,,
OSTIM,2024,12,1404420,520003,Konsolide,CFO,cari,11940282.0,XBRL,PDF_TUTMADI,,,,
OSTIM,2024,12,1404420,520003,Konsolide,CFO,onceki,342846992.0,XBRL,PDF_TUTMADI,,,,
OSTIM,2024,12,1404420,520003,Konsolide,MDV+MODV,cari,-46558356.0,XBRL,TEYITLI,TL,12,(46.558.356) (24.010.306),
OSTIM,2024,12,1404420,520003,Konsolide,MDV+MODV,onceki,-24010306.0,XBRL,TEYITLI,TL,12,(46.558.356) (24.010.306),
OSTIM,2024,12,1404420,520003,Konsolide,YAGM,cari,,XBRL,SIFIR,,,,
OSTIM,2024,12,1404420,520003,Konsolide,YAGM,onceki,,XBRL,SIFIR,,,,
OSTIM,2024,12,1404420,520003,Konsolide,YAGM,*,,PDF,PDF_EK_SATIR,,12,Yatırım Amaçlı Gayrimenkul Satımından Kaynaklanan Nakit Girişleri 13 3.789.943 --,
OSTIM,2024,12,1404420,520003,Konsolide,KIRA,cari,,XBRL,SIFIR,,,,
OSTIM,2024,12,1404420,520003,Konsolide,KIRA,onceki,,XBRL,SIFIR,,,,
OSTIM,2025,3,1436924,520003,Konsolide,CFO,cari,-19828320.0,XBRL,TEYITLI,TL,7,A. İşletme Faaliyetlerinden Nakit Akımları (19.828.320) (14.938.751),
OSTIM,2025,3,1436924,520003,Konsolide,CFO,onceki,-14938751.0,XBRL,TEYITLI,TL,7,A. İşletme Faaliyetlerinden Nakit Akımları (19.828.320) (14.938.751),
OSTIM,2025,3,1436924,520003,Konsolide,MDV+MODV,cari,634118.0,XBRL,TEYITLI,TL,7,"Maddi ve Maddi Olmayan Duran Varlıkların Alımından Kaynaklanan Nakit Çıkışları 10,11 634.118 -",
OSTIM,2025,3,1436924,520003,Konsolide,MDV+MODV,onceki,,XBRL,SIFIR,,,,
OSTIM,2025,3,1436924,520003,Konsolide,YAGM,cari,,XBRL,SIFIR,,,,
OSTIM,2025,3,1436924,520003,Konsolide,YAGM,onceki,,XBRL,SIFIR,,,,
OSTIM,2025,3,1436924,520003,Konsolide,KIRA,cari,,XBRL,SIFIR,,,,
OSTIM,2025,3,1436924,520003,Konsolide,KIRA,onceki,,XBRL,SIFIR,,,,
OZATD,2024,12,1399375,520003,Konsolide Olmayan,CFO,cari,-1173912255.0,XBRL,TEYITLI,TL,14,İşletme Faaliyetlerinden Nakit Akışları (1.173.912.255) 256.328.164,
OZATD,2024,12,1399375,520003,Konsolide Olmayan,CFO,onceki,256328164.0,XBRL,TEYITLI,TL,14,İşletme Faaliyetlerinden Nakit Akışları (1.173.912.255) 256.328.164,
OZATD,2024,12,1399375,520003,Konsolide Olmayan,MDV+MODV,cari,-397079325.0,XBRL,TEYITLI,TL,14,(397.079.325) (490.726.062),
OZATD,2024,12,1399375,520003,Konsolide Olmayan,MDV+MODV,onceki,-490726062.0,XBRL,TEYITLI,TL,14,Yatırım Faaliyetlerinden Kaynaklanan Nakit Akışları (253.762.590) (490.726.062),
OZATD,2024,12,1399375,520003,Konsolide Olmayan,YAGM,cari,,XBRL,SIFIR,,,,
OZATD,2024,12,1399375,520003,Konsolide Olmayan,YAGM,onceki,,XBRL,SIFIR,,,,
OZATD,2024,12,1399375,520003,Konsolide Olmayan,KIRA,cari,-67675657.0,XBRL,TEYITLI,TL,14,Kiralama Yükümlülüklerine İlişkin Nakit girişleri / Çıkışları (67.675.657) (80.851.680),
OZATD,2024,12,1399375,520003,Konsolide Olmayan,KIRA,onceki,-80851680.0,XBRL,TEYITLI,TL,14,Kiralama Yükümlülüklerine İlişkin Nakit girişleri / Çıkışları (67.675.657) (80.851.680),
OZATD,2025,3,1432497,520003,Konsolide Olmayan,CFO,cari,149408012.0,XBRL,TEYITLI,TL,7,İşletme Faaliyetlerinden Nakit Akışları 149.408.012 (264.914.941),
OZATD,2025,3,1432497,520003,Konsolide Olmayan,CFO,onceki,-264914941.0,XBRL,TEYITLI,TL,7,İşletme Faaliyetlerinden Nakit Akışları 149.408.012 (264.914.941),
OZATD,2025,3,1432497,520003,Konsolide Olmayan,MDV+MODV,cari,-40512845.0,XBRL,TEYITLI,TL,7,Yatırım Faaliyetlerinden Kaynaklanan Nakit Akışları (40.512.845) (14.923.122),
OZATD,2025,3,1432497,520003,Konsolide Olmayan,MDV+MODV,onceki,-14923122.0,XBRL,TEYITLI,TL,7,Yatırım Faaliyetlerinden Kaynaklanan Nakit Akışları (40.512.845) (14.923.122),
OZATD,2025,3,1432497,520003,Konsolide Olmayan,YAGM,cari,,XBRL,SIFIR,,,,
OZATD,2025,3,1432497,520003,Konsolide Olmayan,YAGM,onceki,,XBRL,SIFIR,,,,
OZATD,2025,3,1432497,520003,Konsolide Olmayan,KIRA,cari,-9962805.0,XBRL,TEYITLI,mn TL,7,- Peşin Ödenmiş Giderlerdeki Azalış (Artış) 10 (47.338.970) (30.587.310),
OZATD,2025,3,1432497,520003,Konsolide Olmayan,KIRA,onceki,-4563695.0,XBRL,TEYITLI,TL,7,16 (9.962.805) (4.563.695),
OZRDN,2025,12,1567636,,,*,,,,INDIRILMEDI,,,,
OZRDN,2026,3,1603676,,,*,,,,INDIRILMEDI,,,,
OZRDN,2026,6,1656466,,,*,,,,INDIRILMEDI,,,,
OZSUB,2024,12,1402488,520003,Konsolide,CFO,cari,-304828790.0,XBRL,TEYITLI,TL,13,"İşletme Faaliyetlerinden Sağlanan Nakit Akışları, net (304.828.790) (68.020.461)",
OZSUB,2024,12,1402488,520003,Konsolide,CFO,onceki,-68020461.0,XBRL,TEYITLI,TL,13,"İşletme Faaliyetlerinden Sağlanan Nakit Akışları, net (304.828.790) (68.020.461)",
OZSUB,2024,12,1402488,520003,Konsolide,MDV+MODV,cari,-102078451.0,XBRL(alt kalemler PDF),TEYITLI,TL,13,Maddi duran varlıklardaki değişim 12 (51.712.677) (81.841.454) + Maddi olmayan duran varlıklardaki değişim 13 (50.365.774) (1.472.036),
OZSUB,2024,12,1402488,520003,Konsolide,MDV+MODV,onceki,-83313490.0,XBRL(alt kalemler PDF),TEYITLI,TL,13,Maddi duran varlıklardaki değişim 12 (51.712.677) (81.841.454) + Maddi olmayan duran varlıklardaki değişim 13 (50.365.774) (1.472.036),
OZSUB,2024,12,1402488,520003,Konsolide,YAGM,cari,,XBRL,SIFIR,,,,
OZSUB,2024,12,1402488,520003,Konsolide,YAGM,onceki,,XBRL,SIFIR,,,,
OZSUB,2024,12,1402488,520003,Konsolide,KIRA,cari,-357927.0,XBRL,TEYITLI,TL,13,Operasyonel kiralama işlemlerinden kaynaklanan nakit çıkışları 14 (357.927) (315.873),
OZSUB,2024,12,1402488,520003,Konsolide,KIRA,onceki,-315873.0,XBRL,TEYITLI,TL,13,Operasyonel kiralama işlemlerinden kaynaklanan nakit çıkışları 14 (357.927) (315.873),
OZSUB,2025,3,1436667,520003,Konsolide,CFO,cari,125858127.0,XBRL,TEYITLI,TL,8,"İşletme Faaliyetlerinden Sağlanan Nakit Akışları, net 125.858.127 (305.685.000)",
OZSUB,2025,3,1436667,520003,Konsolide,CFO,onceki,-305685000.0,XBRL,TEYITLI,TL,8,"İşletme Faaliyetlerinden Sağlanan Nakit Akışları, net 125.858.127 (305.685.000)",
OZSUB,2025,3,1436667,520003,Konsolide,MDV+MODV,cari,-9274130.0,XBRL,TEYITLI,TL,8,Maddi duran varlıklardaki değişim 12 (9.274.130) (15.922.771),
OZSUB,2025,3,1436667,520003,Konsolide,MDV+MODV,onceki,-15922771.0,XBRL,TEYITLI,TL,8,Maddi duran varlıklardaki değişim 12 (9.274.130) (15.922.771),
OZSUB,2025,3,1436667,520003,Konsolide,YAGM,cari,,XBRL,SIFIR,,,,
OZSUB,2025,3,1436667,520003,Konsolide,YAGM,onceki,,XBRL,SIFIR,,,,
OZSUB,2025,3,1436667,520003,Konsolide,KIRA,cari,0.0,XBRL,SIFIR,,,,
OZSUB,2025,3,1436667,520003,Konsolide,KIRA,onceki,-606247.0,XBRL,TEYITLI,TL,8,Operasyonel kiralama işlemlerinden kaynaklanan nakit çıkışları 14 -- (606.247),
OZSUB,2025,6,1479285,,,*,,,,INDIRILMEDI,,,,
OZSUB,2025,9,1516205,,,*,,,,INDIRILMEDI,,,,
OZSUB,2025,12,1568932,,,*,,,,INDIRILMEDI,,,,
OZSUB,2026,3,1603541,,,*,,,,INDIRILMEDI,,,,
OZSUB,2026,6,1648835,,,*,,,,INDIRILMEDI,,,,
PAHOL,2025,9,1524136,,,*,,,,INDIRILMEDI,,,,
PAHOL,2025,12,1564699,,,*,,,,INDIRILMEDI,,,,
PAHOL,2026,3,1599861,,,*,,,,INDIRILMEDI,,,,
PAHOL,2026,6,1643167,,,*,,,,INDIRILMEDI,,,,
PAPIL,2024,12,1404841,520003,Konsolide,CFO,cari,130054736.0,XBRL,TEYITLI,TL,12,İşletme Faaliyetlerinden Kaynaklanan Net Nakit 130.054.737 47.906.686,
PAPIL,2024,12,1404841,520003,Konsolide,CFO,onceki,47906685.0,XBRL,TEYITLI,TL,12,İşletme Faaliyetlerinden Kaynaklanan Net Nakit 130.054.737 47.906.686,
PAPIL,2024,12,1404841,520003,Konsolide,MDV+MODV,cari,-48043420.0,XBRL,TEYITLI,TL,12,"Maddi ve Maddi Olmayan Duran Varlıklar Alımından Kaynaklanan Nakit Çıkışları 9,10,11 (48.043.420) (49.151.647)",
PAPIL,2024,12,1404841,520003,Konsolide,MDV+MODV,onceki,-49151647.0,XBRL,TEYITLI,TL,12,"Maddi ve Maddi Olmayan Duran Varlıklar Alımından Kaynaklanan Nakit Çıkışları 9,10,11 (48.043.420) (49.151.647)",
PAPIL,2024,12,1404841,520003,Konsolide,YAGM,cari,,XBRL,SIFIR,,,,
PAPIL,2024,12,1404841,520003,Konsolide,YAGM,onceki,,XBRL,SIFIR,,,,
PAPIL,2024,12,1404841,520003,Konsolide,KIRA,cari,-2551717.0,XBRL,TEYITLI,TL,12,Kira Sözleşmelerinden Kaynaklanan Borç Ödemelerine İlişkin Nakit Çıkışları (2.551.717) (5.511.987),
PAPIL,2024,12,1404841,520003,Konsolide,KIRA,onceki,-5511987.0,XBRL,TEYITLI,TL,12,Kira Sözleşmelerinden Kaynaklanan Borç Ödemelerine İlişkin Nakit Çıkışları (2.551.717) (5.511.987),
PAPIL,2025,3,1437648,520003,Konsolide,CFO,cari,164096821.0,XBRL,TEYITLI,TL,7,İşletme Faaliyetlerinden Kaynaklanan Net Nakit 164.096.821 56.559.575,
PAPIL,2025,3,1437648,520003,Konsolide,CFO,onceki,56559575.0,XBRL,TEYITLI,TL,7,İşletme Faaliyetlerinden Kaynaklanan Net Nakit 164.096.821 56.559.575,
PAPIL,2025,3,1437648,520003,Konsolide,MDV+MODV,cari,-10742265.0,XBRL,TEYITLI,TL,7,Çıkışları (10.742.265) (10.185.793),
PAPIL,2025,3,1437648,520003,Konsolide,MDV+MODV,onceki,-10185793.0,XBRL,TEYITLI,TL,7,Çıkışları (10.742.265) (10.185.793),
PAPIL,2025,3,1437648,520003,Konsolide,YAGM,cari,,XBRL,SIFIR,,,,
PAPIL,2025,3,1437648,520003,Konsolide,YAGM,onceki,,XBRL,SIFIR,,,,
PAPIL,2025,3,1437648,520003,Konsolide,KIRA,cari,1819007.0,XBRL,TEYITLI,TL,7,Kira Sözleşmelerinden Kaynaklanan Borç Ödemelerine İlişkin Nakit Çıkışları 1.819.007 (2.875.531),
PAPIL,2025,3,1437648,520003,Konsolide,KIRA,onceki,-2875531.0,XBRL,TEYITLI,TL,7,Kira Sözleşmelerinden Kaynaklanan Borç Ödemelerine İlişkin Nakit Çıkışları 1.819.007 (2.875.531),
PAPIL,2025,6,1481040,,,*,,,,INDIRILMEDI,,,,
PARSN,2024,12,1403864,520003,Konsolide,CFO,cari,132636751.0,XBRL,TEYITLI,TL,14,İşletme faaliyetlerinden kaynaklanan net nakit akışı (+/-) 132.636.751 266.359.219,
PARSN,2024,12,1403864,520003,Konsolide,CFO,onceki,266359219.0,XBRL,TEYITLI,TL,14,İşletme faaliyetlerinden kaynaklanan net nakit akışı (+/-) 132.636.751 266.359.219,
PARSN,2024,12,1403864,520003,Konsolide,MDV+MODV,cari,-500398568.0,XBRL,TEYITLI,TL,15,kaynaklanan nakit çıkışları (500.398.568) (734.095.480),
PARSN,2024,12,1403864,520003,Konsolide,MDV+MODV,onceki,-734095480.0,XBRL,TEYITLI,TL,15,kaynaklanan nakit çıkışları (500.398.568) (734.095.480),
PARSN,2024,12,1403864,520003,Konsolide,YAGM,cari,,XBRL,SIFIR,,,,
PARSN,2024,12,1403864,520003,Konsolide,YAGM,onceki,,XBRL,SIFIR,,,,
PARSN,2024,12,1403864,520003,Konsolide,KIRA,cari,-27345194.0,XBRL,TEYITLI,TL,15,ilişkin nakit çıkışları (27.345.194) -,
PARSN,2024,12,1403864,520003,Konsolide,KIRA,onceki,,XBRL,SIFIR,,,,
PARSN,2025,6,1480247,,,*,,,,INDIRILMEDI,,,,
PCILT,2024,12,1409933,520003,Konsolide,CFO,cari,-42230374.0,XBRL,TEYITLI,TL,12,İŞLETME FAALİYETLERİNDEN NAKİT AKIŞLARI Dipnot (42.230.374) 827.705.331,
PCILT,2024,12,1409933,520003,Konsolide,CFO,onceki,827705331.0,XBRL,TEYITLI,TL,12,İŞLETME FAALİYETLERİNDEN NAKİT AKIŞLARI Dipnot (42.230.374) 827.705.331,
PCILT,2024,12,1409933,520003,Konsolide,MDV+MODV,cari,-28610691.0,XBRL,TEYITLI,TL,12,"Maddi ve Maddi Olmayan Varlıkların Alımından Kaynaklanan Nakit Çıkışları, Net 13-15 (28.610.691) (31.651.004)",
PCILT,2024,12,1409933,520003,Konsolide,MDV+MODV,onceki,-31651004.0,XBRL,TEYITLI,TL,12,"Maddi ve Maddi Olmayan Varlıkların Alımından Kaynaklanan Nakit Çıkışları, Net 13-15 (28.610.691) (31.651.004)",
PCILT,2024,12,1409933,520003,Konsolide,YAGM,cari,-7696357.0,XBRL,TEYITLI,TL,12,"Yatırım Amaçlı Gayrimenkul Alımından Kaynaklanan Nakit Çıkışları, Net 12 (7.696.357) (12.303.276)",
PCILT,2024,12,1409933,520003,Konsolide,YAGM,onceki,-12303276.0,XBRL,TEYITLI,TL,12,"Yatırım Amaçlı Gayrimenkul Alımından Kaynaklanan Nakit Çıkışları, Net 12 (7.696.357) (12.303.276)",
PCILT,2024,12,1409933,520003,Konsolide,KIRA,cari,-8595818.0,XBRL,TEYITLI,TL,12,Kiralama Yükümlülüklerine İlişkin Nakit Çıkışları (8.595.818) (11.873.191),
PCILT,2024,12,1409933,520003,Konsolide,KIRA,onceki,-11873191.0,XBRL,TEYITLI,TL,12,Kiralama Yükümlülüklerine İlişkin Nakit Çıkışları (8.595.818) (11.873.191),
PCILT,2025,3,1441717,520003,Konsolide,CFO,cari,172851769.0,XBRL,TEYITLI,TL,7,İŞLETME FAALİYETLERİNDEN NAKİT AKIŞLARI Dipnot 172.851.769 66.033.763,
PCILT,2025,3,1441717,520003,Konsolide,CFO,onceki,66033763.0,XBRL,TEYITLI,TL,7,İŞLETME FAALİYETLERİNDEN NAKİT AKIŞLARI Dipnot 172.851.769 66.033.763,
PCILT,2025,3,1441717,520003,Konsolide,MDV+MODV,cari,-12637479.0,XBRL,TEYITLI,TL,7,B. YATIRIM FAALİYETLERİNDEN KAYNAKLANAN NAKİT AKIMI (12.637.479) (28.857.371),
PCILT,2025,3,1441717,520003,Konsolide,MDV+MODV,onceki,-20386548.0,XBRL,TEYITLI,TL,7,"Maddi ve Maddi Olmayan Varlıkların Alımından Kaynaklanan Nakit Çıkışları, Net 13-15 (12.637.479) (20.386.548)",
PCILT,2025,3,1441717,520003,Konsolide,YAGM,cari,0.0,XBRL,SIFIR,,,,
PCILT,2025,3,1441717,520003,Konsolide,YAGM,onceki,-8470823.0,XBRL,TEYITLI,TL,7,"Yatırım Amaçlı Gayrimenkul Alımından Kaynaklanan Nakit Çıkışları, Net 12 - (8.470.823)",
PCILT,2025,3,1441717,520003,Konsolide,KIRA,cari,-711313.0,XBRL,TEYITLI,TL,7,Kiralama Yükümlülüklerine İlişkin Nakit Çıkışları (711.313) 2.127.756,
PCILT,2025,3,1441717,520003,Konsolide,KIRA,onceki,2127756.0,XBRL,TEYITLI,TL,7,Kiralama Yükümlülüklerine İlişkin Nakit Çıkışları (711.313) 2.127.756,
PCILT,2025,9,1517494,,,*,,,,INDIRILMEDI,,,,
PCILT,2025,12,1570702,,,*,,,,INDIRILMEDI,,,,
PCILT,2026,3,1608740,,,*,,,,INDIRILMEDI,,,,
PCILT,2026,6,1652863,,,*,,,,INDIRILMEDI,,,,
PETKM,2024,12,1401155,520003,Konsolide,CFO,cari,2829510.0,XBRL,TEYITLI,TL,15,A. İşletme faaliyetlerinden elde edilen nakit akışları 2.829.510 2.364.827,
PETKM,2024,12,1401155,520003,Konsolide,CFO,onceki,2364827.0,XBRL,TEYITLI,TL,15,A. İşletme faaliyetlerinden elde edilen nakit akışları 2.829.510 2.364.827,
PETKM,2024,12,1401155,520003,Konsolide,MDV+MODV,cari,-4985568.0,XBRL,TEYITLI,TL,15,Maddi ve maddi olmayan duran varlık alımından kaynaklanan nakit çıkışları 11 (4.985.568) (4.554.850),
PETKM,2024,12,1401155,520003,Konsolide,MDV+MODV,onceki,-4554850.0,XBRL,TEYITLI,TL,15,Maddi ve maddi olmayan duran varlık alımından kaynaklanan nakit çıkışları 11 (4.985.568) (4.554.850),
PETKM,2024,12,1401155,520003,Konsolide,YAGM,cari,,XBRL,SIFIR,,,,
PETKM,2024,12,1401155,520003,Konsolide,YAGM,onceki,,XBRL,SIFIR,,,,
PETKM,2024,12,1401155,520003,Konsolide,YAGM,*,,PDF,PDF_EK_SATIR,,15,- Yatırım amaçlı gayrimenkullerin gerçeğe uygun değer (kazançları) ile ilgili düzeltmeler 25 (63.897) (10.914.312) || Yatırım amaçlı gayrimenkul satımından kaynaklanan nakit girişleri - 2.606,
PETKM,2024,12,1401155,520003,Konsolide,KIRA,cari,-168276.0,XBRL,TEYITLI,TL,15,Kira sözleşmelerinden kaynaklanan borç ödemelerine ilişkin nakit çıkışları (168.276) (289.029),
PETKM,2024,12,1401155,520003,Konsolide,KIRA,onceki,-289029.0,XBRL,TEYITLI,TL,15,Kira sözleşmelerinden kaynaklanan borç ödemelerine ilişkin nakit çıkışları (168.276) (289.029),
PETKM,2025,3,1435204,520003,Konsolide,CFO,cari,-7477623.0,XBRL,TEYITLI,TL,9,A. İşletme faaliyetlerinden elde edilen nakit akışları (7.477.623) (1.661.272),
PETKM,2025,3,1435204,520003,Konsolide,CFO,onceki,-1661272.0,XBRL,TEYITLI,TL,9,A. İşletme faaliyetlerinden elde edilen nakit akışları (7.477.623) (1.661.272),
PETKM,2025,3,1435204,520003,Konsolide,MDV+MODV,cari,-976152.0,XBRL,TEYITLI,TL,9,Maddi ve maddi olmayan duran varlık alımından kaynaklanan nakit çıkışları (976.152) (921.764),
PETKM,2025,3,1435204,520003,Konsolide,MDV+MODV,onceki,-921764.0,XBRL,TEYITLI,TL,9,Maddi ve maddi olmayan duran varlık alımından kaynaklanan nakit çıkışları (976.152) (921.764),
PETKM,2025,3,1435204,520003,Konsolide,YAGM,cari,,XBRL,SIFIR,,,,
PETKM,2025,3,1435204,520003,Konsolide,YAGM,onceki,,XBRL,SIFIR,,,,
PETKM,2025,3,1435204,520003,Konsolide,KIRA,cari,-49411.0,XBRL,TEYITLI,TL,9,Kira sözleşmelerinden kaynaklanan borç ödemelerine ilişkin nakit çıkışları (49.411) (66.393),
PETKM,2025,3,1435204,520003,Konsolide,KIRA,onceki,-66393.0,XBRL,TEYITLI,TL,9,Kira sözleşmelerinden kaynaklanan borç ödemelerine ilişkin nakit çıkışları (49.411) (66.393),
PETKM,2025,6,1473428,520003,Konsolide,CFO,cari,-3611169.0,XBRL,TEYITLI,TL,10,"A. Cash flows from operating activities: (3,611,169) (899,451)",
PETKM,2025,6,1473428,520003,Konsolide,CFO,onceki,-899451.0,XBRL,TEYITLI,TL,10,"A. Cash flows from operating activities: (3,611,169) (899,451)",
PETKM,2025,6,1473428,520003,Konsolide,MDV+MODV,cari,-2331754.0,XBRL,TEYITLI,TL,10,"Cash outflows from purchases of tangible and intangible assets 9 (2,331,754) (2,079,569)",
PETKM,2025,6,1473428,520003,Konsolide,MDV+MODV,onceki,-2079569.0,XBRL,TEYITLI,TL,10,"Cash outflows from purchases of tangible and intangible assets 9 (2,331,754) (2,079,569)",
PETKM,2025,6,1473428,520003,Konsolide,YAGM,cari,,XBRL,SIFIR,,,,
PETKM,2025,6,1473428,520003,Konsolide,YAGM,onceki,,XBRL,SIFIR,,,,
PETKM,2025,6,1473428,520003,Konsolide,YAGM,*,,PDF,PDF_EK_SATIR,,10,-Yatırım amaçlı gayrimenkullerin gerçeğe uygun değer kayıpları (kazançları) ile ilgili düzeltmeler 21 (39.490) 2.570.538,
PETKM,2025,6,1473428,520003,Konsolide,KIRA,cari,-69368.0,XBRL,TEYITLI,TL,10,"Cash outflows for lease payments (69,368) (102,470)",
PETKM,2025,6,1473428,520003,Konsolide,KIRA,onceki,-102470.0,XBRL,TEYITLI,TL,10,"Cash outflows for lease payments (69,368) (102,470)",
PETKM,2025,9,1511943,,,*,,,,INDIRILMEDI,,,,
PETKM,2025,12,1566143,,,*,,,,INDIRILMEDI,,,,
PETKM,2026,3,1602152,,,*,,,,INDIRILMEDI,,,,
PETKM,2026,6,1644016,,,*,,,,INDIRILMEDI,,,,
PLTUR,2024,12,1405135,520003,Konsolide,CFO,cari,189100365.0,XBRL,PDF_TUTMADI,,,,
PLTUR,2024,12,1405135,520003,Konsolide,CFO,onceki,613260321.0,XBRL,PDF_TUTMADI,,,,
PLTUR,2024,12,1405135,520003,Konsolide,MDV+MODV,cari,-422303636.0,XBRL,PDF_TUTMADI,,,,
PLTUR,2024,12,1405135,520003,Konsolide,MDV+MODV,onceki,-393101410.0,XBRL,PDF_TUTMADI,,,,
PLTUR,2024,12,1405135,520003,Konsolide,YAGM,cari,-82250000.0,XBRL,TEYITLI,TL,12,Yatırım Amaçlı Gayrimenkul Alımları 14 (82.250.000) --,
PLTUR,2024,12,1405135,520003,Konsolide,YAGM,onceki,0.0,XBRL,SIFIR,,,,
PLTUR,2024,12,1405135,520003,Konsolide,KIRA,cari,,XBRL,SIFIR,,,,
PLTUR,2024,12,1405135,520003,Konsolide,KIRA,onceki,,XBRL,SIFIR,,,,
PLTUR,2024,12,1405135,520003,Konsolide,KIRA,*,,PDF,PDF_EK_SATIR,,12,"Operasyonel Kiralamada Kullanılan Varlık Satış (Karı) / Zararı 216.446.983 1.277.723 || Operasyonel Kiralamada Kullanılan Varlık Alımları 13 (414.351.435) (386.601.406) || Operasyonel Kiralamada Kullanılan Varlık Satışları 13,21 385.819.050 275.799.828",
PLTUR,2025,3,1437886,520003,Konsolide,CFO,cari,91523559.0,XBRL,PDF_TUTMADI,,,,
PLTUR,2025,3,1437886,520003,Konsolide,CFO,onceki,155630740.0,XBRL,PDF_TUTMADI,,,,
PLTUR,2025,3,1437886,520003,Konsolide,MDV+MODV,cari,-197179364.0,XBRL,PDF_TUTMADI,,,,
PLTUR,2025,3,1437886,520003,Konsolide,MDV+MODV,onceki,-25247682.0,XBRL,PDF_TUTMADI,,,,
PLTUR,2025,3,1437886,520003,Konsolide,YAGM,cari,-47000000.0,XBRL,TEYITLI,TL,6,Yatırım amaçlı gayrimenkul alımları 13 (47.000.000),
PLTUR,2025,3,1437886,520003,Konsolide,YAGM,onceki,0.0,XBRL,SIFIR,,,,
PLTUR,2025,3,1437886,520003,Konsolide,KIRA,cari,,XBRL,SIFIR,,,,
PLTUR,2025,3,1437886,520003,Konsolide,KIRA,onceki,,XBRL,SIFIR,,,,
PLTUR,2025,3,1437886,520003,Konsolide,KIRA,*,,PDF,PDF_EK_SATIR,,6,Operasyonel Kiralamada Kullanılan Varlık Satış (Karı) / Zararı 47.094.132 10.983.689 || Operasyonel Kiralamada Kullanılan Varlık Alımları 12 (195.813.321) (23.996.837) || Operasyonel Kiralamada Kullanılan Varlık Satışları 12 60.073.873 72.970.433,
PLTUR,2025,6,1480263,,,*,,,,INDIRILMEDI,,,,
PLTUR,2025,9,1514522,,,*,,,,INDIRILMEDI,,,,
PRZMA,2024,12,1396770,520003,Konsolide Olmayan,CFO,cari,10324935.0,XBRL,TEYITLI,TL,7,İşletme Faaliyetlerden Kaynaklanan Net Nakit 10.324.935 12.077.454,
PRZMA,2024,12,1396770,520003,Konsolide Olmayan,CFO,onceki,12078043.0,XBRL,PDF_TUTMADI,,,,
PRZMA,2024,12,1396770,520003,Konsolide Olmayan,MDV+MODV,cari,-469411.0,XBRL,TEYITLI,TL,7,Maddi duran varlık alımından kaynaklanan nakit çıkışları (-) 13 (469.411) (221.212),
PRZMA,2024,12,1396770,520003,Konsolide Olmayan,MDV+MODV,onceki,-221212.0,XBRL,TEYITLI,TL,7,Maddi duran varlık alımından kaynaklanan nakit çıkışları (-) 13 (469.411) (221.212),
PRZMA,2024,12,1396770,520003,Konsolide Olmayan,YAGM,cari,,XBRL,SIFIR,,,,
PRZMA,2024,12,1396770,520003,Konsolide Olmayan,YAGM,onceki,,XBRL,SIFIR,,,,
PRZMA,2024,12,1396770,520003,Konsolide Olmayan,YAGM,*,,PDF,PDF_EK_SATIR,,7,Yatırım Amaçlı Gayrimenkullerin Gerçeğe Uygun Değer Kayıpları (Kazançları) ile İlgili 24 (611.545) (29.171.731),
PRZMA,2024,12,1396770,520003,Konsolide Olmayan,KIRA,cari,0.0,XBRL,SIFIR,,,,
PRZMA,2024,12,1396770,520003,Konsolide Olmayan,KIRA,onceki,1941288.0,XBRL,TEYITLI,TL,7,Kira sözleşmelerinden kaynaklanan artış / azalışlar 7 - 1.941.288,
PRZMA,2025,3,1431905,520003,Konsolide Olmayan,CFO,cari,-2776176.0,XBRL,TEYITLI,TL,8,İşletme Faaliyetlerden Kaynaklanan Net Nakit (2.776.176) 1.736.087,
PRZMA,2025,3,1431905,520003,Konsolide Olmayan,CFO,onceki,1736088.0,XBRL,TEYITLI,TL,8,İşletme Faaliyetlerden Kaynaklanan Net Nakit (2.776.176) 1.736.087,
PRZMA,2025,3,1431905,520003,Konsolide Olmayan,MDV+MODV,cari,0.0,XBRL,SIFIR,,,,
PRZMA,2025,3,1431905,520003,Konsolide Olmayan,MDV+MODV,onceki,-121157.0,XBRL,TEYITLI,TL,8,Maddi duran varlık alımından kaynaklanan nakit çıkışları (-) 13 - (121.157),
PRZMA,2025,3,1431905,520003,Konsolide Olmayan,YAGM,cari,,XBRL,SIFIR,,,,
PRZMA,2025,3,1431905,520003,Konsolide Olmayan,YAGM,onceki,,XBRL,SIFIR,,,,
PRZMA,2025,3,1431905,520003,Konsolide Olmayan,KIRA,cari,,XBRL,SIFIR,,,,
PRZMA,2025,3,1431905,520003,Konsolide Olmayan,KIRA,onceki,-96539.0,XBRL,TEYITLI,TL,8,Kira sözleşmelerinden kaynaklanan artış / azalışlar 7 - (96.539),
PRZMA,2025,6,1475118,520003,Konsolide Olmayan,CFO,cari,9501887.0,XBRL,TEYITLI,TL,9,İşletme Faaliyetlerden Kaynaklanan Net Nakit 9.501.887 13.488.256,
PRZMA,2025,6,1475118,520003,Konsolide Olmayan,CFO,onceki,13488257.0,XBRL,TEYITLI,TL,9,İşletme Faaliyetlerden Kaynaklanan Net Nakit 9.501.887 13.488.256,
PRZMA,2025,6,1475118,520003,Konsolide Olmayan,MDV+MODV,cari,-107598.0,XBRL,TEYITLI,TL,9,Maddi duran varlık alımından kaynaklanan nakit çıkışları (-) 13 (107.598) (221.033),
PRZMA,2025,6,1475118,520003,Konsolide Olmayan,MDV+MODV,onceki,-221033.0,XBRL,TEYITLI,TL,9,Maddi duran varlık alımından kaynaklanan nakit çıkışları (-) 13 (107.598) (221.033),
PRZMA,2025,6,1475118,520003,Konsolide Olmayan,YAGM,cari,,XBRL,SIFIR,,,,
PRZMA,2025,6,1475118,520003,Konsolide Olmayan,YAGM,onceki,,XBRL,SIFIR,,,,
PRZMA,2025,6,1475118,520003,Konsolide Olmayan,KIRA,cari,,XBRL,SIFIR,,,,
PRZMA,2025,6,1475118,520003,Konsolide Olmayan,KIRA,onceki,,XBRL,SIFIR,,,,
PRZMA,2025,9,1509185,,,*,,,,INDIRILMEDI,,,,
PRZMA,2025,12,1552051,,,*,,,,INDIRILMEDI,,,,
PRZMA,2026,3,1599612,,,*,,,,INDIRILMEDI,,,,
PRZMA,2026,6,1646831,,,*,,,,INDIRILMEDI,,,,
RNPOL,2024,12,1403450,520003,Konsolide,CFO,cari,40610034.0,XBRL,TEYITLI,TL,7,Faaliyetlerden Elde Edilen Nakit Akışları 40.610.034 66.646.196,
RNPOL,2024,12,1403450,520003,Konsolide,CFO,onceki,66646196.0,XBRL,TEYITLI,TL,7,Faaliyetlerden Elde Edilen Nakit Akışları 40.610.034 66.646.196,
RNPOL,2024,12,1403450,520003,Konsolide,MDV+MODV,cari,-44617831.0,XBRL,TEYITLI,TL,7,Maddi ve Maddi Olmayan Varlıklarda Nakit Giriş Çıkışları (Net) 26 13 14 15 (44.617.831) (99.272.398),
RNPOL,2024,12,1403450,520003,Konsolide,MDV+MODV,onceki,-99272398.0,XBRL,TEYITLI,TL,7,Maddi ve Maddi Olmayan Varlıklarda Nakit Giriş Çıkışları (Net) 26 13 14 15 (44.617.831) (99.272.398),
RNPOL,2024,12,1403450,520003,Konsolide,YAGM,cari,,XBRL,SIFIR,,,,
RNPOL,2024,12,1403450,520003,Konsolide,YAGM,onceki,,XBRL,SIFIR,,,,
RNPOL,2024,12,1403450,520003,Konsolide,KIRA,cari,,XBRL,SIFIR,,,,
RNPOL,2024,12,1403450,520003,Konsolide,KIRA,onceki,,XBRL,SIFIR,,,,
RNPOL,2025,3,1436895,520003,Konsolide,CFO,cari,-83610750.0,XBRL,TEYITLI,TL,7,Faaliyetlerden Elde Edilen Nakit Akışları (83.610.750) (89.748.742),
RNPOL,2025,3,1436895,520003,Konsolide,CFO,onceki,-89748742.0,XBRL,TEYITLI,TL,7,Faaliyetlerden Elde Edilen Nakit Akışları (83.610.750) (89.748.742),
RNPOL,2025,3,1436895,520003,Konsolide,MDV+MODV,cari,-9330633.0,XBRL,TEYITLI,TL,7,Maddi ve Maddi Olmayan Varlıklarda Nakit Giriş Çıkışları (Net) 26 13 14 15 (9.330.633) (16.593.590),
RNPOL,2025,3,1436895,520003,Konsolide,MDV+MODV,onceki,-16593590.0,XBRL,TEYITLI,TL,7,Maddi ve Maddi Olmayan Varlıklarda Nakit Giriş Çıkışları (Net) 26 13 14 15 (9.330.633) (16.593.590),
RNPOL,2025,3,1436895,520003,Konsolide,YAGM,cari,,XBRL,SIFIR,,,,
RNPOL,2025,3,1436895,520003,Konsolide,YAGM,onceki,,XBRL,SIFIR,,,,
RNPOL,2025,3,1436895,520003,Konsolide,KIRA,cari,,XBRL,SIFIR,,,,
RNPOL,2025,3,1436895,520003,Konsolide,KIRA,onceki,,XBRL,SIFIR,,,,
RNPOL,2025,6,1480160,,,*,,,,INDIRILMEDI,,,,
RNPOL,2025,9,1513415,,,*,,,,INDIRILMEDI,,,,
RODRG,2024,12,1399518,520003,Konsolide,CFO,cari,-5432741.0,XBRL,TEYITLI,TL,12,A. İşletme Faaliyetlerden Elde Edilen Nakit Akışları (5.432.741) 16.093.950,
RODRG,2024,12,1399518,520003,Konsolide,CFO,onceki,16093950.0,XBRL,TEYITLI,TL,12,A. İşletme Faaliyetlerden Elde Edilen Nakit Akışları (5.432.741) 16.093.950,
RODRG,2024,12,1399518,520003,Konsolide,MDV+MODV,cari,-159898.0,XBRL,TEYITLI,TL,12,B. Yatırım Faaliyetlerinden Kaynaklanan Nakit Akışları (159.898) (5.857.642),
RODRG,2024,12,1399518,520003,Konsolide,MDV+MODV,onceki,-5857642.0,XBRL,TEYITLI,TL,12,B. Yatırım Faaliyetlerinden Kaynaklanan Nakit Akışları (159.898) (5.857.642),
RODRG,2024,12,1399518,520003,Konsolide,YAGM,cari,,XBRL,SIFIR,,,,
RODRG,2024,12,1399518,520003,Konsolide,YAGM,onceki,,XBRL,SIFIR,,,,
RODRG,2024,12,1399518,520003,Konsolide,KIRA,cari,,XBRL,SIFIR,,,,
RODRG,2024,12,1399518,520003,Konsolide,KIRA,onceki,,XBRL,SIFIR,,,,
RODRG,2025,3,1437074,520003,Konsolide,CFO,cari,2143528.0,XBRL,TEYITLI,TL,7,A. İşletme Faaliyetlerden Elde Edilen Nakit Akışları 2.143.528 1.513.293,
RODRG,2025,3,1437074,520003,Konsolide,CFO,onceki,1513293.0,XBRL,TEYITLI,TL,7,A. İşletme Faaliyetlerden Elde Edilen Nakit Akışları 2.143.528 1.513.293,
RODRG,2025,3,1437074,520003,Konsolide,MDV+MODV,cari,-82958.0,XBRL,TEYITLI,TL,7,"Maddi ve maddi olmayan duran varlık alımından kaynaklanan nakit çıkışları 12,13,14 (82.958) (66.682)",
RODRG,2025,3,1437074,520003,Konsolide,MDV+MODV,onceki,-66682.0,XBRL,TEYITLI,TL,7,B. Yatırım Faaliyetlerinden Kaynaklanan Nakit Akışları (3.521) (66.682),
RODRG,2025,3,1437074,520003,Konsolide,YAGM,cari,,XBRL,SIFIR,,,,
RODRG,2025,3,1437074,520003,Konsolide,YAGM,onceki,,XBRL,SIFIR,,,,
RODRG,2025,3,1437074,520003,Konsolide,KIRA,cari,,XBRL,SIFIR,,,,
RODRG,2025,3,1437074,520003,Konsolide,KIRA,onceki,,XBRL,SIFIR,,,,
RODRG,2025,6,1477131,,,*,,,,INDIRILMEDI,,,,
RODRG,2025,9,1514764,,,*,,,,INDIRILMEDI,,,,
RODRG,2025,12,1569058,,,*,,,,INDIRILMEDI,,,,
RODRG,2026,3,1603806,,,*,,,,INDIRILMEDI,,,,
RODRG,2026,6,1643193,,,*,,,,INDIRILMEDI,,,,
RUBNS,2024,12,1399114,520003,Konsolide Olmayan,CFO,cari,-103089011.0,XBRL,TEYITLI,TL,12,İşletme Faaliyetlerinden Nakit Akışları (103.089.011) 911.221.616,
RUBNS,2024,12,1399114,520003,Konsolide Olmayan,CFO,onceki,911221616.0,XBRL,TEYITLI,TL,12,İşletme Faaliyetlerinden Nakit Akışları (103.089.011) 911.221.616,
RUBNS,2024,12,1399114,520003,Konsolide Olmayan,MDV+MODV,cari,-216544701.0,XBRL,TEYITLI,TL,12,(216.544.701) (965.306.693),
RUBNS,2024,12,1399114,520003,Konsolide Olmayan,MDV+MODV,onceki,-965306693.0,XBRL,TEYITLI,TL,12,(216.544.701) (965.306.693),
RUBNS,2024,12,1399114,520003,Konsolide Olmayan,YAGM,cari,-126468510.0,XBRL,TEYITLI,TL,12,Yatırım Amaçlı Gayrimenkul Alımından Kaynaklanan Nakit Çıkışları 11 (126.468.510) -,
RUBNS,2024,12,1399114,520003,Konsolide Olmayan,YAGM,onceki,,XBRL,SIFIR,,,,
RUBNS,2024,12,1399114,520003,Konsolide Olmayan,KIRA,cari,,XBRL,SIFIR,,,,
RUBNS,2024,12,1399114,520003,Konsolide Olmayan,KIRA,onceki,,XBRL,SIFIR,,,,
RUBNS,2025,6,1475986,520003,Konsolide Olmayan,CFO,cari,30002582.0,XBRL,TEYITLI,mn TL,8,1 OCAK - 30 HAZİRAN 2025 ARA HESAP DÖNEMİNE AİT,
RUBNS,2025,6,1475986,520003,Konsolide Olmayan,CFO,onceki,-285778490.0,XBRL,TEYITLI,TL,8,İşletme Faaliyetlerinden Nakit Akışları 30.002.582 - (285.778.490),
RUBNS,2025,6,1475986,520003,Konsolide Olmayan,MDV+MODV,cari,-5975080.0,XBRL,TEYITLI,TL,8,Yatırım Faaliyetlerinden Kaynaklanan Nakit Akışları (5.975.080) - (156.573.503),
RUBNS,2025,6,1475986,520003,Konsolide Olmayan,MDV+MODV,onceki,0.0,XBRL,SIFIR,,,,
RUBNS,2025,6,1475986,520003,Konsolide Olmayan,YAGM,cari,0.0,XBRL,SIFIR,,,,
RUBNS,2025,6,1475986,520003,Konsolide Olmayan,YAGM,onceki,-147555781.0,XBRL,TEYITLI,TL,8,Yatırım Amaçlı Gayrimenkul Alımından Kaynaklanan Nakit Çıkışları - (147.555.781),
RUBNS,2025,6,1475986,520003,Konsolide Olmayan,KIRA,cari,,XBRL,SIFIR,,,,
RUBNS,2025,6,1475986,520003,Konsolide Olmayan,KIRA,onceki,,XBRL,SIFIR,,,,
RUBNS,2025,9,1509392,,,*,,,,INDIRILMEDI,,,,
RUZYE,2024,12,1404722,520003,Konsolide,CFO,cari,16064704.0,XBRL,TEYITLI,TL,7,A. İşletme Faaliyetlerden Nakit Akışları 16.064.704 159.304.876, 2 bildirim; son kullanıldı
RUZYE,2024,12,1404722,520003,Konsolide,CFO,onceki,159304876.0,XBRL,TEYITLI,TL,7,A. İşletme Faaliyetlerden Nakit Akışları 16.064.704 159.304.876, 2 bildirim; son kullanıldı
RUZYE,2024,12,1404722,520003,Konsolide,MDV+MODV,cari,-67937866.0,XBRL(alt kalemler PDF),TEYITLI,TL,7,Maddi Duran Varlık Alımından Kaynaklanan Nakit Çıkışları (-) 12 (67.296.833) (50.111.135) + Maddi olmayan duran varlık alımından kaynaklanan nakit çıkışları (-) (641.033) -, 2 bildirim; son kullanıldı
RUZYE,2024,12,1404722,520003,Konsolide,MDV+MODV,onceki,-50111135.0,XBRL,TEYITLI,TL,7,Maddi Duran Varlık Alımından Kaynaklanan Nakit Çıkışları (-) 12 (67.296.833) (50.111.135), 2 bildirim; son kullanıldı
RUZYE,2024,12,1404722,520003,Konsolide,YAGM,cari,-55569142.0,XBRL,TEYITLI,TL,7,Yatırım Amaçlı Gayrimenkul Alımından Kaynaklanan Nakit Çıkışları (55.569.142) -, 2 bildirim; son kullanıldı
RUZYE,2024,12,1404722,520003,Konsolide,YAGM,onceki,0.0,XBRL,SIFIR,,,, 2 bildirim; son kullanıldı
RUZYE,2024,12,1404722,520003,Konsolide,KIRA,cari,-92159.0,XBRL,TEYITLI,TL,7,İlişkin Nakit Çıkışları (92.159) (151.355), 2 bildirim; son kullanıldı
RUZYE,2024,12,1404722,520003,Konsolide,KIRA,onceki,-151355.0,XBRL,TEYITLI,TL,7,İlişkin Nakit Çıkışları (92.159) (151.355), 2 bildirim; son kullanıldı
RUZYE,2025,3,1437743,520003,Konsolide,CFO,cari,-22395757.0,XBRL,TEYITLI,TL,7,A. İşletme Faaliyetlerden Nakit Akışları (22.395.757) 55.287.331,
RUZYE,2025,3,1437743,520003,Konsolide,CFO,onceki,55287331.0,XBRL,TEYITLI,TL,7,A. İşletme Faaliyetlerden Nakit Akışları (22.395.757) 55.287.331,
RUZYE,2025,3,1437743,520003,Konsolide,MDV+MODV,cari,0.0,XBRL,SIFIR,,,,
RUZYE,2025,3,1437743,520003,Konsolide,MDV+MODV,onceki,-3307819.0,XBRL,TEYITLI,TL,7,Maddi Duran Varlık Alımından Kaynaklanan Nakit Çıkışları (-) 12 - (3.307.819),
RUZYE,2025,3,1437743,520003,Konsolide,YAGM,cari,-7086133.0,XBRL,TEYITLI,TL,7,Yatırım Amaçlı Gayrimenkul Alımından Kaynaklanan Nakit Çıkışları (7.086.133) -,
RUZYE,2025,3,1437743,520003,Konsolide,YAGM,onceki,0.0,XBRL,SIFIR,,,,
RUZYE,2025,3,1437743,520003,Konsolide,KIRA,cari,,XBRL,SIFIR,,,,
RUZYE,2025,3,1437743,520003,Konsolide,KIRA,onceki,,XBRL,SIFIR,,,,
RUZYE,2025,6,1479508,,,*,,,,INDIRILMEDI,,,,
RUZYE,2025,9,1513214,,,*,,,,INDIRILMEDI,,,,
RUZYE,2025,12,1569257,,,*,,,,INDIRILMEDI,,,,
RUZYE,2026,3,1603822,,,*,,,,INDIRILMEDI,,,,
RUZYE,2026,6,1650886,,,*,,,,INDIRILMEDI,,,,
SAMAT,2025,12,1565314,,,*,,,,INDIRILMEDI,,,,
SAMAT,2026,3,1608113,,,*,,,,INDIRILMEDI,,,,
SAMAT,2026,6,1647107,,,*,,,,INDIRILMEDI,,,,
SANFM,2024,12,1403796,520003,Konsolide,CFO,cari,-135401378.0,XBRL,TEYITLI,TL,12,İŞLETME FAALİYETLERİNDEN NAKİT AKIŞLARI (135.401.378) (166.809.053),
SANFM,2024,12,1403796,520003,Konsolide,CFO,onceki,-166809053.0,XBRL,TEYITLI,TL,12,İŞLETME FAALİYETLERİNDEN NAKİT AKIŞLARI (135.401.378) (166.809.053),
SANFM,2024,12,1403796,520003,Konsolide,MDV+MODV,cari,-14840019.0,XBRL,TEYITLI,TL,12,"Maddi ve Maddi Olmayan Varlıkların Alımından Kaynaklanan Nakit Çıkışları, Net (14.840.019) (76.493.060)",
SANFM,2024,12,1403796,520003,Konsolide,MDV+MODV,onceki,-76493060.0,XBRL,TEYITLI,TL,12,"Maddi ve Maddi Olmayan Varlıkların Alımından Kaynaklanan Nakit Çıkışları, Net (14.840.019) (76.493.060)",
SANFM,2024,12,1403796,520003,Konsolide,YAGM,cari,,XBRL,SIFIR,,,,
SANFM,2024,12,1403796,520003,Konsolide,YAGM,onceki,,XBRL,SIFIR,,,,
SANFM,2024,12,1403796,520003,Konsolide,YAGM,*,,PDF,PDF_EK_SATIR,,12,Yatırım Amaçlı Gayrimenkul Satımından Kaynaklanan Nakit Girişleri 8 301.932.266 9.968.146,
SANFM,2024,12,1403796,520003,Konsolide,KIRA,cari,-25849268.0,XBRL,TEYITLI,TL,12,Kira Sözleşmelerinden Kaynaklanan Borç Ödemelerine İlişkin Nakit Çıkışları 5 (25.849.268) (30.003.335),
SANFM,2024,12,1403796,520003,Konsolide,KIRA,onceki,-30003335.0,XBRL,TEYITLI,TL,12,Kira Sözleşmelerinden Kaynaklanan Borç Ödemelerine İlişkin Nakit Çıkışları 5 (25.849.268) (30.003.335),
SANFM,2025,3,1447097,520003,Konsolide,CFO,cari,-175957845.0,XBRL,TEYITLI,TL,8,İŞLETME FAALİYETLERİNDEN NAKİT AKIŞLARI (175.957.845) 8.468.722,
SANFM,2025,3,1447097,520003,Konsolide,CFO,onceki,8468722.0,XBRL,TEYITLI,TL,8,İŞLETME FAALİYETLERİNDEN NAKİT AKIŞLARI (175.957.845) 8.468.722,
SANFM,2025,3,1447097,520003,Konsolide,MDV+MODV,cari,-13250448.0,XBRL,TEYITLI,TL,8,B. YATIRIM FAALİYETLERİNDEN KAYNAKLANAN NAKİT AKIMI (13.250.448) 326.947.328,
SANFM,2025,3,1447097,520003,Konsolide,MDV+MODV,onceki,-5724173.0,XBRL,TEYITLI,TL,8,"Maddi ve Maddi Olmayan Varlıkların Alımından Kaynaklanan Nakit Çıkışları, Net (13.250.448) (5.724.173)",
SANFM,2025,3,1447097,520003,Konsolide,YAGM,cari,,XBRL,SIFIR,,,,
SANFM,2025,3,1447097,520003,Konsolide,YAGM,onceki,,XBRL,SIFIR,,,,
SANFM,2025,3,1447097,520003,Konsolide,YAGM,*,,PDF,PDF_EK_SATIR,,8,Yatırım Amaçlı Gayrimenkul alımından Kaynaklanan Nakit Girişleri - 332.315.005,
SANFM,2025,3,1447097,520003,Konsolide,KIRA,cari,,XBRL,SIFIR,,,,
SANFM,2025,3,1447097,520003,Konsolide,KIRA,onceki,,XBRL,SIFIR,,,,
SANFM,2025,3,1447097,520003,Konsolide,KIRA,*,,PDF,PDF_EK_SATIR,,8,Kira Sözleşmelerinden Kaynaklanan Borç Ödemelerine İlişkin Nakit Çıkışları 4 (3.510.479) (2.973.056),
SARAE,2026,6,1643889,,,*,,,,INDIRILMEDI,,,,
SEGMN,2024,12,1401639,520003,Konsolide,CFO,cari,-91596683.0,XBRL,TEYITLI,TL,13,Faaliyetlerden elde edilen nakit akışları (91.596.683) 75.094.913,
SEGMN,2024,12,1401639,520003,Konsolide,CFO,onceki,75094913.0,XBRL,TEYITLI,TL,13,Faaliyetlerden elde edilen nakit akışları (91.596.683) 75.094.913,
SEGMN,2024,12,1401639,520003,Konsolide,MDV+MODV,cari,-293593632.0,XBRL,TEYITLI,TL,13,"Maddi ve maddi olmayan duran varlık alımından kaynaklanan nakit çıkışları 11,12,13,14 (293.593.632) (81.276.478)",
SEGMN,2024,12,1401639,520003,Konsolide,MDV+MODV,onceki,-81276478.0,XBRL,TEYITLI,TL,13,"Maddi ve maddi olmayan duran varlık alımından kaynaklanan nakit çıkışları 11,12,13,14 (293.593.632) (81.276.478)",
SEGMN,2024,12,1401639,520003,Konsolide,YAGM,cari,,XBRL,SIFIR,,,,
SEGMN,2024,12,1401639,520003,Konsolide,YAGM,onceki,,XBRL,SIFIR,,,,
SEGMN,2024,12,1401639,520003,Konsolide,KIRA,cari,,XBRL,SIFIR,,,,
SEGMN,2024,12,1401639,520003,Konsolide,KIRA,onceki,,XBRL,SIFIR,,,,
SEGMN,2025,3,1437956,520003,Konsolide,CFO,cari,-36863947.0,XBRL,TEYITLI,TL,7,Faaliyetlerden elde edilen nakit akışları (36.863.947) 23.521.923,
SEGMN,2025,3,1437956,520003,Konsolide,CFO,onceki,23521923.0,XBRL,TEYITLI,TL,7,Faaliyetlerden elde edilen nakit akışları (36.863.947) 23.521.923,
SEGMN,2025,3,1437956,520003,Konsolide,MDV+MODV,cari,-33786433.0,XBRL,TEYITLI,TL,7,"Maddi ve maddi olmayan duran varlık alımından kaynaklanan nakit çıkışları 11,12 (33.786.433) (80.640.614)",
SEGMN,2025,3,1437956,520003,Konsolide,MDV+MODV,onceki,-80640614.0,XBRL,TEYITLI,TL,7,"Maddi ve maddi olmayan duran varlık alımından kaynaklanan nakit çıkışları 11,12 (33.786.433) (80.640.614)",
SEGMN,2025,3,1437956,520003,Konsolide,YAGM,cari,,XBRL,SIFIR,,,,
SEGMN,2025,3,1437956,520003,Konsolide,YAGM,onceki,,XBRL,SIFIR,,,,
SEGMN,2025,3,1437956,520003,Konsolide,KIRA,cari,,XBRL,SIFIR,,,,
SEGMN,2025,3,1437956,520003,Konsolide,KIRA,onceki,,XBRL,SIFIR,,,,
SEGMN,2025,6,1480921,,,*,,,,INDIRILMEDI,,,,
SEGMN,2025,9,1514799,,,*,,,,INDIRILMEDI,,,,
SEGMN,2025,12,1567727,,,*,,,,INDIRILMEDI,,,,
SEGMN,2026,3,1605518,,,*,,,,INDIRILMEDI,,,,
SEGMN,2026,6,1653044,,,*,,,,INDIRILMEDI,,,,
SEKUR,2025,12,1570578,,,*,,,,INDIRILMEDI,,,,
SEKUR,2026,3,1605041,,,*,,,,INDIRILMEDI,,,,
SERNT,2024,12,1405453,520003,Konsolide,CFO,cari,1883820380.0,XBRL,TEYITLI,TL,8,1.883.820.380 1.343.369.733,
SERNT,2024,12,1405453,520003,Konsolide,CFO,onceki,1343369733.0,XBRL,TEYITLI,TL,8,1.883.820.380 1.343.369.733,
SERNT,2024,12,1405453,520003,Konsolide,MDV+MODV,cari,-84695789.0,XBRL,TEYITLI,TL,8,(84.695.789) (202.064.501),
SERNT,2024,12,1405453,520003,Konsolide,MDV+MODV,onceki,-202064501.0,XBRL,TEYITLI,TL,8,(84.695.789) (202.064.501),
SERNT,2024,12,1405453,520003,Konsolide,YAGM,cari,-544070.0,XBRL,TEYITLI,TL,8,(544.070) (5.399.142),
SERNT,2024,12,1405453,520003,Konsolide,YAGM,onceki,-5399142.0,XBRL,TEYITLI,TL,8,(544.070) (5.399.142),
SERNT,2024,12,1405453,520003,Konsolide,KIRA,cari,,XBRL,SIFIR,,,,
SERNT,2024,12,1405453,520003,Konsolide,KIRA,onceki,,XBRL,SIFIR,,,,
SERNT,2024,12,1405453,520003,Konsolide,KIRA,*,,PDF,PDF_EK_SATIR,,9,"Arı Finansal Kiralama A.Ş. 19,88% 59.642.124 19,88% 59.642.124",
SERNT,2025,3,1437811,520003,Konsolide,CFO,cari,-179193939.0,XBRL,TEYITLI,TL,8,(179.193.939) 97.049.985,
SERNT,2025,3,1437811,520003,Konsolide,CFO,onceki,97049985.0,XBRL,TEYITLI,TL,8,(179.193.939) 97.049.985,
SERNT,2025,3,1437811,520003,Konsolide,MDV+MODV,cari,-21764805.0,XBRL,TEYITLI,TL,8,(21.764.805) (44.838.413),
SERNT,2025,3,1437811,520003,Konsolide,MDV+MODV,onceki,-44838413.0,XBRL,TEYITLI,TL,8,(21.764.805) (44.838.413),
SERNT,2025,3,1437811,520003,Konsolide,YAGM,cari,,XBRL,SIFIR,,,,
SERNT,2025,3,1437811,520003,Konsolide,YAGM,onceki,,XBRL,SIFIR,,,,
SERNT,2025,3,1437811,520003,Konsolide,YAGM,*,,PDF,PDF_EK_SATIR,,8,Yatırım Amaçlı Gayrimenkullerin Gerçeğe Uygun Değer Kayıpları (Kazançları) ile İlgili Düzeltmeler - 6.489.982,
SERNT,2025,3,1437811,520003,Konsolide,KIRA,cari,,XBRL,SIFIR,,,,
SERNT,2025,3,1437811,520003,Konsolide,KIRA,onceki,,XBRL,SIFIR,,,,
SERNT,2025,3,1437811,520003,Konsolide,KIRA,*,,PDF,PDF_EK_SATIR,,9,"Arı Finansal Kiralama A.Ş. 14,44% 59.642.124 19,88% 59.642.124",
SERNT,2025,12,1570771,,,*,,,,INDIRILMEDI,,,,
SERNT,2026,3,1604951,,,*,,,,INDIRILMEDI,,,,
SODSN,2024,12,1397542,520003,Konsolide Olmayan,CFO,cari,-4478115.0,XBRL,TEYITLI,TL,7,A. İşletme Faaliyetlerinden Nakit Akışları (4.478.115) 26.932.008,
SODSN,2024,12,1397542,520003,Konsolide Olmayan,CFO,onceki,26932008.0,XBRL,TEYITLI,TL,7,A. İşletme Faaliyetlerinden Nakit Akışları (4.478.115) 26.932.008,
SODSN,2024,12,1397542,520003,Konsolide Olmayan,MDV+MODV,cari,-5137256.0,XBRL,TEYITLI,TL,8,Maddi duran varlık alımından kaynaklanan nakit çıkışları 13 (5.137.256) (8.564.165),
SODSN,2024,12,1397542,520003,Konsolide Olmayan,MDV+MODV,onceki,-8785274.0,XBRL(alt kalemler PDF),TEYITLI,TL,8,Maddi duran varlık alımından kaynaklanan nakit çıkışları 13 (5.137.256) (8.564.165) + Maddi olmayan duran varlık alımından kaynaklanan nakit çıkışları 15 - (221.109),
SODSN,2024,12,1397542,520003,Konsolide Olmayan,YAGM,cari,,XBRL,SIFIR,,,,
SODSN,2024,12,1397542,520003,Konsolide Olmayan,YAGM,onceki,,XBRL,SIFIR,,,,
SODSN,2024,12,1397542,520003,Konsolide Olmayan,KIRA,cari,-958522.0,XBRL,TEYITLI,TL,8,C. Finansman Faaliyetlerinden Nakit Akışları (958.522) (33.247.329),
SODSN,2024,12,1397542,520003,Konsolide Olmayan,KIRA,onceki,-579318.0,XBRL,TEYITLI,TL,8,çıkışları 5 (958.522) (579.318),
SODSN,2025,6,1467929,520003,Konsolide Olmayan,CFO,cari,3805934.0,XBRL,TEYITLI,TL,7,A. İşletme Faaliyetlerinden Nakit Akışları 3.805.934 5.550.417,
SODSN,2025,6,1467929,520003,Konsolide Olmayan,CFO,onceki,5550417.0,XBRL,TEYITLI,TL,7,A. İşletme Faaliyetlerinden Nakit Akışları 3.805.934 5.550.417,
SODSN,2025,6,1467929,520003,Konsolide Olmayan,MDV+MODV,cari,-2623139.0,XBRL,TEYITLI,TL,8,Akışları (2.623.139) (2.000.320),
SODSN,2025,6,1467929,520003,Konsolide Olmayan,MDV+MODV,onceki,-2000320.0,XBRL,TEYITLI,TL,8,Akışları (2.623.139) (2.000.320),
SODSN,2025,6,1467929,520003,Konsolide Olmayan,YAGM,cari,,XBRL,SIFIR,,,,
SODSN,2025,6,1467929,520003,Konsolide Olmayan,YAGM,onceki,,XBRL,SIFIR,,,,
SODSN,2025,6,1467929,520003,Konsolide Olmayan,KIRA,cari,-539416.0,XBRL,TEYITLI,TL,8,C. Finansman Faaliyetlerinden Nakit Akışları (539.416) (645.027),
SODSN,2025,6,1467929,520003,Konsolide Olmayan,KIRA,onceki,-645027.0,XBRL,TEYITLI,TL,8,C. Finansman Faaliyetlerinden Nakit Akışları (539.416) (645.027),
SODSN,2025,12,1563149,,,*,,,,INDIRILMEDI,,,,
SODSN,2026,6,1638945,,,*,,,,INDIRILMEDI,,,,
SOHOE,2026,6,1648011,,,*,,,,INDIRILMEDI,,,,
SSAAT,2026,6,1647020,,,*,,,,INDIRILMEDI,,,,
SUMAS,2024,12,1397846,520003,Konsolide Olmayan,CFO,cari,-10481144.0,XBRL,TEYITLI,TL,13,A.İşletme faaliyetlerinden nakit akışları (10.481.144) 6.519.855,
SUMAS,2024,12,1397846,520003,Konsolide Olmayan,CFO,onceki,6519855.0,XBRL,TEYITLI,TL,13,A.İşletme faaliyetlerinden nakit akışları (10.481.144) 6.519.855,
SUMAS,2024,12,1397846,520003,Konsolide Olmayan,MDV+MODV,cari,-52199131.0,XBRL,TEYITLI,TL,13,Maddi ve maddi olmayan duran varlıkları alımından kaynaklanan nakit çıkışları (52.199.131) (35.548.284),
SUMAS,2024,12,1397846,520003,Konsolide Olmayan,MDV+MODV,onceki,-35548284.0,XBRL,TEYITLI,TL,13,Maddi ve maddi olmayan duran varlıkları alımından kaynaklanan nakit çıkışları (52.199.131) (35.548.284),
SUMAS,2024,12,1397846,520003,Konsolide Olmayan,YAGM,cari,,XBRL,SIFIR,,,,
SUMAS,2024,12,1397846,520003,Konsolide Olmayan,YAGM,onceki,,XBRL,SIFIR,,,,
SUMAS,2024,12,1397846,520003,Konsolide Olmayan,KIRA,cari,,XBRL,SIFIR,,,,
SUMAS,2024,12,1397846,520003,Konsolide Olmayan,KIRA,onceki,,XBRL,SIFIR,,,,
SUMAS,2025,6,1470541,520003,Konsolide Olmayan,CFO,cari,26238714.0,XBRL,TEYITLI,TL,8,A. İŞLETME FAALİYETLERİNDEN NAKİT AKIŞLARI 26.238.714 4.138.707, 2 bildirim; son kullanıldı
SUMAS,2025,6,1470541,520003,Konsolide Olmayan,CFO,onceki,4138708.0,XBRL,TEYITLI,TL,8,A. İŞLETME FAALİYETLERİNDEN NAKİT AKIŞLARI 26.238.714 4.138.707, 2 bildirim; son kullanıldı
SUMAS,2025,6,1470541,520003,Konsolide Olmayan,MDV+MODV,cari,-12235212.0,XBRL,TEYITLI,TL,8,Maddi ve Maddi Olmayan Duran Varlıkların Alımından Kaynaklanan Nakit Çıkışları (12.235.212) (15.586.986), 2 bildirim; son kullanıldı
SUMAS,2025,6,1470541,520003,Konsolide Olmayan,MDV+MODV,onceki,-15586986.0,XBRL,TEYITLI,TL,8,Maddi ve Maddi Olmayan Duran Varlıkların Alımından Kaynaklanan Nakit Çıkışları (12.235.212) (15.586.986), 2 bildirim; son kullanıldı
SUMAS,2025,6,1470541,520003,Konsolide Olmayan,YAGM,cari,,XBRL,SIFIR,,,, 2 bildirim; son kullanıldı
SUMAS,2025,6,1470541,520003,Konsolide Olmayan,YAGM,onceki,,XBRL,SIFIR,,,, 2 bildirim; son kullanıldı
SUMAS,2025,6,1470541,520003,Konsolide Olmayan,KIRA,cari,,XBRL,SIFIR,,,, 2 bildirim; son kullanıldı
SUMAS,2025,6,1470541,520003,Konsolide Olmayan,KIRA,onceki,,XBRL,SIFIR,,,, 2 bildirim; son kullanıldı
SUMAS,2025,12,1561523,,,*,,,,INDIRILMEDI,,,,
SUMAS,2026,6,1639741,,,*,,,,INDIRILMEDI,,,,
SUWEN,2024,12,1403598,520003,Konsolide,CFO,cari,291470077.0,XBRL,TEYITLI,TL,14,Faaliyetlerden elde edilen nakit akışları 291.470.077 495.762.471,
SUWEN,2024,12,1403598,520003,Konsolide,CFO,onceki,495762471.0,XBRL,TEYITLI,TL,14,Faaliyetlerden elde edilen nakit akışları 291.470.077 495.762.471,
SUWEN,2024,12,1403598,520003,Konsolide,MDV+MODV,cari,-158000974.0,XBRL,TEYITLI,TL,14,"Maddi ve maddi olmayan duran varlıkların alımından kaynaklanan nakit çıkışları 17,19 (158.000.974) (225.958.572)",
SUWEN,2024,12,1403598,520003,Konsolide,MDV+MODV,onceki,-225958572.0,XBRL,TEYITLI,TL,14,"Maddi ve maddi olmayan duran varlıkların alımından kaynaklanan nakit çıkışları 17,19 (158.000.974) (225.958.572)",
SUWEN,2024,12,1403598,520003,Konsolide,YAGM,cari,,XBRL,SIFIR,,,,
SUWEN,2024,12,1403598,520003,Konsolide,YAGM,onceki,,XBRL,SIFIR,,,,
SUWEN,2024,12,1403598,520003,Konsolide,KIRA,cari,,XBRL,SIFIR,,,,
SUWEN,2024,12,1403598,520003,Konsolide,KIRA,onceki,,XBRL,SIFIR,,,,
SUWEN,2024,12,1403598,520003,Konsolide,KIRA,*,,PDF,PDF_EK_SATIR,,14,- Kiralama Sözleşmeleri ile ilgili düzeltmeler 18 - 339.390 || Kiralama yükümlülükleri ile ilgili nakit çıkışları 8 (256.350.110) (213.565.721) || Lease contracts 18 - 339.390,
SUWEN,2025,3,1437789,520003,Konsolide,CFO,cari,9258593.0,XBRL,TEYITLI,TL,8,Faaliyetlerden elde edilen nakit akışları 9.258.593 (123.951.005),
SUWEN,2025,3,1437789,520003,Konsolide,CFO,onceki,-123951005.0,XBRL,TEYITLI,TL,8,Faaliyetlerden elde edilen nakit akışları 9.258.593 (123.951.005),
SUWEN,2025,3,1437789,520003,Konsolide,MDV+MODV,cari,-86733791.0,XBRL,TEYITLI,TL,8,"Maddi ve maddi olmayan duran varlıkların alımından kaynaklanan nakit çıkışları 17,19 (86.733.791) (68.332.516)",
SUWEN,2025,3,1437789,520003,Konsolide,MDV+MODV,onceki,-68332516.0,XBRL,TEYITLI,TL,8,"Maddi ve maddi olmayan duran varlıkların alımından kaynaklanan nakit çıkışları 17,19 (86.733.791) (68.332.516)",
SUWEN,2025,3,1437789,520003,Konsolide,YAGM,cari,,XBRL,SIFIR,,,,
SUWEN,2025,3,1437789,520003,Konsolide,YAGM,onceki,,XBRL,SIFIR,,,,
SUWEN,2025,3,1437789,520003,Konsolide,KIRA,cari,,XBRL,SIFIR,,,,
SUWEN,2025,3,1437789,520003,Konsolide,KIRA,onceki,,XBRL,SIFIR,,,,
SUWEN,2025,3,1437789,520003,Konsolide,KIRA,*,,PDF,PDF_EK_SATIR,,8,- Kiralama Sözleşmeleri ile ilgili düzeltmeler 18 - (58.283.369) || Kiralama yükümlülükleri ile ilgili nakit çıkışları 8 (89.419.334) (70.398.299) || Lease contracts 18 - (58.283.369),
TATEN,2024,12,1388849,520003,Konsolide,CFO,cari,1207884544.0,XBRL,TEYITLI,TL,14,İŞLETME FAALİYETLERDEN KAYNAKLANAN NAKİT AKIŞLARI 1.207.884.544 630.326.162,
TATEN,2024,12,1388849,520003,Konsolide,CFO,onceki,630326162.0,XBRL,TEYITLI,TL,14,İŞLETME FAALİYETLERDEN KAYNAKLANAN NAKİT AKIŞLARI 1.207.884.544 630.326.162,
TATEN,2024,12,1388849,520003,Konsolide,MDV+MODV,cari,-1624839214.0,XBRL,TEYITLI,TL,14,Maddi ve Maddi Olmayan Duran Varlıkların Alımından Kayn.Nakit Çıkışları 14 (1.624.839.214) (846.380.713),
TATEN,2024,12,1388849,520003,Konsolide,MDV+MODV,onceki,-846380713.0,XBRL,TEYITLI,TL,14,Maddi ve Maddi Olmayan Duran Varlıkların Alımından Kayn.Nakit Çıkışları 14 (1.624.839.214) (846.380.713),
TATEN,2024,12,1388849,520003,Konsolide,YAGM,cari,-207772500.0,XBRL,TEYITLI,TL,14,Yatırım Amaçlı Gayrimenkul Alımından Kaynaklanan Nakit Çıkışları (207.772.500) -,
TATEN,2024,12,1388849,520003,Konsolide,YAGM,onceki,,XBRL,SIFIR,,,,
TATEN,2024,12,1388849,520003,Konsolide,KIRA,cari,-2280977.0,XBRL,TEYITLI,TL,14,Kira Sözleşmelerinden Kaynaklanan Borç Ödemelerine İlişkin Nakit Çıkışları 7 (2.280.977) (2.519.970),
TATEN,2024,12,1388849,520003,Konsolide,KIRA,onceki,-2519970.0,XBRL,TEYITLI,TL,14,Kira Sözleşmelerinden Kaynaklanan Borç Ödemelerine İlişkin Nakit Çıkışları 7 (2.280.977) (2.519.970),
TATEN,2025,3,1436745,520003,Konsolide,CFO,cari,176556301.0,XBRL,TEYITLI,TL,8,İŞLETME FAALİYETLERDEN KAYNAKLANAN NAKİT AKIŞLARI 176.556.301 (106.660.039),
TATEN,2025,3,1436745,520003,Konsolide,CFO,onceki,-106660039.0,XBRL,TEYITLI,TL,8,İŞLETME FAALİYETLERDEN KAYNAKLANAN NAKİT AKIŞLARI 176.556.301 (106.660.039),
TATEN,2025,3,1436745,520003,Konsolide,MDV+MODV,cari,-6196537.0,XBRL,TEYITLI,TL,8,Maddi ve Maddi Olmayan Duran Varlıkların Alımından Kayn.Nakit Çıkışları 14 (6.196.537) (26.537.146),
TATEN,2025,3,1436745,520003,Konsolide,MDV+MODV,onceki,-26537146.0,XBRL,TEYITLI,TL,8,YATIRIM FAALİYETLERİNDEN KAYNAKLANAN NAKİT AKIŞLARI (11.547.562) (26.537.146),
TATEN,2025,3,1436745,520003,Konsolide,YAGM,cari,,XBRL,SIFIR,,,,
TATEN,2025,3,1436745,520003,Konsolide,YAGM,onceki,,XBRL,SIFIR,,,,
TATEN,2025,3,1436745,520003,Konsolide,KIRA,cari,-4213588.0,XBRL,TEYITLI,TL,8,Kira Sözleşmelerinden Kaynaklanan Borç Ödemelerine İlişkin Nakit Çıkışları 7 (4.213.588) -,
TATEN,2025,3,1436745,520003,Konsolide,KIRA,onceki,0.0,XBRL,SIFIR,,,,
TATEN,2025,6,1479406,,,*,,,,INDIRILMEDI,,,,
TATEN,2025,9,1513281,,,*,,,,INDIRILMEDI,,,,
TEHOL,2025,12,1567682,,,*,,,,INDIRILMEDI,,,,
TEHOL,2026,3,1603783,,,*,,,,INDIRILMEDI,,,,
TEHOL,2026,6,1650721,,,*,,,,INDIRILMEDI,,,,
TGSAS,2024,12,1399247,520003,Konsolide,CFO,cari,118418839.0,XBRL,TEYITLI,TL,12,A. İŞLETME FAALİYETLERDEN NAKİT AKIŞLARI 118.418.839 26.370.268,
TGSAS,2024,12,1399247,520003,Konsolide,CFO,onceki,26370268.0,XBRL,TEYITLI,TL,12,A. İŞLETME FAALİYETLERDEN NAKİT AKIŞLARI 118.418.839 26.370.268,
TGSAS,2024,12,1399247,520003,Konsolide,MDV+MODV,cari,-4174626.0,XBRL,TEYITLI,TL,12,"Maddi ve Maddi Olmayan Duran Varlıkların Satışından Kaynaklanan Nakit Girişleri 15,16 (4.174.626) (1.585.885)",
TGSAS,2024,12,1399247,520003,Konsolide,MDV+MODV,onceki,-1585885.0,XBRL,TEYITLI,TL,12,B. YATIRIM FAALİYETLERİNDEN KAYNAKLANAN NAKİT AKIŞLARI (5.198.995) (1.585.885),
TGSAS,2024,12,1399247,520003,Konsolide,YAGM,cari,,XBRL,SIFIR,,,,
TGSAS,2024,12,1399247,520003,Konsolide,YAGM,onceki,,XBRL,SIFIR,,,,
TGSAS,2024,12,1399247,520003,Konsolide,KIRA,cari,,XBRL,SIFIR,,,,
TGSAS,2024,12,1399247,520003,Konsolide,KIRA,onceki,,XBRL,SIFIR,,,,
TGSAS,2025,3,1436929,520003,Konsolide,CFO,cari,-287369.0,XBRL,TEYITLI,TL,7,A. İŞLETME FAALİYETLERDEN NAKİT AKIŞLARI (287.369) 597.855,
TGSAS,2025,3,1436929,520003,Konsolide,CFO,onceki,597855.0,XBRL,TEYITLI,TL,7,A. İŞLETME FAALİYETLERDEN NAKİT AKIŞLARI (287.369) 597.855,
TGSAS,2025,3,1436929,520003,Konsolide,MDV+MODV,cari,-14874315.0,XBRL,TEYITLI,TL,7,Maddi ve Maddi Olmayan Duran Varlıkların Alımından Kaynaklanan Nakit Çıkışları (14.874.315) (14.303.075),
TGSAS,2025,3,1436929,520003,Konsolide,MDV+MODV,onceki,-14303075.0,XBRL,TEYITLI,mn TL,7,"Vergi Gideri/Geliri ile İlgili Düzeltmeler 14,28 (519.861) (7.389.405)",
TGSAS,2025,3,1436929,520003,Konsolide,YAGM,cari,,XBRL,SIFIR,,,,
TGSAS,2025,3,1436929,520003,Konsolide,YAGM,onceki,,XBRL,SIFIR,,,,
TGSAS,2025,3,1436929,520003,Konsolide,KIRA,cari,,XBRL,SIFIR,,,,
TGSAS,2025,3,1436929,520003,Konsolide,KIRA,onceki,,XBRL,SIFIR,,,,
TGSAS,2025,6,1480971,,,*,,,,INDIRILMEDI,,,,
TGSAS,2025,9,1516636,,,*,,,,INDIRILMEDI,,,,
TGSAS,2025,12,1570776,,,*,,,,INDIRILMEDI,,,,
TGSAS,2026,3,1610044,,,*,,,,INDIRILMEDI,,,,
TGSAS,2026,6,1658676,,,*,,,,INDIRILMEDI,,,,
TKNKA,2026,6,1661658,,,*,,,,INDIRILMEDI,,,,
TLMAN,2024,12,1398755,520003,Konsolide Olmayan,CFO,cari,644294330.0,XBRL,PDF_TUTMADI,,,,
TLMAN,2024,12,1398755,520003,Konsolide Olmayan,CFO,onceki,-256216565.0,XBRL,PDF_TUTMADI,,,,
TLMAN,2024,12,1398755,520003,Konsolide Olmayan,MDV+MODV,cari,-468112231.0,XBRL(alt kalemler PDF),TEYITLI,TL,13,"Maddi Duran Varlıkların Alımından Kaynaklanan nakit çıkışları (468.046.897) (82.593.152) + çıkışları 11,12 (65.333) --",
TLMAN,2024,12,1398755,520003,Konsolide Olmayan,MDV+MODV,onceki,-82593152.0,XBRL,TEYITLI,TL,13,Maddi Duran Varlıkların Alımından Kaynaklanan nakit çıkışları (468.046.897) (82.593.152),
TLMAN,2024,12,1398755,520003,Konsolide Olmayan,YAGM,cari,,XBRL,SIFIR,,,,
TLMAN,2024,12,1398755,520003,Konsolide Olmayan,YAGM,onceki,,XBRL,SIFIR,,,,
TLMAN,2024,12,1398755,520003,Konsolide Olmayan,KIRA,cari,,XBRL,SIFIR,,,,
TLMAN,2024,12,1398755,520003,Konsolide Olmayan,KIRA,onceki,,XBRL,SIFIR,,,,
TLMAN,2025,9,1512512,,,*,,,,INDIRILMEDI,,,,
TLMAN,2025,12,1564658,,,*,,,,INDIRILMEDI,,,,
TLMAN,2026,3,1605813,,,*,,,,INDIRILMEDI,,,,
TLMAN,2026,6,1648882,,,*,,,,INDIRILMEDI,,,,
TMPOL,2024,12,1404878,520003,Konsolide,CFO,cari,188080310.0,XBRL,TEYITLI,TL,12,Faaliyetlerden elde edilen nakit akışları 188.080.310 (430.096.416),
TMPOL,2024,12,1404878,520003,Konsolide,CFO,onceki,-430096416.0,XBRL,TEYITLI,TL,12,Faaliyetlerden elde edilen nakit akışları 188.080.310 (430.096.416),
TMPOL,2024,12,1404878,520003,Konsolide,MDV+MODV,cari,-319641056.0,XBRL,TEYITLI,TL,12,Maddi ve maddi olmayan duran varlık alımından kaynaklanan nakit çıkışları (319.641.056) (21.498.751),
TMPOL,2024,12,1404878,520003,Konsolide,MDV+MODV,onceki,-21498751.0,XBRL,TEYITLI,TL,12,Maddi ve maddi olmayan duran varlık alımından kaynaklanan nakit çıkışları (319.641.056) (21.498.751),
TMPOL,2024,12,1404878,520003,Konsolide,YAGM,cari,,XBRL,SIFIR,,,,
TMPOL,2024,12,1404878,520003,Konsolide,YAGM,onceki,,XBRL,SIFIR,,,,
TMPOL,2024,12,1404878,520003,Konsolide,KIRA,cari,,XBRL,SIFIR,,,,
TMPOL,2024,12,1404878,520003,Konsolide,KIRA,onceki,,XBRL,SIFIR,,,,
TMPOL,2025,3,1437575,520003,Konsolide,CFO,cari,40310323.0,XBRL,TEYITLI,TL,7,A) İŞLETME FAALİYETLERİNDEN NAKİT AKIŞLARI 40.310.323 (34.717.097),
TMPOL,2025,3,1437575,520003,Konsolide,CFO,onceki,-34717097.0,XBRL,TEYITLI,TL,7,A) İŞLETME FAALİYETLERİNDEN NAKİT AKIŞLARI 40.310.323 (34.717.097),
TMPOL,2025,3,1437575,520003,Konsolide,MDV+MODV,cari,-5386564.0,XBRL,TEYITLI,TL,7,Maddi Duran Varlık Alımından Kaynaklanan Nakit Çıkışları 10 (5.386.564) (116.456.272),
TMPOL,2025,3,1437575,520003,Konsolide,MDV+MODV,onceki,-116456272.0,XBRL,TEYITLI,TL,7,Maddi Duran Varlık Alımından Kaynaklanan Nakit Çıkışları 10 (5.386.564) (116.456.272),
TMPOL,2025,3,1437575,520003,Konsolide,YAGM,cari,,XBRL,SIFIR,,,,
TMPOL,2025,3,1437575,520003,Konsolide,YAGM,onceki,,XBRL,SIFIR,,,,
TMPOL,2025,3,1437575,520003,Konsolide,KIRA,cari,,XBRL,SIFIR,,,,
TMPOL,2025,3,1437575,520003,Konsolide,KIRA,onceki,,XBRL,SIFIR,,,,
TMPOL,2025,6,1475929,520003,Konsolide,CFO,cari,52221013.0,XBRL,TEYITLI,TL,8,A) İŞLETME FAALİYETLERİNDEN NAKİT AKIŞLARI 52.221.013 (9.155.156), 2 bildirim; son kullanıldı
TMPOL,2025,6,1475929,520003,Konsolide,CFO,onceki,-9155156.0,XBRL,TEYITLI,TL,8,A) İŞLETME FAALİYETLERİNDEN NAKİT AKIŞLARI 52.221.013 (9.155.156), 2 bildirim; son kullanıldı
TMPOL,2025,6,1475929,520003,Konsolide,MDV+MODV,cari,-12711026.0,XBRL,TEYITLI,TL,8,Maddi Duran Varlık Alımından Kaynaklanan Nakit Çıkışları 10 (12.711.026) (161.253.286), 2 bildirim; son kullanıldı
TMPOL,2025,6,1475929,520003,Konsolide,MDV+MODV,onceki,-161253286.0,XBRL,TEYITLI,TL,8,Maddi Duran Varlık Alımından Kaynaklanan Nakit Çıkışları 10 (12.711.026) (161.253.286), 2 bildirim; son kullanıldı
TMPOL,2025,6,1475929,520003,Konsolide,YAGM,cari,,XBRL,SIFIR,,,, 2 bildirim; son kullanıldı
TMPOL,2025,6,1475929,520003,Konsolide,YAGM,onceki,,XBRL,SIFIR,,,, 2 bildirim; son kullanıldı
TMPOL,2025,6,1475929,520003,Konsolide,KIRA,cari,,XBRL,SIFIR,,,, 2 bildirim; son kullanıldı
TMPOL,2025,6,1475929,520003,Konsolide,KIRA,onceki,,XBRL,SIFIR,,,, 2 bildirim; son kullanıldı
TMPOL,2025,9,1513475,,,*,,,,INDIRILMEDI,,,,
TNZTP,2024,12,1404352,520003,Konsolide,CFO,cari,-732024144.0,XBRL,PDF_TUTMADI,,,,
TNZTP,2024,12,1404352,520003,Konsolide,CFO,onceki,522493348.0,XBRL,PDF_TUTMADI,,,,
TNZTP,2024,12,1404352,520003,Konsolide,MDV+MODV,cari,-68731347.0,XBRL,TEYITLI,TL,12,"Maddi ve Maddi Olmayan Duran Varlıkların Alımından Kaynaklanan Nakit Çıkışları 11,12 (68.731.347) (181.938.787)",
TNZTP,2024,12,1404352,520003,Konsolide,MDV+MODV,onceki,-181938786.0,XBRL,TEYITLI,TL,12,"Maddi ve Maddi Olmayan Duran Varlıkların Alımından Kaynaklanan Nakit Çıkışları 11,12 (68.731.347) (181.938.787)",
TNZTP,2024,12,1404352,520003,Konsolide,YAGM,cari,-3711318.0,XBRL,TEYITLI,TL,12,Yatırım Amaçlı Gayrimenkul Alımından Kaynaklanan Nakit Çıkışları 13 (3.711.318) --,
TNZTP,2024,12,1404352,520003,Konsolide,YAGM,onceki,0.0,XBRL,SIFIR,,,,
TNZTP,2024,12,1404352,520003,Konsolide,KIRA,cari,-8915239.0,XBRL,TEYITLI,TL,12,Kira Sözleşmelerinden Kaynaklanan Borç Ödemelerine İlişkin Nakit Çıkışları 13 (8.915.239) (3.541.796),
TNZTP,2024,12,1404352,520003,Konsolide,KIRA,onceki,-3541796.0,XBRL,TEYITLI,TL,12,Kira Sözleşmelerinden Kaynaklanan Borç Ödemelerine İlişkin Nakit Çıkışları 13 (8.915.239) (3.541.796),
TNZTP,2025,6,1478630,,,*,,,,INDIRILMEDI,,,,
TNZTP,2025,9,1514940,,,*,,,,INDIRILMEDI,,,,
TNZTP,2025,12,1569241,,,*,,,,INDIRILMEDI,,,,
TNZTP,2026,3,1602897,,,*,,,,INDIRILMEDI,,,,
TNZTP,2026,6,1652236,,,*,,,,INDIRILMEDI,,,,
TRALT,2024,12,1407071,520003,Konsolide Olmayan,CFO,cari,3121453.0,XBRL,TEYITLI,TL,13,A. İŞLETME FAALİYETLERİNDEN NAKİT AKIŞLARI 3.121.453 (1.630.888),
TRALT,2024,12,1407071,520003,Konsolide Olmayan,CFO,onceki,-1630888.0,XBRL,TEYITLI,TL,13,A. İŞLETME FAALİYETLERİNDEN NAKİT AKIŞLARI 3.121.453 (1.630.888),
TRALT,2024,12,1407071,520003,Konsolide Olmayan,MDV+MODV,cari,-4384501.0,XBRL(alt kalemler PDF),TEYITLI,TL,13,Maddi duran varlıkların alımından kaynaklanan nakit çıkışları 12 (4.382.283) (1.795.217) + Maddi olmayan duran varlık alımından kaynaklanan nakit çıkışları 13 (2.218) (19.969),
TRALT,2024,12,1407071,520003,Konsolide Olmayan,MDV+MODV,onceki,-1815186.0,XBRL(alt kalemler PDF),TEYITLI,TL,13,Maddi duran varlıkların alımından kaynaklanan nakit çıkışları 12 (4.382.283) (1.795.217) + Maddi olmayan duran varlık alımından kaynaklanan nakit çıkışları 13 (2.218) (19.969),
TRALT,2024,12,1407071,520003,Konsolide Olmayan,YAGM,cari,-1412037.0,XBRL,TEYITLI,TL,13,Yatırım amaçlı gayrimenkul alımından kaynaklanan nakit çıkışları 11 (1.412.037) -,
TRALT,2024,12,1407071,520003,Konsolide Olmayan,YAGM,onceki,0.0,XBRL,SIFIR,,,,
TRALT,2024,12,1407071,520003,Konsolide Olmayan,KIRA,cari,-13640.0,XBRL,TEYITLI,bin TL,13,"Amortisman ve itfa gideri ile ilgili düzeltmeler 10,12,13 1.253.851 1.058.539",
TRALT,2024,12,1407071,520003,Konsolide Olmayan,KIRA,onceki,-45309.0,XBRL,TEYITLI,TL,13,Kira sözleşmelerinden kaynaklanan borç ödemelerine ilişkin nakit çıkışları (-) 14 (13.640) (45.309),
TRALT,2025,9,1515783,,,*,,,,INDIRILMEDI,,,,
TRENJ,2024,12,1411580,520003,Konsolide,CFO,cari,1005096.0,XBRL,TEYITLI,TL,13,A. İŞLETME FAALİYETLERİNDEN NAKİT AKIŞLARI 1.005.096 (1.541.953),
TRENJ,2024,12,1411580,520003,Konsolide,CFO,onceki,-1541953.0,XBRL,TEYITLI,TL,13,A. İŞLETME FAALİYETLERİNDEN NAKİT AKIŞLARI 1.005.096 (1.541.953),
TRENJ,2024,12,1411580,520003,Konsolide,MDV+MODV,cari,-4386550.0,XBRL(alt kalemler PDF),TEYITLI,TL,13,Maddi duran varlıkların alımından kaynaklanan nakit çıkışları 14 (4.384.332) (1.829.429) + Maddi olmayan duran varlık alımından kaynaklanan nakit çıkışları 15 (2.218) (19.967),
TRENJ,2024,12,1411580,520003,Konsolide,MDV+MODV,onceki,-1849396.0,XBRL(alt kalemler PDF),TEYITLI,TL,13,"Maddi duran varlıkların alımından kaynaklanan nakit çıkışları 14 (4.384.332) (1.829.429) + -Dava ve/veya ceza karşılıkları (iptali) ile ilgili düzeltmeler 20,24 415.690 238.393",
TRENJ,2024,12,1411580,520003,Konsolide,YAGM,cari,-1412037.0,XBRL,TEYITLI,TL,13,Yatırım amaçlı gayrimenkul alımından kaynaklanan nakit çıkışları 13 (1.412.037) -,
TRENJ,2024,12,1411580,520003,Konsolide,YAGM,onceki,0.0,XBRL,SIFIR,,,,
TRENJ,2024,12,1411580,520003,Konsolide,KIRA,cari,-10090.0,XBRL,TEYITLI,TL,13,Kira sözleşmelerinden kaynaklanan borç ödemelerine ilişkin nakit çıkışları (-) 16 (10.090) (28.259),
TRENJ,2024,12,1411580,520003,Konsolide,KIRA,onceki,-28259.0,XBRL,TEYITLI,bin TL,13,Vergi geliri/ gideri ile ilgili düzeltmeler 29 471.128 (1.253.253),
TRENJ,2025,3,1445373,520003,Konsolide,CFO,cari,4179129.0,XBRL,TEYITLI,TL,7,A. İŞLETME FAALİYETLERİNDEN NAKİT AKIŞLARI 4.179.129 5.735.106,
TRENJ,2025,3,1445373,520003,Konsolide,CFO,onceki,5735106.0,XBRL,TEYITLI,TL,7,A. İŞLETME FAALİYETLERİNDEN NAKİT AKIŞLARI 4.179.129 5.735.106,
TRENJ,2025,3,1445373,520003,Konsolide,MDV+MODV,cari,-970643.0,XBRL(alt kalemler PDF),TEYITLI,TL,7,Maddi duran varlıkların alımından kaynaklanan nakit çıkışları 10 (969.382) (846.371) + Maddi olmayan duran varlık alımından kaynaklanan nakit çıkışları 11 (1.261) (62),
TRENJ,2025,3,1445373,520003,Konsolide,MDV+MODV,onceki,-846433.0,XBRL(alt kalemler PDF),TEYITLI,TL,7,Maddi duran varlıkların alımından kaynaklanan nakit çıkışları 10 (969.382) (846.371) + Maddi olmayan duran varlık alımından kaynaklanan nakit çıkışları 11 (1.261) (62),
TRENJ,2025,3,1445373,520003,Konsolide,YAGM,cari,,XBRL,SIFIR,,,,
TRENJ,2025,3,1445373,520003,Konsolide,YAGM,onceki,,XBRL,SIFIR,,,,
TRENJ,2025,3,1445373,520003,Konsolide,KIRA,cari,-1539.0,XBRL,TEYITLI,TL,7,C. FİNANSMAN FAALİYETLERİNDEN SAĞLANAN NAKİT AKIŞLARI (1.539) (1.684.908),
TRENJ,2025,3,1445373,520003,Konsolide,KIRA,onceki,-15006.0,XBRL,TEYITLI,bin TL,7,Finansal varlıkların gerçeğe uygun değer kazançları ile ilgili düzeltmeler 15 (690.795) (1.180.481),
TRENJ,2025,6,1480022,,,*,,,,INDIRILMEDI,,,,
TRENJ,2025,9,1520898,,,*,,,,INDIRILMEDI,,,,
TRHOL,2024,12,1403631,520003,Konsolide,CFO,cari,30800757.0,XBRL,TEYITLI,TL,11,İşletme Faaliyetlerinden Elde Edilen Net Nakit / Kullanılan 30.800.757 (14.504.844),
TRHOL,2024,12,1403631,520003,Konsolide,CFO,onceki,-14504843.0,XBRL,TEYITLI,TL,11,İşletme Faaliyetlerinden Elde Edilen Net Nakit / Kullanılan 30.800.757 (14.504.844),
TRHOL,2024,12,1403631,520003,Konsolide,MDV+MODV,cari,-3207650.0,XBRL,TEYITLI,TL,11,Nakit Çıkışları (3.207.650) (8.372.396),
TRHOL,2024,12,1403631,520003,Konsolide,MDV+MODV,onceki,-8372396.0,XBRL,TEYITLI,TL,11,Nakit Çıkışları (3.207.650) (8.372.396),
TRHOL,2024,12,1403631,520003,Konsolide,YAGM,cari,,XBRL,SIFIR,,,,
TRHOL,2024,12,1403631,520003,Konsolide,YAGM,onceki,,XBRL,SIFIR,,,,
TRHOL,2024,12,1403631,520003,Konsolide,KIRA,cari,-1749972.0,XBRL,TEYITLI,TL,11,Kiralama Yükümlülüklerinin Geri Ödenmesi 8 (1.749.972) (330.476),
TRHOL,2024,12,1403631,520003,Konsolide,KIRA,onceki,-330476.0,XBRL,TEYITLI,TL,11,Kiralama Yükümlülüklerinin Geri Ödenmesi 8 (1.749.972) (330.476),
TRHOL,2025,9,1509456,,,*,,,,INDIRILMEDI,,,,
TRHOL,2025,12,1562955,,,*,,,,INDIRILMEDI,,,,
TRHOL,2026,3,1599906,,,*,,,,INDIRILMEDI,,,,
TRHOL,2026,6,1645778,,,*,,,,INDIRILMEDI,,,,
TRILC,2024,12,1398824,520003,Konsolide Olmayan,CFO,cari,-378481139.0,XBRL,TEYITLI,TL,13,Faaliyetlerden Elde Edilen Nakit Akışları (378.481.139) 408.186.603,
TRILC,2024,12,1398824,520003,Konsolide Olmayan,CFO,onceki,408186603.0,XBRL,TEYITLI,TL,13,Faaliyetlerden Elde Edilen Nakit Akışları (378.481.139) 408.186.603,
TRILC,2024,12,1398824,520003,Konsolide Olmayan,MDV+MODV,cari,-151659102.0,XBRL,TEYITLI,TL,13,"12,13 (151.659.102) (115.309.346)",
TRILC,2024,12,1398824,520003,Konsolide Olmayan,MDV+MODV,onceki,-115309346.0,XBRL,TEYITLI,TL,13,"12,13 (151.659.102) (115.309.346)",
TRILC,2024,12,1398824,520003,Konsolide Olmayan,YAGM,cari,,XBRL,SIFIR,,,,
TRILC,2024,12,1398824,520003,Konsolide Olmayan,YAGM,onceki,,XBRL,SIFIR,,,,
TRILC,2024,12,1398824,520003,Konsolide Olmayan,KIRA,cari,,XBRL,SIFIR,,,,
TRILC,2024,12,1398824,520003,Konsolide Olmayan,KIRA,onceki,,XBRL,SIFIR,,,,
TRILC,2025,3,1431982,520003,Konsolide Olmayan,CFO,cari,169930720.0,XBRL,TEYITLI,TL,7,Faaliyetlerden Elde Edilen Nakit Akışları 169.930.720 (1.175.312.524),
TRILC,2025,3,1431982,520003,Konsolide Olmayan,CFO,onceki,-1175312524.0,XBRL,TEYITLI,TL,7,Faaliyetlerden Elde Edilen Nakit Akışları 169.930.720 (1.175.312.524),
TRILC,2025,3,1431982,520003,Konsolide Olmayan,MDV+MODV,cari,-26455255.0,XBRL,TEYITLI,TL,7,"12,13 (26.455.255) (12.836.601)",
TRILC,2025,3,1431982,520003,Konsolide Olmayan,MDV+MODV,onceki,-12836601.0,XBRL,TEYITLI,TL,7,"12,13 (26.455.255) (12.836.601)",
TRILC,2025,3,1431982,520003,Konsolide Olmayan,YAGM,cari,,XBRL,SIFIR,,,,
TRILC,2025,3,1431982,520003,Konsolide Olmayan,YAGM,onceki,,XBRL,SIFIR,,,,
TRILC,2025,3,1431982,520003,Konsolide Olmayan,KIRA,cari,,XBRL,SIFIR,,,,
TRILC,2025,3,1431982,520003,Konsolide Olmayan,KIRA,onceki,,XBRL,SIFIR,,,,
TRILC,2025,12,1561509,,,*,,,,INDIRILMEDI,,,,
TRMET,2024,12,1411605,520003,Konsolide,CFO,cari,738013.0,XBRL,TEYITLI,TL,13,A. İŞLETME FAALİYETLERİNDEN NAKİT AKIŞLARI 738.013 (1.785.080),
TRMET,2024,12,1411605,520003,Konsolide,CFO,onceki,-1785080.0,XBRL,TEYITLI,TL,13,A. İŞLETME FAALİYETLERİNDEN NAKİT AKIŞLARI 738.013 (1.785.080),
TRMET,2024,12,1411605,520003,Konsolide,MDV+MODV,cari,-4382410.0,XBRL(alt kalemler PDF),TEYITLI,TL,13,Maddi duran varlıkların alımından kaynaklanan nakit çıkışları 14 (4.380.192) (1.829.708) + Maddi olmayan duran varlık alımından kaynaklanan nakit çıkışları 15 (2.218) (19.969),
TRMET,2024,12,1411605,520003,Konsolide,MDV+MODV,onceki,-1849677.0,XBRL(alt kalemler PDF),TEYITLI,TL,13,"Maddi duran varlıkların alımından kaynaklanan nakit çıkışları 14 (4.380.192) (1.829.708) + -Dava ve/veya ceza karşılıkları (iptali) ile ilgili düzeltmeler 20,24 411.472 238.491",
TRMET,2024,12,1411605,520003,Konsolide,YAGM,cari,-1412037.0,XBRL,TEYITLI,TL,13,Yatırım amaçlı gayrimenkul alımından kaynaklanan nakit çıkışları 13 (1.412.037) -,
TRMET,2024,12,1411605,520003,Konsolide,YAGM,onceki,,XBRL,SIFIR,,,,
TRMET,2024,12,1411605,520003,Konsolide,KIRA,cari,-13640.0,XBRL,TEYITLI,bin TL,13,"Yatırım amaçlı gayrimenkul değer düşüklüğü (iptali) ile ilgili düzeltmeler 13,26 21.687 -",
TRMET,2024,12,1411605,520003,Konsolide,KIRA,onceki,-45310.0,XBRL,TEYITLI,TL,13,Kira sözleşmelerinden kaynaklanan borç ödemelerine ilişkin nakit çıkışları (-) 16 (13.640) (45.310),
TRMET,2025,3,1445357,520003,Konsolide,CFO,cari,4233050.0,XBRL,TEYITLI,TL,7,A. İŞLETME FAALİYETLERİNDEN NAKİT AKIŞLARI 4.233.050 5.521.894,
TRMET,2025,3,1445357,520003,Konsolide,CFO,onceki,5521894.0,XBRL,TEYITLI,TL,7,A. İŞLETME FAALİYETLERİNDEN NAKİT AKIŞLARI 4.233.050 5.521.894,
TRMET,2025,3,1445357,520003,Konsolide,MDV+MODV,cari,-970643.0,XBRL(alt kalemler PDF),TEYITLI,TL,7,Maddi duran varlıkların alımından kaynaklanan nakit çıkışları 10 (969.382) (845.666) + Maddi olmayan duran varlık alımından kaynaklanan nakit çıkışları 11 (1.261) (62),
TRMET,2025,3,1445357,520003,Konsolide,MDV+MODV,onceki,-845728.0,XBRL(alt kalemler PDF),TEYITLI,TL,7,Maddi duran varlıkların alımından kaynaklanan nakit çıkışları 10 (969.382) (845.666) + Maddi olmayan duran varlık alımından kaynaklanan nakit çıkışları 11 (1.261) (62),
TRMET,2025,3,1445357,520003,Konsolide,YAGM,cari,,XBRL,SIFIR,,,,
TRMET,2025,3,1445357,520003,Konsolide,YAGM,onceki,,XBRL,SIFIR,,,,
TRMET,2025,3,1445357,520003,Konsolide,KIRA,cari,-1897.0,XBRL,TEYITLI,TL,7,C. FİNANSMAN FAALİYETLERİNDEN SAĞLANAN NAKİT AKIŞLARI (1.897) (1.457.381),
TRMET,2025,3,1445357,520003,Konsolide,KIRA,onceki,-15006.0,XBRL,TEYITLI,bin TL,7,Finansal varlıkların gerçeğe uygun değer kazançları ile ilgili düzeltmeler 15 (224.813) (1.180.482),
TRMET,2025,6,1480002,,,*,,,,INDIRILMEDI,,,,
TRMET,2025,9,1520888,,,*,,,,INDIRILMEDI,,,,
TRMET,2025,12,1569104,,,*,,,,INDIRILMEDI,,,,
TRMET,2026,6,1653076,,,*,,,,INDIRILMEDI,,,,
TSPOR,2024,12,1476558,,,*,,,,INDIRILMEDI,,,,
TSPOR,2025,3,1504422,,,*,,,,INDIRILMEDI,,,,
TSPOR,2025,6,1574422,,,*,,,,INDIRILMEDI,,,,
TSPOR,2025,9,1599804,,,*,,,,INDIRILMEDI,,,,
TSPOR,2025,12,1647021,,,*,,,,INDIRILMEDI,,,,
TUCLK,2024,12,1399055,520003,Konsolide Olmayan,CFO,cari,166592256.0,XBRL,TEYITLI,TL,12,Faaliyetlerden Elde Edilen Nakit Akışları 166.592.256 394.006.303,
TUCLK,2024,12,1399055,520003,Konsolide Olmayan,CFO,onceki,394006301.0,XBRL,PDF_TUTMADI,,,,
TUCLK,2024,12,1399055,520003,Konsolide Olmayan,MDV+MODV,cari,-93102943.0,XBRL,TEYITLI,TL,12,Maddi ve maddi olmayan duran varlık alımından kaynaklanan nakit çıkışları (93.102.943) (625.466.810),
TUCLK,2024,12,1399055,520003,Konsolide Olmayan,MDV+MODV,onceki,-625466810.0,XBRL,TEYITLI,TL,12,Maddi ve maddi olmayan duran varlık alımından kaynaklanan nakit çıkışları (93.102.943) (625.466.810),
TUCLK,2024,12,1399055,520003,Konsolide Olmayan,YAGM,cari,,XBRL,SIFIR,,,,
TUCLK,2024,12,1399055,520003,Konsolide Olmayan,YAGM,onceki,,XBRL,SIFIR,,,,
TUCLK,2024,12,1399055,520003,Konsolide Olmayan,YAGM,*,,PDF,PDF_EK_SATIR,,12,Yatırım amaçlı gayrimenkullerin satışından kaynaklanan nakit girişleri 8.850.000 -,
TUCLK,2024,12,1399055,520003,Konsolide Olmayan,KIRA,cari,,XBRL,SIFIR,,,,
TUCLK,2024,12,1399055,520003,Konsolide Olmayan,KIRA,onceki,,XBRL,SIFIR,,,,
TUCLK,2025,3,1431856,520003,Konsolide Olmayan,CFO,cari,40068504.0,XBRL,TEYITLI,TL,7,Faaliyetlerden Elde Edilen Nakit Akışları 40.068.504 (69.074.605),
TUCLK,2025,3,1431856,520003,Konsolide Olmayan,CFO,onceki,-69074605.0,XBRL,TEYITLI,TL,7,Faaliyetlerden Elde Edilen Nakit Akışları 40.068.504 (69.074.605),
TUCLK,2025,3,1431856,520003,Konsolide Olmayan,MDV+MODV,cari,,XBRL,SIFIR,,,,
TUCLK,2025,3,1431856,520003,Konsolide Olmayan,MDV+MODV,onceki,,XBRL,SIFIR,,,,
TUCLK,2025,3,1431856,520003,Konsolide Olmayan,MDV+MODV,*,,PDF,PDF_EK_SATIR,,7,Maddi ve maddi olmayan duran varlık satımından kaynaklanan nakit girişleri 33.791 29.768.267,
TUCLK,2025,3,1431856,520003,Konsolide Olmayan,YAGM,cari,-16063585.0,XBRL,TEYITLI,TL,7,Yatırım amaçlı gayrimenkul alımından kaynaklanan nakit çıkışları (16.063.585) (32.018.825),
TUCLK,2025,3,1431856,520003,Konsolide Olmayan,YAGM,onceki,-32018825.0,XBRL,TEYITLI,TL,7,Yatırım amaçlı gayrimenkul alımından kaynaklanan nakit çıkışları (16.063.585) (32.018.825),
TUCLK,2025,3,1431856,520003,Konsolide Olmayan,KIRA,cari,,XBRL,SIFIR,,,,
TUCLK,2025,3,1431856,520003,Konsolide Olmayan,KIRA,onceki,,XBRL,SIFIR,,,,
TUKAS,2024,12,1404601,520003,Konsolide,CFO,cari,-49964701.0,XBRL,TEYITLI,TL,12,A. İşletme Faaliyetlerinden Nakit Akımları (49.964.701) 2.369.671.963, 2 bildirim; son kullanıldı
TUKAS,2024,12,1404601,520003,Konsolide,CFO,onceki,2369671963.0,XBRL,TEYITLI,TL,12,A. İşletme Faaliyetlerinden Nakit Akımları (49.964.701) 2.369.671.963, 2 bildirim; son kullanıldı
TUKAS,2024,12,1404601,520003,Konsolide,MDV+MODV,cari,-1877417212.0,XBRL,TEYITLI,TL,12,Maddi ve Maddi Olmayan Duran Varlıkların Alımından Kaynaklanan Nakit Çıkışları 12-13-14 (1.877.417.212) (2.012.382.584), 2 bildirim; son kullanıldı
TUKAS,2024,12,1404601,520003,Konsolide,MDV+MODV,onceki,-2012382584.0,XBRL,TEYITLI,TL,12,Maddi ve Maddi Olmayan Duran Varlıkların Alımından Kaynaklanan Nakit Çıkışları 12-13-14 (1.877.417.212) (2.012.382.584), 2 bildirim; son kullanıldı
TUKAS,2024,12,1404601,520003,Konsolide,YAGM,cari,,XBRL,SIFIR,,,, 2 bildirim; son kullanıldı
TUKAS,2024,12,1404601,520003,Konsolide,YAGM,onceki,,XBRL,SIFIR,,,, 2 bildirim; son kullanıldı
TUKAS,2024,12,1404601,520003,Konsolide,YAGM,*,,PDF,PDF_EK_SATIR,,12,Yatırım Amaçlı Gayrimenkullerin Satışından Kaynaklanan Nakit Girişleri 11 - 179.133.658, 2 bildirim; son kullanıldı
TUKAS,2024,12,1404601,520003,Konsolide,KIRA,cari,,XBRL,SIFIR,,,, 2 bildirim; son kullanıldı
TUKAS,2024,12,1404601,520003,Konsolide,KIRA,onceki,,XBRL,SIFIR,,,, 2 bildirim; son kullanıldı
TUKAS,2025,6,1476272,,,*,,,,INDIRILMEDI,,,,
TUKAS,2025,9,1509139,,,*,,,,INDIRILMEDI,,,,
TURGG,2024,12,1396242,520003,Konsolide Olmayan,CFO,cari,-12213309.0,XBRL,TEYITLI,TL,9,A) İŞLETME FAALİYETLERİNDEN NAKİT AKIŞLARI (12.213.309) (39.870.498),
TURGG,2024,12,1396242,520003,Konsolide Olmayan,CFO,onceki,-39870498.0,XBRL,TEYITLI,TL,9,A) İŞLETME FAALİYETLERİNDEN NAKİT AKIŞLARI (12.213.309) (39.870.498),
TURGG,2024,12,1396242,520003,Konsolide Olmayan,MDV+MODV,cari,-241382.0,XBRL,TEYITLI,TL,9,"Maddi ve Maddi Olmayan Duran Varlık Alımlarından Kaynaklanan Nakit Çıkışları Not. 10,11,12 (241.382) (402.944)",
TURGG,2024,12,1396242,520003,Konsolide Olmayan,MDV+MODV,onceki,-402944.0,XBRL,TEYITLI,TL,9,"Maddi ve Maddi Olmayan Duran Varlık Alımlarından Kaynaklanan Nakit Çıkışları Not. 10,11,12 (241.382) (402.944)",
TURGG,2024,12,1396242,520003,Konsolide Olmayan,YAGM,cari,,XBRL,SIFIR,,,,
TURGG,2024,12,1396242,520003,Konsolide Olmayan,YAGM,onceki,,XBRL,SIFIR,,,,
TURGG,2024,12,1396242,520003,Konsolide Olmayan,KIRA,cari,,XBRL,SIFIR,,,,
TURGG,2024,12,1396242,520003,Konsolide Olmayan,KIRA,onceki,,XBRL,SIFIR,,,,
TURGG,2024,12,1396242,520003,Konsolide Olmayan,KIRA,*,,PDF,PDF_EK_SATIR,,9,Kira Sözleşmelerinden Kaynaklanan Borç Ödemelerine İlişkin Nakit Girişleri Not. 13 - 71.111 || Kira Sözleşmelerinden Kaynaklanan Borç Ödemelerine İlişkin Nakit Çıkışları Not. 13 (192.333) -,
TURGG,2025,3,1432307,520003,Konsolide Olmayan,CFO,cari,-3184094.0,XBRL,TEYITLI,TL,5,A) İŞLETME FAALİYETLERİNDEN NAKİT AKIŞLARI (3.184.094) (4.399.478),
TURGG,2025,3,1432307,520003,Konsolide Olmayan,CFO,onceki,-4399478.0,XBRL,TEYITLI,TL,5,A) İŞLETME FAALİYETLERİNDEN NAKİT AKIŞLARI (3.184.094) (4.399.478),
TURGG,2025,3,1432307,520003,Konsolide Olmayan,MDV+MODV,cari,-1058197.0,XBRL,TEYITLI,TL,5,"Maddi ve Maddi Olmayan Duran Varlık Alımlarından Kaynaklanan Nakit Çıkışları Not. 10,11,12 (1.058.197) (159.496)",
TURGG,2025,3,1432307,520003,Konsolide Olmayan,MDV+MODV,onceki,-159496.0,XBRL,TEYITLI,TL,5,"Maddi ve Maddi Olmayan Duran Varlık Alımlarından Kaynaklanan Nakit Çıkışları Not. 10,11,12 (1.058.197) (159.496)",
TURGG,2025,3,1432307,520003,Konsolide Olmayan,YAGM,cari,,XBRL,SIFIR,,,,
TURGG,2025,3,1432307,520003,Konsolide Olmayan,YAGM,onceki,,XBRL,SIFIR,,,,
TURGG,2025,3,1432307,520003,Konsolide Olmayan,KIRA,cari,,XBRL,SIFIR,,,,
TURGG,2025,3,1432307,520003,Konsolide Olmayan,KIRA,onceki,,XBRL,SIFIR,,,,
TURGG,2025,3,1432307,520003,Konsolide Olmayan,KIRA,*,,PDF,PDF_EK_SATIR,,5,Kira Sözleşmelerinden Kaynaklanan Borç Ödemelerine İlişkin Nakit Girişleri Not. 13 1.003.427 86.647,
TURGG,2025,6,1476046,520003,Konsolide Olmayan,CFO,cari,-9628516.0,XBRL,TEYITLI,TL,6,A) İŞLETME FAALİYETLERİNDEN NAKİT AKIŞLARI (9.628.516) (7.429.612),
TURGG,2025,6,1476046,520003,Konsolide Olmayan,CFO,onceki,-7429612.0,XBRL,TEYITLI,TL,6,A) İŞLETME FAALİYETLERİNDEN NAKİT AKIŞLARI (9.628.516) (7.429.612),
TURGG,2025,6,1476046,520003,Konsolide Olmayan,MDV+MODV,cari,-1081575.0,XBRL,TEYITLI,TL,6,"Maddi ve Maddi Olmayan Duran Varlık Alımlarından Kaynaklanan Nakit Çıkışları Not. 10,11,12 (1.081.575) (233.502)",
TURGG,2025,6,1476046,520003,Konsolide Olmayan,MDV+MODV,onceki,-233502.0,XBRL,TEYITLI,TL,6,"Maddi ve Maddi Olmayan Duran Varlık Alımlarından Kaynaklanan Nakit Çıkışları Not. 10,11,12 (1.081.575) (233.502)",
TURGG,2025,6,1476046,520003,Konsolide Olmayan,YAGM,cari,,XBRL,SIFIR,,,,
TURGG,2025,6,1476046,520003,Konsolide Olmayan,YAGM,onceki,,XBRL,SIFIR,,,,
TURGG,2025,6,1476046,520003,Konsolide Olmayan,KIRA,cari,-51280.0,XBRL,TEYITLI,TL,6,Kira Sözleşmelerinden Kaynaklanan Borç Ödemelerine İlişkin Nakit Çıkışları Not. 13 (51.280) 609,
TURGG,2025,6,1476046,520003,Konsolide Olmayan,KIRA,onceki,609.0,XBRL,TEYITLI,TL,6,Kira Sözleşmelerinden Kaynaklanan Borç Ödemelerine İlişkin Nakit Çıkışları Not. 13 (51.280) 609,
TURGG,2025,12,1562076,,,*,,,,INDIRILMEDI,,,,
TURGG,2026,3,1599871,,,*,,,,INDIRILMEDI,,,,
TURGG,2026,6,1647031,,,*,,,,INDIRILMEDI,,,,
UCAYM,2025,12,1571027,,,*,,,,INDIRILMEDI,,,,
UCAYM,2026,3,1605560,,,*,,,,INDIRILMEDI,,,,
UCAYM,2026,6,1652977,,,*,,,,INDIRILMEDI,,,,
ULAS,2024,12,1397459,520003,Konsolide Olmayan,CFO,cari,-41831726.0,XBRL,TEYITLI,TL,12,Faaliyetlerden Elde Edilen Nakit Akışları (41.831.726) 23.828.506,
ULAS,2024,12,1397459,520003,Konsolide Olmayan,CFO,onceki,23828506.0,XBRL,TEYITLI,TL,12,Faaliyetlerden Elde Edilen Nakit Akışları (41.831.726) 23.828.506,
ULAS,2024,12,1397459,520003,Konsolide Olmayan,MDV+MODV,cari,18700000.0,XBRL,TEYITLI,TL,12,Maddi ve maddi olmayan duran varlık satışından nakit girişi 18.700.000 -,
ULAS,2024,12,1397459,520003,Konsolide Olmayan,MDV+MODV,onceki,0.0,XBRL,SIFIR,,,,
ULAS,2024,12,1397459,520003,Konsolide Olmayan,YAGM,cari,,XBRL,SIFIR,,,,
ULAS,2024,12,1397459,520003,Konsolide Olmayan,YAGM,onceki,,XBRL,SIFIR,,,,
ULAS,2024,12,1397459,520003,Konsolide Olmayan,KIRA,cari,,XBRL,SIFIR,,,,
ULAS,2024,12,1397459,520003,Konsolide Olmayan,KIRA,onceki,,XBRL,SIFIR,,,,
ULAS,2025,3,1432094,520003,Konsolide Olmayan,CFO,cari,-23105492.0,XBRL,TEYITLI,TL,7,A. ESAS FAALİYETLERDEN NAKİT AKIŞLARI (23.105.492) (36.524.202),
ULAS,2025,3,1432094,520003,Konsolide Olmayan,CFO,onceki,-36524202.0,XBRL,TEYITLI,TL,7,A. ESAS FAALİYETLERDEN NAKİT AKIŞLARI (23.105.492) (36.524.202),
ULAS,2025,3,1432094,520003,Konsolide Olmayan,MDV+MODV,cari,,XBRL,SIFIR,,,,
ULAS,2025,3,1432094,520003,Konsolide Olmayan,MDV+MODV,onceki,,XBRL,SIFIR,,,,
ULAS,2025,3,1432094,520003,Konsolide Olmayan,YAGM,cari,,XBRL,SIFIR,,,,
ULAS,2025,3,1432094,520003,Konsolide Olmayan,YAGM,onceki,,XBRL,SIFIR,,,,
ULAS,2025,3,1432094,520003,Konsolide Olmayan,KIRA,cari,,XBRL,SIFIR,,,,
ULAS,2025,3,1432094,520003,Konsolide Olmayan,KIRA,onceki,,XBRL,SIFIR,,,,
ULAS,2025,6,1475976,520003,Konsolide Olmayan,CFO,cari,-23105492.0,XBRL,PDF_TUTMADI,,,,
ULAS,2025,6,1475976,520003,Konsolide Olmayan,CFO,onceki,-36524202.0,XBRL,PDF_TUTMADI,,,,
ULAS,2025,6,1475976,520003,Konsolide Olmayan,MDV+MODV,cari,,XBRL,SIFIR,,,,
ULAS,2025,6,1475976,520003,Konsolide Olmayan,MDV+MODV,onceki,,XBRL,SIFIR,,,,
ULAS,2025,6,1475976,520003,Konsolide Olmayan,YAGM,cari,,XBRL,SIFIR,,,,
ULAS,2025,6,1475976,520003,Konsolide Olmayan,YAGM,onceki,,XBRL,SIFIR,,,,
ULAS,2025,6,1475976,520003,Konsolide Olmayan,KIRA,cari,,XBRL,SIFIR,,,,
ULAS,2025,6,1475976,520003,Konsolide Olmayan,KIRA,onceki,,XBRL,SIFIR,,,,
ULAS,2025,9,1506876,,,*,,,,INDIRILMEDI,,,,
ULAS,2025,12,1564159,,,*,,,,INDIRILMEDI,,,,
ULAS,2026,3,1599670,,,*,,,,INDIRILMEDI,,,,
ULAS,2026,6,1653217,,,*,,,,INDIRILMEDI,,,,
VANGD,2025,12,1564210,,,*,,,,INDIRILMEDI,,,,
VANGD,2026,3,1599771,,,*,,,,INDIRILMEDI,,,,
VEYAS,2026,6,1660525,,,*,,,,INDIRILMEDI,,,,
YATAS,2024,12,1403724,520003,Konsolide,CFO,cari,2604382601.0,XBRL,TEYITLI,TL,12,İşletme Faaliyetlerinden Nakit Akışları 2.604.382.601 2.481.505.114,
YATAS,2024,12,1403724,520003,Konsolide,CFO,onceki,2481505114.0,XBRL,TEYITLI,TL,12,İşletme Faaliyetlerinden Nakit Akışları 2.604.382.601 2.481.505.114,
YATAS,2024,12,1403724,520003,Konsolide,MDV+MODV,cari,-816305608.0,XBRL,TEYITLI,TL,12,Maddi ve maddi olmayan duran varlıkların alımından kaynaklanan nakit çıkışları 12-14 (816.305.608) (1.385.975.041),
YATAS,2024,12,1403724,520003,Konsolide,MDV+MODV,onceki,-1385975041.0,XBRL,TEYITLI,TL,12,Maddi ve maddi olmayan duran varlıkların alımından kaynaklanan nakit çıkışları 12-14 (816.305.608) (1.385.975.041),
YATAS,2024,12,1403724,520003,Konsolide,YAGM,cari,-37209.0,XBRL,TEYITLI,TL,12,Yatırım amaçlı gayrimenkul alımından kaynaklanan nakit çıkışları 11 (37.209) --,
YATAS,2024,12,1403724,520003,Konsolide,YAGM,onceki,0.0,XBRL,SIFIR,,,,
YATAS,2024,12,1403724,520003,Konsolide,KIRA,cari,-441317455.0,XBRL,TEYITLI,TL,12,Kira sözleşmelerinden kaynaklanan borç ödemelerine ilişkin nakit çıkışları 15 (441.317.455) (772.752.888),
YATAS,2024,12,1403724,520003,Konsolide,KIRA,onceki,-772752888.0,XBRL,TEYITLI,TL,12,Kira sözleşmelerinden kaynaklanan borç ödemelerine ilişkin nakit çıkışları 15 (441.317.455) (772.752.888),
YATAS,2025,3,1436774,520003,Konsolide,CFO,cari,1286200061.0,XBRL,TEYITLI,TL,7,İşletme Faaliyetlerinden Nakit Akışları 1.286.200.061 636.424.742,
YATAS,2025,3,1436774,520003,Konsolide,CFO,onceki,636424742.0,XBRL,TEYITLI,TL,7,İşletme Faaliyetlerinden Nakit Akışları 1.286.200.061 636.424.742,
YATAS,2025,3,1436774,520003,Konsolide,MDV+MODV,cari,-411139948.0,XBRL,TEYITLI,TL,7,Maddi ve maddi olmayan duran varlıkların alımından kaynaklanan nakit çıkışları 8 (411.139.948) (298.626.142),
YATAS,2025,3,1436774,520003,Konsolide,MDV+MODV,onceki,-298626142.0,XBRL,TEYITLI,TL,7,Maddi ve maddi olmayan duran varlıkların alımından kaynaklanan nakit çıkışları 8 (411.139.948) (298.626.142),
YATAS,2025,3,1436774,520003,Konsolide,YAGM,cari,,XBRL,SIFIR,,,,
YATAS,2025,3,1436774,520003,Konsolide,YAGM,onceki,,XBRL,SIFIR,,,,
YATAS,2025,3,1436774,520003,Konsolide,KIRA,cari,-88582637.0,XBRL,TEYITLI,TL,7,Kira sözleşmelerinden kaynaklanan borç ödemelerine ilişkin nakit çıkışları 9 (88.582.637) (179.908.213),
YATAS,2025,3,1436774,520003,Konsolide,KIRA,onceki,-179908213.0,XBRL,TEYITLI,TL,7,Kira sözleşmelerinden kaynaklanan borç ödemelerine ilişkin nakit çıkışları 9 (88.582.637) (179.908.213),
YBTAS,2024,12,1399565,520003,Konsolide Olmayan,CFO,cari,103143482.0,XBRL,TEYITLI,TL,10,A. İŞLETME FAALİYETLERİNDEN NAKİT AKIŞLARI 103.143.482 88.072.547,
YBTAS,2024,12,1399565,520003,Konsolide Olmayan,CFO,onceki,88072547.0,XBRL,TEYITLI,TL,10,A. İŞLETME FAALİYETLERİNDEN NAKİT AKIŞLARI 103.143.482 88.072.547,
YBTAS,2024,12,1399565,520003,Konsolide Olmayan,MDV+MODV,cari,-97316703.0,XBRL,TEYITLI,TL,10,"Çıkışları (-) 7,8 (97.316.703) (91.828.462)",
YBTAS,2024,12,1399565,520003,Konsolide Olmayan,MDV+MODV,onceki,-91828462.0,XBRL,TEYITLI,TL,10,"Çıkışları (-) 7,8 (97.316.703) (91.828.462)",
YBTAS,2024,12,1399565,520003,Konsolide Olmayan,YAGM,cari,,XBRL,SIFIR,,,,
YBTAS,2024,12,1399565,520003,Konsolide Olmayan,YAGM,onceki,,XBRL,SIFIR,,,,
YBTAS,2024,12,1399565,520003,Konsolide Olmayan,KIRA,cari,,XBRL,SIFIR,,,,
YBTAS,2024,12,1399565,520003,Konsolide Olmayan,KIRA,onceki,,XBRL,SIFIR,,,,
YBTAS,2025,6,1468998,520003,Konsolide Olmayan,CFO,cari,47262952.0,XBRL,TEYITLI,TL,7,A. İşletme Faaliyetlerinden Kaynaklanan Net Nakit Akışı (+/-) 47.262.952 79.049.515,
YBTAS,2025,6,1468998,520003,Konsolide Olmayan,CFO,onceki,79049515.0,XBRL,TEYITLI,TL,7,A. İşletme Faaliyetlerinden Kaynaklanan Net Nakit Akışı (+/-) 47.262.952 79.049.515,
YBTAS,2025,6,1468998,520003,Konsolide Olmayan,MDV+MODV,cari,-27366167.0,XBRL,TEYITLI,TL,7,(27.366.167) (78.888.145),
YBTAS,2025,6,1468998,520003,Konsolide Olmayan,MDV+MODV,onceki,-78888145.0,XBRL,TEYITLI,TL,7,(27.366.167) (78.888.145),
YBTAS,2025,6,1468998,520003,Konsolide Olmayan,YAGM,cari,,XBRL,SIFIR,,,,
YBTAS,2025,6,1468998,520003,Konsolide Olmayan,YAGM,onceki,,XBRL,SIFIR,,,,
YBTAS,2025,6,1468998,520003,Konsolide Olmayan,KIRA,cari,,XBRL,SIFIR,,,,
YBTAS,2025,6,1468998,520003,Konsolide Olmayan,KIRA,onceki,,XBRL,SIFIR,,,,
YBTAS,2025,12,1564715,,,*,,,,INDIRILMEDI,,,,
YBTAS,2026,6,1639727,,,*,,,,INDIRILMEDI,,,,
YEOTK,2024,12,1411832,520003,Konsolide,CFO,cari,-145792331.0,XBRL,TEYITLI,TL,13,A) İŞLETME FAALİYETLERİNDEN NAKİT AKIŞLARI (145.792.331) 1.107.576.918,
YEOTK,2024,12,1411832,520003,Konsolide,CFO,onceki,1107576918.0,XBRL,TEYITLI,TL,13,A) İŞLETME FAALİYETLERİNDEN NAKİT AKIŞLARI (145.792.331) 1.107.576.918,
YEOTK,2024,12,1411832,520003,Konsolide,MDV+MODV,cari,-414959529.0,XBRL,TEYITLI,TL,13,"Maddi ve Maddi Olmayan Duran Varlıkların Alımından Kaynaklanan Nakit Çıkışları Not:18,19 (414.959.529) (1.683.960.093)",
YEOTK,2024,12,1411832,520003,Konsolide,MDV+MODV,onceki,-1683960093.0,XBRL,TEYITLI,TL,13,"Maddi ve Maddi Olmayan Duran Varlıkların Alımından Kaynaklanan Nakit Çıkışları Not:18,19 (414.959.529) (1.683.960.093)",
YEOTK,2024,12,1411832,520003,Konsolide,YAGM,cari,,XBRL,SIFIR,,,,
YEOTK,2024,12,1411832,520003,Konsolide,YAGM,onceki,,XBRL,SIFIR,,,,
YEOTK,2024,12,1411832,520003,Konsolide,KIRA,cari,-1170918.0,XBRL,TEYITLI,TL,13,Kira Sözleşmelerinden Kaynaklanan Borç Ödemelerine İlişkin Nakit Çıkışları (1.170.918) (1.346.012),
YEOTK,2024,12,1411832,520003,Konsolide,KIRA,onceki,-1346012.0,XBRL,TEYITLI,TL,13,Kira Sözleşmelerinden Kaynaklanan Borç Ödemelerine İlişkin Nakit Çıkışları (1.170.918) (1.346.012),
YEOTK,2025,3,1438174,520003,Konsolide,CFO,cari,-465210022.0,XBRL,TEYITLI,TL,8,A) İŞLETME FAALİYETLERİNDEN NAKİT AKIŞLARI (465.210.022) 23.844.501,
YEOTK,2025,3,1438174,520003,Konsolide,CFO,onceki,23844501.0,XBRL,TEYITLI,TL,8,A) İŞLETME FAALİYETLERİNDEN NAKİT AKIŞLARI (465.210.022) 23.844.501,
YEOTK,2025,3,1438174,520003,Konsolide,MDV+MODV,cari,-223867138.0,XBRL,TEYITLI,TL,8,"Maddi ve Maddi Olmayan Duran Varlıkların Alımından Kaynaklanan Nakit Çıkışları Not:18,19 (223.867.138) (36.889.233)",
YEOTK,2025,3,1438174,520003,Konsolide,MDV+MODV,onceki,-36889233.0,XBRL,TEYITLI,TL,8,"Maddi ve Maddi Olmayan Duran Varlıkların Alımından Kaynaklanan Nakit Çıkışları Not:18,19 (223.867.138) (36.889.233)",
YEOTK,2025,3,1438174,520003,Konsolide,YAGM,cari,,XBRL,SIFIR,,,,
YEOTK,2025,3,1438174,520003,Konsolide,YAGM,onceki,,XBRL,SIFIR,,,,
YEOTK,2025,3,1438174,520003,Konsolide,KIRA,cari,-2574867.0,XBRL,TEYITLI,TL,8,Kira Sözleşmelerinden Kaynaklanan Borç Ödemelerine İlişkin Nakit Çıkışları (2.574.867) (321.878),
YEOTK,2025,3,1438174,520003,Konsolide,KIRA,onceki,-321878.0,XBRL,TEYITLI,TL,8,Kira Sözleşmelerinden Kaynaklanan Borç Ödemelerine İlişkin Nakit Çıkışları (2.574.867) (321.878),
YEOTK,2025,6,1480983,,,*,,,,INDIRILMEDI,,,,
YEOTK,2025,9,1511374,,,*,,,,INDIRILMEDI,,,,
YEOTK,2025,12,1569760,,,*,,,,INDIRILMEDI,,,,
YEOTK,2026,3,1606489,,,*,,,,INDIRILMEDI,,,,
YEOTK,2026,6,1651412,,,*,,,,INDIRILMEDI,,,,
YONGA,2024,12,1404327,520003,Konsolide,CFO,cari,48876321.0,XBRL,TEYITLI,TL,11,A. ESAS FAALİYETLERDEN NAKİT AKIŞLARI 48.876.321 34.837.454,
YONGA,2024,12,1404327,520003,Konsolide,CFO,onceki,34837454.0,XBRL,TEYITLI,TL,11,A. ESAS FAALİYETLERDEN NAKİT AKIŞLARI 48.876.321 34.837.454,
YONGA,2024,12,1404327,520003,Konsolide,MDV+MODV,cari,-15852211.0,XBRL,TEYITLI,TL,11,(15.852.211) (11.162.827),
YONGA,2024,12,1404327,520003,Konsolide,MDV+MODV,onceki,-11162827.0,XBRL,TEYITLI,TL,11,B. YATIRIM FAALİYETLERİNDEN NAKİT AKIŞLARI (13.724.806) (11.162.827),
YONGA,2024,12,1404327,520003,Konsolide,YAGM,cari,,XBRL,SIFIR,,,,
YONGA,2024,12,1404327,520003,Konsolide,YAGM,onceki,,XBRL,SIFIR,,,,
YONGA,2024,12,1404327,520003,Konsolide,KIRA,cari,1797758.0,XBRL,TEYITLI,TL,11,Kiralama yükümlülükleriyle ilgili nakit girişleri/(çıkışları) 18 1.797.758 -,
YONGA,2024,12,1404327,520003,Konsolide,KIRA,onceki,,XBRL,SIFIR,,,,
YONGA,2025,6,1476124,,,*,,,,INDIRILMEDI,,,,
YONGA,2025,12,1570555,,,*,,,,INDIRILMEDI,,,,
YONGA,2026,6,1647531,,,*,,,,INDIRILMEDI,,,,
YUNSA,2024,12,1402682,520003,Konsolide,CFO,cari,-23172590.0,XBRL,TEYITLI,TL,13,A. İŞLETME FAALİYETLERİNDEN NAKİT AKIŞLARI (23.172.590) 697.607.777,
YUNSA,2024,12,1402682,520003,Konsolide,CFO,onceki,697607777.0,XBRL,TEYITLI,TL,13,A. İŞLETME FAALİYETLERİNDEN NAKİT AKIŞLARI (23.172.590) 697.607.777,
YUNSA,2024,12,1402682,520003,Konsolide,MDV+MODV,cari,-73408302.0,XBRL(alt kalemler PDF),TEYITLI,TL,13,Maddi duran varlık alımından kaynaklanan nakit çıkışları (-) 10 (34.353.590) (112.202.118) + Maddi olmayan duran varlık alımından kaynaklanan nakit çıkışları (-) 10 (39.054.712) (32.102.892),
YUNSA,2024,12,1402682,520003,Konsolide,MDV+MODV,onceki,-144305010.0,XBRL(alt kalemler PDF),TEYITLI,TL,13,Maddi duran varlık alımından kaynaklanan nakit çıkışları (-) 10 (34.353.590) (112.202.118) + Maddi olmayan duran varlık alımından kaynaklanan nakit çıkışları (-) 10 (39.054.712) (32.102.892),
YUNSA,2024,12,1402682,520003,Konsolide,YAGM,cari,,XBRL,SIFIR,,,,
YUNSA,2024,12,1402682,520003,Konsolide,YAGM,onceki,,XBRL,SIFIR,,,,
YUNSA,2024,12,1402682,520003,Konsolide,KIRA,cari,,XBRL,SIFIR,,,,
YUNSA,2024,12,1402682,520003,Konsolide,KIRA,onceki,,XBRL,SIFIR,,,,
YUNSA,2025,3,1435986,520003,Konsolide,CFO,cari,62175026.0,XBRL,TEYITLI,TL,8,A. İŞLETME FAALİYETLERİNDEN NAKİT AKIŞLARI 62.175.026 (96.991.517),
YUNSA,2025,3,1435986,520003,Konsolide,CFO,onceki,-96991517.0,XBRL,TEYITLI,TL,8,A. İŞLETME FAALİYETLERİNDEN NAKİT AKIŞLARI 62.175.026 (96.991.517),
YUNSA,2025,3,1435986,520003,Konsolide,MDV+MODV,cari,-36978743.0,XBRL(alt kalemler PDF),TEYITLI,TL,8,Maddi duran varlık alımından kaynaklanan nakit çıkışları (-) 10 (22.708.973) (105.325) + Maddi olmayan duran varlık alımından kaynaklanan nakit çıkışları (-) 10 (14.269.770) (5.012.916),
YUNSA,2025,3,1435986,520003,Konsolide,MDV+MODV,onceki,-5118241.0,XBRL(alt kalemler PDF),TEYITLI,TL,8,Maddi duran varlık alımından kaynaklanan nakit çıkışları (-) 10 (22.708.973) (105.325) + Maddi olmayan duran varlık alımından kaynaklanan nakit çıkışları (-) 10 (14.269.770) (5.012.916),
YUNSA,2025,3,1435986,520003,Konsolide,YAGM,cari,,XBRL,SIFIR,,,,
YUNSA,2025,3,1435986,520003,Konsolide,YAGM,onceki,,XBRL,SIFIR,,,,
YUNSA,2025,3,1435986,520003,Konsolide,KIRA,cari,,XBRL,SIFIR,,,,
YUNSA,2025,3,1435986,520003,Konsolide,KIRA,onceki,,XBRL,SIFIR,,,,
ZEDUR,2024,12,1400938,520003,Konsolide,CFO,cari,84264195.0,XBRL,TEYITLI,TL,13,Faaliyetlerden elde edilen nakit akışları 84.264.195 57.857.503, 2 bildirim; son kullanıldı
ZEDUR,2024,12,1400938,520003,Konsolide,CFO,onceki,57857503.0,XBRL,TEYITLI,TL,13,Faaliyetlerden elde edilen nakit akışları 84.264.195 57.857.503, 2 bildirim; son kullanıldı
ZEDUR,2024,12,1400938,520003,Konsolide,MDV+MODV,cari,-15645982.0,XBRL,TEYITLI,TL,13,Maddi ve maddi olmayan duran varlık satımından kaynaklanan nakit çıkışları 12 (15.645.982) (18.896.308), 2 bildirim; son kullanıldı
ZEDUR,2024,12,1400938,520003,Konsolide,MDV+MODV,onceki,-18896308.0,XBRL,TEYITLI,TL,13,Maddi ve maddi olmayan duran varlık satımından kaynaklanan nakit çıkışları 12 (15.645.982) (18.896.308), 2 bildirim; son kullanıldı
ZEDUR,2024,12,1400938,520003,Konsolide,YAGM,cari,,XBRL,SIFIR,,,, 2 bildirim; son kullanıldı
ZEDUR,2024,12,1400938,520003,Konsolide,YAGM,onceki,,XBRL,SIFIR,,,, 2 bildirim; son kullanıldı
ZEDUR,2024,12,1400938,520003,Konsolide,YAGM,*,,PDF,PDF_EK_SATIR,,13,Yatırım amaçlı gayrimenkullerin gerçeğe uygun kayıp kazançları 21 (1.739.716) (29.393.195), 2 bildirim; son kullanıldı
ZEDUR,2024,12,1400938,520003,Konsolide,KIRA,cari,-3287903.0,XBRL,TEYITLI,TL,13,Kiralama işlemlerinden kaynaklanan nakit çıkışları (3.287.903) (8.159.006), 2 bildirim; son kullanıldı
ZEDUR,2024,12,1400938,520003,Konsolide,KIRA,onceki,-8159006.0,XBRL,TEYITLI,TL,13,Kiralama işlemlerinden kaynaklanan nakit çıkışları (3.287.903) (8.159.006), 2 bildirim; son kullanıldı
ZEDUR,2025,3,1436619,520003,Konsolide,CFO,cari,-21453719.0,XBRL,TEYITLI,TL,7,Faaliyetlerden elde edilen nakit akışları (21.453.719) 17.262.326,
ZEDUR,2025,3,1436619,520003,Konsolide,CFO,onceki,17262326.0,XBRL,TEYITLI,TL,7,Faaliyetlerden elde edilen nakit akışları (21.453.719) 17.262.326,
ZEDUR,2025,3,1436619,520003,Konsolide,MDV+MODV,cari,-2518589.0,XBRL,TEYITLI,TL,7,"Maddi ve maddi olmayan duran varlık satımından kaynaklanan nakit çıkışları 8,9 (2.518.589) (68.633)",
ZEDUR,2025,3,1436619,520003,Konsolide,MDV+MODV,onceki,-68633.0,XBRL,TEYITLI,TL,7,"Maddi ve maddi olmayan duran varlık satımından kaynaklanan nakit çıkışları 8,9 (2.518.589) (68.633)",
ZEDUR,2025,3,1436619,520003,Konsolide,YAGM,cari,,XBRL,SIFIR,,,,
ZEDUR,2025,3,1436619,520003,Konsolide,YAGM,onceki,,XBRL,SIFIR,,,,
ZEDUR,2025,3,1436619,520003,Konsolide,KIRA,cari,,XBRL,SIFIR,,,,
ZEDUR,2025,3,1436619,520003,Konsolide,KIRA,onceki,,XBRL,SIFIR,,,,
ZEDUR,2025,3,1436619,520003,Konsolide,KIRA,*,,PDF,PDF_EK_SATIR,,7,Kiralama işlemlerinden kaynaklanan nakit girişleri / (çıkışları) 5 671.367 (1.623.887),
ZEDUR,2025,6,1478463,,,*,,,,INDIRILMEDI,,,,
ZEDUR,2025,9,1511763,,,*,,,,INDIRILMEDI,,,,
