Kod,s23,s24,s25,s26,b23,b24,b25,b26,f23,f24,f25,f26,n23,n24,n25,n26,us23,us26,ub23,ub26,nb23,nb24,nb25,nb26,unb23,unb26,gcfo25,gcfo26,gmdv25,gmdv26,gyagm25,gyagm26,gkira25,gkira26,goz26,cfo23,cfo24,mdv23,mdv24,yagm23,yagm24,kira23,kira24,am23,am24,am25,am26,tem23,tem24,tem25,tem26,faiz23,faiz26
UNLU,,,,,3378556724.0,3686302353.0,2911816464.0,3017378300.0,1001076194.0,1118689679.0,499213021.0,598678299.0,80459406.0,181017923.0,-242520364.0,-323836346.0,,,53279892.0,63016586.0,-1210869378.0,-630307154.0,512898097.0,1537823976.0,-18508655.0,33032342.0,,,,,,,,,,2176374361.0,-966149715.0,-91076030.0,-23295254.0,,,-16735478.0,-6127307.0,135392667.0,87532992.0,84666533.0,77678755.0,-153076371.0,,,,-579140294.0,-946217624.0
USAK,5850276685.0,5053378483.0,5610667667.0,5762654444.0,1085843003.0,191509811.0,1332477931.0,1055160017.0,637100824.0,-223281679.0,958311547.0,670097680.0,377994895.0,-89717756.0,-27622304.0,-745333240.0,92181530.0,120331406.0,17111727.0,21494498.0,2181702780.0,2417445227.0,2768173905.0,2619785785.0,33348258.0,56272799.0,,,,,,,,,,168426113.0,-1391696469.0,-402428660.0,-317710928.0,,,-33595861.0,-48032779.0,,,,,,,,,-671316350.0,-1583660376.0
USHOL,74380321.0,313474311.0,132560665.0,51994908.0,8385994.0,209054207.0,56497767.0,32159719.0,-11545092.0,185889645.0,28500613.0,3301021.0,-25313490.0,134456918.0,73314902.0,32923531.0,1177122.0,1041123.0,131999.0,644554.0,-2517297.0,-2012119.0,-105887.0,-89155.0,-38478.0,-1915.0,,,,,,,,,,5055357.0,11078281.0,-5987645.0,-12294562.0,,,,,2195294.0,1542120.0,3993799.0,141093.0,,,,,,
VAKBN,,,,,,,,,,,,,,,,,,,,,-520007206000.0,-969569825000.0,-982262000000.0,-916951000000.0,-17688944427.0,-19696037598.0,,,,,,,,,,,,,,,,,,,,,,,,,,,
VAKFA,,,,,,,,,2160327000.0,2354557000.0,2986644000.0,3299738000.0,1504736000.0,1707179000.0,1924858000.0,2052307000.0,,,,,-510523000.0,-306833000.0,-97569000.0,-630145000.0,-17366323.0,-13535467.0,,,,,,,,,,,,,,,,,,,,,,,,,,,
VAKFN,,,,,,,,,1253637000.0,2265712000.0,1962075000.0,1931469000.0,1443089000.0,1652235000.0,1529246000.0,1646276000.0,,,,,-2737177000.0,-3723413000.0,-184176000.0,-4293144000.0,-93109809.0,-92216406.0,,,,,,,,,,,,,,,,,,,,,,,,,,,
VAKKO,21948313538.0,22897982724.0,23378373166.0,23366708670.0,12476892356.0,11671330447.0,10763364723.0,10964376002.0,5093629097.0,3315965905.0,2526918906.0,2817770590.0,4327040551.0,1243108446.0,67106309.0,-137424250.0,345636274.0,487051464.0,196802098.0,228811952.0,645732447.0,-46820526.0,62465685.0,1635395630.0,9870296.0,35128173.0,,,,,,,,,,4824698802.0,4381714756.0,-1027588330.0,-417158784.0,,,-939640227.0,-961917246.0,1872089998.0,1975366675.0,2202378691.0,2233009085.0,-1400487060.0,-725364071.0,-870218550.0,-1027171608.0,-311912125.0,-911288074.0
VANGD,222772402.0,219470048.0,168415792.0,217889358.0,3573656.0,2218731.0,841365.0,18125215.0,-984831.0,-2459694.0,-9874725.0,1868648.0,-79143186.0,-14036099.0,263626888.0,272038168.0,3305878.0,4638609.0,51374.0,394910.0,-6338049.0,-7194055.0,-74385.0,-7294402.0,-96880.0,-156683.0,,,,,,,,,,90234.0,15126543.0,-411051.0,-12760009.0,-860761.0,,,,1640464.0,2825943.0,2926599.0,2456157.0,,,0.0,,-1821606.0,
VBTYZ,4750370389.0,3555742744.0,2858767786.0,3339201678.0,539718946.0,811283229.0,889514265.0,1039259796.0,270133938.0,400727206.0,573647304.0,822945918.0,223672244.0,54273309.0,206121471.0,192978938.0,76214167.0,69864494.0,8518958.0,21652550.0,-489152251.0,861897261.0,375358522.0,512814483.0,-7476901.0,11015216.0,,,,,,,,,,11332009.0,521145093.0,-96201409.0,-1600672299.0,,,-6894847.0,,66453369.0,86211527.0,402289992.0,529288580.0,-119773289.0,,,,-6757293.0,-54784457.0
VERTU,244697347.0,,,,-116842117.0,0.0,0.0,-7804044.0,-140456786.0,-29889155.0,-30444737.0,-31677766.0,-7630662281.0,-280844404.0,-290477547.0,-406123641.0,3735328.0,,-1783606.0,-157307.0,-6631935783.0,-5705919114.0,-5383091907.0,-4930919118.0,-101371969.0,-105915767.0,,,,,,,,,,-206383842.0,650001788.0,-69628.0,,,,,,4534341.0,4488729.0,4424089.0,4385542.0,-24832184.0,-16558661.0,0.0,,-1903919.0,-2850292.0
VERUS,1367686476.0,1722044017.0,896763111.0,869057096.0,-8878407.0,485316058.0,-45106498.0,-38088865.0,-85981113.0,99765663.0,-114892146.0,-57604407.0,619160896.0,687383062.0,-345288791.0,-1050175825.0,21465174.0,18205702.0,-107489.0,-707608.0,-3807900606.0,-4012316899.0,-4537000775.0,-4241027982.0,-58205386.0,-91096958.0,,,,,,,,,,-165947757.0,-144875668.0,-545427840.0,-214746250.0,,,,,76502029.0,105205704.0,153049909.0,149648660.0,-24783473.0,-47852039.0,0.0,,-158782739.0,-562425816.0
VESBE,135907125189.0,116108280673.0,87566316549.0,63935377549.0,22198589091.0,12189127652.0,6233575862.0,2269279862.0,17571899201.0,8914885306.0,3178805008.0,325016008.0,10513967542.0,409743237.0,-7444290182.0,-5931784182.0,2143642624.0,1323287745.0,348199168.0,45215679.0,8569332344.0,15993429708.0,23650494000.0,26191629000.0,130985903.0,562594195.0,,,,,,,,,,8695377711.0,11932546481.0,-9025757021.0,-6106264450.0,,,13169609.0,-100214857.0,4351916109.0,4699917953.0,4524779534.0,4471752534.0,-1209344358.0,-2106241898.0,-92792451.0,,-4053028872.0,-6242786039.0
VESTL,249728862277.0,220012159057.0,162802505622.0,119925575622.0,55574968621.0,45947582398.0,26444960491.0,17513783491.0,23158441494.0,13253266218.0,-345532293.0,-3970430293.0,3226047096.0,-16987150205.0,-34952440094.0,-27993906094.0,3935520541.0,2485031792.0,873442935.0,361861433.0,60286613587.0,90593314907.0,101983324000.0,105947676000.0,921506623.0,2275748006.0,,,,,,,,,,15713708060.0,-5334122169.0,-12150473347.0,-10886787881.0,,,22800194.0,-659102192.0,9582324059.0,7804707328.0,9997264881.0,9545974881.0,-254481423.0,-477484623.0,-21035452.0,,-12372141728.0,-14797178890.0
VEYAS,31166965082.0,26343447305.0,28521445049.0,31624533049.0,10950472696.0,10596441330.0,10159070068.0,11912958068.0,10153379095.0,9940305781.0,9549797827.0,11290523827.0,7087663450.0,4523059460.0,3130446981.0,2741326981.0,,254395576.0,,93643712.0,5484457158.0,7036075500.0,7118708000.0,9922819000.0,83832269.0,213141396.0,,,,,,,,,,847225099.0,1099180662.0,-19697957.0,,,,,,76626946.0,172909044.0,126739182.0,105582182.0,-2852249592.0,-2961112185.0,,,-1591096656.0,-3275841261.0
VKFYO,,,,,38604002.0,34970623.0,7007115.0,8426005.0,17958972.0,10235029.0,-14256336.0,-15494496.0,-38038085.0,-9790614.0,-22085667.0,-19594109.0,,,605918.0,172307.0,-98720690.0,-81935196.0,-61972077.0,-53002728.0,-1508988.0,-1138495.0,,,,,,,,,,-40610604.0,7634724.0,-70648.0,-328598.0,,,-456713.0,-1077750.0,1162532.0,1312866.0,1580698.0,1299316.0,-2602306.0,,,,,
VKGYO,3156055072.0,9370893371.0,3149135395.0,2833318754.0,1712746332.0,1809481913.0,2076548320.0,1811776019.0,1227760146.0,1328586450.0,1648341388.0,1311106224.0,2972227234.0,4681502750.0,919128549.0,502776762.0,49731251.0,58772897.0,26948527.0,37828306.0,-1744530680.0,-2146661112.0,-3815055072.0,-300086138.0,-26665896.0,-6445827.0,2462239929.0,1178191745.0,-1377070.0,-762637.0,-156380162.0,-1870391118.0,,,28897570719.0,-1580567894.0,976306836.0,-14766982.0,-4453721.0,-523087467.0,-133819655.0,,,8353071.0,7732639.0,5587219.0,5080603.0,,,,,-149053196.0,-746644.0
VKING,2061126826.0,1248014633.0,895222873.0,685769146.0,102703711.0,135972390.0,48401391.0,-16887755.0,-168441220.0,-118067728.0,-138970831.0,-192705064.0,-90899926.0,-748077120.0,-1157337455.0,-1076782256.0,32632915.0,14240924.0,1647656.0,-373978.0,1987631048.0,2818671163.0,3336425724.0,2628980623.0,30381789.0,56470303.0,,,,,,,,,,-662026520.0,-589381469.0,-107215208.0,-72400702.0,,,3700894.0,-3268668.0,133233342.0,127616131.0,133100940.0,131991642.0,,,,,-424456601.0,-1304764948.0
VRGYO,,391637989.0,206829795.0,93438717.0,,59873603.0,112945526.0,63262834.0,-16943722.0,16253440.0,79587930.0,-6089076.0,1282392774.0,-654436066.0,-507902428.0,-769789980.0,,1920940.0,,1311262.0,-700781091.0,216959795.0,367874087.0,1170283431.0,-10711738.0,25137599.0,-8383820.0,3409293987.0,-127746551.0,-125279370.0,,,,,5392626803.0,-1335355200.0,-794304585.0,-181558.0,-39431.0,-61589207.0,,,,2715305.0,1928905.0,1966680.0,1746336.0,,,,,-711.0,-119132034.0
VSNMD,2192235742.0,1718039023.0,1677995134.0,1617571112.0,578087247.0,284605677.0,315486798.0,266127746.0,569531500.0,320508830.0,292232000.0,204051909.0,311072049.0,-39453562.0,76043511.0,-91911786.0,9393050.0,33757801.0,3115324.0,5480367.0,67686548.0,265031166.0,-574821373.0,-260026483.0,1034618.0,-5585349.0,,,,,,,,,,552723559.0,251352216.0,-158942774.0,-443199140.0,,0.0,-3918248.0,-3058642.0,338967124.0,381252169.0,358658433.0,338038260.0,,0.0,-61982676.0,,-81541190.0,-11973465.0
YAPRK,514238177.0,424684494.0,372587959.0,314897392.0,430215100.0,274767557.0,261995980.0,215049372.0,412011071.0,251859378.0,231421260.0,182557492.0,303387351.0,53367295.0,27791093.0,30028968.0,8126029.0,6560512.0,6749345.0,4506205.0,1100832.0,-6779919.0,-87488570.0,-128204116.0,16827.0,-2753815.0,,,,,,,,,,-47266632.0,32471257.0,-40586448.0,-42766363.0,,,-1798244.0,-658410.0,18776604.0,19146678.0,18502074.0,18432764.0,-18960740.0,-69522537.0,-8755054.0,-8778938.0,-10674464.0,-6102059.0
YATAS,30116405287.0,24930262016.0,26682230249.0,27332854649.0,8424060342.0,7910122660.0,9159064538.0,9481135290.0,3084220449.0,2435185060.0,3102432165.0,2957067214.0,1558578337.0,277219720.0,133379819.0,829264695.0,475539589.0,570458449.0,133154002.0,198112056.0,6857666510.0,6290470442.0,6650998126.0,8119103424.0,104822360.0,174397723.0,,,,,,,,,,3824959288.0,4264497622.0,-2136323667.0,-1258242710.0,0.0,-57354.0,-1191111120.0,-680240913.0,1226046036.0,1308154738.0,1615890968.0,1870791280.0,-636310933.0,,,,-1215039324.0,-1452204497.0
YAYLA,35449662.0,81091723.0,94650803.0,74548119.0,-5579791.0,-16626946.0,-9105272.0,-2851784.0,-20891196.0,-39659347.0,-28375724.0,-30236673.0,110481139.0,-95851720.0,-8602900.0,-35971554.0,578449.0,1607654.0,-81457.0,-37786.0,21771870.0,2534959.0,-2439342.0,-3125304.0,332792.0,-67131.0,,,,,,,,,,67143467.0,-41223000.0,-94786.0,-56817502.0,,,,,,,,,,,,,-25097933.0,-5201664.0
YBTAS,2469803155.0,2120076351.0,2139100191.0,2187813138.0,487831460.0,317404665.0,566099800.0,583176855.0,371485665.0,231703078.0,439699043.0,446273791.0,558196493.0,-140739162.0,-83323772.0,71596769.0,38992054.0,46027992.0,7701858.0,12254077.0,-72565.0,-9031581.0,540334.0,-8307536.0,-1109.0,-178445.0,,,,,,,,,,135753864.0,158995866.0,-141543181.0,-150002683.0,,,,,93245336.0,97533009.0,102092280.0,110575325.0,,,,,,
YEOTK,14203418512.0,11691108743.0,19704950488.0,22414440956.0,3097396626.0,3944414092.0,4933600752.0,6579347422.0,2525677034.0,3207075481.0,3741019094.0,5367634725.0,945323166.0,1381288399.0,1740097566.0,2524226481.0,222963905.0,463569382.0,48521739.0,136498316.0,1471897663.0,2686783001.0,6071752625.0,6156929416.0,22498584.0,132250375.0,,,,,,,,,,1707204469.0,324793411.0,-2595633901.0,-639611547.0,,,-2074725.0,-1804833.0,72784178.0,178737899.0,210597733.0,255590544.0,,,,,,
YESIL,37212289.0,,,,37212289.0,-139515200.0,-3029458.0,-3029458.0,33812990.0,-147717466.0,-8312075.0,-7393647.0,-312845615.0,-258227266.0,-84344217.0,-131859725.0,587372.0,,587372.0,-61012.0,-489474.0,-667243.0,-300344.0,-247314.0,-7482.0,-5312.0,,,,,,,,,,-2305415.0,-540663688.0,,,,,,,,,,,,,,,2313619.0,
YGGYO,3210013552.0,3443324812.0,3677189913.0,3426464640.0,2345553641.0,2500870933.0,2871561153.0,2916644789.0,2892504635.0,2421071100.0,2887845137.0,2937220437.0,16726406681.0,-293754494.0,6315134249.0,6160689051.0,50893466.0,71645426.0,37137967.0,60728500.0,-3788373645.0,-4152847255.0,-4666037794.0,-2934672870.0,-57906908.0,-63036550.0,4401845559.0,4076742847.0,-465882652.0,-407266460.0,,,,,28109740451.0,1603628809.0,4531071106.0,-1240868479.0,-701804564.0,,,,,708233204.0,35545609.0,136694071.0,137367793.0,-1347523186.0,-1159695055.0,-2302598285.0,-2686996329.0,,-9129468.0
YGYO,59715636.0,1873148488.0,,,56141777.0,73166947.0,,,-509999890.0,-367687372.0,,,3119068860.0,-3915938057.0,,,1157393.0,,1088051.0,,1694919835.0,919664809.0,,,31837458.0,,,,,,,,,,,1901934290.0,1420846848.0,,,0.0,-531547962.0,,,26738.0,123311.0,,,,,,,-1186362042.0,
YIGIT,14434219941.0,15373470589.0,13936817228.0,14422702072.0,2565684981.0,1616677759.0,1767203051.0,1821327775.0,1823593296.0,812803427.0,982401971.0,1009460218.0,903725116.0,340826946.0,219911008.0,134535187.0,227766072.0,301034791.0,40296290.0,38050662.0,1266597070.0,-1792528998.0,-1055716802.0,-728128411.0,19360477.0,-15640143.0,,,,,,,,,,394644523.0,-1937812277.0,-840986905.0,-865847349.0,,,,,206485170.0,207362196.0,243456148.0,245615023.0,,,,,-260726112.0,-323962154.0
YKBNK,,,,,,,,,,,,,,,,,,,,,-334868273000.0,-478927233000.0,-647697000000.0,-719988000000.0,-11391123437.0,-15465287369.0,,,,,,,,,,,,,,,,,,,,,,,,,,,
YKSLN,3145374746.0,2395780434.0,1332123875.0,1536336792.0,742254950.0,466792965.0,353293341.0,500068290.0,486212726.0,249725768.0,207183318.0,366724448.0,-328353714.0,-571821976.0,-221084334.0,-43596046.0,49988796.0,32219901.0,11693545.0,10467598.0,1223037210.0,984454372.0,354890941.0,431548893.0,18694646.0,9269637.0,,,,,,,,,,2505280706.0,2064693693.0,-172005750.0,-143919878.0,,,-44390886.0,-14869785.0,49616966.0,33334736.0,89534577.0,91979042.0,-70829960.0,,,,-392179548.0,-97571467.0
YONGA,585764474.0,555524841.0,522252963.0,501566036.0,-34610778.0,34988930.0,-12974713.0,-27625819.0,-136696454.0,-49494891.0,-86845746.0,-124249213.0,-593339331.0,52609886.0,5620439.0,-79101776.0,9247778.0,10512358.0,-546296.0,-536055.0,312827277.0,276096866.0,431251946.0,383482744.0,4781698.0,8237180.0,,,,,,,,,,53697993.0,75337127.0,-17206234.0,-24434323.0,,,,,35138101.0,25698423.0,67691465.0,70291203.0,-9554534.0,,,,,-66651370.0
YUNSA,4870471334.0,2989193812.0,3561985177.0,3977347476.0,1414935103.0,565810580.0,571778501.0,767432980.0,1109933525.0,314872230.0,378854361.0,554527968.0,1211177347.0,56486232.0,445680177.0,434485624.0,76746214.0,83015458.0,22108677.0,16002017.0,-440632563.0,143045533.0,-545547133.0,-158231159.0,-6735257.0,-3398793.0,,,,,,,,,,1075283436.0,-35717923.0,-222429841.0,-113150590.0,,,,-3800972.0,164986573.0,205543970.0,179194619.0,178390063.0,-474590304.0,-433153447.0,-25685386.0,-180200066.0,-40960220.0,
YYAPI,19237631.0,45597603.0,9937106.0,12015602.0,-7811093.0,26125068.0,-51585751.0,-58737622.0,-23491827.0,-3552530.0,-87780243.0,-84328222.0,1566020005.0,918103997.0,136404394.0,-381162972.0,305520.0,253325.0,-105097.0,-1214549.0,-34198472.0,-58090790.0,-35260521.0,-33455549.0,-522738.0,-718623.0,,,,,,,,,,87245583.0,30271995.0,,,,,,,1282631.0,1084411.0,985235.0,778366.0,,,,,-63880958.0,-42524062.0
YYLGD,36440716732.0,18289335013.0,26505074015.0,28772799523.0,4793501358.0,2383250933.0,3430566206.0,3857219430.0,3911715997.0,1469958001.0,2399635941.0,2599162174.0,1024801197.0,1640333247.0,1063822923.0,2354188024.0,577465120.0,599446928.0,75627800.0,80471219.0,7292658020.0,9445994541.0,10740894056.0,11995964518.0,111471391.0,257672404.0,,,,,,,,,,-6159125782.0,1013028158.0,-3041737730.0,-4312038128.0,,,,,251235835.0,312298848.0,348479882.0,346284434.0,-409517486.0,,,,-2525327285.0,-3532490737.0
ZEDUR,216044270.0,215656296.0,152360829.0,137902620.0,49395438.0,33267988.0,5178652.0,-5951842.0,116655361.0,74876057.0,36536145.0,13891197.0,433830406.0,119010218.0,24413530.0,-71509375.0,3402315.0,2878355.0,768014.0,-128748.0,596963281.0,471392562.0,511364471.0,503962479.0,9124839.0,10825076.0,,,,,,,,,,89180793.0,129883721.0,-29126520.0,-24116510.0,,,-12576184.0,,98433178.0,78199973.0,77295015.0,77120023.0,,,,,-35162230.0,
ZERGY,,2990027848.0,391932633.0,381531676.0,,75627188.0,201227661.0,188941862.0,-2464632.0,44095501.0,85446293.0,52899665.0,165219785.0,-369520373.0,67935852.0,274404923.0,,7683744.0,,3792321.0,-100014527.0,445452814.0,22662266.0,1091067037.0,-1528765.0,23436037.0,-822777519.0,-1347637426.0,-25878030.0,-16626790.0,,,,,2991222689.0,45294115.0,-938055116.0,,,,,,,,0.0,990747.0,1469112.0,,,,,,-406335934.0
ZGYO,4692749.0,7153693.0,13718968.0,14304785.0,2493243.0,7153693.0,13718968.0,14103048.0,-1283307122.0,-3816403.0,-4735176.0,-10783899.0,1276150740.0,1132237956.0,165507815.0,283959100.0,74072.0,298527.0,39354.0,294080.0,45952887.0,11407310.0,219295650.0,6310769.0,702409.0,135555.0,134384876.0,-108116603.0,-307850.0,-368922.0,-68245654.0,-103230212.0,,,4069164476.0,-31563728.0,122936960.0,-158936.0,-1765358.0,,-126459107.0,,,-1278875795.0,2584625.0,2171440.0,2030621.0,,,,,-2358899.0,-88471344.0
ZOREN,60714165006.0,45713713580.0,42626042964.0,38332350964.0,8372805524.0,5718601196.0,3598891097.0,3205508097.0,14417492682.0,10168864616.0,8207733539.0,6862736539.0,24304752379.0,-3643589224.0,-17319166016.0,-12307198016.0,958759217.0,791221015.0,132770883.0,65507944.0,89376821781.0,68109334848.0,58937988000.0,58375574000.0,1366162872.0,1253902881.0,,,,,,,,,,26188179105.0,10096286831.0,-2290893875.0,-1866018756.0,,,-329600910.0,-166218107.0,9547917222.0,7441429794.0,7404453184.0,6474875184.0,,,,,-13431669452.0,-8741892554.0
ZRGYO,7814642657.0,5345348446.0,4081953223.0,4737973959.0,1784538837.0,3443089401.0,3283840143.0,3502546796.0,1431995214.0,3072653884.0,2915788211.0,3037993337.0,9231609993.0,4712697018.0,8897528014.0,7051040196.0,123254143.0,98871743.0,28013527.0,72940114.0,4683164627.0,6165534148.0,9057770788.0,10142828581.0,71584170.0,217867185.0,1514259591.0,1171208098.0,923161.0,-1080569.0,-3357524393.0,-3094769209.0,0.0,,93732761528.0,-1556254501.0,4557105189.0,-42486071.0,-8835631.0,-6960223548.0,-4385140756.0,-5147942.0,-5548324.0,13277648.0,15839155.0,1837393.0,2854361.0,-58892397.0,-350335603.0,-468367062.0,-540354637.0,-1350366191.0,-2424518814.0
INTEK,111975233.0,409608482.0,533029295.0,507915539.0,18980711.0,282246601.0,362607620.0,345303937.0,-2906254.0,215871145.0,209774637.0,181648477.0,9758144.0,187574758.0,-135889157.0,-301005647.0,1767758.0,10666238.0,299675.0,7240495.0,5904934.0,-8673049.0,-25573554.0,-35371989.0,90259.0,-759788.0,,,,,,,,,,19351039.0,348839343.0,-338222.0,-143918734.0,-53246033.0,,,-4724711.0,330441.0,71281753.0,92077949.0,95445376.0,,,,,-21287.0,
INTEM,2834284933.0,2207488483.0,2254791580.0,2240081351.0,1635816263.0,1179705542.0,1169105892.0,1194502335.0,777339727.0,380818919.0,346334975.0,424465767.0,188934315.0,-58094067.0,-11552470.0,47172081.0,44835616.0,46799794.0,25945348.0,25082724.0,-22815671.0,9859679.0,64954847.0,74831061.0,-348747.0,1607365.0,,,,,,,,,,95396045.0,111349300.0,-14533952.0,-4811501.0,,,-57848080.0,-114607525.0,201942040.0,207121491.0,153176754.0,155472131.0,,,,,,
INTET,2850407919.0,1827644174.0,2747290019.0,3176293539.0,1170594457.0,699669116.0,849617328.0,1042634449.0,1038438646.0,572100756.0,697581551.0,881281916.0,658093587.0,141411090.0,188269698.0,220722703.0,,67376629.0,,21942406.0,257081903.0,150188789.0,494719951.0,238601832.0,3929607.0,5125149.0,,,,,,,,,,-265238805.0,447516700.0,-190512079.0,-207134319.0,,,,,137012592.0,146135165.0,154426150.0,163407211.0,-177895862.0,-23120520.0,-12484304.0,-69219849.0,-47325908.0,-94902835.0
INVEO,1609632588.0,-1795342731.0,199041309.0,-6790613624.0,1604213847.0,-2063785057.0,149068319.0,-7241763828.0,1498071492.0,-2172248905.0,78114105.0,-7321260423.0,2500815154.0,-2202262919.0,34097456.0,-8107538816.0,20705904.0,-132825523.0,20619476.0,-142671225.0,1741065007.0,1372729702.0,2939540108.0,6346532073.0,26612922.0,136323025.0,,,,,,,,,,162919316.0,797046975.0,-50272.0,0.0,,0.0,-1133292.0,-1453693.0,996692.0,2211125.0,2067228.0,1646666.0,,,,,-400612446.0,-1377873339.0
INVES,235699839.0,4918724392.0,62799953.0,11648690070.0,235699839.0,4918724392.0,-2100636908.0,12960653122.0,157020035.0,4844281096.0,-2174091658.0,12896003172.0,102205618.0,2253499960.0,-2463407102.0,10601275858.0,4269885.0,256164723.0,4269885.0,282343255.0,-3495363302.0,-3699557119.0,-4349314006.0,-4650886945.0,-53428120.0,-99900697.0,,,,,,,,,,-841644132.0,-377570751.0,-46957.0,-202254.0,,,,,12055829.0,12043679.0,11977030.0,11575818.0,,,,,,-62772370.0
IPEKE,,,,,,,,,,,,,,,,,,,,,,,,,,,,,,,,,,,,,,,,,,,,,,,,,,,,,
ISATR,,,,,,,,,,,,,,,,,,,,,-619459682000.0,-733328176000.0,-1076238000000.0,-1097328000000.0,-21071992394.0,-23570521812.0,,,,,,,,,,,,,,,,,,,,,,,,,,,
ISBIR,12238201249.0,10955718125.0,10578910183.0,9789991170.0,3030868445.0,2518936994.0,2333925476.0,2377197633.0,2012713776.0,1416919888.0,1312420413.0,1185800082.0,359534155.0,-622710394.0,-385481996.0,952898376.0,193217334.0,205870426.0,47852039.0,49934615.0,1675277899.0,2076113624.0,3280420977.0,4068033840.0,25607338.0,87381057.0,,,,,,,,,,2165723542.0,2073333989.0,-336021232.0,-701767465.0,,-26387730.0,,,539602767.0,557936175.0,417677124.0,230167409.0,-83348614.0,-57166587.0,-38808956.0,-37955560.0,-815505728.0,-616563710.0
ISBTR,,,,,,,,,,,,,,,,,,,,,-619459682000.0,-733328176000.0,-1076238000000.0,-1097328000000.0,-21071992394.0,-23570521812.0,,,,,,,,,,,,,,,,,,,,,,,,,,,
ISCTR,,,,,,,,,,,,,,,,,,,,,-619459682000.0,-733328176000.0,-1076238000000.0,-1097328000000.0,-21071992394.0,-23570521812.0,,,,,,,,,,,,,,,,,,,,,,,,,,,
ISDMR,88611904000.0,110436515000.0,120955399000.0,133159417000.0,6226167000.0,9516535000.0,10800387000.0,12124922000.0,7453973000.0,10658121000.0,12433952000.0,13988811000.0,4601547000.0,14254008000.0,6111894000.0,12299904000.0,3739958878.0,3106550991.0,262781946.0,284245595.0,12420953000.0,14066992000.0,-10991022000.0,-2729702000.0,422520197.0,-58633791.0,,,,,,,,,,13820807000.0,16560275000.0,-9722312000.0,-14956147000.0,,,-25606000.0,-45343000.0,3001227000.0,3999561000.0,5201423000.0,6064915000.0,0.0,-1449719000.0,-724834000.0,-13770355000.0,-1877161000.0,-2743358000.0
ISFIN,,,,,,,,,2468370000.0,2818731000.0,2897570000.0,3282372000.0,1767060000.0,1925193000.0,3630137000.0,4089412000.0,,,,,-2512911000.0,-1166151000.0,-2844664000.0,-2568650000.0,-85481014.0,-55174406.0,,,,,,,,,,,,,,,,,,,,,,,,,,,
ISGSY,1714004596.0,2971667399.0,7148288946.0,3994029400.0,1467610252.0,1902187843.0,6267384516.0,2970267402.0,1412629422.0,1762798130.0,6090345607.0,2766128732.0,1284348176.0,1468116598.0,5229525997.0,2234788890.0,27064054.0,82859811.0,23174875.0,60293459.0,-485870948.0,741853481.0,2557680596.0,2052332884.0,-7426745.0,44083954.0,,,,,,,,,,68890140.0,-990696876.0,-1252872.0,-7453178.0,,,-2880891.0,-8281097.0,5978363.0,8863198.0,11145256.0,11633087.0,,,,,,-755599520.0
ISGYO,2544354496.0,6239316807.0,3681948282.0,3205882853.0,1831581166.0,2117925384.0,1927817482.0,1854662918.0,1450098708.0,1664962743.0,1442967100.0,1188386158.0,6968431884.0,1374962808.0,-1128516430.0,-2508707856.0,40187840.0,67238240.0,28939826.0,38990312.0,8590513648.0,6076986130.0,911435696.0,655086231.0,131309668.0,14071202.0,-1064733402.0,1401655921.0,-14689252.0,-11263764.0,-4194307377.0,-1525501056.0,,,58192772340.0,-2199782757.0,1426646278.0,-11092317.0,-7001329.0,-478668113.0,-1669146355.0,,,20677285.0,32362121.0,33941881.0,38867811.0,,,,,-2794439663.0,-573388382.0
ISKPL,3419233470.0,3294099942.0,2976955010.0,3282738811.0,752298331.0,749796284.0,912519988.0,1016969571.0,422099349.0,394999869.0,662062483.0,728132316.0,229283801.0,464423625.0,262382017.0,313845615.0,54030301.0,68912985.0,11822817.0,21361543.0,723230927.0,1037226180.0,1724753414.0,2033808796.0,11054893.0,43686058.0,,,,,,,,,,227801465.0,128335060.0,-433905673.0,-452237478.0,,,,,132052342.0,185593701.0,252501864.0,261055340.0,-8329716.0,0.0,-3419847.0,-647089.0,-105386949.0,-62492336.0
ISKUR,,,,,,,,,,,,,,,,,,,,,-619459682000.0,-733328176000.0,-1076238000000.0,-1097328000000.0,-21071992394.0,-23570521812.0,,,,,,,,,,,,,,,,,,,,,,,,,,,
ISMEN,994049280112.0,1484674568722.0,1910192394973.0,1919240909973.0,36534653389.0,35847152774.0,36817589782.0,36101875782.0,29275581539.0,27335113507.0,26552405807.0,24132030807.0,12328401794.0,8487065924.0,8767734883.0,7346686883.0,15699058105.0,40350281965.0,576533840.0,753293658.0,-20563533730.0,-22615822871.0,-11225554000.0,-10323838000.0,-314322391.0,-221755253.0,,,,,,,,,,43141399545.0,5582284684.0,-606148827.0,-168068115.0,,,,,736621057.0,-621468482.0,1367004090.0,1506756090.0,-2550207546.0,-2901434503.0,-11945921651.0,-5404310651.0,-5950927680.0,-5509436196.0
ISSEN,6457572293.0,5958800743.0,5803226794.0,5058274320.0,1679276485.0,1315770699.0,1079960061.0,981846527.0,1424135705.0,1052975583.0,690737774.0,430560647.0,625737.0,-291907949.0,-571609428.0,347619461.0,102015731.0,105464539.0,26578665.0,20257399.0,1326341069.0,1996602163.0,3267961914.0,3595534074.0,20273689.0,77231798.0,,,,,,,,,,-92486032.0,-210283874.0,-280274818.0,-555114201.0,,,,,251481869.0,231902543.0,101140356.0,7709114.0,-84785012.0,-43452022.0,0.0,,-138402789.0,-132142823.0
ISVEA,3681478393.0,2985866621.0,2554078095.0,2498562433.0,796781144.0,953115588.0,889160411.0,777073851.0,563005801.0,778574798.0,774819799.0,708380053.0,337333729.0,100147925.0,85262459.0,165397411.0,,26750366.0,,7539157.0,780685668.0,1914519967.0,2079930094.0,2103884339.0,11933114.0,45191275.0,,,,,,,,,,-343764396.0,-321405927.0,-78120395.0,-24481044.0,,,,,59216423.0,161262936.0,167019149.0,184525169.0,,,,,-16534543.0,-9149565.0
ISYAT,1433114339.0,3140733054.0,1313892599.0,1092777964.0,349868723.0,320070415.0,267215016.0,273501959.0,307643298.0,266238201.0,214096974.0,215684158.0,-150482148.0,-21697249.0,4745087.0,-3082772.0,22725372.0,22658404.0,5509857.0,5698150.0,-796489705.0,-526846334.0,-776016639.0,-752861647.0,-12174685.0,-16171411.0,,,,,,,,,,111532103.0,21317925.0,-95853.0,-867272.0,,,-1488146.0,-1752502.0,3724364.0,1993877.0,2513543.0,2570996.0,-183179391.0,0.0,0.0,0.0,-442096.0,-1689676.0
IZENR,16773070135.0,11236825425.0,10725033519.0,8426563689.0,1643109070.0,372638263.0,1874147150.0,713457899.0,2103228523.0,1147840338.0,2377517026.0,1345920697.0,2433905989.0,-1431609384.0,818541758.0,397438512.0,265465719.0,173232241.0,25873539.0,12768162.0,-394744354.0,-243462193.0,-853354695.0,368925514.0,-6033836.0,7924492.0,,,,,,,,,,1586301223.0,2173328222.0,-1055743006.0,-1504002610.0,,,-7230186.0,-7506648.0,603081532.0,900181004.0,757025608.0,866096832.0,,,,,-167845867.0,-268980979.0
IZFAS,701447163.0,546347988.0,518436740.0,569359372.0,173215387.0,196889327.0,92738070.0,95202055.0,97520304.0,129907430.0,20813579.0,68738495.0,-58279557.0,18571626.0,-46112484.0,-20319322.0,11064804.0,11919276.0,2734674.0,2035308.0,108395286.0,88225336.0,28253348.0,82548099.0,1656868.0,1773127.0,,,,,,,,,,2649508.0,-3790794.0,-47591630.0,-10200847.0,,,,,16452069.0,19458331.0,21019855.0,21620824.0,,,,,-25681923.0,
IZINV,35466278.0,131970863.0,97553708.0,106624184.0,-1992876.0,23076497.0,27997535.0,31199281.0,-5214806.0,8045482.0,1647686.0,19018140.0,-8137340.0,-63000159.0,-65646375.0,-60396007.0,567742.0,2189736.0,-31435.0,636363.0,-44086333.0,-7863742.0,24050300.0,49314824.0,-673878.0,1059279.0,,,,,,,,,,76135154.0,-150163794.0,-9945000.0,-6953860.0,,,,,14737764.0,23621172.0,24271265.0,21826749.0,,,,,-1605171.0,-6033014.0
IZMDC,78136205008.0,71776097299.0,74839772716.0,72828257979.0,2358397741.0,-3886288561.0,1610887899.0,273170283.0,2904877988.0,-2197713001.0,2641249669.0,1253605286.0,2432769751.0,-3301308562.0,-2218666550.0,-1622259726.0,1235530816.0,1519126707.0,40376374.0,4174082.0,24738071590.0,25804924937.0,25361520423.0,26936239224.0,378131984.0,578588366.0,,,,,,,,,,-130119685.0,1233072008.0,-7478475459.0,-4043662478.0,,,-86739136.0,-84172297.0,1584300060.0,2749575892.0,2636260159.0,2629470240.0,-59.0,-34.0,0.0,,-1851487311.0,-2045742563.0
JANTS,16782958563.0,8485583143.0,7158707435.0,7671025219.0,3851588783.0,1877948672.0,1125296426.0,1182413164.0,2672435512.0,1196120447.0,559880252.0,648005189.0,1104964791.0,155074895.0,-95109371.0,620984101.0,264935582.0,160011008.0,60731332.0,24662464.0,-196550650.0,-228916246.0,2883497.0,968707086.0,-3004361.0,20807754.0,,,,,,,,,,2558069951.0,1313707526.0,-1085024730.0,-649893148.0,3558903.0,,,,276558260.0,231332060.0,357595103.0,377205678.0,-561512502.0,-477884357.0,-28760355.0,-418.0,-294592339.0,-180904195.0
KAPLM,2998024582.0,2712579227.0,2766259079.0,2555180201.0,373428651.0,399243645.0,222957113.0,215216175.0,109726012.0,142958734.0,-73915874.0,-86620657.0,-136432314.0,-157580505.0,-486746940.0,-418773953.0,47183632.0,53357422.0,5853798.0,4623600.0,238420444.0,490351711.0,723131396.0,6303859.0,3644358.0,135406.0,,,,,,,,,,90868228.0,-439753198.0,-180776601.0,-39161203.0,,,-9360959.0,-7557207.0,141536549.0,157174991.0,134303821.0,123928717.0,,,,,-35946983.0,-450648776.0
KARCL,12739656964.0,20249965885.0,22971910492.0,25870355826.0,1787458293.0,2617712420.0,3452600988.0,3497993004.0,1440075804.0,1970317478.0,2499418929.0,2521536039.0,1449695122.0,1428579987.0,1032787892.0,587524972.0,,601121772.0,,81367955.0,6225266260.0,9256245449.0,12587879482.0,13794701476.0,211763198.0,296309136.0,,,,,,,,,,866063989.0,-292679510.0,-909642118.0,-1244562507.0,,,,,205867686.0,249003743.0,318467116.0,371172211.0,,,-11764706.0,,-398177990.0,-2089311259.0
KAREL,21048481739.0,21311304148.0,21199045406.0,22129062706.0,2939952724.0,961765859.0,2312263821.0,2826218804.0,2269779366.0,-177328076.0,1466808190.0,1856219998.0,522855641.0,-2352029329.0,-1780645847.0,-807929064.0,332084393.0,461774924.0,46321643.0,58901795.0,5820626259.0,7543772298.0,6461380190.0,6659231528.0,88970757.0,143039786.0,,,,,,,,,,6518462517.0,1915098743.0,-914939540.0,-1713261507.0,,,-396749000.0,-352889144.0,940485183.0,1078702430.0,1465643423.0,1394996039.0,-125816700.0,,,,-1802718638.0,-1779742072.0
KARSN,16519292304.0,16750749549.0,19547011503.0,22878045503.0,2842090721.0,3361130315.0,5416605917.0,6231049917.0,1083735204.0,1827094397.0,3213511207.0,3614176207.0,857263862.0,85518421.0,210897393.0,352058393.0,261173554.0,476445700.0,44966662.0,129221694.0,5921545764.0,7406980311.0,8519633000.0,8946928000.0,90513355.0,192179332.0,,,,,,,,,,4718377743.0,842268305.0,-447210266.0,-1486151207.0,,0.0,-63790294.0,-83740247.0,835852458.0,841161362.0,904969567.0,915923567.0,,0.0,0.0,,-2016032235.0,-3264978045.0
KARTN,5519984311.0,5966275212.0,4732969878.0,4242423173.0,-1026982919.0,-611729484.0,-1398806541.0,-1026501994.0,-880352645.0,-544732790.0,-1313941011.0,-905691920.0,-1380541607.0,-1003985945.0,-1368037572.0,-588197394.0,86874741.0,88592938.0,-16215452.0,-21185855.0,-194645317.0,383492024.0,1116836153.0,434759366.0,-2975237.0,9338598.0,,,,,,,,,,-194297546.0,-1093769935.0,-465009221.0,-238424195.0,,,-15278067.0,-4028214.0,627181451.0,645843521.0,546643766.0,535900267.0,-635011189.0,-1736118.0,-1594848.0,-25.0,-189747617.0,-558315145.0
KATMR,3382902673.0,2064723218.0,2647591697.0,2772479072.0,471185785.0,880211531.0,1200040340.0,1056225821.0,-91230363.0,637845103.0,714098153.0,538495307.0,-377092660.0,689512217.0,779618861.0,525886069.0,53520483.0,58291888.0,7268752.0,22023189.0,2785228555.0,1437849703.0,2004609825.0,2188705263.0,42573407.0,47013222.0,,,,,,,,,,1962993407.0,1176417134.0,-65697493.0,-323445501.0,,,,,65804535.0,258999940.0,128012626.0,112787338.0,,,,,-1326677981.0,-32197688.0
KAYSE,34877697632.0,41381541133.0,25416179700.0,,2068130692.0,3165072603.0,26975658.0,,1321877550.0,2603926263.0,-702956419.0,,377357955.0,-1222062682.0,-4810101831.0,,558758625.0,,33891926.0,,18449837673.0,11581915243.0,16008728441.0,,299035648.0,,,,,,,,,,,-13910334670.0,8121432191.0,-1362820664.0,-1158965850.0,,,-42919480.0,-68495562.0,874491908.0,1151759457.0,1199593401.0,,-511338009.0,,,,-1200848906.0,
KBORU,4553936213.0,6095898289.0,6226336459.0,7405942714.0,1417710251.0,1220755825.0,1454637331.0,1626105788.0,1080745575.0,696082294.0,961367634.0,998031572.0,487866366.0,999471534.0,757895033.0,277450656.0,71568538.0,155993458.0,22307906.0,34206996.0,-512130298.0,812371824.0,3862953368.0,4696048954.0,-7828130.0,100870774.0,,,,,,,,,,115617507.0,-470720336.0,,-1986682082.0,,,,,88169159.0,161434921.0,262415071.0,323458670.0,0.0,-98877428.0,-190376753.0,,-207476918.0,-736436083.0
KCAER,34248446244.0,29648899653.0,28393960325.0,26086778570.0,6580431167.0,4709904918.0,5350589602.0,4930574928.0,4941903979.0,3138682434.0,3660731094.0,3440347861.0,2629969886.0,127778298.0,557572760.0,654249493.0,540662510.0,543138699.0,104253379.0,103160399.0,3779654154.0,2469408549.0,2372566597.0,2413213448.0,57773627.0,51835641.0,,,,,,,,,,1213569567.0,2948437584.0,-975448385.0,-2065152131.0,-1217033.0,-57687733.0,-1000337.0,,491321941.0,543526557.0,606825773.0,626479721.0,-336352911.0,-347320594.0,-161386346.0,,-972057766.0,
KCHOL,2712860849338.0,2483921467869.0,2165154823810.0,2316381823810.0,838204613835.0,505319531542.0,552710828010.0,592719828010.0,554617183070.0,210243825321.0,250077291038.0,288401291038.0,166741061139.0,2012516789.0,25908356863.0,37977356863.0,42700257635.0,48498359843.0,13182802908.0,12416743595.0,623998086819.0,792570092027.0,1071629000000.0,1047619000000.0,9538077116.0,22502776280.0,,,,,,,,,,754454902106.0,179280035704.0,-151942206236.0,-150939936788.0,,,-9356218025.0,-11990313603.0,68124673487.0,89813124914.0,87603949082.0,85829949082.0,-75697506956.0,-92194230208.0,-49269566965.0,-43627566965.0,-54981268034.0,-805305966012.0
KENT,25295408384.0,20229640831.0,20244339205.0,18363183983.0,4453221181.0,2256699672.0,3183519662.0,2482654471.0,2141317627.0,218132638.0,1065586767.0,506860544.0,1192017052.0,-1193517197.0,-758883573.0,-939983365.0,400562398.0,382013872.0,70446987.0,51762486.0,-309751432.0,-683164257.0,-1635662559.0,-993211.0,-4734683.0,-21334.0,,,,,,,,,,1531761510.0,1227262643.0,-555033604.0,-580585057.0,,,-191091465.0,-42930252.0,774877556.0,912310233.0,957793056.0,923609385.0,,,,,-360606987.0,-279864068.0
KERVN,1801855.0,4925601.0,633157.0,633157.0,-461342.0,410450.0,-206226.0,-206226.0,21850712.0,-8983690.0,-99360715.0,-139392201.0,-826597009.0,580446504.0,-54772745.0,1371672238.0,28589.0,13106.0,-6969.0,-4131.0,8329521163.0,5853684076.0,6137959890.0,126778185.0,127320287.0,2723186.0,,,,,,,,,,335159575.0,2986724279.0,-5722462.0,-17417496.0,-4624712050.0,-3054347841.0,,,80412392.0,86556213.0,37687453.0,12662682.0,,,,,,
KFEIN,2463997747.0,2957846536.0,3349407436.0,3616678657.0,705745548.0,723381776.0,611966353.0,598694301.0,476585583.0,411288566.0,273795297.0,303781653.0,194430915.0,324946015.0,55695290.0,31743590.0,38799219.0,75218710.0,11127527.0,12349726.0,-628107669.0,-459920489.0,-417423408.0,-108985088.0,-9600894.0,-2340991.0,,,,,,,,,,393970426.0,79334465.0,-126001113.0,-206183948.0,,,-15815631.0,-28944052.0,140874150.0,139411642.0,83913504.0,69744555.0,-6358347.0,-6829125.0,-7998787.0,-3972872.0,-15631198.0,-7264113.0
KGYO,478845978.0,465079055.0,495114655.0,2243867682.0,85150217.0,68413979.0,72256224.0,-285804152.0,-9189082.0,-56794715.0,-195573307.0,-488559737.0,1429424704.0,-106113577.0,-888641255.0,-882481630.0,7580755.0,47864867.0,1337496.0,-6182076.0,-19366991.0,-214427989.0,627448095.0,1440059087.0,-296033.0,30932359.0,663642048.0,-280469461.0,-14730372.0,-16229035.0,,,,,1442757008.0,-326953682.0,-1183750977.0,-6354359.0,-1784790.0,,,,,9760548.0,8720505.0,12199831.0,12359771.0,-2160923.0,-3402667.0,-5573234.0,-8030089.0,,
KIMMR,13779866089.0,14532465680.0,16467321288.0,17467970759.0,3333853620.0,3278243949.0,3898696330.0,4074164013.0,1229273578.0,1167713016.0,1399732067.0,1473955410.0,791953983.0,541006864.0,766391157.0,716585883.0,217421394.0,365220334.0,52686940.0,85337316.0,341992729.0,634221576.0,789915010.0,776991478.0,5227505.0,16689718.0,,,,,,,,,,1041041434.0,1470194257.0,-412012800.0,-316303113.0,-25050555.0,-70265534.0,,,207185450.0,955755167.0,852171808.0,1018034408.0,,,,,,
KLGYO,521731695.0,13432376679.0,835312227.0,1443874227.0,410383452.0,5666093231.0,594182334.0,958804334.0,174295398.0,4501214599.0,239826291.0,462241291.0,3154714796.0,1322132855.0,-777426168.0,-956398168.0,8293175.0,30324212.0,6527006.0,20115789.0,-3076606561.0,-1112950047.0,954744000.0,712362000.0,-47027245.0,15301481.0,-665873387.0,-99924387.0,-158265781.0,-139509781.0,0.0,,,,27159571000.0,1992305668.0,284671619.0,-158412948.0,-267604675.0,-1520847845.0,-219349021.0,,,46264726.0,49641688.0,43926800.0,59885800.0,-213890543.0,,,,5117404.0,-57832879.0
KLKIM,10388507685.0,11548599471.0,12596122327.0,12227287399.0,4015010924.0,4648983266.0,5163541691.0,5068666003.0,2261204095.0,2652651498.0,3004639603.0,2806154474.0,957799030.0,1432235154.0,1338503708.0,817816396.0,163504822.0,254397639.0,63137264.0,105349342.0,-1415068651.0,-2159792687.0,-2770751753.0,-1384705827.0,-21629928.0,-29743376.0,,,,,,,,,,1097983386.0,1534534013.0,-781630887.0,-920515365.0,,,-57063839.0,-88372078.0,270237438.0,315758743.0,404738281.0,414239037.0,-366036392.0,-115968872.0,-281458056.0,-312478177.0,-174960799.0,-503977879.0
KLMSN,3578519872.0,5731122028.0,6832645910.0,7583935584.0,493860707.0,677071787.0,915102444.0,1145134110.0,101847644.0,72979715.0,284252082.0,455556681.0,125132205.0,-259988197.0,-521269154.0,-426649348.0,151035206.0,173941357.0,20843912.0,25984876.0,2249677959.0,2336359426.0,2868951949.0,3556363183.0,76526686.0,76390410.0,,,,,,,,,,165629118.0,225353323.0,-120457670.0,-208093796.0,,,-3648749.0,-21870995.0,96870199.0,179727735.0,262461878.0,292605704.0,-6000000.0,,,,-301724905.0,-331858475.0
KLNMA,,,,,,,,,,,,,,,,,,,,,-21972452000.0,-22636744000.0,-33805000000.0,-37157000000.0,-747430955.0,-798129528.0,,,,,,,,,,,,,,,,,,,,,,,,,,,
KLRHO,6886739073.0,20968110961.0,8093282687.0,8779212687.0,1508684762.0,7147360935.0,3194868636.0,4461587636.0,1141950301.0,5901136115.0,2947187759.0,4012824759.0,9405357437.0,2156089666.0,3198121165.0,1858629165.0,108436697.0,183314251.0,23921745.0,93458612.0,-2595044947.0,-3331890530.0,-10526082000.0,-7477225000.0,-39666370.0,-160610223.0,,,,,,,,,,2416982400.0,1371064451.0,-2509854039.0,-2683882498.0,-1521650908.0,,,,73820098.0,221407464.0,555951581.0,623189581.0,,,,,-120200427.0,-238126155.0
KLSER,21617231155.0,15334844174.0,16560340531.0,17677432941.0,3399661674.0,21953032.0,1904941253.0,2708094361.0,584146814.0,-2504026423.0,-160855311.0,806312186.0,657091636.0,-5674385562.0,-4194257397.0,-2234821859.0,341494106.0,369883869.0,53857515.0,56849900.0,221169162.0,6081468384.0,7367051408.0,8138565933.0,3380665.0,174815776.0,,,,,,,,,,321216245.0,-2843624681.0,-2638558835.0,-2456148600.0,,0.0,,,1099035641.0,1275612391.0,1500171181.0,1609713545.0,0.0,-178413653.0,0.0,,-1873484321.0,-2190814520.0
KLSYN,2971478815.0,2607115387.0,2334613899.0,2183359940.0,1918101242.0,1421726503.0,1168948869.0,1125053520.0,1251599602.0,699205988.0,459316734.0,354512290.0,45665291.0,679412607.0,94256011.0,33363663.0,46962832.0,45568773.0,30302578.0,23351404.0,580796701.0,516341477.0,260198910.0,714883157.0,8877725.0,15355636.0,,,,,,,,,,-562196518.0,710050488.0,0.0,-605016228.0,,,,,172120774.0,217734856.0,215723262.0,215255904.0,-44016209.0,0.0,-79798178.0,,-250220559.0,-38971393.0
KLYPV,10560889333.0,5839099243.0,8121300519.0,7139392214.0,1780165076.0,860726280.0,1757716411.0,1290689031.0,1966975676.0,762842672.0,2165349316.0,1845374242.0,2732801717.0,-352154456.0,-691390420.0,677718114.0,445733474.0,166267915.0,75133745.0,30434579.0,5935717276.0,9692961767.0,14071776997.0,13734046584.0,201913689.0,295006274.0,,,,,,,,,,2623252238.0,144316070.0,-1222278771.0,-1575719130.0,,,,,517711407.0,514126467.0,898156020.0,1052256001.0,,,,,-55250662.0,-1641878707.0
KMPUR,23661066311.0,20414568780.0,15805537758.0,15810071877.0,3994041857.0,2909940699.0,2990775243.0,3225476048.0,3079823088.0,1833701874.0,1933869078.0,2292676465.0,1352170070.0,-1611497336.0,-416472956.0,730052734.0,373576635.0,330577644.0,63033498.0,67678307.0,1588579975.0,3958194518.0,4567495546.0,5636994763.0,24282123.0,121082218.0,,,,,,,,,,2445082964.0,-1352282689.0,-706760901.0,-365850625.0,,,-12902599.0,-5014890.0,160415695.0,196009188.0,292684038.0,313651197.0,-834823289.0,-188564585.0,0.0,,-1533356267.0,-820818452.0
KNFRT,6140685176.0,5457936599.0,7270472242.0,8324447170.0,399576464.0,320118319.0,554348314.0,731203777.0,245937885.0,63907691.0,104688424.0,199784380.0,345316280.0,-407766746.0,-350467578.0,-162644857.0,95881775.0,171935010.0,6307732.0,15211935.0,455826389.0,171068400.0,166357455.0,206033562.0,6967501.0,4425585.0,,,,,,,,,,976957358.0,179737107.0,-241977558.0,-704729891.0,,,,,197773273.0,154859167.0,169354747.0,189290731.0,,,,,-159708542.0,-28743051.0
KOCMT,24379291034.0,22144594413.0,23488331682.0,20194282158.0,1768905860.0,824879387.0,145944951.0,619422188.0,1819683630.0,933956583.0,262085616.0,657136161.0,175967003.0,87433495.0,-1156069388.0,-991800893.0,383705778.0,420702120.0,27938339.0,13650309.0,496344663.0,-3756004153.0,-2742843790.0,289929770.0,7586840.0,6227669.0,,,,,,,,,,-1126508386.0,-133758095.0,-249197744.0,-432430423.0,-180663947.0,,,,267038048.0,359675937.0,385446634.0,399762083.0,,,,,-414532773.0,-86353603.0
KONKA,5861011127.0,4399416565.0,3837315977.0,3348236583.0,900355686.0,715629702.0,605597184.0,476662682.0,478004345.0,388631892.0,313073837.0,200803646.0,681769336.0,-688939579.0,-552488925.0,-776597774.0,92549014.0,70091885.0,14047122.0,9922784.0,-591414971.0,-363554049.0,-741618863.0,-14727483.0,-9040030.0,-316345.0,,,,,,,,,,118860000.0,65919395.0,,,,,,,81244619.0,111417963.0,125384984.0,129662081.0,-296644179.0,,,,,
KONTR,8825728277.0,15271797457.0,19893329117.0,16055537430.0,1106155107.0,2164503998.0,1471413345.0,283608801.0,708399998.0,1757994997.0,412710538.0,-721704994.0,959163017.0,422207767.0,-859878787.0,-2970436995.0,139022987.0,328837979.0,17265942.0,5558357.0,6350935632.0,10204569825.0,16758437399.0,13528613076.0,97076762.0,290593578.0,,,,,,,,,,3372948483.0,3590444466.0,-7591907310.0,-3422212526.0,0.0,,,,929039538.0,1137983026.0,911064108.0,836431914.0,-83886160.0,-51851593.0,-26784973.0,,-913437348.0,-1938666661.0
KONYA,9848477865.0,8094451843.0,7419846700.0,7816595136.0,1867618921.0,796151273.0,1506136528.0,1752975448.0,1452745153.0,422630286.0,1042794217.0,1239507956.0,1521122210.0,-528065579.0,317294272.0,410728476.0,154936807.0,163028342.0,29096422.0,36395583.0,-160512824.0,477393062.0,435672805.0,627440680.0,-2453507.0,13477378.0,,,,,,,,,,1689483957.0,97524205.0,-421768931.0,-359511516.0,,,-112558675.0,-88391945.0,333167417.0,467509369.0,316045061.0,295035267.0,,,,,-148964964.0,-154367008.0
KOPOL,3602526162.0,4866812838.0,5464987136.0,5847866396.0,660586346.0,806879717.0,706403688.0,750182706.0,694188118.0,838861053.0,725409055.0,756425362.0,342100642.0,395120956.0,-43962200.0,271017399.0,152048417.0,135897669.0,27880744.0,17141181.0,814250547.0,979757400.0,2699967451.0,2536010865.0,27698141.0,54473320.0,,,,,,,,,,357119437.0,259582798.0,-144806544.0,-164657263.0,,,,,80391741.0,119522510.0,150383865.0,162822165.0,,,,,-111866965.0,-305717478.0
KORDS,23503080721.0,30432802993.0,31042540507.0,34177323993.0,3516481359.0,3940748453.0,4020646585.0,5173676017.0,1951751194.0,1683099855.0,1586088228.0,2393745531.0,183323316.0,-1096131983.0,-1491314822.0,-438051037.0,991972313.0,792359660.0,148416805.0,118776566.0,10812169793.0,14408554275.0,14220921253.0,15338272193.0,367794654.0,329464918.0,,,,,,,,,,3213212412.0,1833683298.0,-1295025908.0,-1612832704.0,,,-45111805.0,-46001714.0,953340137.0,1405929652.0,1757593867.0,1906625207.0,-57000000.0,,,,-746309047.0,-1738130030.0
KOTON,38263701180.0,38667683694.0,38710995058.0,38263340020.0,19912436336.0,20816905485.0,20959116438.0,20798342267.0,8289570576.0,7074341514.0,7388578455.0,7159222262.0,4015964563.0,-611430094.0,-1134821513.0,-1385219623.0,603172440.0,797997330.0,312741993.0,434020128.0,7471171918.0,9039880927.0,9156938635.0,8992833784.0,114200052.0,193165384.0,,,,,,,,,,3956001291.0,306598373.0,-1157939109.0,-1289295427.0,,,-2435192310.0,-2212543193.0,4543004898.0,4079689627.0,4634540633.0,4627497393.0,,,,,-493786492.0,-1240925194.0
KOZAA,,,,,,,,,,,,,,,,,,,,,,,,,,,,,,,,,,,,,,,,,,,,,,,,,,,,,
KOZAL,,,,,,,,,,,,,,,,,,,,,,,,,,,,,,,,,,,,,,,,,,,,,,,,,,,,,
KPEKS,5678064963.0,4431467531.0,4111870776.0,4134583188.0,2167609868.0,1466294625.0,1321809772.0,1285246557.0,1520288585.0,782677684.0,645314550.0,596994884.0,607313652.0,173744466.0,131747491.0,177375800.0,,42173484.0,,12086689.0,-484166284.0,-79662604.0,-216376229.0,87915355.0,-7400688.0,1888415.0,,,,,,,,,,1084144896.0,484769187.0,-250011158.0,-342573062.0,,,,,96936894.0,103087977.0,113848708.0,110154407.0,-257402743.0,-434407627.0,-28348935.0,-78854977.0,-37560159.0,-103900996.0
KRDMA,114878588892.0,87088249490.0,78568201060.0,76424067842.0,4872531024.0,4705681065.0,6106684191.0,7473555831.0,7141957444.0,6454067977.0,8047474221.0,9612829314.0,3533816329.0,-4672558035.0,-1977794924.0,4333686891.0,1813513251.0,1597477451.0,76244767.0,155919318.0,-5685327136.0,2874014839.0,6792841977.0,317430823.0,-86902652.0,6818390.0,,,,,,,,,,14662822679.0,-1240499826.0,-3304850140.0,-4289651304.0,,,,,3609364617.0,3453766493.0,3679845993.0,3808598976.0,-795731302.0,,,,-538492006.0,-448492393.0
KRDMB,114878588892.0,87088249490.0,78568201060.0,76424067842.0,4872531024.0,4705681065.0,6106684191.0,7473555831.0,7141957444.0,6454067977.0,8047474221.0,9612829314.0,3533816329.0,-4672558035.0,-1977794924.0,4333686891.0,1813513251.0,1597477451.0,76244767.0,155919318.0,-5685327136.0,2874014839.0,6792841977.0,317430823.0,-86902652.0,6818390.0,,,,,,,,,,14662822679.0,-1240499826.0,-3304850140.0,-4289651304.0,,,,,3609364617.0,3453766493.0,3679845993.0,3808598976.0,-795731302.0,,,,-538492006.0,-448492393.0
KRDMD,114878588892.0,87088249490.0,78568201060.0,76424067842.0,4872531024.0,4705681065.0,6106684191.0,7473555831.0,7141957444.0,6454067977.0,8047474221.0,9612829314.0,3533816329.0,-4672558035.0,-1977794924.0,4333686891.0,1813513251.0,1597477451.0,76244767.0,155919318.0,-5685327136.0,2874014839.0,6792841977.0,317430823.0,-86902652.0,6818390.0,,,,,,,,,,14662822679.0,-1240499826.0,-3304850140.0,-4289651304.0,,,,,3609364617.0,3453766493.0,3679845993.0,3808598976.0,-795731302.0,,,,-538492006.0,-448492393.0
KRGYO,195646758.0,258321057.0,373646995.0,265295676.0,158543870.0,181055773.0,226088457.0,131658276.0,55122874.0,67863032.0,114418113.0,3633538.0,301646914.0,102912912.0,167489213.0,-45402921.0,3098837.0,5514323.0,2504768.0,2764769.0,-102683050.0,76023944.0,-1313108007.0,-1065651618.0,-1569554.0,-22890116.0,435181980.0,226678032.0,-15607551.0,-221188301.0,0.0,-59000000.0,-775828.0,,2741921258.0,115980471.0,91387935.0,0.0,-16815069.0,0.0,-451187123.0,,-1693377.0,5241330.0,5931831.0,7549445.0,8307455.0,,,,,,
KRONT,686301975.0,483452810.0,632006169.0,644901489.0,599983334.0,411823728.0,570914542.0,572250787.0,243420302.0,60437425.0,253617880.0,241255615.0,103194266.0,-65860930.0,172983097.0,143823113.0,10819339.0,13460916.0,9457071.0,11942258.0,3622965.0,6575744.0,-51027976.0,-60756870.0,55379.0,-1305053.0,,,,,,,,,,172430007.0,239144903.0,-146369490.0,-247364981.0,,,-53238385.0,-19557538.0,82286553.0,85823642.0,84759778.0,101955233.0,,,,,-18261511.0,-12624593.0
KRPLS,2147194048.0,2199081096.0,2260988841.0,2311145918.0,608176875.0,774510194.0,869616586.0,1024778228.0,222970267.0,317635242.0,366398178.0,479617158.0,-268742157.0,-169809921.0,-149422306.0,-39804564.0,33849387.0,48475010.0,9578333.0,21622370.0,644084984.0,550738882.0,202320046.0,225432048.0,9845114.0,4842263.0,,,,,,,,,,135668058.0,325227095.0,-49276750.0,-67299101.0,,,-60621088.0,-165725926.0,156199891.0,197003842.0,188675228.0,188974306.0,-30861080.0,,,,-77177016.0,-90883459.0
KRSTL,3687118485.0,3740399415.0,3803720171.0,3945499246.0,271727554.0,459604321.0,528837199.0,515603462.0,309716300.0,452005018.0,532613108.0,548026495.0,-33575286.0,211837173.0,296492546.0,357882843.0,57927369.0,82482426.0,4266183.0,10773010.0,-16014621.0,-119638474.0,91382478.0,60496396.0,-244790.0,1299458.0,,,,,,,,,,-40324561.0,274465548.0,-11229658.0,-176924549.0,,,,,99866193.0,83747939.0,107442578.0,127830006.0,,,,,-304749.0,-37639209.0
KRTEK,3622369938.0,2999693207.0,2343850886.0,2314858944.0,661608903.0,188630462.0,149972375.0,161341650.0,378713050.0,-98224272.0,-107387520.0,-93712514.0,309736340.0,-557645281.0,19466032.0,-75561231.0,57227727.0,48367489.0,10402870.0,3354461.0,921366330.0,1467800380.0,830708147.0,723431472.0,14083478.0,15539253.0,,,,,,,,,,739934961.0,-134816623.0,-261738863.0,-118268298.0,,,,,,,,,-3615.0,,,,-326021130.0,-127547694.0
KRVGD,18264576861.0,17511960179.0,18495918380.0,16993390380.0,4882213290.0,5119305727.0,5333452115.0,5036199115.0,1883397440.0,1638040289.0,1943405856.0,1728264856.0,540642970.0,-137279788.0,-108030582.0,675475418.0,288583658.0,354281543.0,77086855.0,105146532.0,5576940994.0,6117151353.0,5791195000.0,4793338000.0,85245924.0,102960535.0,,,,,,,,,,-1213869869.0,1426265585.0,-1436349019.0,-2662098093.0,,,-43693692.0,-32166118.0,738481510.0,808068473.0,962134936.0,943434936.0,-153798036.0,-267619984.0,0.0,-77225000.0,,-702836670.0
KSTUR,576305733.0,568261927.0,538801976.0,516950867.0,289778873.0,231845912.0,172930984.0,158321891.0,300229399.0,249397524.0,190857759.0,177891682.0,355602717.0,110551558.0,99272581.0,48085474.0,9097611.0,10592480.0,4574092.0,3077744.0,-301236578.0,-331609672.0,-332765270.0,-193687174.0,-4604530.0,-4160386.0,,,,,,,,,,76220298.0,460564116.0,-47363257.0,-47713132.0,,,,,32279128.0,39670514.0,44697852.0,47295833.0,-135242937.0,-73560367.0,-91256751.0,-79894696.0,-716820.0,-586566.0
KTLEV,,,,,,,,,1322125844.0,4900335827.0,14456284711.0,18066159236.0,750182993.0,2159865716.0,8620499737.0,28732241764.0,,,,,-801731439.0,-2321418795.0,-8517955658.0,-4232805785.0,-27272281.0,-90920346.0,,,,,,,,,,,,,,,,,,,,,,,,,,,
KTSKR,3738421571.0,2993673578.0,1723745321.0,1775368163.0,658563839.0,134618648.0,-161201549.0,-198600964.0,691549922.0,213618930.0,-167375205.0,-200707067.0,526653644.0,587296945.0,-114386992.0,-204324782.0,59078327.0,37759275.0,10409371.0,-4112403.0,-1124873872.0,-1976313190.0,-596551324.0,-146492834.0,-17194177.0,-3146655.0,,,,,,,,,,1595138550.0,1366690169.0,-215682033.0,-36949381.0,,,,,142849174.0,210574064.0,120979097.0,121556096.0,-366691477.0,0.0,-353279717.0,,,
KUTPO,5222622803.0,5076757078.0,4973820769.0,4988346781.0,1977573825.0,2509874191.0,1868502256.0,1632523978.0,865090707.0,1179491134.0,999931909.0,835237571.0,83674558.0,358556409.0,274622638.0,-34619050.0,82284029.0,103888048.0,31104876.0,33918652.0,272813303.0,-70298609.0,36415147.0,-102143032.0,4170068.0,-2194025.0,,,,,,,,,,477340448.0,1328531454.0,-279430212.0,-627544681.0,,0.0,,,253287949.0,297911252.0,397441725.0,407154146.0,,,,,-176260151.0,-44636667.0
KUVVA,163168006.0,1575104747.0,1131837308.0,844787903.0,96482905.0,60348979.0,140852748.0,106981023.0,62578240.0,-50786070.0,468961793.0,342088298.0,215472121.0,299368730.0,-222141501.0,-282632874.0,2560235.0,17224683.0,1516674.0,2171867.0,157914827.0,230023301.0,520542207.0,605821713.0,2413796.0,13013004.0,,,,,,,,,,-299496433.0,1056033531.0,-271689424.0,-970123168.0,,,,,29216066.0,45790006.0,398054709.0,297359781.0,,,,,,-150069804.0
KUYAS,1400522089.0,1728454228.0,1401251726.0,1197463007.0,589163094.0,937156626.0,311058838.0,322251426.0,456544705.0,812391011.0,125319784.0,139345190.0,293705120.0,89273721.0,-1544882008.0,-3007155487.0,21925330.0,24149505.0,9265600.0,6466181.0,-114172900.0,822937244.0,-743807682.0,47749792.0,-1745182.0,1025662.0,,,,,,,,,,418294038.0,-1093218713.0,-141200892.0,-58597216.0,,,7881.0,-27259.0,7748510.0,8835031.0,8492873.0,4402125.0,,,,,,-639524336.0
KZBGY,0.0,15191074586.0,2277692033.0,2118967861.0,0.0,5045864056.0,1814865662.0,1559977665.0,-360027974.0,4565285696.0,1371591036.0,956405210.0,-4217278252.0,11211995215.0,1004937505.0,541080992.0,,44455688.0,0.0,32806633.0,-81104094.0,1901124947.0,4332734754.0,4703335114.0,-1239711.0,101027280.0,1124536602.0,1802091381.0,-36192603.0,-46520490.0,-2139600957.0,-1999259113.0,,,25546812975.0,1524971602.0,-239656493.0,-1700022.0,-10696980.0,-1864861259.0,-1353362466.0,,,11848190.0,20947688.0,36872764.0,52603708.0,,,,,-2570534.0,-885187254.0
KZGYO,1296987546.0,1348323741.0,1203767701.0,1214585614.0,711193020.0,724208242.0,583324282.0,618694692.0,175590317.0,186148625.0,67462774.0,80959222.0,241792129.0,365249120.0,4751599.0,-1571576692.0,20416247.0,25336390.0,11152007.0,12850293.0,1460650028.0,1008434334.0,416738542.0,214149601.0,22326659.0,4599917.0,272460028.0,328730904.0,-727597.0,-52218522.0,-48760870.0,,,,13648801280.0,290685613.0,317256568.0,-58450062.0,0.0,-240276832.0,0.0,,,3008949.0,3251937.0,3005844.0,2816337.0,,,,,-429249377.0,
LIDER,3946576205.0,3486675166.0,2411811333.0,1923873480.0,1288359994.0,363962566.0,64560920.0,138863659.0,1180430483.0,858315211.0,521481045.0,542304954.0,1352404886.0,1168890817.0,2142719096.0,621830549.0,62268168.0,39984985.0,20343339.0,2971404.0,-1211745177.0,-5412066885.0,-9235513818.0,-9682880948.0,-18522042.0,-207987545.0,,,,,,,,,,868670912.0,-584136493.0,-1829741546.0,-1183652414.0,,,,,27397621.0,665934563.0,616870842.0,575508982.0,-83848986.0,-133540029.0,-147018144.0,-114010777.0,-721832241.0,-1123204476.0
LIDFA,,,,,,,,,608634000.0,945121000.0,1281746000.0,1463316000.0,566362000.0,656673000.0,969397000.0,1100766000.0,,,,,-46086000.0,-166985000.0,-326273000.0,-585413000.0,-1567695.0,-12574627.0,,,,,,,,,,,,,,,,,,,,,,,,,,,
LILAK,20819675227.0,19295273798.0,16019653661.0,14798271661.0,6274128752.0,5423100376.0,4816754621.0,4413471621.0,4696892353.0,3775859506.0,3077146414.0,2730495414.0,499531101.0,1811710243.0,2006638215.0,1109492215.0,328184973.0,309260489.0,98497485.0,92212028.0,3952861850.0,-5079853803.0,-4956123000.0,-5441254000.0,60421181.0,-116877721.0,,,,,,,,,,7259659118.0,5790008447.0,-1107133456.0,-1066193476.0,,,,,1026466518.0,1124006524.0,962825009.0,974128009.0,-353657334.0,-311591533.0,-1242765034.0,,-436711881.0,-157341600.0
LINK,162001864.0,910600425.0,1678282134.0,1607145224.0,145764687.0,417898737.0,454698298.0,591755742.0,89168519.0,304678657.0,353022653.0,508790470.0,6213383.0,392505653.0,377058105.0,410035248.0,2564076.0,33313661.0,2306346.0,12620720.0,-237118496.0,-469228283.0,-772078566.0,-671415942.0,-3624457.0,-14421963.0,,,,,,,,,,-50678490.0,-135711693.0,-41689564.0,-53476410.0,,,,,30379748.0,38976423.0,129280109.0,151279515.0,-63454809.0,,,,-898564.0,-4094954.0
LKMNH,4218414254.0,4534018299.0,4985981554.0,5258650207.0,590199877.0,784697017.0,883142579.0,981518345.0,799657916.0,1019545073.0,1120032740.0,1224404247.0,716972755.0,369594564.0,177045001.0,125560228.0,66544579.0,109950686.0,9313616.0,20480927.0,1090472812.0,1584343733.0,2672535965.0,2648564338.0,16668342.0,56890960.0,,,,,,,,,,970975468.0,382863948.0,-603709765.0,-440316603.0,,,-80609696.0,-104200823.0,527485740.0,585527544.0,597837526.0,621192117.0,-129725773.0,-66611969.0,-140448001.0,,-240739299.0,-419797697.0
LMKDC,8846248437.0,9576024680.0,10275960380.0,9661605380.0,3552908419.0,4159793370.0,4164252115.0,3598091115.0,3490974547.0,4070807589.0,4069969374.0,3513409374.0,3356591428.0,3330837265.0,2383120435.0,1890331435.0,138908063.0,200521047.0,55721625.0,74283233.0,-562448094.0,-1967265896.0,-2699113000.0,-751220000.0,-8597259.0,-16136148.0,,,,,,,,,,3211193792.0,4481799389.0,-189706943.0,-545969588.0,,,,0.0,335870139.0,342734910.0,467787976.0,521223976.0,-2014078749.0,-773951277.0,-691292937.0,-1042554937.0,,
LOGO,4833480805.0,6295105413.0,6830858814.0,7020079814.0,4644725657.0,6070898795.0,6585574351.0,6789342351.0,1388004963.0,2347149225.0,2367201382.0,2378693382.0,311904248.0,542358555.0,1767242925.0,888968925.0,76253777.0,146573941.0,73226629.0,141794174.0,-936027187.0,-863721805.0,-1611293000.0,-1056547000.0,-14307575.0,-22694549.0,,,,,,,,,,1505887145.0,2458459421.0,-1171285976.0,-1223404128.0,,,-13377696.0,-58452484.0,635385853.0,763286736.0,891772214.0,934595214.0,-471021610.0,-669402651.0,-652206172.0,-491385172.0,-263319735.0,-228912628.0
LRSHO,7195412574.0,7169778889.0,7368611779.0,8242161779.0,1237274287.0,1812503944.0,1808723851.0,2022215851.0,78915923.0,988245839.0,694423099.0,570275099.0,968263751.0,952289030.0,-468699734.0,-766232734.0,113671454.0,171399543.0,19600477.0,42141358.0,-458217310.0,489149919.0,899128000.0,1541829000.0,-7004047.0,33118369.0,,,,,,,,,,-964584461.0,665558968.0,-1303524634.0,-1098668125.0,-741661391.0,-216025837.0,-168786481.0,-62934426.0,197983431.0,246775303.0,266123256.0,254152256.0,0.0,0.0,0.0,0.0,-81953996.0,-563854985.0
LUKSK,844973747.0,698462276.0,554234070.0,562011588.0,310916035.0,167983095.0,106160211.0,137576997.0,172643220.0,41265407.0,8588288.0,14932959.0,298931360.0,-104373922.0,46074663.0,33888750.0,10398308.0,11746469.0,3990438.0,2881769.0,309442441.0,126745809.0,36110549.0,31503993.0,4729960.0,676703.0,,,,,,,,,,155475455.0,186824746.0,-67147442.0,-2143479.0,,,,-2412526.0,34152490.0,45056028.0,62738048.0,64148474.0,-8036027.0,,,,-291624419.0,-5782411.0
LXGYO,9277981.0,2370083688.0,945160149.0,896990220.0,5261491.0,150025132.0,130597918.0,116599519.0,-7176478.0,78375629.0,76061836.0,2095448.0,-46250940.0,-275296256.0,-170282216.0,-48535810.0,146447.0,18127879.0,83049.0,2364341.0,472345662.0,526853309.0,279846967.0,-572780163.0,7220005.0,-12303274.0,187155874.0,-757011673.0,-46568893.0,,,,,,2082838830.0,-1218744963.0,-182775146.0,-27738631.0,-35598662.0,,,,,10982445.0,35608700.0,14648662.0,26973260.0,,,,,4240050.0,
LYDHO,0.0,84236407.0,74733907.0,69440349.0,0.0,27276250.0,34692636.0,-34563172.0,-23062362.0,-78708247.0,-196881518.0,-252351999.0,-745560759.0,-729283382.0,454471815.0,-260995014.0,0.0,1447308.0,0.0,-784450.0,-243434256.0,-1309502219.0,-1404490272.0,-1209580553.0,-3720997.0,-25981698.0,,,,,,,,,,-211162646.0,1941873861.0,-13005781.0,-53276869.0,,-2007261523.0,,,719718.0,48937577.0,37437901.0,129773306.0,-362455179.0,,,,-7770321.0,
LYDYE,110064975.0,84236406.0,62682650.0,55400792.0,22415404.0,27276249.0,22641379.0,-45942323.0,-9926765.0,24570588.0,17844253.0,14812235.0,103274402.0,1480369501.0,2420149763.0,937517057.0,1737095.0,1156532.0,342358.0,-1016583.0,-168505838.0,-2117393132.0,-25344752.0,-29441896.0,-2575684.0,-632410.0,,,,,,,,,,-20993653.0,88769295.0,-10318498.0,-248641.0,,,,,7453239.0,38324883.0,19411009.0,97935087.0,,,,,0.0,
MAALT,57638990.0,61152963.0,58756596.0,58756597.0,11513378.0,18285788.0,25045532.0,23921744.0,27761681.0,13430759.0,26883013.0,15249206.0,-80614671.0,-184157368.0,34909511.0,462073.0,898365.0,1227961.0,178174.0,499043.0,-2639067718.0,-695574594.0,-1517834423.0,-396009028.0,-40339277.0,-8506244.0,,,,,,,,,,478386814.0,-139157999.0,-1023832642.0,-1253522956.0,-47137.0,,,,44177552.0,42208873.0,35830204.0,35658408.0,,,,,,
MACKO,837359980.0,1074993331.0,1295062607.0,1151774963.0,588688837.0,749587062.0,890959232.0,740856125.0,434947027.0,617023386.0,709932289.0,576203159.0,339022166.0,393698562.0,378669125.0,277091699.0,13226755.0,24027312.0,9306387.0,15456910.0,-247408139.0,-146326110.0,-9740710.0,-20143613.0,-3781739.0,-432683.0,,,,,,,,,,367829636.0,398319765.0,-55353880.0,-61670412.0,,,,,47171416.0,61702624.0,82560928.0,92170835.0,-220015490.0,-369639360.0,-145321709.0,-454441639.0,,-47119505.0
MAGEN,1688110644.0,1748929546.0,1619771149.0,1643092009.0,710215540.0,568985110.0,437323446.0,393183796.0,800010018.0,548792739.0,589983961.0,607663076.0,691759161.0,-434479269.0,-1902813792.0,-1332881745.0,26642761.0,34409912.0,11194318.0,8148715.0,5456022178.0,5096441974.0,4742667498.0,7221862951.0,83397628.0,155125066.0,,,,,,,,,,-676088635.0,312577508.0,-85478113.0,-97084263.0,,,,,455053138.0,461375309.0,509034397.0,532577880.0,-31829185.0,0.0,0.0,,-493617630.0,-807694751.0
MAKIM,1760740286.0,1624006262.0,1645167439.0,1710537442.0,715899762.0,491764178.0,443594183.0,545277253.0,572129102.0,271509243.0,202966900.0,306483028.0,298618366.0,85338429.0,23346790.0,108223138.0,27781455.0,35616332.0,11289775.0,11337387.0,45148536.0,47439877.0,67772409.0,222712277.0,690115.0,4783843.0,,,,,,,,,,73558229.0,506032461.0,-134447020.0,-439503938.0,,,,-1224273.0,14813891.0,32066604.0,39762037.0,41183389.0,,,,,-27443036.0,-76966788.0
MAKTK,1306013787.0,1400492717.0,1256941871.0,1109174953.0,351012278.0,623036269.0,445124568.0,293301038.0,261997424.0,508419847.0,331040605.0,180178750.0,236725688.0,326904323.0,-34336218.0,-146666014.0,20665794.0,23086814.0,5590274.0,6098968.0,164480690.0,151341443.0,221465911.0,189379566.0,2514158.0,4067859.0,,,,,,,,,,412384200.0,-6705163.0,-138375419.0,-59202318.0,,,-119572197.0,-180137867.0,104896044.0,136968719.0,130746473.0,126323962.0,,,,,-18474833.0,-82434752.0
MANAS,612850449.0,560263223.0,608255140.0,533961746.0,336178430.0,333356508.0,196008726.0,86057634.0,189762493.0,175794647.0,62568234.0,-62260822.0,87684646.0,-174239202.0,-483691880.0,-684671900.0,9657705.0,11047942.0,5267052.0,1732123.0,448219665.0,708716751.0,772123064.0,776362714.0,6851229.0,16676212.0,,,,,,,,,,-109091169.0,-90036053.0,-80356117.0,-190718962.0,-6712325.0,,-497180.0,-394255.0,37859753.0,46123698.0,135872365.0,136331413.0,,,,,-89631545.0,-501487724.0
MARBL,1655627563.0,2391870143.0,3235159803.0,3546983045.0,713910337.0,965960621.0,1326834693.0,1417194721.0,254455502.0,268970511.0,471865236.0,473287519.0,129040142.0,113263394.0,1186118.0,-45536239.0,69877508.0,82721770.0,30131339.0,33143475.0,98546641.0,566894754.0,925254232.0,971173930.0,3352234.0,20860742.0,,,,,,,,,,140042617.0,91536253.0,-80781304.0,-214644796.0,,,-56584728.0,-225729542.0,97787203.0,148109499.0,227760304.0,255897299.0,,,,,-64245839.0,-157381553.0
MARKA,,,,,,,,,-11545092.0,185889645.0,28500613.0,3301021.0,,,,,,,,,-2517297.0,-2012119.0,-105887.0,-89155.0,-38478.0,-1915.0,,,,,,,,,,,,,,,,,,,,,,,,,,,
MARMR,,,,,,,0.0,,,,-7872037.0,,,,-197511338.0,,,,,,,0.0,-4079542.0,-332462.0,,-7141.0,,,,,,,,,,,,,,,,,,,,,,,,,,,
MARTI,623879870.0,1142638639.0,1608027194.0,,128304423.0,284549457.0,522633780.0,,9144231.0,88110486.0,122032803.0,,-334466851.0,119410146.0,-379658463.0,,23366121.0,,4805375.0,,3756429231.0,4518730065.0,4585382559.0,,116443763.0,,,,,,,,,,,-1464259290.0,-412696635.0,-116705483.0,-19825181.0,,,,,127614993.0,126520123.0,208544450.0,,,,,,-123563014.0,
MASFN,2813308285.0,4381054826.0,3857987719.0,5124632637.0,988048965.0,2221562942.0,1692951921.0,1855376536.0,1043316071.0,2306021102.0,1797106891.0,1971420106.0,828157605.0,2258228594.0,1795322185.0,2339458039.0,,120968416.0,,44610645.0,-396241213.0,-2107153702.0,-3886626532.0,-4987132730.0,-13478830.0,-107123231.0,,,,,,,,,,1645693310.0,1755808631.0,-96477826.0,-42538617.0,,,,,86386220.0,139117328.0,173109153.0,195571270.0,,,,,-63017970.0,-56353472.0
MAVI,55814097445.0,57536186293.0,54566956256.0,54270397256.0,26902893129.0,28934402786.0,27824823179.0,28127910179.0,10303839992.0,10474566207.0,10107526763.0,9913933763.0,3786762549.0,4068782100.0,2622100489.0,2139039489.0,876014441.0,1134289720.0,421618759.0,588254120.0,-5488498375.0,-5910844600.0,-4638000000.0,-3185907000.0,-85317072.0,-67316333.0,,,,,,,,,,9734631061.0,9284238060.0,-1264776466.0,-2135617685.0,,,-1535484727.0,-1755164358.0,3417576221.0,3506049489.0,3928872078.0,4144843078.0,-1390666061.0,-1559568368.0,-1269325211.0,-1343778211.0,-1254996023.0,-224464045.0
MCARD,1568211407.0,2539546495.0,2868212819.0,3282880525.0,467231778.0,835490476.0,919523595.0,1022470154.0,338874322.0,621026999.0,593242813.0,504787318.0,445338638.0,898662737.0,865148334.0,721845382.0,24753223.0,68856246.0,7374957.0,21554323.0,-1938138903.0,-2639039653.0,-2779933359.0,-2877193133.0,-29625280.0,-61801889.0,,,,,,,,,,908414946.0,1134536861.0,-484012698.0,-517616864.0,,,,,142252418.0,175700279.0,256033767.0,331560329.0,,-414342119.0,-806938799.0,-499999999.0,-29118837.0,-222526846.0
MEDTR,3231927601.0,3228207488.0,3383986726.0,3084891065.0,1432564008.0,1275205533.0,1031391035.0,956934013.0,821230242.0,589443704.0,345985832.0,295978368.0,57563487.0,113183970.0,-10918499.0,34753227.0,50932977.0,64187682.0,22558420.0,19972216.0,-753721749.0,-596851155.0,-409205460.0,-456352238.0,-11520959.0,-9802411.0,,,,,,,,,,1234681683.0,919338992.0,-461946592.0,-310315868.0,,,15412120.0,,116577042.0,136117561.0,207755494.0,214873349.0,-231208024.0,-53351840.0,-44473615.0,,-53666803.0,-20816763.0
MEGAP,8498514030.0,17530335570.0,9676370693.0,,1570262785.0,1328659082.0,374465724.0,,1538042671.0,1232090737.0,294255368.0,,513699976.0,698489896.0,-811358770.0,,142442477.0,,26482929.0,,1483250803.0,1268322608.0,897009341.0,,24262209.0,,,,,,,,,,,-19839747.0,157534778.0,-420788693.0,-177085084.0,,,858481.0,1377463.0,96960421.0,83488418.0,0.0,,,,,,-336402556.0,
MEGMT,11726940184.0,17935638653.0,23015510820.0,29842975598.0,1093360210.0,1486213662.0,1925911561.0,2262934746.0,854556493.0,949393412.0,1175819510.0,1401819518.0,300121994.0,422605671.0,1469561980.0,1191086382.0,494947880.0,691207328.0,46146421.0,52295526.0,281838061.0,1976047670.0,3938257691.0,6171022253.0,9587209.0,132553088.0,,,,,,,,,,1193648085.0,-1063304468.0,63492113.0,-268363723.0,,,,,224011564.0,342333843.0,509384901.0,572628294.0,,,,,-289342496.0,-647611732.0
MEKAG,3374044411.0,3161725742.0,3386344531.0,3301035936.0,891602005.0,690913648.0,728917725.0,761165633.0,399743834.0,85946961.0,35034758.0,55183739.0,243821365.0,-133930717.0,-70471483.0,-83277270.0,53271716.0,68830648.0,14011850.0,15908132.0,-685028891.0,-271466821.0,-499835521.0,-298795449.0,-10470959.0,-6418103.0,,,,,,,,,,-78739921.0,-19928194.0,-253683483.0,-278858237.0,,,,,70507087.0,100791144.0,124369814.0,127443685.0,,,,,,
MEPET,7267220284.0,6388722758.0,4606796393.0,4907878531.0,384590030.0,318969164.0,402962746.0,418477134.0,489070764.0,366421734.0,383911439.0,402882333.0,425482420.0,-391474130.0,192334195.0,156595469.0,114067697.0,102643992.0,6024983.0,8651144.0,222132574.0,147164101.0,-414945790.0,-171408732.0,3395391.0,-3681847.0,,,,,,,,,,112580264.0,-169536503.0,-29557312.0,-159284186.0,,,,,163014786.0,145770560.0,105269897.0,108641589.0,,,,,,-49643981.0
MERCN,5366671436.0,4055527922.0,3415405253.0,3453846669.0,1030926659.0,899738187.0,1092431792.0,1144097776.0,562358415.0,433127270.0,609992695.0,650462768.0,135385532.0,-92324682.0,167108625.0,178723118.0,84706490.0,72226486.0,16191223.0,23796637.0,1055167153.0,752722479.0,957268676.0,1523940220.0,16128680.0,32734120.0,,,,,,,,,,32928981.0,870474113.0,-574363400.0,-142622830.0,-9190504.0,0.0,-6309109.0,-10150032.0,87255015.0,99977329.0,95787627.0,82693058.0,-38775603.0,-23540650.0,-10009577.0,-42252559.0,-577911421.0,-357764481.0
MERIT,230291002.0,231988517.0,382524523.0,395144639.0,192027096.0,217221800.0,367904704.0,382019148.0,119031222.0,110638169.0,220532796.0,220415547.0,187518378.0,550997428.0,889040487.0,832325931.0,3624554.0,8125806.0,3016381.0,7857931.0,-4140472.0,-1855424.0,-7652713.0,-4051806.0,-63289.0,-87032.0,,,,,,,,,,91257112.0,82191184.0,,0.0,,,,,,0.0,15724.0,51407.0,-89242609.0,-48481240.0,-63110752.0,-769.0,,
MERKO,1844557286.0,1902021558.0,650108512.0,,767817715.0,277266154.0,111822561.0,,688878527.0,137905592.0,99052870.0,,153025821.0,499868481.0,-57454419.0,,29193274.0,,12330353.0,,-194350231.0,428837866.0,304517837.0,,-3316892.0,,,,,,,,,,,363544918.0,140387626.0,-34866153.0,-53364565.0,,,-149812693.0,,68034548.0,55485579.0,74418796.0,,,,,,-206333259.0,
METEN,1549041896.0,2320982929.0,2215456108.0,1657522933.0,862647433.0,1131963464.0,471683432.0,612322863.0,795452178.0,1392938598.0,1067864165.0,1019388833.0,3862135725.0,909392327.0,384193295.0,1450073340.0,,16844552.0,,3627879.0,6340107663.0,4162577449.0,6202910231.0,5097778835.0,96911252.0,109499901.0,,,,,,,,,,2448145590.0,3466510949.0,-2509172063.0,-1379559086.0,,,,,319776712.0,530592695.0,926402888.0,701356565.0,-86486451.0,,,,-867570074.0,-190560704.0
METRO,24751973.0,60455708.0,225318518.0,270529838.0,-10819.0,15636621.0,96582721.0,136333820.0,-44073909.0,-15109904.0,65696069.0,100182083.0,-4539796829.0,-1673700388.0,-659941996.0,-236729382.0,394565.0,5524343.0,-459.0,2813663.0,-57697384.0,-38955906.0,-46610795.0,-43410553.0,-881929.0,-932455.0,,,,,,,,,,44487664.0,-6502774.0,-118773.0,-549524.0,,,,,2989176.0,3012477.0,869470.0,91370.0,,,,,-8474762.0,-478269.0
MEYSU,4082728898.0,4277974134.0,4528412703.0,4669972227.0,1165462060.0,1255955607.0,1445772444.0,1401075783.0,883467093.0,940247611.0,1081055786.0,1000569885.0,324293308.0,266968002.0,581886497.0,513457408.0,64443287.0,97496073.0,18396080.0,29080190.0,434415469.0,620510705.0,1455465949.0,694130450.0,6640226.0,14909869.0,,,,,,,,,,536093530.0,-119443433.0,-147248673.0,-265730130.0,,,,,114906300.0,110999062.0,156113195.0,171150797.0,,,,,,
MGROS,404047432287.0,452826967810.0,486061581747.0,496374870747.0,75469713105.0,104555128346.0,118168393661.0,118387375661.0,6993194954.0,24347483463.0,32172012138.0,31376746138.0,19647723372.0,9771971340.0,7615686192.0,6881282192.0,6367004317.0,10367040623.0,1190370093.0,2469133326.0,-5669032692.0,-2235351504.0,4582278000.0,6450136000.0,-86653585.0,138548430.0,,,,,,,,,,34198353341.0,42177252897.0,-14261026505.0,-15265765343.0,,,-5486071617.0,-7056533898.0,13770443155.0,15379157534.0,18924109884.0,21258109884.0,-1477140280.0,-3103304422.0,-2424788331.0,-1699910331.0,-17486241252.0,-30756249326.0
MHRGY,306464904.0,368326083.0,446843062.0,491947576.0,286767987.0,336335448.0,422919220.0,463055122.0,215775925.0,241268831.0,180144503.0,271842629.0,69514843.0,138190432.0,575681816.0,466024260.0,4856216.0,10294078.0,4540286.0,9685732.0,-2465467970.0,-2525203946.0,-1980545118.0,-780239190.0,-37685730.0,-16759478.0,282123477.0,577725078.0,-9340521.0,-6833855.0,,,,,9461338171.0,-395697428.0,-1063099841.0,-8360684.0,-23237205.0,-4869350.0,-55490351.0,,,3342146.0,5413616.0,11632286.0,12097528.0,,664544050.0,-52347885.0,,,
MIATK,3117859713.0,3981866782.0,3246684244.0,2685652209.0,1586784551.0,2382502092.0,1100373643.0,1017372477.0,1606539939.0,2599424480.0,1395277706.0,1356679036.0,1121592646.0,3383221669.0,-859511783.0,-1807127324.0,49070022.0,55406954.0,24930472.0,21096238.0,109090392.0,-238323912.0,464700190.0,1335089482.0,1667493.0,28677620.0,,,,,,,,,,1309638431.0,1332356346.0,-1366748288.0,-788444393.0,,,,,258314712.0,383344839.0,470568557.0,549389442.0,,,,,,
MMCAS,2765273.0,23986155.0,9490618.0,,2765273.0,16410652.0,9454348.0,5453171.0,-3522020.0,6701138.0,-1443417.0,-5819211.0,-5093294.0,-2509391.0,-4897534.0,-1257682.0,42606.0,,43596.0,109460.0,-125501.0,-6645494.0,-1930338.0,-14991587.0,-1918.0,-322018.0,,,,,,,,,,-1074186.0,9049985.0,-111826.0,-2529993.0,,,,,187.0,17456.0,26406.0,26406.0,,,,,,
MNDRS,14111371393.0,12108957266.0,10397625786.0,9541793331.0,1532953936.0,319977384.0,797565003.0,318322510.0,1473698809.0,596249173.0,1118270310.0,443878014.0,2467611965.0,-36253494.0,361970060.0,522139914.0,222164874.0,198586173.0,24236046.0,6022953.0,4599336965.0,4228754062.0,2035694516.0,924471799.0,70302829.0,19857584.0,,,,,,,,,,588460356.0,-89924227.0,-1514804442.0,-380302934.0,,0.0,-295488.0,-7227084.0,1046066651.0,1175458420.0,1203594170.0,959240750.0,,,,,,
MNDTR,23189596606.0,20957411059.0,18598903245.0,17935834882.0,3288021690.0,3449834158.0,2802730654.0,2252379914.0,820268505.0,910674742.0,663196999.0,339096291.0,-1991093054.0,-728810673.0,-1810040148.0,-1915008306.0,366081465.0,374342244.0,51327016.0,47567401.0,2213106579.0,1074007079.0,611446297.0,1020085121.0,33828279.0,21911351.0,,,,,,,,,,1090205930.0,-201423024.0,-892355042.0,-774772571.0,,,-51632559.0,39747410.0,852169773.0,965819652.0,1145651742.0,1128439772.0,,,,,-689369970.0,-554272569.0
MOBTL,17236609140.0,14537507979.0,18097890559.0,19376362536.0,1888974558.0,1644141292.0,1960888531.0,1912784070.0,1241831964.0,839659118.0,1093664047.0,1101992585.0,774460354.0,202745416.0,782809255.0,843477027.0,271991667.0,404373536.0,29800254.0,39710759.0,2853568269.0,1356455083.0,2131327751.0,2176452743.0,43618009.0,46750039.0,,,,,,,,,,-2184560693.0,717567357.0,-78890891.0,-62082562.0,,,-7984465.0,,90515230.0,92894692.0,83661628.0,77109943.0,,,,,-370514920.0,-1035089209.0
MOGAN,28302512115.0,19857293187.0,15432321201.0,13266240279.0,5522064273.0,1256490422.0,-1828950499.0,-3276739699.0,16011100573.0,10960648674.0,8072828405.0,6990635756.0,2806181510.0,-5843759314.0,-10797130310.0,-9802134570.0,448442816.0,275665979.0,87526284.0,-69833659.0,66303606942.0,44906588717.0,35352434975.0,31259542327.0,1013478934.0,671452587.0,,,,,,,,,,10732448982.0,10679948106.0,-184466333.0,-920231845.0,,,,,11871791721.0,11509565183.0,11461887450.0,11493003151.0,,,,,-5357443690.0,-1740888131.0
MOPAS,18607545393.0,20511389039.0,21290342140.0,21818449010.0,4679037364.0,5886137860.0,6029352844.0,6247032608.0,1405057711.0,1839027298.0,1987764797.0,2172665411.0,1212322396.0,351729785.0,275595596.0,345628911.0,81081365.0,456513406.0,31434982.0,130548702.0,501148506.0,907658754.0,-435360446.0,-612378366.0,7660269.0,-13153841.0,,,,,,,,,,432796909.0,814084298.0,-547667928.0,-335412724.0,,,-669613158.0,-544263325.0,567114351.0,728048942.0,832379166.0,872999278.0,-300644462.0,,,,-208736284.0,-305926799.0
MPARK,49959565401.0,61177528710.0,64877427189.0,66861280189.0,14310400208.0,16737380267.0,18238587079.0,18607815079.0,12871315227.0,15726992033.0,18050758851.0,20055622851.0,10080318397.0,8030647371.0,6519969130.0,6654957130.0,787858164.0,1398754172.0,225437989.0,388173031.0,7217798135.0,8109710194.0,14082026000.0,13250271000.0,110327125.0,284614811.0,,,,,,,,,,10438211462.0,11780240529.0,-3052506978.0,-5416406903.0,,,-1903278247.0,-2211144777.0,3432261532.0,4179296700.0,5405613030.0,7150292030.0,-100052960.0,-302392129.0,-286823092.0,-421198092.0,-1703764220.0,-6804459270.0
MRGYO,78219951.0,148325857.0,208117577.0,,71742234.0,131777170.0,178649405.0,,46389135.0,97726545.0,133223778.0,,1283271495.0,1785811360.0,1650533751.0,,2929565.0,,2686956.0,,859986541.0,1041951114.0,1073475536.0,,26658314.0,,-1040324433.0,,-6920993.0,,-7619028.0,,-423513.0,,,-3734851.0,-20754207.0,-6055322.0,-534986.0,-44606282.0,-4663999.0,,,1600910.0,3840155.0,7485915.0,,,,,,-23267222.0,
MRSHL,6930360120.0,6261017536.0,5151519877.0,4935668440.0,2187308984.0,1997741320.0,2219821113.0,2209955325.0,810689182.0,706063823.0,824566449.0,857284564.0,-324075370.0,-375266819.0,-343259309.0,-131405131.0,109874542.0,104424400.0,34645587.0,46445399.0,-551872842.0,168404962.0,326478833.0,195441551.0,-8435612.0,4198070.0,,,,,,,,,,1160227228.0,267245624.0,-205673938.0,-237512481.0,,,-26700081.0,-10456642.0,242370342.0,258591541.0,327408683.0,342948216.0,,,,,-946020255.0,-662319006.0
MSGYO,257978178.0,260887520.0,1302283546.0,1299507362.0,212740389.0,215353677.0,577524753.0,577632408.0,170348181.0,163875910.0,480726916.0,456138280.0,1941879554.0,157550720.0,73710942.0,-44339783.0,4016126.0,26301480.0,3296948.0,11756900.0,-558713103.0,-673662015.0,-168724384.0,-103504326.0,-8540168.0,-2223265.0,-448754665.0,-53770629.0,-4606381.0,-4188027.0,,,,,5347271580.0,213877481.0,5124825.0,-27016749.0,-2381017.0,,,,,583258.0,1193634.0,1191656.0,1365694.0,-179894498.0,-160547833.0,-90321938.0,-199631838.0,,
MTRKS,1323816210.0,1510662594.0,1503802824.0,1596343453.0,292237928.0,548399619.0,302732615.0,201488764.0,298085601.0,678837478.0,412179015.0,287502679.0,198027348.0,201311507.0,283943443.0,312250473.0,20909281.0,33368383.0,4607437.0,4195460.0,-188325710.0,-167465442.0,-241571118.0,-207395715.0,-2878639.0,-4454844.0,,,,,,,,,,232130112.0,155047600.0,-186848403.0,-287191393.0,,,,,105947661.0,233683655.0,208098888.0,197035179.0,-21670733.0,0.0,-15857929.0,,-27710.0,-9342266.0
MTRYO,10849168275.0,5590334098.0,6253793468.0,5815234209.0,187074716.0,279657105.0,142954760.0,164498421.0,174868447.0,260889286.0,125844884.0,146213832.0,-133996696.0,16752357.0,-22405070.0,-16608799.0,169825561.0,118093225.0,2769403.0,3509041.0,-546241845.0,-561223033.0,-536335596.0,-559195654.0,-8349540.0,-12011480.0,,,,,,,,,,27089975.0,117158210.0,,0.0,,,,,176486.0,175973.0,164117.0,68524.0,-58135773.0,0.0,-2559722.0,,,
MZHLD,3323282894.0,2393092152.0,2645117833.0,2752696704.0,624262808.0,121121877.0,408480932.0,526884117.0,162787225.0,-242227376.0,-13766278.0,84286152.0,-11544907.0,-368186243.0,-54314657.0,-36496246.0,52360255.0,57455031.0,9894014.0,11115414.0,57043864.0,104447203.0,206970889.0,210385968.0,871940.0,4519075.0,,,,,,,,,,-234994035.0,90211130.0,-114341983.0,-66376879.0,,,-6398660.0,-60753701.0,79293045.0,150087535.0,148880953.0,149314370.0,,-28156490.0,0.0,,-15087555.0,-38910797.0
NATEN,4102932248.0,2239546321.0,1891883317.0,1603823213.0,683711715.0,336225686.0,413619619.0,304056165.0,794467424.0,89095157.0,284870221.0,141094404.0,180666215.0,-76379075.0,-1312410912.0,-1040006376.0,64664906.0,33622421.0,10622950.0,6372538.0,5954087218.0,5326666816.0,4821171381.0,4476380122.0,91010765.0,96152304.0,,,,,,,,,,-484905519.0,814101238.0,-150223583.0,-240651629.0,,,,,540714734.0,512272153.0,593650700.0,538892980.0,-132371847.0,0.0,0.0,,-616679430.0,-875586249.0
NETAS,6958287619.0,9175387066.0,12030341104.0,15094454330.0,603309373.0,649710348.0,811422906.0,1263596619.0,264993104.0,119244258.0,297147203.0,679975210.0,99670615.0,-280541832.0,-349942393.0,-133914435.0,293681869.0,350554497.0,25463308.0,29093945.0,1492361836.0,1785990697.0,2604795914.0,2655463761.0,50765269.0,57039159.0,,,,,,,,,,433182580.0,544641833.0,-7670467.0,-28111653.0,,,-57839924.0,-114956920.0,111132336.0,145467172.0,189163450.0,194368723.0,,,,,-265281562.0,-262844571.0
NETCD,1091063823.0,1383183471.0,1653869522.0,1782319193.0,977873221.0,1261032494.0,1508040220.0,1631791473.0,793651806.0,1082644686.0,1328485133.0,1365088933.0,327616720.0,715740901.0,1022349381.0,993898237.0,17221751.0,37289606.0,15435109.0,34176752.0,78181026.0,-142397477.0,-508396886.0,-655347904.0,1195030.0,-14076823.0,,,,,,,,,,346679212.0,739880804.0,98257275.0,-467005772.0,,,,-31654527.0,243961048.0,231293805.0,266776037.0,340402660.0,,-20269010.0,-233321420.0,-849624383.0,,-1387419.0
NETGL,3242554682.0,2051162266.0,2155144290.0,2294554595.0,614996525.0,641279074.0,618747436.0,592860254.0,644169175.0,667002831.0,598052162.0,570456996.0,482988295.0,276434352.0,130078185.0,25377755.0,,48679906.0,,12533845.0,382711475.0,580914692.0,1128188175.0,1017945017.0,5849908.0,21865381.0,,,,,,,,,,251480647.0,3675039.0,-189971480.0,-142971685.0,,,,,114520500.0,108267538.0,106786677.0,101781322.0,,-11630328.0,-66017165.0,,-195938267.0,-397383138.0
NIBAS,125449463.0,104483153.0,123566043.0,141329055.0,40642790.0,19249549.0,47324154.0,55189029.0,3383517.0,-13337799.0,4678927.0,8728606.0,79332831.0,-29533388.0,-470611273.0,-600279118.0,1990808.0,2938710.0,640538.0,1138498.0,-5622054.0,13411707.0,-19206812.0,-30777246.0,-85935.0,-661093.0,,,,,,,,,,-19320592.0,-5381859.0,-24202605.0,-5283973.0,,,,,4679452.0,7398238.0,7708444.0,5829891.0,,,,,,
NTGAZ,8994092625.0,8833413443.0,9362653384.0,9763858786.0,1743323422.0,2289441234.0,2559969773.0,2893046418.0,1556099702.0,1755202472.0,2003965082.0,2247376843.0,214762337.0,563534461.0,1060541325.0,1180938936.0,142467696.0,204396278.0,27506715.0,60697761.0,-355474349.0,-15144855.0,10309841.0,-316060014.0,-5433577.0,-6788945.0,,,,,,,,,,1562902152.0,1262830076.0,-849819304.0,-929829752.0,,,-117658366.0,-30598928.0,725397293.0,601478164.0,569118934.0,552224021.0,-1102329753.0,-580291250.0,-543886594.0,-605926447.0,-47362651.0,-86892078.0
NTHOL,21127300585.0,29851784004.0,29458734412.0,28785157412.0,8458381779.0,8706403169.0,8043777600.0,5995327600.0,8330352648.0,10276298156.0,11247217980.0,10216546980.0,4963538401.0,4049739607.0,1961725764.0,1216975764.0,332451880.0,599002777.0,132117444.0,123619458.0,7763535389.0,7919920086.0,7905473000.0,7959879000.0,118668952.0,170977594.0,,,,,,,,,,8513566511.0,12790724150.0,-5275880403.0,-14980280003.0,-238116519.0,-676953417.0,,,3991954502.0,6458330063.0,6048556208.0,6872740208.0,-47474714.0,-264827897.0,-447926886.0,-466776886.0,-753124685.0,-1254565417.0
NUGYO,300308326.0,1970255805.0,893424680.0,871994010.0,230086403.0,1013544660.0,430065441.0,387215673.0,-113758881.0,12890660.0,-39044997.0,-117075952.0,1692253994.0,267951245.0,-560632532.0,-1026490130.0,4748798.0,18027711.0,3633833.0,8008710.0,-12662573.0,-142664112.0,-462361640.0,-569862571.0,-193553.0,-12240605.0,66540502.0,-20115546.0,-8592495.0,-15033751.0,-18767775.0,-27344252.0,,,6890782026.0,-61781246.0,141806789.0,-139179301.0,-16790165.0,-21575340.0,-3152898.0,,,6284333.0,7689593.0,8900930.0,8083294.0,,,,,-142291953.0,-63839722.0
NUHCM,29813062516.0,23865746722.0,20777151199.0,20464216199.0,7114706309.0,6473812811.0,5176806936.0,4453130936.0,6642705465.0,5952485549.0,4490348992.0,3887884992.0,4286003980.0,2827684987.0,878810239.0,259004239.0,470377700.0,427428065.0,111994077.0,92610792.0,-970172546.0,-8950038727.0,-8695255000.0,-4764290000.0,-14829501.0,-102336586.0,,,,,,,,,,7191495565.0,4375170578.0,-2663968024.0,-2344975341.0,,0.0,-43936891.0,223784196.0,1523290543.0,1816643613.0,1795193767.0,1812370767.0,-2512887932.0,-1798317150.0,-2796178748.0,-3649073748.0,-378955645.0,-226289945.0
OBAMS,52149115976.0,26714694601.0,26816570699.0,25450039751.0,4459193234.0,4376501462.0,1960959393.0,2127095877.0,1676142745.0,2190057015.0,227872397.0,512445943.0,2846125070.0,473154378.0,-2410041238.0,-2107265520.0,818262765.0,532406244.0,69749749.0,44801156.0,1140440897.0,-3559040060.0,-4381747233.0,-3804432202.0,17432126.0,-81718914.0,,,,,,,,,,5273398614.0,-1125185580.0,-1252814258.0,-315309157.0,,,,,499042868.0,557682404.0,598652803.0,588772381.0,-227412702.0,-472475804.0,-159334243.0,,-551791950.0,4557.0
OBASE,913384705.0,1140886334.0,1007972212.0,982042583.0,65025569.0,158135736.0,232155723.0,208545451.0,83779249.0,136742440.0,249339503.0,233180096.0,-62728745.0,-75790776.0,7828282.0,-8861871.0,14399938.0,20529856.0,1020401.0,4345032.0,-102299795.0,7993269.0,115827576.0,145487256.0,-1563696.0,3125055.0,,,,,,,,,,62779949.0,154007455.0,-226282870.0,-261664146.0,,,-5931451.0,-7694585.0,167979854.0,148347206.0,196955648.0,207338364.0,,,,,-12800972.0,-62872882.0
ODAS,16559683250.0,12029875134.0,10495361700.0,10619854361.0,3922123177.0,2713841857.0,1914151576.0,1387893548.0,5273974097.0,4602332427.0,3786715257.0,3498068177.0,8472082151.0,-4590991470.0,550082193.0,-49386740.0,262122279.0,221374274.0,61966698.0,28426481.0,-1099460489.0,-2080027296.0,517089612.0,-1643245399.0,-16805723.0,-35296786.0,,,,,,,,,,21907415987.0,1710644649.0,-14455093457.0,-4575276347.0,,,13920093.0,140037841.0,2566280702.0,2922869873.0,3036405915.0,3369497190.0,,,,,,
ODINE,771258659.0,1199707339.0,1883544167.0,2535502882.0,384510864.0,621796233.0,305358609.0,409770288.0,301116069.0,493231203.0,34625815.0,157975044.0,250274375.0,402137009.0,16260661.0,61787425.0,32551785.0,60554877.0,16228687.0,9744685.0,-311516754.0,-984306684.0,-527272551.0,-648067875.0,-10596781.0,-13920449.0,,,,,,,,,,451469840.0,257144110.0,-191760606.0,-472789075.0,,,-4454707.0,-7440817.0,67872756.0,126047750.0,223795868.0,273982481.0,,,,,-18823689.0,-2662842.0
OFSYM,25484560654.0,24465763338.0,21743975494.0,21241895495.0,2784211060.0,3132090300.0,2547658315.0,2437085622.0,2176096565.0,2369462046.0,1809429974.0,1674152839.0,298449424.0,549632405.0,454398706.0,344403054.0,403725763.0,444193309.0,44187437.0,51184800.0,2048714326.0,1897039110.0,5202492468.0,4890589917.0,31315473.0,105049499.0,,,,,,,,,,2615400690.0,2179302183.0,-903068433.0,-801645302.0,,-28263027.0,,,80825205.0,103955855.0,194817193.0,215298767.0,,0.0,-144887555.0,,-871470189.0,-1093535387.0
ONCSM,535230437.0,577232984.0,835008510.0,860844710.0,79642298.0,213509299.0,376636239.0,484386632.0,-14620284.0,91027378.0,254487660.0,341486300.0,-177614224.0,-91200248.0,59343576.0,79587028.0,8463554.0,18064377.0,1263914.0,10152170.0,8508457.0,3003320.0,48810590.0,147953762.0,130055.0,3178036.0,,,,,,,,,,-56911809.0,132028561.0,-70254315.0,-33618131.0,,,-2963364.0,-1060170.0,86910372.0,80474050.0,69612157.0,69730866.0,-30689912.0,,,,-21312788.0,-54018705.0
ONRYT,1311513352.0,1103135249.0,1216563015.0,943888943.0,554251330.0,491809147.0,240875090.0,98752699.0,489063839.0,341846560.0,104274846.0,-64839653.0,207988089.0,96514807.0,-114765672.0,-186291791.0,20585471.0,19406597.0,8555313.0,2234023.0,559694374.0,-414747543.0,-124799427.0,-34438736.0,8555167.0,-739741.0,,,,,,,,,,153609370.0,13804179.0,-107513989.0,-239071010.0,,,-4762981.0,,61173128.0,64384097.0,65282977.0,74580842.0,,,,,-152450166.0,-36372049.0
ORCAY,1218533238.0,682269586.0,779091390.0,685531074.0,289203298.0,156755822.0,171063696.0,95544131.0,262698339.0,138311189.0,138413781.0,88693965.0,-69528814.0,-157967041.0,-190059595.0,-126773637.0,19085184.0,14455169.0,4503369.0,1976048.0,631381051.0,556315777.0,593779598.0,745949493.0,9650929.0,16022938.0,,,,,,,,,,289596324.0,364486207.0,-132271285.0,-85031782.0,,,,,22173206.0,28917311.0,35570539.0,76723235.0,,,,,-179151078.0,-277614252.0
ORGE,4397340304.0,5285395452.0,4116311786.0,4644176762.0,1959622350.0,3063909447.0,2185022498.0,2647278849.0,1839017018.0,2924364022.0,2033021904.0,2473245475.0,485775737.0,1065397459.0,698658392.0,929681408.0,69363755.0,97526199.0,30809726.0,55804271.0,-53471248.0,-74968376.0,-239991365.0,-374668570.0,-817331.0,-8047852.0,,,,,,,,,,9873003.0,-120182596.0,-25613077.0,-35464729.0,,,-14657846.0,-2089857.0,13359170.0,18917675.0,15226426.0,15796580.0,,,,,-86205025.0,-7089236.0
ORMA,7129061222.0,5256503109.0,5257363510.0,5264737086.0,1418967793.0,705031314.0,666411324.0,805061321.0,742101944.0,322482767.0,539091366.0,579089168.0,771727547.0,510939501.0,-25235698.0,23105300.0,112556082.0,111009599.0,22403076.0,17087139.0,1916976834.0,2359019816.0,2967017476.0,3181327873.0,29301809.0,68334680.0,,,,,,,,,,957821284.0,415532713.0,-513360782.0,-736266616.0,,,-21939630.0,-22081658.0,110014627.0,264936401.0,274198922.0,177107270.0,,,,,-616586954.0,-767697276.0
ORZAX,8152110412.0,6115411471.0,7845652862.0,9046313979.0,3820824668.0,3970239423.0,5080265514.0,5968793192.0,2613331935.0,2395531278.0,2787550555.0,3062209614.0,1034185706.0,776118542.0,1126638193.0,1231367894.0,,98057969.0,,64220713.0,1442362380.0,1053785528.0,3154070203.0,4173971990.0,22047125.0,89656600.0,,,,,,,,,,1866537516.0,808687358.0,-548446529.0,-388294313.0,,,,,298532197.0,265190862.0,271080222.0,236680164.0,,,,,-425243803.0,-1535352498.0
OSMEN,,8845940956.0,23115085887.0,28110256863.0,3780980795.0,2793988505.0,2020750523.0,2142751074.0,2112176722.0,1110984540.0,477542231.0,538148620.0,1126129728.0,444995697.0,245030237.0,370195763.0,,583234421.0,59622455.0,44827797.0,-2041644591.0,-2391609293.0,-2111494819.0,-911062638.0,-31207409.0,-19569556.0,,,,,,,,,,1127176718.0,2449384812.0,-222366661.0,-304445552.0,,,-28008668.0,-18894176.0,149291027.0,154556362.0,159502887.0,169700293.0,-59057139.0,-168646724.0,-186309838.0,-232632475.0,-461576021.0,-446181371.0
OSTIM,874982307.0,824926206.0,502807633.0,507047098.0,226695621.0,16160111.0,132652954.0,139446167.0,178121683.0,-48045594.0,33325049.0,44800371.0,653960299.0,186900595.0,4807307.0,-79143507.0,13799401.0,10558682.0,3595558.0,2899564.0,-156029368.0,-464120.0,42970003.0,76650249.0,-2384975.0,1646442.0,,,,,,,,,,528459836.0,18404593.0,-37009169.0,-71764436.0,,,,,50092576.0,42150040.0,46532113.0,48141026.0,,,,,,
OTKAR,60618404808.0,51946512227.0,61190848533.0,56152600533.0,14035490785.0,8222440574.0,11703064220.0,7791687220.0,3679950064.0,-1186618289.0,2535715807.0,-1436477193.0,4379574754.0,-4785113712.0,-1718068743.0,-6106835743.0,952226295.0,1163357200.0,219334350.0,159928875.0,20689258488.0,30509953538.0,32761038000.0,42900883000.0,316244147.0,921507697.0,,,,,,,,,,1762208984.0,-320916940.0,-2894300575.0,-5310928178.0,,,-120004671.0,-148543523.0,2028304757.0,2338910742.0,2386650608.0,2682577608.0,0.0,-1392542681.0,0.0,,-5932851836.0,-9865532626.0
OTTO,491040823.0,361224919.0,383260645.0,372516952.0,218010007.0,209483719.0,59097594.0,5047387.0,150501216.0,171886599.0,9140066.0,-30540559.0,89212202.0,47876277.0,-4082436.0,-30109934.0,7731147.0,7716773.0,3450855.0,135649.0,59892675.0,-31629981.0,-2706738.0,5422541.0,915485.0,116476.0,,,,,,,,,,-20351029.0,230013027.0,-224000158.0,-140149073.0,,,,,25714143.0,16653832.0,17486057.0,16134966.0,,,,,,
OYAKC,68320410274.0,68484674529.0,66537409681.0,62718002681.0,20638954601.0,19470937427.0,17763000746.0,16637645746.0,20656226653.0,19641934231.0,17249779524.0,16316966524.0,18088136356.0,11047672642.0,10319010851.0,7735018851.0,1076490129.0,1305048111.0,325362697.0,345035621.0,-9230539110.0,-12648377153.0,-12475790000.0,-10753039000.0,-141092730.0,-230974458.0,,,,,,,,,,12252906761.0,14334687227.0,-3876873532.0,-11885420145.0,,,-261150856.0,-985197035.0,2947013440.0,4045135194.0,4117648211.0,4421096211.0,,0.0,-5693229824.0,,-1804442161.0,-209574440.0
OYAYO,914637834.0,643504576.0,636220548.0,435365500.0,83738588.0,70820188.0,70621151.0,67439287.0,64352669.0,50695586.0,52990668.0,49722606.0,-36771944.0,-15450785.0,7729584.0,846222.0,14453150.0,9119485.0,1319730.0,1401878.0,-164734761.0,-155610741.0,-181952151.0,-163449601.0,-2518041.0,-3510885.0,,,,,,,,,,6364482.0,55617245.0,0.0,0.0,,,,,511890.0,51362.0,53364.0,53364.0,-16005482.0,0.0,0.0,0.0,,
OYLUM,1389538626.0,1035605453.0,905673945.0,955287886.0,434690497.0,274746084.0,160367949.0,164669496.0,335195230.0,154739793.0,55832288.0,65314496.0,382385183.0,-75203221.0,-121189586.0,-103789928.0,21954581.0,19986867.0,6858085.0,3465548.0,11416627.0,-7411930.0,-76974740.0,-53643099.0,174508.0,-1152250.0,,,,,,,,,,164717734.0,38219614.0,-148368801.0,-64389189.0,,,,,21878921.0,55097179.0,54020128.0,38486472.0,,,,,-74156703.0,-33108671.0
OYYAT,56343034729.0,40068397146.0,36151233855.0,30663008843.0,12942285869.0,11407376220.0,11373028844.0,11259963630.0,9894544827.0,8957068756.0,9003698695.0,8896618769.0,4469712381.0,355448405.0,2671063486.0,2703704331.0,892405177.0,630386379.0,203584566.0,234244742.0,-5366168238.0,-7814684613.0,-12644982808.0,-11702925025.0,-82024172.0,-251377938.0,,,,,,,,,,-4379305253.0,4537903247.0,-299222486.0,-18146323.0,,,,,304231961.0,281027052.0,184573734.0,155853891.0,-8425823.0,,,,-3450754188.0,-2731669254.0
OZATD,3580423820.0,2704495690.0,2893560417.0,2881550891.0,789268134.0,537846937.0,392583588.0,182884058.0,1146536163.0,679291894.0,528332435.0,338618020.0,919752382.0,347353063.0,-149823971.0,-452960094.0,17888581.0,60259062.0,4785471.0,3617150.0,2122759683.0,107985802.0,1519856644.0,1179803596.0,32447288.0,25342091.0,,,,,,,,,,312821672.0,-1864116358.0,-606409765.0,-557389369.0,,,,-104314366.0,458860817.0,294940861.0,346048968.0,345509910.0,,,,,,-172556181.0
OZGYO,189310300.0,132390840.0,255001577.0,281914753.0,93831174.0,114851181.0,195442958.0,212932260.0,31872700.0,24929680.0,91279881.0,104368994.0,-14550413.0,-849949851.0,82784208.0,59210783.0,2989060.0,5862696.0,1482187.0,4448135.0,-7083543.0,-43365526.0,-38842429.0,-86992610.0,-108275.0,-1868595.0,277126098.0,156513328.0,-266840.0,-170181.0,-384113916.0,-323628607.0,-3232509.0,-3264290.0,7155257178.0,380159247.0,167056096.0,-114884.0,-2070511.0,54816924.0,-521525760.0,-2503615.0,-2670453.0,4985195.0,4016794.0,4198479.0,2883751.0,,,,,,
OZKGY,4802346254.0,8772114567.0,7536926260.0,7123991373.0,1373107241.0,2257401415.0,1562322089.0,1518627227.0,1285995094.0,2278588666.0,1197341070.0,1131440016.0,6547156072.0,2661971412.0,-258299537.0,-2062112423.0,75394731.0,146393721.0,21518317.0,30516172.0,-2307557218.0,-5289465530.0,-6269075656.0,-5701666856.0,-35271997.0,-122471370.0,-1852062428.0,-2312846074.0,-454533241.0,-271307843.0,0.0,-518258006.0,,,75033456477.0,2565775060.0,4973413394.0,-100672402.0,-784627314.0,-3288754007.0,-1192848762.0,,,485391431.0,782342612.0,514111142.0,495340976.0,,,,,-1008292137.0,-464960595.0
OZRDN,1143971476.0,728539442.0,652863423.0,672236747.0,570850186.0,240812980.0,216727275.0,266866605.0,299992630.0,22726183.0,-12127918.0,26042475.0,295202923.0,-78327815.0,-68985148.0,-64756283.0,18198728.0,14059382.0,9076634.0,5626381.0,-99173143.0,-91881410.0,-94020507.0,-79496148.0,-1515904.0,-1707571.0,,,,,,,,,,108011658.0,24989646.0,-44901617.0,-35036947.0,,,-13661493.0,-2271791.0,27111778.0,32925812.0,27127824.0,25476144.0,,,,,-12893650.0,-3378501.0
OZSUB,3373350828.0,3967381885.0,3490363669.0,3226497654.0,536093095.0,530042802.0,915854608.0,1042964104.0,237857963.0,175661804.0,643475991.0,745869126.0,-16714279.0,-174781653.0,346220861.0,482052076.0,53336924.0,67238945.0,8513750.0,21908929.0,526144174.0,1344232499.0,975151074.0,1218474746.0,8042338.0,26172745.0,,,,,,,,,,-104845842.0,-471735470.0,-128418316.0,,,,-486882.0,386489.0,72309235.0,87323306.0,108781217.0,135984128.0,0.0,,,,-161500856.0,-440952978.0
OZYSR,10779314380.0,10156009892.0,8503664051.0,8321331125.0,1574434479.0,1365745388.0,1093195054.0,1061434063.0,884095199.0,473689715.0,363049654.0,412464112.0,434267144.0,-139862025.0,-291299815.0,-119634234.0,170382381.0,173807373.0,24749847.0,22236342.0,2963466252.0,1199715744.0,1569385339.0,1715139747.0,45297847.0,36841071.0,,,,,,,,,,2216005054.0,1865293986.0,-422709656.0,-385793311.0,,,,,207319882.0,224715879.0,237905597.0,244163421.0,-3154961.0,-4596356.0,-5312172.0,,-401487705.0,-462560482.0
PAGYO,1002611837.0,1168655973.0,1309325127.0,1347020452.0,719643101.0,910003825.0,1044791849.0,1054931189.0,691786627.0,848516575.0,981274287.0,996706566.0,5874446701.0,1265015192.0,1849124145.0,1838448391.0,15824704.0,28161113.0,11345832.0,22035132.0,4538797.0,-141345806.0,-290740380.0,-278274394.0,69377.0,-5977313.0,749185125.0,693898698.0,-8186929.0,-13815768.0,-906751.0,-2842388.0,,,17779034372.0,1157912820.0,488130284.0,-816237.0,-102522.0,-1652709497.0,-3305064.0,,,1740466.0,454581.0,1252473.0,2341808.0,-299057221.0,-430643559.0,-598840001.0,-514257698.0,,
PAHOL,2316246093.0,1616046913.0,8795682933.0,6446958584.0,2316246093.0,745705895.0,8795682933.0,6446958584.0,2309378819.0,646987466.0,8597082514.0,6207079572.0,1846229794.0,339689547.0,5376941349.0,2509684841.0,,129687273.0,,129687273.0,-1053055.0,73644478.0,-1449910711.0,-589008.0,-16096.0,-12652.0,,,,,,,,,,-16812822.0,112886410.0,15640442.0,-29455834.0,,,,,,4553653.0,6157338.0,7033899.0,,,,,,-346049296.0
PAMEL,120931288.0,102727071.0,93578729.0,63493770.0,2644826.0,-6193978.0,-12133600.0,-33135879.0,41032716.0,35650003.0,22381250.0,-1617578.0,415927237.0,-541665127.0,-340952538.0,-497210298.0,1904323.0,1327491.0,37435.0,-697466.0,-81151877.0,4248209.0,-5348218.0,-6289884.0,-1240441.0,-135106.0,,,,,,,,,,153588312.0,13463926.0,-112437097.0,-148951598.0,,,,,51511764.0,55476135.0,45889672.0,42223274.0,,,,,-2582580.0,-1412213.0
PAPIL,164963173.0,360802182.0,162032557.0,80128206.0,79373309.0,123577396.0,79860747.0,33721838.0,26865210.0,91577197.0,35592750.0,-53616503.0,120509722.0,-29865501.0,-105121484.0,-277994959.0,2614192.0,1627649.0,1260446.0,633062.0,-438451109.0,-299607518.0,-181317549.0,81839405.0,-6701912.0,1757904.0,,,,,,,,,,73842733.0,253684922.0,-75761701.0,-67838754.0,,,-8496104.0,-4805941.0,27874452.0,42553183.0,32000404.0,7479047.0,-7357761.0,-3474376.0,0.0,,,-120835720.0
PARSN,3861926409.0,4172813608.0,5021127247.0,5747631244.0,879851386.0,444739535.0,319406817.0,319107755.0,790052612.0,318528626.0,168909291.0,180549866.0,365127808.0,-334151945.0,-1235506553.0,-972620366.0,162996678.0,133336915.0,37135056.0,7410189.0,3241787102.0,3678407939.0,4558986473.0,5616948220.0,110274995.0,120651620.0,,,,,,,,,,266359219.0,132636751.0,-734095480.0,-500398568.0,,,,-27345194.0,287762866.0,507109741.0,687286019.0,792190210.0,,,,,-153483964.0,-311876395.0
PASEU,1580104415.0,2296979608.0,2888074965.0,2579993405.0,254689190.0,490311948.0,358101700.0,345892191.0,121156510.0,345686546.0,106016834.0,82256906.0,524637573.0,317960731.0,1294789711.0,1222635732.0,24908791.0,53953109.0,4032822.0,7530020.0,-268213950.0,-2479213.0,810133417.0,1616604339.0,-4099765.0,34724538.0,,,,,,,,,,-840804067.0,-225138453.0,-332262259.0,-38476206.0,,,,,12018483.0,18892332.0,21009288.0,22350779.0,,,,,-33686616.0,-243743658.0
PATEK,1670543724.0,1583940477.0,3521947750.0,2729967514.0,94645219.0,1726048.0,106711669.0,-34503471.0,-49275800.0,-171550986.0,-266387977.0,-395487715.0,70061710.0,-182847298.0,1372851484.0,-326708810.0,25956153.0,56526045.0,1351264.0,-687067.0,16149657.0,286603476.0,-4404964136.0,-2422387605.0,246854.0,-52032701.0,,,,,,,,,,159561889.0,-462837425.0,-207255044.0,-448982135.0,,,-33002491.0,,32922944.0,93697212.0,253474114.0,260196468.0,0.0,,,,-27190427.0,-376484100.0
PCILT,11368061950.0,8855795374.0,12814650115.0,13097651272.0,813950112.0,814673253.0,918188753.0,958190577.0,591264640.0,591751548.0,687544143.0,712451587.0,678107197.0,381666174.0,550005260.0,526655862.0,179046700.0,272992176.0,12804507.0,20041187.0,-1121828878.0,-378250745.0,-671533020.0,-1135802619.0,-17147633.0,-24396954.0,,,,,,,,,,1275814092.0,89934360.0,-48786441.0,-44100143.0,-18964108.0,-11863063.0,-18301180.0,-13249480.0,52943379.0,43564057.0,46878626.0,41161041.0,-111824406.0,-155723447.0,-116061225.0,,,
PEKGY,1994811947.0,217940993.0,1681573962.0,748928627.0,-150830942.0,178653196.0,344146559.0,209994529.0,-396257023.0,-110361144.0,44731981.0,20848913.0,2397823179.0,132381289.0,254121080.0,1235473097.0,31554028.0,15263866.0,-2391826.0,4360757.0,5264389196.0,4977341262.0,2348749804.0,3866718570.0,80468436.0,83056820.0,-1464607728.0,-7883978413.0,-1980261.0,-1655406.0,,,-7434543.0,,8306228676.0,-1498755943.0,-172568396.0,-30506861.0,-52387301.0,-929226570.0,-446423605.0,-8084096.0,-14318832.0,21496842.0,29178812.0,13482379.0,1540640.0,,,,,-113697067.0,-45656907.0
PENGD,3170718478.0,3691696184.0,3720181587.0,3370237477.0,269002500.0,33561936.0,167638594.0,117863185.0,80421703.0,-203482457.0,-24251601.0,-30367027.0,-194856792.0,-496134169.0,-289927866.0,-121311755.0,49671062.0,68898670.0,4112232.0,2446959.0,1679429698.0,1336153675.0,1246961800.0,1028952996.0,25670800.0,22101832.0,,,,,,,,,,-371658222.0,935680793.0,-116302743.0,-593287963.0,,,,,74136529.0,86574315.0,134274420.0,157506654.0,,,,,-290963095.0,-204568578.0
PENTA,18198902432.0,23939917137.0,32335973275.0,35606035659.0,1370109552.0,1740833558.0,2232137111.0,2532805048.0,989841722.0,1018547452.0,1183069387.0,1300637152.0,195742392.0,339818960.0,112195260.0,95038173.0,768103874.0,834239096.0,57826919.0,59163570.0,-342044389.0,-528181160.0,-89428317.0,943561458.0,-11635231.0,20267628.0,,,,,,,,,,-215727906.0,811733219.0,-23267689.0,-79047094.0,,,-23430572.0,-43482620.0,30908350.0,70026579.0,144142993.0,108324789.0,,,,,-226567067.0,-791116665.0
PETKM,134508339766.0,119273438486.0,104895290787.0,119162610787.0,-5181448880.0,-1915217667.0,-3622451321.0,1473956679.0,-4720589634.0,-1669830753.0,-4091942402.0,1514977598.0,16445979322.0,-9778013601.0,-12051428639.0,-3272030639.0,2120462399.0,2502891858.0,-83283900.0,35619569.0,58204118293.0,55063775908.0,54790182000.0,49097090000.0,889674793.0,1054601751.0,,,,,,,,,,3645113180.0,4361359402.0,-7020785778.0,-7684669945.0,,,-445505493.0,-259377968.0,9476497063.0,7991672375.0,7038030284.0,7209854284.0,,,,,-7509052424.0,-7380947890.0
PETUN,11014147993.0,12465046469.0,12335825177.0,12667484873.0,1109323443.0,2304948628.0,2356779005.0,2130647074.0,379248419.0,1277621782.0,1440411770.0,1241966673.0,1066813093.0,3587725.0,221228230.0,262770280.0,173504110.0,264984295.0,17549982.0,44395254.0,1069975907.0,2125418095.0,4123266870.0,3805275378.0,16355038.0,81737025.0,,,,,,,,,,403839508.0,940483804.0,-286465960.0,-689748871.0,-103358.0,,-19675043.0,-20374733.0,287038442.0,339448434.0,378021015.0,391066005.0,-348263883.0,-179258317.0,,,-242147174.0,-1174276851.0
PGSUS,70531531601.0,111822522278.0,154127554444.0,170583215444.0,16818398963.0,24935480281.0,26195749122.0,16693833122.0,21625867102.0,31765412399.0,37096012342.0,29486318342.0,20907501797.0,13285437677.0,13750218852.0,-1299453148.0,2976857689.0,4016570551.0,709838269.0,419932055.0,84905254220.0,108950816330.0,161358090000.0,185093585000.0,2888199060.0,3975796100.0,,,,,,,,,,20176667463.0,29039975584.0,265752578.0,2568003128.0,,,-8879652930.0,-12635066627.0,7803177634.0,12022188409.0,19015653952.0,22580152952.0,,,,,-4784207729.0,-13113708889.0
PINSU,2687216872.0,3016348131.0,3163282271.0,3162420530.0,1166729638.0,1473613318.0,1569257710.0,1568196682.0,411538081.0,478127954.0,466443102.0,534259922.0,450720067.0,53062042.0,5051708.0,146487636.0,42384288.0,66050055.0,18426018.0,32745550.0,561264600.0,539833230.0,831387793.0,630368168.0,8579169.0,13540260.0,,,,,,,,,,211962269.0,434196125.0,-46945696.0,-157557503.0,,,-7435783.0,-103699379.0,299529377.0,309615773.0,334589542.0,315005290.0,,,,,-189031304.0,-281946438.0
PKART,2762779665.0,2991277583.0,2691037738.0,2868992931.0,237337911.0,188261730.0,258536137.0,313217315.0,201292859.0,183583974.0,223610571.0,285347083.0,-1817916.0,93731500.0,81118048.0,116307257.0,43407604.0,59667081.0,3762613.0,6509722.0,-541434127.0,-92442814.0,-85916438.0,-127003325.0,-8276052.0,-2728022.0,,,,,,,,,,552501312.0,-180966744.0,-110348009.0,-103112281.0,,,,,29269120.0,48255287.0,43482757.0,48691740.0,,,,,,
PKENT,1011892463.0,1494751471.0,1575613431.0,1575563154.0,349315946.0,323753058.0,164826278.0,99138889.0,322482485.0,301092304.0,137326828.0,67278558.0,495741546.0,249074080.0,210201414.0,182224564.0,15697354.0,32202354.0,5328342.0,1580123.0,-173841238.0,-395137253.0,-471044846.0,-459914780.0,-2657238.0,-9878934.0,,,,,,,,,,303838877.0,352997290.0,-298307915.0,-144072793.0,,,,,,,,,,,,,,
PLTUR,5675369834.0,7247361710.0,9076938537.0,9913938546.0,1148896288.0,1520207684.0,2467543508.0,2157457902.0,1079941869.0,1426505554.0,2758636658.0,2643884685.0,88062210.0,890422756.0,835218654.0,605746640.0,89915867.0,207625149.0,18245181.0,45074168.0,336577483.0,465107768.0,2729573816.0,1799055914.0,5144730.0,38643584.0,,,,,,,,,,945271379.0,237694275.0,-605921334.0,-12257418.0,0.0,-126779066.0,,,25488652.0,18699393.0,457347347.0,683225883.0,,-23997164.0,-240768484.0,,-202009723.0,-878220442.0
PNLSN,5901048251.0,4222105570.0,3423297611.0,3715858571.0,1285452661.0,583624804.0,502695873.0,586563728.0,1143925470.0,510113548.0,446462562.0,524902327.0,517164958.0,98943215.0,303615774.0,305758205.0,93204692.0,77736203.0,20299474.0,12212976.0,-1018931031.0,-780763352.0,-427233339.0,45509661.0,-15574796.0,977544.0,,,,,,,,,,763529726.0,533839564.0,-182888691.0,-459979662.0,,,,,59000995.0,80414702.0,90933029.0,94217283.0,-107056134.0,-100310142.0,-16182227.0,,-24650267.0,-34369632.0
PNSUT,24173412927.0,20806136752.0,18663502803.0,16427718580.0,1189171789.0,1298754882.0,1907209392.0,1728019223.0,-292860918.0,-76337133.0,539684809.0,630226212.0,633687451.0,-2607814127.0,-1109002266.0,-1113892167.0,381762471.0,342451176.0,18763870.0,36248121.0,6089425818.0,7273740465.0,6605596105.0,6713656961.0,93079473.0,144208840.0,,,,,,,,,,170250418.0,1272651969.0,-301478510.0,-771284743.0,,,-34125178.0,-89544022.0,643348429.0,800222234.0,710098491.0,707079160.0,-426788582.0,,,,-1652709405.0,-1630884871.0
POLHO,12470552841.0,8355062517.0,7539323857.0,6972127799.0,2671271261.0,2364759010.0,1619692447.0,1043026700.0,2218456682.0,1855068404.0,1248458910.0,1002509337.0,1664068760.0,-976108130.0,-1699763622.0,-2584464746.0,197003429.0,145259761.0,41820030.0,21371695.0,1278303103.0,1835983960.0,2128778515.0,2044866241.0,19539409.0,43923571.0,,,,,,,,,,2071216123.0,835727969.0,-768505569.0,-1075505269.0,,,-107070119.0,-53565567.0,863313421.0,689118518.0,798424142.0,1110963347.0,-954877545.0,-164773940.0,0.0,,-199691048.0,-405516168.0
POLTK,1052368230.0,938755871.0,1029603839.0,1171215328.0,349500425.0,289959626.0,280489474.0,290904595.0,192244493.0,114329988.0,92829478.0,96557573.0,-62106284.0,-35062166.0,-41505224.0,-60984344.0,16612423.0,24561277.0,5510583.0,6066592.0,-8348859.0,-69131456.0,-36848065.0,-29039236.0,-127616.0,-623761.0,,,,,,,,,,55506013.0,98077255.0,-12405376.0,-9231192.0,,,-31076242.0,,51155006.0,49446339.0,42986314.0,43504617.0,-7689839.0,,,,,-10208373.0
PRDGS,153892164.0,57959410.0,76730870.0,445129638.0,153892164.0,57959410.0,76730870.0,445129638.0,129463687.0,14461356.0,53171510.0,422482481.0,119211376.0,-36129280.0,46197490.0,423757382.0,2326860.0,6156941.0,2326860.0,9522553.0,-81082477.0,28553460.0,-1824848.0,-98122270.0,-1239380.0,-2107659.0,,,,,,,,,,52650203.0,-70368457.0,,,,,,,,,,,,,,,-8064866.0,-1396405.0
PRKAB,27756988564.0,22078227798.0,19039730626.0,20460837823.0,2649690884.0,2588147065.0,1954776904.0,2049495895.0,727551119.0,784682721.0,628011558.0,664077476.0,-193303618.0,-1121177652.0,-315883493.0,-430934228.0,437271568.0,428651421.0,41574984.0,42858629.0,-918664072.0,-396474848.0,-467485573.0,-827377389.0,-14042172.0,-17772003.0,,,,,,,,,,935391698.0,171552166.0,-64947495.0,-58705700.0,,,-47610802.0,-102572100.0,130963998.0,198496689.0,186111722.0,186865826.0,-52433830.0,,,,-403545763.0,-993079323.0
PRKME,884559433.0,984204071.0,732923355.0,548964011.0,336820424.0,374439600.0,220275574.0,46193031.0,601777447.0,691257522.0,486577577.0,299987392.0,752136191.0,112592317.0,-270671665.0,-687146180.0,13885215.0,11369367.0,5246751.0,824968.0,-168804616.0,-132745914.0,-2480069.0,-1696318.0,-2580251.0,-36437.0,,,,,,,,,,7194377.0,460918750.0,-761407779.0,-977915736.0,-4964164.0,,,,385530638.0,430110375.0,371750660.0,357401624.0,-515757388.0,-352416917.0,0.0,,,
PRZMA,155865124.0,77289843.0,130402163.0,189459668.0,11230210.0,11645369.0,11516111.0,16864737.0,8283763.0,4352629.0,3991086.0,10555637.0,100622766.0,-13109488.0,216344.0,-112010798.0,2464854.0,3988478.0,158025.0,345197.0,26581211.0,25732564.0,28363737.0,22788269.0,406305.0,489490.0,,,,,,,,,,18616936.0,10707504.0,-340973.0,-723544.0,,,2992276.0,,9656022.0,8459435.0,8776632.0,9153383.0,,,,,-492744.0,-13463946.0
PSDTC,84187674.0,98051179.0,90695155.0,86333592.0,75506709.0,87054013.0,80928779.0,77479599.0,22061128.0,22798352.0,6734569.0,-14444948.0,38690559.0,41170307.0,64272935.0,31869687.0,1327318.0,1802056.0,1189809.0,1617535.0,-466796690.0,-478243261.0,-410955844.0,-407471948.0,-7135187.0,-8752466.0,,,,,,,,,,63243083.0,418667.0,-261003.0,-1679042.0,,,-668501.0,-1530155.0,1698248.0,1811697.0,2621370.0,2820980.0,-92909116.0,0.0,-19538766.0,,-6285455.0,-57340832.0
PSGYO,4134351139.0,779479366.0,362655388.0,1177918530.0,1519992095.0,304743480.0,188249880.0,176975460.0,1107845814.0,-21060591.0,-219775571.0,-275219857.0,2246350751.0,3648780663.0,3412403777.0,2536130893.0,64768301.0,25588972.0,23507701.0,3816854.0,11343159127.0,16481593464.0,12711610621.0,16755649347.0,173385029.0,359910071.0,-1684592634.0,1580325187.0,-45664191.0,-61819247.0,,,,,42590979567.0,-10117325736.0,-2505536236.0,-95327766.0,-13771714.0,,,,,34336528.0,38148927.0,37472768.0,37664205.0,-111275190.0,,,,-567963306.0,-2450692590.0
QNBFK,,,,,,,,,823628000.0,1877830000.0,3157978000.0,3706260000.0,824382000.0,1205184000.0,1828948000.0,2123955000.0,,,,,-587665000.0,-899282000.0,-4289651000.0,-4453780000.0,-19990441.0,-95666855.0,,,,,,,,,,,,,,,,,,,,,,,,,,,
QNBTR,,,,,,,,,,,,,,,,,,,,,-186097986000.0,-274349617000.0,-302848000000.0,-384212000000.0,-6330444837.0,-8252844479.0,,,,,,,,,,,,,,,,,,,,,,,,,,,
QUAGR,17313741154.0,12540550797.0,12483719264.0,10901671357.0,4593099527.0,2053799233.0,2958023800.0,2128585772.0,3809159271.0,1429633546.0,2317495498.0,1489437121.0,933420912.0,-4615955756.0,-1467191115.0,-1170622609.0,273344839.0,226553468.0,72837236.0,44686919.0,6662171014.0,6023339783.0,5267360832.0,4193732624.0,101834128.0,90081057.0,,,,,,,,,,-5820258537.0,1574840886.0,-618509788.0,-765240385.0,,,-979226136.0,-293677517.0,811407904.0,877093806.0,895426985.0,876364376.0,,,,,-2240772464.0,-497875710.0
QUICK,,,,,,,,,,,,,4442222696.0,5412076389.0,10007096477.0,9430451502.0,,,,,-11765249111.0,-25658870270.0,-45859500201.0,-38099823174.0,-400215296.0,-818381298.0,,,,,,,,,,,,,,,,,,,,,,,,,,,
RALYH,4650709706.0,7210118771.0,7525313316.0,9236054523.0,1521394788.0,1304204185.0,2352442109.0,2198164970.0,1507028517.0,1294418131.0,2114412632.0,1825127598.0,828031865.0,2009544596.0,2729065632.0,2765371338.0,72950012.0,191464826.0,24008912.0,44827848.0,326017801.0,3420346849.0,2801352698.0,3121000640.0,4983321.0,67038856.0,,,,,,,,,,194554104.0,2264315961.0,-380376652.0,-5570588836.0,,-69950325.0,,,56862289.0,70395061.0,112158947.0,169046554.0,,,,,,
RAYSG,,,,,,,,,,,,,901936203.0,2211988094.0,3737213074.0,3511501659.0,,,,,-3844781555.0,-13457161248.0,-23667892789.0,-23111234397.0,-130786894.0,-496427554.0,,,,,,,,,,,,,,,,,,,,,,,,,,,
REEDR,5891196869.0,4068324467.0,2133198604.0,1798434027.0,3567250119.0,2273518874.0,1016396735.0,938673283.0,2487521070.0,945998133.0,41485597.0,400020568.0,1934777884.0,-1510915919.0,-1197694522.0,-182142975.0,92591386.0,37312735.0,55993078.0,19070236.0,209120061.0,-351965243.0,299740235.0,458005927.0,3196489.0,9837932.0,,,,,,,,,,-600301375.0,-1102944280.0,-1899610444.0,-976449834.0,,,-49404443.0,-173119674.0,279787715.0,470754736.0,472537250.0,438400075.0,,,,,-545352617.0,-201886695.0
RGYAS,11151446598.0,12674490412.0,14885223030.0,17299305030.0,7052011192.0,8806167006.0,10410664563.0,12226412563.0,6630226102.0,8247209015.0,9671741174.0,11455270174.0,40691445340.0,7223068779.0,19202356522.0,22214774522.0,176234553.0,362349356.0,111565530.0,256080001.0,39042936755.0,22629185088.0,28950067000.0,22400104000.0,596787954.0,481152527.0,,,,,,,,,,37467997022.0,4023755883.0,-7293842.0,-61438876.0,-512435591.0,-517905710.0,,,26681406.0,29693160.0,34889905.0,43590905.0,,,-639008820.0,,-4670889157.0,-2422028268.0
RNPOL,1515921377.0,1386057634.0,1860345799.0,2249897902.0,260835168.0,380400934.0,334092275.0,314897096.0,179211850.0,333965216.0,276227471.0,263153815.0,-49563642.0,69399396.0,-36536205.0,74874624.0,23980701.0,47126063.0,4129334.0,6617806.0,353855537.0,359832886.0,754205420.0,876626413.0,5408833.0,18829869.0,,,,,,,,,,102727568.0,62575328.0,-153017166.0,,,,,,8906898.0,44005954.0,39316694.0,47207070.0,,,,,,
RODRG,88365330.0,129460684.0,104341618.0,87579646.0,38154743.0,87578305.0,60618243.0,46275937.0,21041581.0,34785707.0,12105247.0,-2968471.0,23967589.0,-8567505.0,4866014.0,18411370.0,1394980.0,1817009.0,599348.0,958208.0,31090828.0,6749894.0,-503475.0,3713320.0,475237.0,79762.0,,,,,,,,,,24807002.0,-14011611.0,-9028892.0,-192987.0,,,,,16496766.0,25300891.0,12162546.0,7230885.0,,,,,-2458537.0,-1476383.0
ROYAL,1324648858.0,922073159.0,1426043.0,,332523864.0,230799518.0,1201031.0,,23840369.0,143961114.0,-3571188.0,,372796847.0,-682288169.0,-129690075.0,,24622115.0,,6180839.0,,1224997739.0,807572929.0,454856302.0,,22050087.0,,,,,,,,,,,-233423851.0,413681641.0,-805929.0,-1124024.0,,,,,24724656.0,156294.0,378464.0,,,,,,,
RTALB,213500097.0,244448415.0,282109459.0,315269467.0,39860746.0,64906789.0,97605698.0,85468791.0,-35299287.0,-363594.0,16788798.0,-1801467.0,-159011832.0,80513938.0,1037675419.0,48744941.0,3369645.0,6614677.0,638462.0,1770798.0,-125400103.0,327965074.0,127970616.0,-59204893.0,-1916794.0,-1271717.0,,,,,,,,,,111615057.0,-130170243.0,-74724970.0,-148669748.0,,,-947435.0,-4923214.0,28019669.0,30591094.0,37329604.0,38444533.0,,,,,-44323565.0,-67101621.0
RUBNS,5106093356.0,2660261229.0,2519503596.0,2692512748.0,1034813499.0,571936220.0,366122246.0,447492526.0,1062757136.0,698944862.0,446242905.0,480409329.0,117426679.0,56893018.0,-179974016.0,9766069.0,80079450.0,55772585.0,16308482.0,9505722.0,316794965.0,456951411.0,721376070.0,303598825.0,4842346.0,6521280.0,,,,,,,,,,1404544993.0,-161239284.0,-1487911018.0,-333779149.0,,-192597653.0,,,63156811.0,165229979.0,144915099.0,96142128.0,,,,,-85954988.0,
RUZYE,544954963.0,240415534.0,327444244.0,287823992.0,148663609.0,-17944592.0,20149379.0,-17699230.0,145651890.0,-26705192.0,38833311.0,919391.0,-81924179.0,22893404.0,-5728133.0,-130424657.0,8593685.0,5949940.0,2333733.0,-410277.0,-788683057.0,-770154622.0,-476897691.0,-476080500.0,-12055357.0,-10226173.0,,,,,,,,,,245550437.0,24761924.0,-77240643.0,-104718532.0,0.0,-85653544.0,-233297.0,-142053.0,69977088.0,73633857.0,101174481.0,103996783.0,,,,,-4631235.0,-7845754.0
RYGYO,3929584900.0,5407063441.0,4316210501.0,4230159225.0,3118641422.0,4963907101.0,3773981395.0,3865461614.0,3023634475.0,4980296923.0,3804239352.0,3795201581.0,19359215651.0,13133830055.0,30962880370.0,20564178927.0,61907764.0,88271111.0,49148952.0,80516793.0,3095651802.0,2618551594.0,4419761530.0,3062929381.0,47318359.0,65791490.0,6257635546.0,1482265439.0,-114713337.0,-101217946.0,-4373853893.0,-5395012225.0,,,103249325136.0,19951757856.0,6907002078.0,-35376054804.0,-406130348.0,,-6371871932.0,,,55220508.0,88528966.0,209861925.0,35279803.0,,,,,,-2073804242.0
RYSAS,14908322327.0,17070434668.0,14704495521.0,14759882916.0,6687954029.0,8274698518.0,5562505760.0,5365509318.0,5901431501.0,8055123774.0,6114520425.0,5845910235.0,1648657270.0,2811808007.0,3398098896.0,3519771567.0,234964265.0,307941748.0,105255572.0,111689841.0,4688173352.0,4852019654.0,5602987630.0,4217316714.0,71660731.0,90587642.0,,,,,,,,,,2985564563.0,4540396832.0,-409825974.0,-2801045304.0,,-2603137164.0,,,72309079.0,831989192.0,1080897924.0,960927998.0,,,,,,-2765578613.0
SAFKR,1630760155.0,2028294576.0,2089647668.0,2801661617.0,528805045.0,566438980.0,702652965.0,704515662.0,307227301.0,339749017.0,459147609.0,439295830.0,175803972.0,93215147.0,191906740.0,173148852.0,25669587.0,59086333.0,8313346.0,14653886.0,-249196759.0,8984888.0,-112662712.0,-177263374.0,-3809079.0,-3807604.0,,,,,,,,,,269871380.0,-172081943.0,-63926202.0,-30784817.0,,,,,10495042.0,17581861.0,10191049.0,13500373.0,,,,,-18116624.0,-2673740.0
SAHOL,304905505715.0,300712849357.0,289966793984.0,281480481984.0,413649854488.0,290272840203.0,300175489711.0,309644099711.0,244697456614.0,100866126192.0,114718634886.0,122896037886.0,34332557268.0,-23852222982.0,4467067759.0,20770415759.0,4808071240.0,5875028256.0,6525783360.0,6473710728.0,46959770770.0,144917997851.0,284683140000.0,293962094000.0,717800141.0,6314283376.0,,,,,,,,,,50316604538.0,180413584314.0,-49395619745.0,-43463605583.0,-488829252.0,0.0,-4720945694.0,-5692264193.0,26931525233.0,30913988952.0,33732767778.0,34585909778.0,-30084049718.0,-21962314274.0,-13493154922.0,-10486773922.0,-6474431970.0,-9506400148.0
SAMAT,451524751.0,9535786.0,50716648.0,44641797.0,3627913.0,-7186627.0,-48131.0,-4601764.0,-2267477.0,-2572107.0,-9839159.0,-14734184.0,9028296.0,41812667.0,21335469.0,150425908.0,7072058.0,919943.0,68780.0,-93288.0,4041214.0,741837.0,-1887123.0,-1672937.0,61772.0,-35935.0,,,,,,,,,,-2678227.0,26973201.0,1241764.0,,,,,,5848413.0,6898873.0,,,,,,,-69458.0,
SANEL,215568746.0,338695063.0,404474282.0,418603862.0,48770486.0,119867650.0,98931471.0,148922593.0,29902407.0,89806672.0,81156159.0,142856354.0,-50677543.0,55523498.0,135591376.0,205912171.0,3387707.0,8760157.0,761150.0,3149246.0,1739196.0,-6817988.0,-10803740.0,-4893818.0,26584.0,-105119.0,,,,,,,,,,10725290.0,25703166.0,-9737979.0,-301761.0,,,-2422937.0,,7266364.0,4537674.0,10396166.0,29236163.0,,,,,-1849982.0,
SANFM,1571752706.0,1332355221.0,1355260533.0,1426017170.0,311148247.0,160615668.0,312740992.0,167083899.0,225403602.0,3296722.0,194100895.0,65206515.0,97720682.0,72760428.0,2121862.0,15890238.0,24750160.0,29814047.0,4902978.0,3525767.0,513021081.0,160191241.0,442983398.0,527993329.0,7841746.0,11341256.0,,,,,,,,,,-257117277.0,-208705909.0,-117905395.0,-22874209.0,,,-46246745.0,-39843721.0,60182511.0,62107775.0,66841553.0,77525865.0,-10982250.0,-4699838.0,-11394666.0,,-96703440.0,-23586519.0
SANKO,14119487711.0,12024608832.0,8037792539.0,5734677176.0,378624063.0,327250981.0,232114887.0,152686800.0,-187805424.0,-16323931.0,-74739996.0,-91833498.0,-140660517.0,-307489249.0,-77786319.0,-203510087.0,223228863.0,119082902.0,6007392.0,3167455.0,-895361588.0,-715476295.0,-183703824.0,-51924066.0,-13685984.0,-1115325.0,,,,,,,,,,268586546.0,-62578150.0,-2686559.0,-3131055.0,,,,,24971447.0,26350751.0,21187632.0,22757848.0,-233670713.0,,,,,
SARAE,13901665654.0,15326594054.0,7539348524.0,10001540502.0,3292300476.0,3681834332.0,2126665118.0,2520192465.0,2586683685.0,3145540589.0,1668401344.0,1774816953.0,2046457464.0,1935442161.0,388577600.0,1094343669.0,,138163018.0,,35398924.0,6412093358.0,5380828575.0,6788326350.0,7615564062.0,98011584.0,163581736.0,,,,,,,,,,1813485361.0,1941680621.0,-172607282.0,-291268665.0,,,,,231244940.0,234708362.0,161804935.0,157680913.0,-937154311.0,,,,-214115195.0,99362201.0
SARKY,100816840203.0,91298520333.0,93165106487.0,105955051204.0,4832826236.0,4846151705.0,3189248346.0,4625300982.0,3895127680.0,3913533965.0,2287458757.0,3552680000.0,3231807702.0,540644772.0,408534801.0,265889372.0,1592424100.0,2223112595.0,76824247.0,97746437.0,10225548944.0,8562497746.0,11180100118.0,8775008951.0,156301880.0,188486524.0,,,,,,,,,,1225703709.0,2292299738.0,-1026845825.0,-563440018.0,,,-7206096.0,-12092427.0,456766202.0,495730185.0,487305271.0,453295898.0,-417586820.0,-606647993.0,-388958344.0,-295479138.0,-1594664009.0,-1366039482.0
SASA,103074805883.0,74884309522.0,62553328288.0,71846664288.0,19373188506.0,13297804192.0,4196993658.0,7525706658.0,17608171116.0,12058335257.0,7696047907.0,13144921907.0,40485482150.0,28175411688.0,-25890170023.0,-13724299023.0,1625815105.0,1507957125.0,304043902.0,161493766.0,133689889566.0,142446667272.0,143268120000.0,136155078000.0,2043507029.0,2924600699.0,,,,,,,,,,12469113456.0,17367219123.0,-61367566588.0,-46338322719.0,,,,,2616336124.0,2773806317.0,7707172686.0,9973590686.0,,,,,-15090608601.0,-16420103688.0
SAYAS,2030975934.0,2585194309.0,2380530076.0,2777193092.0,519995183.0,510265323.0,582120731.0,744405561.0,415408386.0,299683159.0,427911270.0,548213792.0,268260859.0,30124893.0,181200630.0,203883481.0,32038692.0,58396869.0,8174335.0,15678684.0,-334317216.0,-225865723.0,73072404.0,-112654281.0,-5110181.0,-2419805.0,,,,,,,,,,209466302.0,143300069.0,-142604098.0,-298858232.0,,,-5292698.0,,30594933.0,42977600.0,56099068.0,51398097.0,,,,,-47008386.0,-55542632.0
SDTTR,2537770782.0,2826396635.0,2543394581.0,2812411891.0,1059951924.0,661993710.0,640107980.0,720663354.0,792873930.0,382889428.0,314907425.0,427648937.0,717425981.0,15290871.0,35594613.0,141308833.0,39857804.0,58441946.0,16668101.0,15025567.0,-1380490326.0,-476618838.0,166621503.0,691763495.0,-21101384.0,14859027.0,,,,,,,,,,-187347370.0,781538406.0,-58122645.0,-236055306.0,,,,,76048260.0,79743870.0,86586413.0,107546594.0,-214322345.0,-236087936.0,-13285618.0,-10866986.0,-1637159.0,-85749976.0
SEGMN,3211457884.0,2851238474.0,3403519105.0,3530024636.0,1157393522.0,598365971.0,827140718.0,785203854.0,1049512961.0,442272158.0,457667870.0,345443779.0,30004482.0,268537359.0,336343382.0,89032254.0,50770203.0,73672027.0,18274582.0,16426625.0,-9027645.0,-1089848159.0,-277171635.0,-336753360.0,-137991.0,-7233437.0,,,,,,,,,,115750309.0,-141185920.0,-125278492.0,-452541356.0,,,,,43692265.0,56139271.0,83800560.0,101349587.0,-65597035.0,-83939556.0,-127762213.0,,-11035476.0,-19193478.0
SEGYO,316593187.0,735554565.0,502423043.0,493788050.0,297504122.0,110679021.0,-1229776526.0,-1352186881.0,202800257.0,8389030.0,-1349096637.0,-1477329164.0,1299282576.0,-539031095.0,-1500530095.0,-1757994214.0,4984663.0,10191404.0,4683355.0,-27597263.0,669456570.0,355641287.0,235967664.0,280003640.0,10232929.0,6014457.0,-23353791.0,-49222325.0,-666501.0,-666501.0,-88265337.0,-130871665.0,-4818735.0,-3145650.0,7026704745.0,193142545.0,338286134.0,-956623.0,-12048276.0,-19547174.0,0.0,0.0,-1486745.0,7128088.0,11149165.0,10113410.0,9546092.0,,,,,-317225342.0,-40039214.0
SEKFK,,,,,,,,,201016000.0,403828000.0,664379000.0,662732000.0,191429000.0,160907000.0,196848000.0,216740000.0,,,,,-77318000.0,-119086000.0,-185798000.0,-134157000.0,-2630105.0,-2881682.0,,,,,,,,,,,,,,,,,,,,,,,,,,,
SEKUR,657918575.0,1161925531.0,1618362873.0,1955201958.0,91941960.0,148168443.0,240093270.0,318651264.0,71336134.0,110753896.0,174392884.0,238823523.0,-22054261.0,-16600783.0,-13208018.0,22940340.0,27768147.0,45323033.0,3880507.0,7399351.0,266479913.0,435164120.0,644918360.0,702581728.0,9064775.0,15091402.0,,,,,,,,,,81189702.0,-217182462.0,-5917249.0,-28151492.0,,,,,30093369.0,48173503.0,57536637.0,59261709.0,,,,,-54349647.0,
SELEC,217467450187.0,198252602830.0,202560126602.0,211366555099.0,20393743647.0,20060315834.0,16720460829.0,21664944751.0,10958839490.0,8958092106.0,5193601883.0,10370737146.0,496747165.0,3173291355.0,-447254696.0,2156342743.0,3437303291.0,4423464179.0,321699239.0,456120876.0,-7411892642.0,-8734908241.0,-7973029692.0,-7803747569.0,-113293943.0,-167623903.0,,,,,,,,,,3488545084.0,-13525364533.0,-867480083.0,-866749684.0,,,-154394412.0,-144342197.0,929153368.0,961273058.0,1049492991.0,1088033570.0,-494149717.0,-291013100.0,-337753144.0,-280691318.0,-929263758.0,-1105247586.0
SELVA,3071806682.0,2142994765.0,2365739982.0,2332696982.0,416029552.0,337545816.0,407432787.0,369605787.0,141883116.0,61509532.0,117611528.0,110175528.0,386582898.0,50205758.0,-534589934.0,-899726934.0,48496094.0,48761101.0,6526681.0,7708230.0,510649124.0,474978692.0,380387000.0,888263000.0,7805490.0,19079822.0,,,,,,,,,,219510439.0,682774289.0,-369980621.0,-211727600.0,0.0,0.0,0.0,-7404743.0,70569313.0,96313472.0,87573332.0,80188332.0,0.0,0.0,0.0,0.0,1952937.0,-380312597.0
SERNT,4378801714.0,3181787466.0,3368200927.0,3442057771.0,1792413693.0,1649543517.0,1288274837.0,1298766002.0,1146510943.0,1174697137.0,804273792.0,841545527.0,2138523962.0,987120473.0,-1950579391.0,-1732043095.0,19794836.0,71653940.0,10328790.0,27008099.0,6479320977.0,6138978887.0,5758279898.0,5362883301.0,99039187.0,115194325.0,,,,,,,,,,2070652407.0,2911752145.0,-311459560.0,-138605205.0,-8322166.0,-838622.0,,,346296073.0,345133855.0,389848553.0,373918828.0,,,,,-578897857.0,-2020289410.0
SEYKM,436298276.0,353741436.0,285223002.0,300998525.0,130794775.0,69342886.0,86419541.0,91436205.0,32866110.0,-5439125.0,12261742.0,15497438.0,-113725083.0,-135991149.0,-46483557.0,15462560.0,6920220.0,6299567.0,2057231.0,1897739.0,-99174749.0,-285630933.0,-298690302.0,-271562316.0,-1515928.0,-5833138.0,,,,,,,,,,187572022.0,-100028260.0,-70220385.0,-20130562.0,3964068.0,,,,20361489.0,22519726.0,23101336.0,23572463.0,,,,,-4124962.0,
SILVR,4404141436.0,3037375850.0,2152648327.0,1958186862.0,1927501.0,299981587.0,161323182.0,226280615.0,-99387670.0,223943895.0,68301281.0,139439540.0,-56318332.0,71973149.0,-290292850.0,-168651394.0,69638475.0,40926436.0,-69696.0,4690133.0,163156921.0,139143127.0,169905034.0,186104664.0,2493923.0,3997514.0,,,,,,,,,,237221732.0,221173515.0,-159563943.0,-131678651.0,,,7551658.0,17513728.0,219713147.0,172001257.0,267726068.0,229034966.0,,,,,-55784600.0,-86016344.0
SISE,338253406582.0,286064067021.0,264402829498.0,253594666498.0,93054618528.0,64776428051.0,72992204591.0,70184468591.0,45752001710.0,16680203123.0,22175689335.0,19334079335.0,38208698130.0,7741497343.0,11631778261.0,11737818261.0,5346951756.0,5293672513.0,1471071418.0,1462672663.0,89957582426.0,113746895453.0,142220132000.0,143318596000.0,1375040047.0,3078472520.0,,,,,,,,,,84028795227.0,45400906765.0,-46714570037.0,-46394736779.0,,,-1771449598.0,-1785064709.0,22857969712.0,23260780921.0,20479302546.0,20745817546.0,-11509526171.0,-6134056965.0,-3100829108.0,-1858156108.0,-17659878478.0,-20907696672.0
SKBNK,,,,,,,,,,,,,,,,,,,,,-20178690000.0,-29729101000.0,-51010000000.0,-67364000000.0,-686413038.0,-1446973586.0,,,,,,,,,,,,,,,,,,,,,,,,,,,
SKTAS,2973220789.0,2759120891.0,2105730277.0,2107034404.0,853721476.0,494937022.0,375701396.0,498986174.0,537944456.0,158631795.0,11077825.0,135102092.0,-23905643.0,-715757532.0,-282908107.0,-103296526.0,46914587.0,44031100.0,13393627.0,10563182.0,1696589338.0,775437561.0,902294427.0,836995392.0,25933092.0,17978597.0,,,,,,,,,,785392364.0,-154189853.0,-161155888.0,-51320279.0,,,0.0,-56738936.0,260285770.0,270582667.0,170445016.0,189629728.0,,,,,-24114715.0,-50551675.0
SKYLP,233099079.0,256920741.0,264907713.0,280692176.0,150233863.0,175083113.0,181684725.0,201125770.0,-67460115.0,-5450951.0,-1746346.0,9032013.0,84324524.0,-24164392.0,-34925385.0,-40928980.0,3705002.0,5886918.0,2386386.0,4223992.0,-137997371.0,-125860606.0,-43536192.0,-72613203.0,-2109349.0,-1559726.0,,,,,,,,,,76420195.0,101738389.0,-31898327.0,-9073117.0,,,-2300788.0,-2692617.0,7428045.0,12898523.0,14294555.0,16189820.0,,,,,-8061108.0,-36204885.0
SKYMD,88368825828.0,63563425171.0,54826008676.0,62330432549.0,1231458673.0,1273253485.0,1170242828.0,1130629051.0,576181863.0,508722790.0,359126652.0,281474324.0,139071179.0,-82082844.0,-134067910.0,-221350438.0,1392927788.0,1305655224.0,19371116.0,23576446.0,307531936.0,-63422279.0,194208779.0,205938572.0,4700757.0,4423545.0,,,,,,,,,,-227850726.0,464633305.0,-4893721.0,-19498971.0,,,-19591353.0,-31023022.0,13279920.0,20067894.0,21274664.0,18032806.0,-27700261.0,-58022736.0,0.0,,,
SMART,373005754.0,312502090.0,235661538.0,173109393.0,300744635.0,256026225.0,165968908.0,115255262.0,265708299.0,205292768.0,136173941.0,91072612.0,100093724.0,18984255.0,-24018811.0,-44020839.0,5876289.0,3667231.0,4732470.0,2463284.0,58704935.0,94052416.0,103145106.0,120267442.0,897330.0,2583335.0,,,,,,,,,,163591683.0,241996153.0,-162175012.0,-218803639.0,,,-28044639.0,-7752178.0,164167882.0,145401173.0,135907262.0,123160178.0,,,,,-13029613.0,-52562425.0
SMRTG,18011020379.0,17999680619.0,12460177585.0,13688735393.0,4111014168.0,3505714900.0,2987803554.0,3243242894.0,3203992964.0,2594359464.0,2595512639.0,2959163594.0,2276583097.0,679949684.0,-511923905.0,224706859.0,282582538.0,286571734.0,64049918.0,67611883.0,6753509904.0,9089212311.0,10902284599.0,12592350779.0,103230282.0,270482735.0,,,,,,,,,,-3699798135.0,2299860432.0,-3328472522.0,-4170657886.0,,,-232521432.0,-36309705.0,321448116.0,359023387.0,755246291.0,868097417.0,,,,,-669292759.0,-2764646629.0
SMRVA,,,,,,,,,,,,,,,,,,,,,-114527000.0,-474916000.0,-962537000.0,-795386000.0,-3895834.0,-17084831.0,,,,,,,,,,,,,,,,,,,,,,,,,,,
SNGYO,3786179902.0,20463886364.0,6239803777.0,7542103145.0,1933531743.0,6547786107.0,2993142293.0,3812926760.0,684328231.0,5185156969.0,1757716967.0,2424996436.0,2601555913.0,8066270696.0,790997205.0,-85513823.0,59428630.0,158724255.0,29975809.0,80534251.0,7204705819.0,8457428069.0,10061083395.0,9010546875.0,110127004.0,193545860.0,1070295612.0,2354581898.0,-47299139.0,-59544563.0,-2205197264.0,-1999259914.0,,,61213119968.0,7113212849.0,2597390051.0,-4268697.0,-15542203.0,-1864861259.0,-1449160406.0,,,42638385.0,50648724.0,83464534.0,106181653.0,,,,,-3585953447.0,-741842100.0
SNICA,4929594590.0,2960232277.0,3940233163.0,3564444283.0,1655534733.0,695689777.0,515918591.0,682455549.0,1371409099.0,557468230.0,269676493.0,484564724.0,811561988.0,-677724372.0,-1012610701.0,-672622243.0,77414460.0,73888043.0,26059896.0,14300354.0,820485637.0,914343178.0,1178826022.0,1159572497.0,12541473.0,24907529.0,,,,,,,,,,1101784726.0,990411875.0,-821518086.0,-186819860.0,,,,,253072341.0,264566471.0,219428623.0,232060847.0,,,,,-53424435.0,-324800653.0
SNKRN,,,,,,,,,,,,,,,,,,,,,,,,,,,,,,,,,,,,,,,,,,,,,,,,,,,,,
SNPAM,1169352747.0,1211873438.0,1005548474.0,910866395.0,90128823.0,111798811.0,16231236.0,-41891325.0,88924465.0,143470825.0,101523289.0,66097553.0,247977036.0,134470847.0,-398273294.0,-299820115.0,18599107.0,19042474.0,1451959.0,-815523.0,52448561.0,-89553073.0,-62353192.0,-129180563.0,801699.0,-2774789.0,,,,,,,,,,319336294.0,335421691.0,-438360520.0,-84434977.0,,,,,76468068.0,101662394.0,130763908.0,139433025.0,,,,,,
SODSN,463069350.0,355451020.0,318048227.0,314695179.0,144297011.0,72520018.0,10061054.0,1403087.0,120935658.0,44002520.0,-17218726.0,-21081968.0,95542847.0,-305760.0,-44363483.0,-52950694.0,7311091.0,6644812.0,2278484.0,61420.0,-159985149.0,-137299323.0,-105263067.0,-78238506.0,-2445441.0,-1680557.0,,,,,,,,,,41512642.0,-6902506.0,-13541506.0,-7918499.0,,,-892953.0,-1477453.0,16964547.0,14892041.0,14692825.0,13862383.0,-50354042.0,,,,,
SOHOE,2189383793.0,2839424727.0,3221606154.0,3012196757.0,439232397.0,570168883.0,1057986403.0,1189162257.0,306421593.0,449552555.0,811656118.0,903975830.0,72141779.0,90139169.0,52826321.0,34549332.0,,33600622.0,,13144907.0,1405742602.0,1599007080.0,2233407546.0,2065966698.0,21487376.0,44376807.0,,,,,,,,,,-858817878.0,-584499891.0,-27869726.0,-16362582.0,,,,,65749457.0,77054529.0,126900521.0,194735312.0,,,,,-206970485.0,-479311944.0
SOKE,11671443317.0,8423695872.0,8875398241.0,9531996935.0,1642156829.0,947912969.0,670995001.0,826901722.0,1131417823.0,481112162.0,255636675.0,408413636.0,-217604482.0,-388568874.0,-399546299.0,-162245170.0,184527454.0,198325583.0,25900461.0,17322062.0,-951885870.0,-218881101.0,-418611233.0,-651970301.0,-14549982.0,-14004272.0,,,,,,,,,,-343874692.0,-296892594.0,-1051698920.0,-492082033.0,,,-2788366.0,-6704680.0,236884125.0,298245630.0,257945007.0,225575054.0,-318292513.0,,,,-213465508.0,-257498056.0
SOKM,297726913772.0,311627975544.0,328328410352.0,339356780574.0,58567016527.0,56962175310.0,67434695922.0,69569047505.0,7905514339.0,6233808.0,9148758166.0,9633741526.0,9457098515.0,94399688.0,-2270654443.0,-2666925968.0,4694707557.0,7092301287.0,923433762.0,1450488591.0,4653560404.0,5694361831.0,6012932048.0,-397621604.0,71131657.0,-8540882.0,,,,,,,,,,30405168377.0,28290251749.0,-5373056224.0,-8220790149.0,,,-9366331101.0,-7502040130.0,10375012751.0,12056026328.0,13582690985.0,14260510474.0,-950537470.0,-2720115257.0,0.0,,-7065524067.0,-9990926530.0
SONME,70592953.0,71487463.0,71374176.0,66485669.0,70592953.0,71487463.0,71374176.0,66485669.0,48525575.0,56873934.0,56736998.0,52102814.0,268549878.0,319004020.0,-265015136.0,-328240116.0,1117108.0,1384886.0,1117108.0,1384886.0,-1975717.0,-79414417.0,-113940530.0,-171627447.0,-30200.0,-3686544.0,,,,,,,,,,339280505.0,599758793.0,-6374755.0,-2084944.0,,,,,2027070.0,2319357.0,11815808.0,16197452.0,,,-57702354.0,,,
SRVGY,2194002877.0,1967138864.0,4745894140.0,5147615535.0,1544175781.0,1262055940.0,3341513427.0,3469661278.0,1387583355.0,1075333630.0,3128609274.0,3239268675.0,11151339014.0,3061349146.0,3931689831.0,3459390725.0,34472899.0,105419177.0,24191274.0,70956069.0,525767086.0,798555781.0,-183878125.0,299681521.0,8036574.0,6437136.0,2329199822.0,1071205844.0,-686188.0,-4396275.0,,,-3103142.0,-3221665.0,31343222646.0,2664722093.0,-124782560.0,-13636526.0,-414031.0,,,-1418703.0,-2633334.0,5273835.0,9593227.0,8647977.0,8780381.0,,,,,-1803951937.0,-128644007.0
SSAAT,11321678328.0,12351329520.0,13922040144.0,14378856180.0,7062961323.0,7238540949.0,8233382084.0,8536926838.0,3858758030.0,3235316567.0,4013517049.0,4129689691.0,2242964942.0,1318985899.0,1637202185.0,1647004948.0,,158919569.0,,93198299.0,2898361848.0,2065362136.0,2052000456.0,1872096860.0,44302698.0,40212498.0,,,,,,,,,,693142145.0,1302579379.0,-124592511.0,-205264004.0,,,,,537188685.0,601283509.0,745179901.0,807929664.0,-431208160.0,,-1273104464.0,-1629489922.0,,
SUMAS,951850620.0,714464354.0,694022484.0,656463879.0,276495863.0,108713944.0,146661618.0,137946607.0,238432200.0,81267948.0,127528806.0,133670145.0,-170786744.0,21756260.0,17686505.0,-8849680.0,18850404.0,13779647.0,5313242.0,2861773.0,-265334430.0,-174525034.0,-157160976.0,-160400063.0,-4055750.0,-3445381.0,,,,,,,,,,10049619.0,-26709354.0,-54793657.0,-81792020.0,,,,,21209940.0,24388427.0,33944744.0,35030157.0,-32447039.0,0.0,-16513879.0,,,
SUNTK,17208949214.0,18877852859.0,15360153579.0,14044516701.0,3659661031.0,3922757867.0,3238036488.0,2507201126.0,2387798016.0,2573167606.0,2073750316.0,1352715942.0,526477047.0,1377600719.0,816327150.0,636075974.0,270436504.0,292669040.0,57432307.0,51843787.0,-158328528.0,-757494298.0,-300815701.0,14952127.0,-2420119.0,321171.0,,,,,,,,,,1221979520.0,851840549.0,-867295095.0,-1134624652.0,0.0,-82095826.0,-67043392.0,-63420309.0,456928396.0,541163507.0,571074224.0,602810042.0,-288419574.0,-364450407.0,-670861196.0,,-217153780.0,-317249129.0
SURGY,0.0,,,,0.0,0.0,0.0,29389317.0,-196178715.0,-304077103.0,-205350462.0,-217454655.0,2023113451.0,506744170.0,1150102384.0,-796522037.0,0.0,,0.0,647817.0,-2247789655.0,-384056927.0,-46713670.0,-32759308.0,-34358424.0,-703667.0,-828444251.0,-254430984.0,,,,,,,10678744092.0,965109208.0,-555228339.0,,,,,,,1006433.0,2574520.0,2578929.0,2578928.0,,,,,,
SUWEN,5571453309.0,6717520826.0,7011747882.0,6924836513.0,2887726365.0,3578620058.0,3592131920.0,3540565548.0,1215469972.0,1503071756.0,1373305931.0,1296710085.0,426312071.0,358091587.0,130817320.0,-157871074.0,87543605.0,144230656.0,45367742.0,73839786.0,364862121.0,1206266572.0,2052755611.0,2144935506.0,5577073.0,46073051.0,,,,,,,,,,764161741.0,542078033.0,-348289566.0,-243540009.0,,,,-395133691.0,670393841.0,680988660.0,721358688.0,728496390.0,-78293626.0,-95559181.0,-95151139.0,,-191290832.0,-794299603.0
SVGYO,22395639.0,95940937.0,94625643.0,81466174.0,22395639.0,95940937.0,94625643.0,81466174.0,19640266.0,66879271.0,63106787.0,47137043.0,274306276.0,-112577039.0,-152226098.0,-25889926.0,,1693064.0,,1693064.0,-2608475.0,-253343313.0,-49388916.0,-596571222.0,-39872.0,-12814304.0,-143708700.0,-369346112.0,-143538.0,-834952.0,,,,,4508942157.0,2734225.0,220201657.0,,,,,,,5658.0,205536.0,419324.0,459052.0,,,,,,
TABGD,44482062722.0,49338345815.0,56096824681.0,59526589681.0,7554858057.0,8615612637.0,9095813981.0,9304035981.0,9421048271.0,10698652301.0,11449604865.0,12113555865.0,5469649723.0,2946618979.0,3094525421.0,2915215421.0,700167012.0,1245921215.0,118499803.0,194789411.0,-4040026724.0,-3644944641.0,-55031000.0,1821679000.0,-61753533.0,39129526.0,,,,,,,,,,7492528822.0,7708822502.0,-3278998644.0,-4866389244.0,,,-2980246258.0,-2669175464.0,5437428385.0,6098680712.0,6670831345.0,7172303345.0,0.0,-261376354.0,-1251017648.0,-1363216648.0,-630627146.0,-1543236145.0
TARKM,2214780765.0,2166042048.0,2402000140.0,2605658600.0,898205504.0,472140699.0,655899476.0,677741577.0,728306962.0,257084518.0,403768484.0,417462338.0,-385355756.0,156094277.0,-114351885.0,12561265.0,35014044.0,55000374.0,14088923.0,14256705.0,-159176035.0,96315154.0,997426944.0,1198355109.0,-2433074.0,25740576.0,,,,,,,,,,700602315.0,134073702.0,-249964559.0,-445507032.0,,,-3980080.0,,50884902.0,56243452.0,59934226.0,71633443.0,,,,,-5416278.0,-316586932.0
TATEN,1352064479.0,1964164878.0,2668898896.0,2865474609.0,750803846.0,1054004600.0,1057008738.0,1036840316.0,951620917.0,1336421236.0,1510184901.0,1629697162.0,591864456.0,1490823427.0,-80289793.0,-23743642.0,57065308.0,66966832.0,31688468.0,24328469.0,2997118583.0,4712505919.0,6631023627.0,6729281161.0,101952172.0,144544446.0,,,,,,,,,,630326162.0,1929418889.0,-846380713.0,-1624839214.0,,-207772500.0,-2519970.0,-2280977.0,223767434.0,343734915.0,573925752.0,745034261.0,,,,,-165003286.0,-296457989.0
TATGD,12800002005.0,9761207530.0,9644649669.0,9841135455.0,809639222.0,1020900717.0,1544275169.0,1761960989.0,-798898004.0,-196685828.0,791799731.0,1007654751.0,-191931413.0,-624826536.0,155630531.0,618900355.0,202338499.0,205578273.0,12987643.0,36590744.0,6666184551.0,4897156996.0,4133155622.0,2660259855.0,101895476.0,57142179.0,,,,,,,,,,1803572898.0,2269759851.0,-667526643.0,-599075943.0,,,-69512577.0,-108733988.0,431534797.0,418795878.0,359511803.0,367192267.0,,,,,-1544431993.0,-1510001845.0
TAVHL,34433068000.0,59211470000.0,82151164000.0,93337687000.0,13289634000.0,21486351000.0,33126762000.0,35933827000.0,10199651000.0,16790793000.0,25289211000.0,28292270000.0,7530074000.0,6557987000.0,2815880000.0,5273907000.0,1453283956.0,2191340309.0,560903021.0,851047760.0,34765916000.0,49294917000.0,61416584000.0,90371336000.0,1182622758.0,1941169410.0,,,,,,,,,,1635359000.0,11210565000.0,-5514864000.0,-9069716000.0,,,-291535000.0,-791459000.0,3686996000.0,7391487000.0,8959122000.0,10319965000.0,-372730000.0,-522943000.0,-126221000.0,-1065701000.0,-2748083000.0,-6658430000.0
TBORG,38150980900.0,46470501147.0,48177301445.0,49599623445.0,15407284983.0,24230326488.0,26621121067.0,26913871067.0,8548147524.0,13721364198.0,13560942234.0,12967100234.0,2295394725.0,6096190090.0,3975596792.0,3144273792.0,598864018.0,1037027116.0,241465749.0,563341357.0,-5949548139.0,-9016700521.0,-2035744000.0,-1622377000.0,-90941383.0,-34848534.0,,,,,,,,,,7121106940.0,9294049828.0,-6570972109.0,-4880109451.0,,,-161427901.0,-273688152.0,5177217773.0,4945973744.0,5365118931.0,5463011931.0,0.0,-1855316736.0,-3268402632.0,,-384972149.0,-1409288687.0
TCELL,229137014812.0,244855472958.0,269686992027.0,277117081027.0,50513263918.0,63395315146.0,80484636201.0,80137524201.0,104714366717.0,108955048229.0,123491005977.0,124014280977.0,27938106319.0,36258697737.0,20730462051.0,21059553051.0,3611946684.0,5790923355.0,794524630.0,1671062715.0,54719341712.0,16509805717.0,17532238000.0,44494334000.0,836408496.0,955734903.0,,,,,,,,,,105812530843.0,115622985036.0,-65658735100.0,-78502507355.0,,,-9173223040.0,-8822090500.0,74478968226.0,73102066340.0,74600218460.0,77567994460.0,-5530159904.0,-11274659571.0,-10581609553.0,-5746582553.0,-16370607048.0,-15701408382.0
TCKRC,2241631330.0,2544546226.0,3518911351.0,5669247121.0,890047286.0,1055971437.0,1541635404.0,2471627516.0,680642870.0,885205530.0,1439230363.0,2331990655.0,325289277.0,664299438.0,1439164470.0,2017525803.0,35377060.0,119863431.0,13953921.0,52044580.0,345094221.0,-604288639.0,475290797.0,757811759.0,5274912.0,16277739.0,,,,,,,,,,200350659.0,-274500007.0,-206222697.0,-361303452.0,,,,-16193357.0,6746760.0,29602081.0,27886283.0,110450925.0,,,,,,
TDGYO,199514419.0,94235345.0,31547509.0,2966707.0,39297853.0,51444598.0,23105805.0,1916958.0,16256019.0,27599162.0,1354161.0,-22926720.0,-181974549.0,-9831685.0,15438983.0,412828134.0,3062493.0,65394.0,602105.0,40459.0,-97214553.0,-103302667.0,-145155926.0,-728471640.0,-1485966.0,-15647515.0,46965112.0,-15775710.0,-2242872.0,-983382.0,,,-1714683.0,-5089890.0,859002571.0,-238036472.0,135246595.0,-8842925.0,-2720428.0,,,-1262311.0,-356402.0,2746126.0,3525362.0,3011423.0,1843730.0,,,,,-3441753.0,-226206.0
TEHOL,81412132.0,47585552.0,4693192822.0,9179061596.0,29255283.0,11962467.0,335395650.0,923968021.0,-8310873.0,-34783203.0,2009988267.0,2672219227.0,1017869629.0,956847684.0,3283644877.0,3734749706.0,1278856.0,192871980.0,457212.0,19678952.0,354424045.0,498788933.0,-1645653134.0,-4662926013.0,5417523.0,-100159295.0,,,,,,,,,,-95321522.0,168186155.0,-241484787.0,-390696499.0,,,-255816058.0,113036799.0,2117548.0,1729029.0,2388692840.0,2670787548.0,,,,,,
TEKTU,192432034.0,142359578.0,145029892.0,139075776.0,69645455.0,69295772.0,96781895.0,95083832.0,6498834.0,12803260.0,69557519.0,65347037.0,71983990.0,-605338432.0,-796788651.0,-993070596.0,2965888.0,2812638.0,1051807.0,1914898.0,674615821.0,570008886.0,-21097635.0,-8611144.0,10311791.0,-184967.0,,,,,,,,,,306320983.0,-7969417.0,-161306157.0,-12511706.0,,,,,63841459.0,62901110.0,54292534.0,53851674.0,,,,,-1642792.0,
TERA,9776367253.0,9620682770.0,487562306791.0,540653156599.0,1538152539.0,1037457785.0,48265135204.0,68161376498.0,850999521.0,157351858.0,45121565353.0,62643691587.0,577451115.0,626173156.0,43965457269.0,65693949722.0,152569041.0,11032088178.0,24017314.0,1410040216.0,-866213405.0,1543035451.0,-63044157978.0,-146367542474.0,-13240442.0,-3143963658.0,,,,,,,,,,1687743904.0,-5328408914.0,-46235841.0,-116645089.0,,,0.0,-6306715.0,43563925.0,54126352.0,79815915.0,135005763.0,,,,,,
TEZOL,8117791977.0,7764691334.0,6579799406.0,6114403406.0,1664184927.0,1147319453.0,840125075.0,586109075.0,1180497468.0,797314639.0,598567713.0,335066713.0,58342336.0,224591692.0,215681978.0,-41864022.0,128608361.0,127755551.0,26130662.0,12191995.0,-234794587.0,-134853934.0,-1338460000.0,-1049317000.0,-3588935.0,-22539249.0,,,,,,,,,,984338372.0,472453919.0,-594493904.0,-498868644.0,,,-8015216.0,-18823921.0,182678161.0,262049941.0,281755883.0,274082883.0,,-62444545.0,-66962993.0,-227220993.0,-67634970.0,-17491585.0
TGSAS,272337866.0,244560064.0,278314445.0,310634392.0,240702036.0,244560064.0,278314445.0,310634392.0,105762041.0,130427147.0,132863314.0,172278671.0,52542535.0,137663504.0,106450317.0,148255870.0,4301380.0,6520621.0,3800962.0,6520621.0,-42641079.0,-153233923.0,-71633645.0,-25966396.0,-651787.0,-557756.0,,,,,,,,,,40646784.0,185203100.0,-2444462.0,-9108577.0,,,,,612473.0,2673862.0,3462116.0,2610213.0,,,,,,
THYAO,504398000000.0,745430000000.0,955472000000.0,1132505000000.0,119446000000.0,142908000000.0,155560000000.0,142001000000.0,115397000000.0,136256000000.0,158217000000.0,145910000000.0,163003000000.0,113378000000.0,118208000000.0,112059000000.0,21288649641.0,26486337970.0,5041344424.0,3402941828.0,242746000000.0,275917000000.0,495486000000.0,620378000000.0,8257425002.0,13325672161.0,,,,,,,,,,145032000000.0,156474000000.0,-25590000000.0,-43963000000.0,,,-39882000000.0,-61522000000.0,48474000000.0,72306000000.0,94682000000.0,110394000000.0,,0.0,-8951000000.0,-4490000000.0,-9374000000.0,-14681000000.0
TKFEN,95996543332.0,89692892050.0,63483653917.0,57469660917.0,2735015202.0,9214135601.0,2257484478.0,4898960478.0,-1798949480.0,4487853560.0,-16830246.0,3014120754.0,-2479488719.0,622859226.0,-6737590614.0,-3187516614.0,1521275986.0,1199951159.0,42505494.0,103988688.0,3311017586.0,5719883601.0,7089727000.0,8081594000.0,50610317.0,173592023.0,,,,,,,,,,5520601765.0,8028123776.0,-3223465273.0,-3594416221.0,-15421575.0,-66931198.0,-430265801.0,-501527663.0,3334150720.0,3420634395.0,3276986151.0,3257282151.0,-3550578385.0,0.0,-167480493.0,,-2306199846.0,-1516413553.0
TKNKA,7319145477.0,7406225955.0,6169598920.0,5389217956.0,1031020192.0,1295196912.0,1081475650.0,1047125302.0,1050307540.0,1286771816.0,1171659402.0,1218219631.0,997989074.0,176474546.0,141937713.0,102375541.0,,49851220.0,,8222822.0,1005639500.0,2140674189.0,2891846168.0,3101026865.0,15371629.0,66609821.0,,,,,,,,,,631528753.0,135962450.0,-153079398.0,-370622000.0,,,,,311914902.0,314142909.0,427669672.0,434076296.0,,,,,-448409298.0,-860451867.0
TKNSA,105311308841.0,107027385695.0,98352193612.0,98299857612.0,11226267056.0,13738461759.0,13237945654.0,12391160654.0,2306477296.0,4394528835.0,4779010216.0,4401194216.0,1663520151.0,-2188565493.0,-2650757814.0,-2851442814.0,1659362893.0,2050232061.0,177457939.0,257784637.0,-3268541589.0,-2058838826.0,4314659000.0,8129527000.0,-49961053.0,174621620.0,,,,,,,,,,6787615569.0,6498986670.0,-1294769557.0,-1329451634.0,,,,,1772577893.0,2138325584.0,2489048734.0,2600390734.0,,,,,,
TLMAN,983174947.0,911825215.0,951911935.0,871907547.0,415863916.0,213449706.0,185585233.0,102424128.0,505275034.0,349821183.0,343194822.0,256697008.0,354601855.0,162639491.0,68951328.0,-82068475.0,15729450.0,18117840.0,6675864.0,2057182.0,-17347715.0,-335489853.0,-458518192.0,-424191474.0,-265167.0,-9111601.0,,,,,,,,,,-394928838.0,785956781.0,-127307996.0,-721542028.0,,,,,110110534.0,158858151.0,190084964.0,187682729.0,,,,,,-5547686.0
TMPOL,1688084928.0,1277436380.0,1484378165.0,1662811073.0,344237906.0,253162684.0,230801925.0,188481707.0,168515720.0,195367755.0,212068400.0,215224433.0,42334332.0,54898189.0,-63684318.0,-120401058.0,26550345.0,34779621.0,5447112.0,4002456.0,729673003.0,862706339.0,778015978.0,528337144.0,11153363.0,11348642.0,,,,,,,,,,-662944949.0,550203906.0,-33137892.0,,,,,,38990611.0,97937156.0,106346761.0,126430358.0,,,,,-4937694.0,-331667232.0
TMSN,17769452771.0,10761190184.0,4067710298.0,3576132260.0,4509408348.0,2190850609.0,422155182.0,102530938.0,3164539234.0,618454716.0,-1139148417.0,-706280176.0,1496721040.0,-702926696.0,5328806342.0,-5721007616.0,279529759.0,75111592.0,70737541.0,1352347.0,1386090581.0,4016587759.0,5657152666.0,7610630333.0,21186986.0,163475760.0,,,,,,,,,,-93057621.0,-425003480.0,-793784760.0,-603166567.0,,,,,583937647.0,590757931.0,676079321.0,672449995.0,,,,,-352745584.0,-3546584715.0
TNZTP,2922333218.0,3372733598.0,4038959946.0,4083196256.0,806650388.0,1221565256.0,1655140459.0,1508067807.0,733613148.0,1127212336.0,1600162311.0,1530018233.0,1830905885.0,1941875799.0,819229407.0,498097883.0,46020422.0,85287245.0,12716494.0,31352898.0,622574257.0,274436291.0,-392648155.0,-787409784.0,9516313.0,-16913502.0,,,,,,,,,,805364363.0,-1128332366.0,-280438048.0,-105941593.0,0.0,-5720577.0,-5459278.0,-13741832.0,308205638.0,300276328.0,233263977.0,248678693.0,-96583975.0,,,,-134454627.0,-471787723.0
TOASO,283967777212.0,185377308008.0,376141045957.0,452304801957.0,51539539304.0,20611228968.0,24290701991.0,29764637991.0,43749589169.0,14304180346.0,11773171402.0,12430738402.0,33567218633.0,8048257187.0,9837583627.0,14011500627.0,4477573846.0,9416807311.0,811790958.0,621288850.0,-28987348369.0,12491310168.0,39484714000.0,59134215000.0,-443083993.0,1270198432.0,,,,,,,,,,20147986632.0,-11340244773.0,-5028974896.0,-10567008502.0,,,-31902083.0,-30785972.0,8746368328.0,9555973766.0,8809559669.0,7119162669.0,-10000388242.0,-19340911649.0,-8402774561.0,-10701065561.0,-226096785.0,4940861871.0
TRALT,18042020641.0,13465431885.0,19942836697.0,24478926697.0,7640649865.0,4602762498.0,8732226739.0,13507858739.0,5601245582.0,2894424256.0,5893066029.0,10075690029.0,903727426.0,930982730.0,4833248074.0,5453896074.0,284770989.0,513087810.0,119508151.0,284165103.0,-20574274113.0,-17572381609.0,-21887723000.0,-21481959000.0,-314486562.0,-461430842.0,,,,,,,,,,-2513829276.0,4811371816.0,-2797903785.0,-6758212728.0,0.0,-2176495103.0,-69838696.0,-21024854.0,1631618068.0,1932676751.0,1197136603.0,1292292603.0,-3526008679.0,,,,,
TRCAS,,,,,0.0,0.0,0.0,0.0,-238897899.0,-287121500.0,-339116046.0,-355043267.0,1839045207.0,1384222933.0,725149491.0,1164621865.0,,,0.0,0.0,490562202.0,-416560072.0,-995048895.0,-861340778.0,7498453.0,-18501534.0,,,,,,,,,,-580742454.0,-31181651.0,-103203530.0,-40514445.0,,,,,33248881.0,45091681.0,45796580.0,42101110.0,0.0,-212130328.0,-565607991.0,-1137473613.0,-92004146.0,
TRENJ,19152389468.0,14261605430.0,20875942638.0,25111810638.0,7393428374.0,4484114683.0,8589081330.0,13250640330.0,5509613218.0,3004470888.0,5846739282.0,9922681282.0,399214563.0,-1524426709.0,831032832.0,2361949832.0,302256733.0,526580452.0,115467426.0,279101100.0,-21270463052.0,-16511165844.0,-20720983000.0,-20984181000.0,-325128107.0,-450738609.0,,,,,,,,,,-2376746038.0,1571682582.0,-2850634628.0,-6783812554.0,0.0,-2176495103.0,-43558050.0,-15552551.0,1906151392.0,2109017499.0,1372444597.0,1476905597.0,-1865275355.0,,,,,-16239091.0
TRGYO,11062033831.0,19283632053.0,17494623565.0,20904325565.0,8210750279.0,11527127388.0,12480813050.0,15126992050.0,7501843358.0,11010234413.0,11889303866.0,14339232866.0,28127228317.0,13273506790.0,9102759460.0,9443112460.0,174721349.0,435071494.0,129667606.0,315231452.0,639114467.0,-20153453821.0,-22176558000.0,-3760467000.0,9769137.0,-80774545.0,5933688486.0,10923476486.0,-10451192.0,-10966192.0,-477492866.0,-1434035866.0,,,154575736000.0,6857159860.0,-8612698079.0,-4867700.0,-26730321.0,,-516549116.0,,,165825477.0,150650247.0,147572003.0,137335003.0,-666696043.0,-4895247487.0,-5205180960.0,-5098782960.0,-1767576093.0,-838819174.0
TRHOL,1108588886.0,735140385.0,53936.0,-556155981.0,30490871.0,31551068.0,53936.0,-30414680.0,9786354.0,-9935668.0,-16550979.0,-56759177.0,-100015007.0,838357.0,77662734.0,4662470799.0,17545090.0,-11123862.0,478246.0,-608335.0,5928864.0,-2152764.0,-477476.0,-9806156347.0,90625.0,-210635491.0,,,,,,,,,,-22357574.0,47475881.0,-12905101.0,-4944229.0,,,-509391.0,-2697384.0,16493249.0,16059988.0,23765.0,-1677216.0,,,,,-46980026.0,
TRILC,3995943330.0,3691961439.0,4994836943.0,,909579066.0,1154499358.0,1759548771.0,,631076459.0,845496269.0,1334725089.0,,219845746.0,104223334.0,-685177456.0,,67477449.0,,15362573.0,,851437163.0,2352431531.0,2793078097.0,,13927345.0,,,,,,,,,,,587938934.0,-539336179.0,-166087896.0,-218444929.0,,,,,57364423.0,75932424.0,66960115.0,,,,,,-356820821.0,
TRMET,19131528339.0,14238108796.0,20849931830.0,25104148830.0,7413766973.0,4490129859.0,8591172746.0,13273913746.0,5523756983.0,2976593586.0,5816631607.0,9903633607.0,808560662.0,-2932728021.0,2298236471.0,2252339471.0,301919934.0,526434029.0,115979670.0,279586212.0,-21636160159.0,-17327572896.0,-21801160000.0,-21744860000.0,-330717944.0,-467077936.0,,,,,,,,,,-2751498793.0,1137560689.0,-2851067758.0,-6754987285.0,,-2176495103.0,-69840237.0,-21023676.0,1907897784.0,2110974669.0,1381593365.0,1487688365.0,-1937601849.0,,,,,-16239091.0
TSGYO,234371538.0,248844822.0,257612884.0,262419536.0,108115226.0,108627192.0,112586711.0,113783857.0,48742460.0,50044278.0,50630954.0,42358697.0,797466614.0,-34577356.0,18391973.0,91134121.0,3703482.0,5494030.0,1710447.0,2379665.0,-148634127.0,113340097.0,146143353.0,137988632.0,-2271936.0,2963985.0,66475030.0,170901738.0,-1321774.0,-871927.0,-35469339.0,-166195914.0,,,7367275319.0,72011843.0,-940548.0,-2359476.0,-4982558.0,0.0,-123745699.0,,,1669461.0,2375164.0,3336278.0,3853640.0,,,,,,
TSKB,,,,,,,,,,,,,,,,,,,,,-15622800000.0,-12730999000.0,-24590000000.0,-28072000000.0,-531436561.0,-602984421.0,,,,,,,,,,,,,,,,,,,,,,,,,,,
TSPOR,3177793479.0,3146062712.0,3957251802.0,,-1900256257.0,-2607308377.0,-2796552088.0,,-3073475863.0,-3368140869.0,-1797369231.0,,-1335977093.0,-2050354368.0,-1983231658.0,,51803545.0,,-30262202.0,,1774820907.0,87825301.0,165340915.0,,30648023.0,,,,,,,,,,,198464141.0,9247411515.0,-682988546.0,-17347782944.0,,,-211320676.0,37795890.0,-754816594.0,-11247615.0,1602858867.0,,,,,,,
TTKOM,222954479890.0,249166608938.0,285248198132.0,296986263132.0,48667411578.0,91630819715.0,119177261615.0,122603626615.0,72650962063.0,90997237271.0,116702491270.0,121607495270.0,36545102451.0,13034190399.0,27061852823.0,30585702823.0,3515289878.0,6199676324.0,766843578.0,2556531892.0,98943226397.0,80855602278.0,68333588000.0,119413427000.0,1512389450.0,2564991311.0,,,,,,,,,,64924287399.0,83874159606.0,-57202107419.0,-62083155377.0,,,-5143979308.0,-7025000150.0,78951923277.0,55520929283.0,55584878799.0,61208306799.0,,,,,-10691897530.0,-8493503490.0
TTRAK,130042012246.0,103225844152.0,63398742076.0,52760940270.0,34696595120.0,19913019258.0,8716947310.0,5761653969.0,29359817740.0,15133435242.0,5835848650.0,3418880263.0,20789491749.0,8848364647.0,535577508.0,-911659915.0,2052311501.0,1099212122.0,546252892.0,118861823.0,-14584001804.0,4883426359.0,10296690229.0,8965040226.0,-222922693.0,192568381.0,,,,,,,,,,21999214860.0,7328040576.0,-3863268469.0,-5900316729.0,,,-304097670.0,-80953502.0,2625452972.0,2861424974.0,3385537511.0,3639979079.0,-7000130230.0,-16483272255.0,-6792180128.0,,-1893489509.0,-6036322407.0
TUCLK,3183149809.0,2488050007.0,2336425702.0,2004565019.0,418218320.0,377414348.0,810340354.0,857510697.0,349456225.0,320131994.0,699908134.0,825122796.0,689495690.0,269514321.0,-149564947.0,-272465146.0,50223161.0,41670156.0,6597028.0,17411813.0,2444595331.0,2432999988.0,3146481764.0,2669344606.0,37366683.0,57337319.0,,,,,,,,,,607316121.0,562835345.0,-964086300.0,-143507650.0,,,,,162406967.0,163415878.0,137472232.0,169260942.0,,,,,-173361566.0,-302699258.0
TUKAS,14462557213.0,10538606643.0,10239313399.0,10656992014.0,4293996475.0,2283015664.0,2561959176.0,2117041154.0,3895366330.0,2472472204.0,2820489000.0,2903652223.0,2583321639.0,1204149170.0,603273340.0,-147080385.0,227456960.0,223007077.0,67503609.0,44068209.0,1736785206.0,4051999220.0,6930655658.0,5806632192.0,26547503.0,124726017.0,,,,,,,,,,3652581142.0,-77014932.0,-3101860001.0,-2893826155.0,,,,,467745735.0,597320446.0,698753783.0,1273846709.0,,,,,-734437098.0,-1095000234.0
TUPRS,1527827233922.0,1249114535159.0,977826597213.0,1176495209213.0,244202722309.0,104860751807.0,95659054007.0,137796744007.0,214176338955.0,78154352549.0,73096735349.0,112337660349.0,119233085355.0,28230670524.0,34766472474.0,72741919474.0,24022620586.0,24750603938.0,3832799743.0,2917262421.0,-139529344151.0,-84076004795.0,-67107647000.0,-130717903000.0,-2132765585.0,-2807810594.0,,,,,,,,,,189777247537.0,54366165049.0,-27581688361.0,-21288031652.0,,,-172282347.0,-171821123.0,13494023173.0,14822108431.0,17223401306.0,17541379306.0,-76215795193.0,-75163261542.0,-41033300200.0,-41716022200.0,-10713000657.0,-12820458052.0
TUREX,7376584099.0,8186202318.0,9331132423.0,9392124423.0,1618614929.0,1284099939.0,2056766251.0,2369552251.0,1631695137.0,1607071789.0,2485645473.0,2516554473.0,1039740941.0,334243828.0,717088348.0,616537348.0,116187204.0,195818251.0,25453445.0,49168162.0,514514922.0,599684077.0,-41724000.0,-454052000.0,7864580.0,-9753002.0,,,,,,,,,,1181235627.0,1083888080.0,-1531213672.0,-1539885052.0,,,-5527413.0,20179337.0,408916052.0,790534023.0,954465233.0,789867233.0,,,,,-143057653.0,-189203249.0
TURGG,,,,,0.0,0.0,0.0,0.0,-23878340.0,-22404612.0,-25747286.0,-31337005.0,338683905.0,95326847.0,211394444.0,286522781.0,,,0.0,0.0,-20557253.0,-4091573.0,-28372538.0,-10142126.0,-314226.0,-217852.0,,,,,,,,,,-61455860.0,-18825433.0,-621093.0,-372064.0,,,,-296459.0,654445.0,989057.0,481281.0,594309.0,,,,,-171766.0,-736738.0
TURSG,,,,,,,,,,,,,6186049487.0,12780600278.0,19527051640.0,23630243812.0,,,,,-13130108686.0,-23994295569.0,24328514.0,2885219129.0,-446643355.0,61974287.0,,,,,,,,,,,,,,,,,,,,,,,,,,,
UCAYM,4822437397.0,4560477775.0,3315394953.0,3553529503.0,1269879981.0,1209066346.0,769546644.0,986661310.0,751857936.0,721629623.0,509678263.0,708536454.0,108376641.0,156348572.0,112472515.0,139751165.0,76119117.0,74308086.0,20044250.0,20540886.0,100166164.0,-241786874.0,-189751030.0,-486778518.0,1531083.0,-10455965.0,,,,,,,,,,312098512.0,433411405.0,-187381976.0,-241512977.0,,-9954472.0,,-72732473.0,144214092.0,134855645.0,117079232.0,104975767.0,,,,,-22948494.0,-34369926.0
UFUK,0.0,,,,0.0,,0.0,0.0,-34253583.0,-89681226.0,-13320375.0,-18980265.0,-929396678.0,-370997159.0,600141257.0,50734103.0,-3506.0,,-1893.0,0.0,-589423.0,-107985936.0,-103165701.0,-92647988.0,-9010.0,-1990072.0,,,,,,,,,,-707286774.0,-45786926.0,-94049.0,-140081.0,-20497305.0,,,,229791.0,192151.0,27492.0,31430.0,,,,,,
ULAS,0.0,77178479.0,0.0,3740336.0,0.0,764140.0,0.0,3740336.0,-22995378.0,-13248576.0,-12990132.0,-10664472.0,48410974.0,18036324.0,25832158.0,3484685.0,,81055.0,,81055.0,-51247960.0,-5133.0,-184036367.0,-207374385.0,-783347.0,-4454386.0,,,,,,,,,,36728945.0,-64478871.0,0.0,-15568007.0,,,,,407422.0,362724.0,789213.0,2761329.0,,,,,-3259777.0,
ULKER,124259721966.0,129627407542.0,131778752662.0,126834585662.0,35999887727.0,38636956774.0,38090050332.0,33909075332.0,23590923809.0,24039399997.0,21686707813.0,17841761813.0,7519475282.0,11407060566.0,5740233690.0,4490930690.0,1963022678.0,2648527820.0,568800799.0,707391171.0,42064710021.0,33441588747.0,40062247000.0,42101574000.0,642977048.0,904338601.0,,,,,,,,,,16359273231.0,8921630594.0,-2674162792.0,-3947220188.0,,,,,2635156457.0,2806289210.0,2887587116.0,3281049116.0,-444666978.0,-562252913.0,-4516269025.0,-2406744025.0,-8168829182.0,-5519612613.0
ULUFA,,,,,,,,,1066028000.0,2142627000.0,2769364000.0,3211088000.0,503196000.0,898564000.0,748480000.0,742069000.0,,,,,-45915000.0,-124046000.0,-220481000.0,-528299000.0,-1561878.0,-11347822.0,,,,,,,,,,,,,,,,,,,,,,,,,,,
ULUSE,9630961017.0,7635296592.0,8536894802.0,11903022543.0,1446797863.0,8859489.0,940784213.0,1387276084.0,154700583.0,-899091153.0,-70166418.0,349180684.0,-1014539926.0,-1114517426.0,-283821127.0,797579599.0,152086366.0,250122182.0,23277116.0,29242486.0,1694473321.0,1746949731.0,1640320206.0,1510582252.0,25900748.0,32447192.0,,,,,,,,,,-116751577.0,-385518690.0,-156492041.0,-70067484.0,,,-18856349.0,-5675103.0,251070393.0,230751294.0,220177758.0,243153473.0,,,,,-43552057.0,-213329107.0
ULUUN,88262293545.0,75408486034.0,78826077472.0,87394433517.0,5125003253.0,3324060475.0,3540671917.0,2288817123.0,2949604557.0,1828009343.0,2439446687.0,1308677031.0,-1444690479.0,-248287355.0,-154193006.0,481975954.0,1389739144.0,1827039852.0,80629027.0,47518712.0,3923057071.0,-1925061916.0,-4010322386.0,-5281160234.0,59965602.0,-113438919.0,,,,,,,,,,-1698981888.0,5472803860.0,-2798508061.0,-1840781450.0,,,-13411268.0,-28460784.0,766188510.0,1012477054.0,915388231.0,886758374.0,-729253784.0,,,,-2915505164.0,-1227397605.0
UMPAS,0.0,,,,0.0,,,,-38496571.0,,,,-1015001.0,,,,0.0,,0.0,,84862421.0,,,,2886742.0,,,,,,,,,,,2213582.0,,,,,,,,-1065411.0,,,,,,,,,
A1CAP,42848901504.0,64006171919.0,38936747099.0,38843785353.0,4090283574.0,6076113828.0,11694430900.0,8012110462.0,2930706403.0,4854818257.0,10248903671.0,6451968959.0,-277448173.0,570137768.0,4503664960.0,1700773770.0,678128118.0,802267513.0,64139267.0,162559827.0,-1652154593.0,-2011840707.0,-7763214593.0,-13810009810.0,-25253888.0,-296637958.0,,,,,,,,,,464050896.0,1433103754.0,-62076401.0,-172544355.0,,,,,33066336.0,49056751.0,74903646.0,77573574.0,,,,,-822735240.0,-1902973347.0
A1YEN,261478496.0,387564395.0,477299838.0,476151822.0,59170558.0,166206005.0,189836322.0,176478819.0,115364085.0,257549010.0,292260985.0,288288546.0,4633837.0,236608526.0,76665486.0,114629656.0,11035976.0,11272172.0,2497356.0,4256618.0,583937319.0,490940896.0,344491325.0,263825052.0,19863638.0,5666942.0,,,,,,,,,,-217087165.0,-23982191.0,-520334994.0,-10762856.0,,,,,70366959.0,109689945.0,122956778.0,137295265.0,,,,,-625635.0,-29908246.0
AAGYO,7181354.0,808382819.0,1532960726.0,1234321811.0,7181354.0,521759269.0,978762150.0,982876873.0,3487394.0,369189156.0,827688827.0,825767098.0,-29252947.0,548171756.0,147931436.0,-42325411.0,,12436176.0,,11627682.0,1238480965.0,855046196.0,352840489.0,-2205663273.0,18930710.0,-47377479.0,86656809.0,591978010.0,,,,,,,16591167397.0,568879.0,497831583.0,,-571026.0,,,,,141403.0,2040846.0,2535425.0,3537157.0,,,,,-280959.0,-13764477.0
ACSEL,993943781.0,1048094126.0,807568939.0,908850623.0,102287561.0,69019628.0,39537731.0,105116466.0,47463128.0,32993118.0,28155037.0,103645906.0,79638126.0,-55728405.0,-79103576.0,-6296067.0,15692802.0,18953276.0,1593243.0,2201342.0,201518108.0,363548559.0,198088434.0,136516636.0,3080290.0,2932367.0,,,,,,,,,,356186265.0,-73262096.0,-398400112.0,-22519014.0,,,,,10603687.0,30164599.0,45139344.0,45877830.0,-4047309.0,-3430246.0,0.0,,-58752430.0,-15476891.0
ADEL,5033397134.0,4180198741.0,2472502290.0,3067915290.0,2349956735.0,2139302992.0,980683298.0,1112221298.0,1045363920.0,801049983.0,-30591668.0,192208332.0,970215147.0,28738127.0,-591585728.0,-426343728.0,78709742.0,64658589.0,36719340.0,23454772.0,417267286.0,536846214.0,1517494000.0,2618048000.0,6378109.0,56235472.0,,,,,,,,,,549926743.0,539341546.0,-86020175.0,-101319445.0,,,-95848057.0,-93320015.0,242749928.0,255480116.0,199572423.0,178155423.0,-44066708.0,-245709576.0,-184364908.0,-184364908.0,-493860339.0,-868017525.0
ADESE,747438509.0,805773333.0,1494050542.0,1930870542.0,378331855.0,366307496.0,627193968.0,573502968.0,269941533.0,264658323.0,358118472.0,321844472.0,2789353712.0,897781502.0,185190405.0,87112405.0,11760440.0,40357320.0,5966687.0,11813550.0,-5216053.0,204495964.0,63755000.0,116344000.0,-79730.0,2499060.0,,,,,,,,,,-1089424463.0,-173917250.0,-224584685.0,-242209752.0,0.0,-216028192.0,0.0,-19571696.0,39219046.0,65257829.0,68235977.0,102033977.0,0.0,0.0,0.0,0.0,-39730787.0,-94048203.0
ADGYO,1091322500.0,893726332.0,950674812.0,902637660.0,761449108.0,601606349.0,583858952.0,617143130.0,700078860.0,544536450.0,493861991.0,485634880.0,852883809.0,1847000896.0,-714139058.0,-1151557124.0,17191729.0,18865790.0,11965831.0,12937655.0,-4243418072.0,-1163769763.0,-537273045.0,-390495491.0,-64862457.0,-8387813.0,1546428023.0,1420092474.0,-73687161.0,-221093140.0,-6404700.0,-28355320.0,,,16917916892.0,-333338309.0,2403641993.0,-48236953.0,-239429.0,,-2968730771.0,,,2439539.0,3747165.0,4859426.0,7318540.0,,,,,-952722.0,-38901554.0
AEFES,355796955055.0,356605863437.0,287154151627.0,294275771627.0,131301284097.0,140278024400.0,108251905010.0,114417312010.0,60188074269.0,58867283084.0,46568325479.0,51911948479.0,49246601550.0,20218462000.0,10547585183.0,10036441183.0,5604896161.0,6168071667.0,2065590863.0,2396325882.0,38768246209.0,37337674051.0,65219112000.0,65655268000.0,592589192.0,1410270153.0,,,,,,,,,,53037983091.0,49961355774.0,-23592198536.0,-29240915092.0,,,-1084872747.0,-1237856801.0,16849665449.0,17655508326.0,15489261868.0,16056709868.0,-4994649752.0,-4627440264.0,-3138806678.0,-3155854678.0,-14689078875.0,-21465956771.0
AFYON,5792373906.0,4994421995.0,4554941262.0,4894832448.0,1391055472.0,1267369948.0,873202285.0,982654930.0,1696629451.0,1591177760.0,1216230544.0,1309527887.0,2208685529.0,661431496.0,283781363.0,80411939.0,91292721.0,102145661.0,21867926.0,20239444.0,-606600048.0,-1815159041.0,-1248031315.0,-601494259.0,-9272141.0,-12920051.0,,,,,,,,,,757898949.0,1823242197.0,-470262294.0,-472010278.0,,,,-30030228.0,496541521.0,526798234.0,523679542.0,543636603.0,,,,,-43344379.0,-8630801.0
AGESA,,,,,,,,,,,,,1390038546.0,2871345742.0,5555079234.0,6947347549.0,,,,,-2134660003.0,-5722696358.0,-8894358602.0,-14661273837.0,-72614152.0,-314923045.0,,,,,,,,,,,,,,,,,,,,,,,,,,,
AGHOL,835580371938.0,860856138567.0,832800995071.0,849447418071.0,220758974738.0,252553430931.0,232723865133.0,239519237133.0,76003922326.0,86937987375.0,80300128803.0,84233778803.0,43704236944.0,7985210889.0,2950966675.0,4772337675.0,13164688249.0,17764072730.0,3476590653.0,5007223970.0,48822037339.0,48003233463.0,87280708000.0,97461001000.0,746265681.0,2093454874.0,,,,,,,,,,93073129042.0,87697234946.0,-41197633690.0,-47077459254.0,,,-6230857400.0,-8982201579.0,32057917317.0,34895334783.0,36124550363.0,38867481363.0,-5372385090.0,-6958737829.0,-6002801775.0,-5912242775.0,-29918470863.0,-55057074836.0
AGROT,1296504069.0,3270306373.0,2659963132.0,1999988206.0,426318949.0,117356242.0,-18843912.0,66001190.0,346559105.0,-139513307.0,-393170841.0,-200528451.0,568061379.0,-489644636.0,-732457852.0,-595351310.0,20408022.0,41756210.0,6678109.0,1477400.0,10164930.0,-1133940734.0,-270983314.0,104765213.0,155375.0,2250349.0,,,,,,,,,,-669514864.0,1389529687.0,-1046308661.0,-538899450.0,-151556690.0,,,,49171872.0,135499526.0,178568482.0,151790269.0,,,,,-72486085.0,-26493171.0
AGYO,445571421.0,506492450.0,540542765.0,537330683.0,205838096.0,254492951.0,289206465.0,281816582.0,96199387.0,126520354.0,166983061.0,144098221.0,1439022726.0,-654071572.0,-283173306.0,-221521324.0,7028841.0,11217353.0,3245523.0,5870808.0,-71067101.0,-98514947.0,-196022002.0,-241831678.0,-1086291.0,-5194526.0,69198925.0,96401273.0,-14652672.0,-43805149.0,-42439975.0,-42853016.0,-2693296.0,,6664395450.0,21210330.0,160851855.0,-34197933.0,-28422070.0,-36158211.0,-58361197.0,-4459379.0,-2987709.0,16962632.0,18876901.0,20822911.0,22746128.0,,-49359676.0,0.0,,-244707.0,-889129.0
AHGAZ,44549538123.0,40353477266.0,46446564034.0,52033326291.0,3269453722.0,5972315699.0,12947556034.0,17501051935.0,3273052993.0,5780170719.0,11647778241.0,15979576375.0,6902409032.0,2719408787.0,3402409011.0,5663778981.0,710871453.0,1096368090.0,52613047.0,368744886.0,-16058877219.0,-7717603770.0,-20133652444.0,-29959940472.0,-245466793.0,-643537238.0,,,,,,,,,,12936047399.0,11502418068.0,-4526113146.0,-15932229233.0,,,-23826018.0,-103809123.0,1285896835.0,3203638263.0,3998846709.0,4665504734.0,,,,,-152839785.0,-543414253.0
AHSGY,57668241.0,135523448.0,616877804.0,585224305.0,57668241.0,114069070.0,500275141.0,480273491.0,37969080.0,79641502.0,459826259.0,446788717.0,2613124919.0,-320192931.0,3679885976.0,3541959469.0,910042.0,11868342.0,910042.0,9755902.0,355491005.0,-1448656431.0,-1445365352.0,-1008981406.0,5433832.0,-21672844.0,414156216.0,178151467.0,,,-527954716.0,-510188088.0,,,10704485178.0,-85300493.0,-276476133.0,,,,0.0,,,350058.0,203183.0,125604.0,125604.0,,,,,-52430928.0,
AKBNK,,,,,,,,,,,,,,,,,,,,,-356891560000.0,-508931916000.0,-621183000000.0,-654700000000.0,-12140283631.0,-14062906105.0,,,,,,,,,,,,,,,,,,,,,,,,,,,
AKCNS,41670070293.0,33315743446.0,28978987621.0,29620845621.0,8851725200.0,5556925088.0,3719896466.0,3342267466.0,8745950612.0,5947582977.0,3929392516.0,3533798516.0,5276977870.0,2577972772.0,855172436.0,666989436.0,657062505.0,617842769.0,139168242.0,68292398.0,-2003670313.0,-3060274952.0,-1297108000.0,446003000.0,-30626956.0,9580110.0,,,,,,,,,,5718008717.0,5619218901.0,-2113877929.0,-1799849465.0,,,-312870698.0,-302778382.0,1813056252.0,1955102947.0,2025791863.0,2080547863.0,-814715420.0,-2155645711.0,-1680551615.0,-363528615.0,-1199906446.0,-929518433.0
AKENR,52681207531.0,39281631023.0,26743705596.0,21323438596.0,3349717185.0,644547068.0,-641422898.0,-856687898.0,5728542554.0,2767225894.0,885284821.0,751729821.0,11215879650.0,-5083091023.0,-6321244579.0,-4944654579.0,834389386.0,439221226.0,52822807.0,-17690425.0,32238897709.0,25676396933.0,25250452000.0,25272331000.0,492785313.0,542847744.0,,,,,,,,,,6108606928.0,3322150608.0,-1333265693.0,-396178473.0,,,-132160048.0,-180252733.0,3213497124.0,3178401091.0,2478637581.0,2399420581.0,,,,,-2045286216.0,-2342672436.0
AKFGY,2436640332.0,1874764430.0,1938263178.0,2021078761.0,2352771542.0,1800970721.0,1825869726.0,1869881191.0,2190348910.0,1666403525.0,1633861341.0,1725350969.0,1616587506.0,2227332215.0,3075848524.0,1861673714.0,38285607.0,42126307.0,36959529.0,38967347.0,6271819056.0,2941028727.0,5027822623.0,4920920248.0,95867431.0,105700992.0,1400665064.0,1773060501.0,-193683.0,-357634.0,-2749042070.0,-3194496644.0,-132928478.0,-131148482.0,38297388598.0,1974815271.0,-597320970.0,-2000828.0,-499631.0,-776956337.0,-1368876131.0,-93418165.0,-156203777.0,12572870.0,1245398.0,994875.0,704239.0,,,,,-740983604.0,-439850972.0
AKFIS,12119780300.0,17920400701.0,16909605307.0,17609124366.0,6783301816.0,7259190162.0,6223701694.0,6612130753.0,6364211070.0,6734379011.0,5791160139.0,6195707198.0,4540887051.0,238851239.0,1985071666.0,1752051666.0,136159360.0,367425742.0,53884737.0,137915160.0,38651239535.0,30798908085.0,23375502000.0,19885029000.0,590800695.0,427128907.0,,,,,,,,,,7102960192.0,3076907361.0,-52814078.0,-51232625.0,,0.0,,,128611775.0,100317309.0,69886971.0,60507971.0,,,,,-3216996073.0,-1763089065.0
AKFYE,9710103485.0,7857029231.0,6825262863.0,6660461863.0,4896509653.0,3073215588.0,2102629024.0,1529099024.0,6261073205.0,4470685343.0,3750784889.0,3472533889.0,10124261794.0,242546545.0,2296048492.0,2716616492.0,153001504.0,139258801.0,77195153.0,31582390.0,19360356461.0,10675813945.0,12500738000.0,11347464000.0,295931313.0,243742662.0,,,,,,,,,,3176465306.0,1876445218.0,-324059625.0,-3054836800.0,,,-76868961.0,-218438737.0,1675328716.0,1788783567.0,2098087025.0,2398900025.0,,,,,-949441877.0,-436013465.0
AKGRT,,,,,,,,,,,,,1185171182.0,1856582154.0,2485797839.0,2294464801.0,,,,,-5157824600.0,-6973501417.0,-8525974743.0,-11716920341.0,-175452324.0,-251678556.0,,,,,,,,,,,,,,,,,,,,,,,,,,,
AKHAN,8436984909.0,6873151376.0,8593947350.0,11229181931.0,1005198868.0,979427802.0,1006545583.0,1242818085.0,667228551.0,796623044.0,720761232.0,903549017.0,263728928.0,78715104.0,184181075.0,104092073.0,133172458.0,236743484.0,15866427.0,26329753.0,942481284.0,2783151388.0,3429442419.0,2947318252.0,14406229.0,63308171.0,,,,,,,,,,639827830.0,-40469503.0,,-532561419.0,,,,,88921774.0,138598183.0,168871191.0,190263592.0,,,,,-570835971.0,-537942259.0
AKMGY,1110231970.0,1207673885.0,1297266370.0,1316695370.0,832548487.0,918263022.0,974529491.0,984999491.0,754427287.0,827495709.0,842263760.0,846052760.0,1105034033.0,808310432.0,781516769.0,826933769.0,17520396.0,27478231.0,13142135.0,20540122.0,-725753809.0,-935094294.0,-884504000.0,-786156000.0,-11093457.0,-16886571.0,651121667.0,605557667.0,0.0,,-44690083.0,-37689083.0,-1942646.0,-2677646.0,11131049000.0,773839239.0,762290688.0,-32628.0,-95848.0,-55568555.0,-59804698.0,,0.0,356945.0,501904.0,1594056.0,2518056.0,-505181828.0,-559999228.0,-773099721.0,-586569721.0,,
AKSA,53260416000.0,43715824927.0,38206286424.0,42021763424.0,8796813295.0,6559806129.0,5803434254.0,6479158254.0,9009362831.0,6910873137.0,6747206888.0,8092520888.0,3676377129.0,1751978886.0,4729730051.0,6499222051.0,841416312.0,881116667.0,138831001.0,135719704.0,341622186.0,5049971049.0,24663559000.0,23096099000.0,5221841.0,496102446.0,,,,,,,,,,8119908647.0,3161318839.0,-4091037930.0,-5210940597.0,,,-53928501.0,-12950057.0,2542909079.0,2690294525.0,4329624285.0,5508654285.0,-2483436210.0,-3130810780.0,-2497430884.0,-2411378884.0,-1607775896.0,-3649604456.0
AKSEN,78274251450.0,48766792537.0,49912906241.0,43385956640.0,16057547626.0,10308882373.0,12417464108.0,12510498308.0,17698675918.0,11062470175.0,14183463479.0,14550538290.0,12232354078.0,3093922244.0,4301025574.0,3687537151.0,1239647614.0,903743477.0,253886241.0,261458620.0,26191206979.0,41790353793.0,56411481161.0,59478044038.0,400343779.0,1277583853.0,,,,,,,,,,11718470209.0,19427130506.0,-4224102624.0,-28579079793.0,,,-352507293.0,-387966499.0,3442659651.0,3106768572.0,3870948933.0,4100643709.0,-3181581739.0,-2851628599.0,0.0,,-3259401542.0,-2268436500.0
AKSGY,5735286176.0,5080932673.0,5251697242.0,5355532242.0,3834113997.0,3877782599.0,3962114251.0,4023793251.0,3503437378.0,3505564193.0,3531748441.0,3583714441.0,7474031912.0,6181860449.0,3803676693.0,3851750693.0,89876350.0,111974494.0,60302132.0,84077950.0,4602575836.0,1884570330.0,4458000.0,-350064000.0,70352336.0,-7519348.0,2163165291.0,3010007291.0,-54339522.0,-67090522.0,-13776247.0,-15861247.0,,,52493436000.0,4265937730.0,2506873545.0,-35674638.0,-40656215.0,-5502891.0,-17705250.0,,,44389195.0,42886248.0,45139396.0,47972396.0,0.0,-112469217.0,-407914946.0,-1127566946.0,-1398467478.0,-302012625.0
AKSUE,113489009.0,96164834.0,86062120.0,75861217.0,38234749.0,19567643.0,8486959.0,-2488279.0,56665114.0,34524053.0,28033999.0,21232402.0,141928023.0,-12915644.0,-44127761.0,-93045101.0,1758134.0,1580448.0,597392.0,-59368.0,153436582.0,20395999.0,214434.0,-8426032.0,2345344.0,-180991.0,,,,,,,,,,98144306.0,39610098.0,-2237055.0,-17504381.0,,,-193603771.0,-68270231.0,33613260.0,35434950.0,40627708.0,45600141.0,,,,,-22294610.0,-4872637.0
AKYHO,227324860.0,179776231.0,151573152.0,118016656.0,7614237.0,15271849.0,17919659.0,-1952672.0,-40219929.0,-2958787.0,14191210.0,15223329.0,-101590568.0,-142325811.0,-58108998.0,-102560781.0,3591908.0,2477808.0,113328.0,-59274.0,118725480.0,-71254974.0,-27132157.0,-8613918.0,1814770.0,-185026.0,,,,,,,,,,-20572229.0,-137232882.0,-48089339.0,-38592016.0,,,-4465677.0,-1275239.0,51051874.0,40167234.0,49997019.0,58025483.0,0.0,-10776380.0,-12823639.0,-1441862.0,-14181284.0,-2956750.0
ALARK,18462719054.0,11711880904.0,10208712213.0,10997903213.0,1531418676.0,499954390.0,205996226.0,616058226.0,117029795.0,-1572579913.0,-1383167815.0,-1128689815.0,14744225071.0,3290741686.0,-1440379110.0,6944161890.0,290777542.0,230247472.0,24069674.0,12659689.0,-8988415769.0,3256064927.0,17061597000.0,14916594000.0,-137391772.0,320407302.0,,,,,,,,,,6128362883.0,1947815964.0,-7141237451.0,-9724796722.0,,,-69553539.0,-48048397.0,929038539.0,1152041625.0,1667130518.0,1670472518.0,-2137171367.0,-763585846.0,-1532539189.0,-1368726189.0,-53748159.0,-670378590.0
ALBRK,,,,,,,,,,,,,,,,,,,,,-63498460000.0,-82677651000.0,-121631000000.0,-127389000000.0,-2160009933.0,-2736306012.0,,,,,,,,,,,,,,,,,,,,,,,,,,,
ALBTN,4536783452.0,3702642707.0,2311154865.0,2473733068.0,953079447.0,621571867.0,253183753.0,283243160.0,1139985704.0,769691581.0,391311074.0,425455241.0,831840397.0,349770166.0,17661700.0,112065185.0,,27005408.0,,1642301.0,90087340.0,91519057.0,293395516.0,364536448.0,1377023.0,7830215.0,,,,,,,,,,1135296160.0,278609312.0,-905954682.0,-515598356.0,,,,,274400479.0,256411757.0,258592707.0,263052528.0,,,,,-76258855.0,-108670467.0
ALCAR,12161921397.0,10061034553.0,8836560453.0,8253290319.0,1867611874.0,1430571439.0,1475794545.0,1334121389.0,147005232.0,-285682353.0,-98551512.0,-233067910.0,-915580394.0,636479767.0,-808123818.0,-641377272.0,191849183.0,172011030.0,29397545.0,28020788.0,1594963156.0,1945535648.0,1548141492.0,1369440870.0,24379693.0,29415486.0,,,,,,,,,,-1340672172.0,148570065.0,-828843466.0,-228620932.0,,,-87550063.0,-61437743.0,230580100.0,234727199.0,249450455.0,255322652.0,-286463262.0,0.0,-928345071.0,,-302284237.0,-137037317.0
ALCTL,2556691865.0,4541217536.0,5393299774.0,4948166325.0,212765846.0,562752694.0,872250896.0,703798859.0,93302997.0,338641330.0,636391750.0,303453981.0,-143425919.0,256398871.0,-66856355.0,-74155774.0,107907877.0,116997367.0,8980007.0,17017015.0,-1242066424.0,-1021178083.0,-1567201970.0,-1315735833.0,-42251037.0,-28261905.0,,,,,,,,,,328851438.0,-132460730.0,-10286331.0,-6020348.0,,,-83874858.0,-52469716.0,22783767.0,29473702.0,107660027.0,108487160.0,,,,,,
ALFAS,17209339215.0,11866046254.0,9699341816.0,8317247233.0,3581914306.0,1243013126.0,1042311995.0,1024208215.0,3195209632.0,887168636.0,828063417.0,870979172.0,2312567873.0,307052367.0,-12664504.0,299844769.0,271616176.0,172703899.0,56252111.0,21426489.0,-2545053549.0,649840935.0,3051081045.0,1770126021.0,-38902230.0,38022172.0,,,,,,,,,,-1560217013.0,1773237588.0,-1332280036.0,-1197642429.0,,0.0,-2299253.0,-1493968.0,60956972.0,155003512.0,254365240.0,271890496.0,-674709999.0,-665030055.0,-92301009.0,,-120526326.0,-259130301.0
ALGYO,633502842.0,479097514.0,551642069.0,543682237.0,615621506.0,443631209.0,415354682.0,402316161.0,544285102.0,338053405.0,268060913.0,232248197.0,2869437828.0,829444835.0,-2393286235.0,-2124789284.0,9775994.0,11069845.0,9493984.0,8183346.0,-1171007809.0,666615784.0,4772600965.0,6487589291.0,-17899354.0,139352924.0,1788715550.0,1022234145.0,-241926.0,-339937.0,-5480181132.0,-6474649633.0,,,19071351824.0,402543157.0,953965121.0,-27882.0,-166849.0,-1394931994.0,-2249886135.0,-5562765.0,,1387626.0,1376582.0,1364416.0,1617855.0,-340718362.0,-12478997.0,0.0,-104187085.0,,
ALKA,5318105733.0,4202662254.0,3398267401.0,3306363744.0,1214284703.0,560850516.0,455852492.0,406973191.0,1007010760.0,305457978.0,220349739.0,162958036.0,201516274.0,-216884318.0,-126828749.0,-137059754.0,83779659.0,69097382.0,19039452.0,8390327.0,-1386728050.0,-426704426.0,266774983.0,509750540.0,-21196730.0,10949403.0,,,,,,,,,,1583845231.0,123854568.0,-237443286.0,-923690758.0,,,,,72361852.0,64475106.0,60052562.0,57844869.0,-317384561.0,,,,,
ALKIM,8960319461.0,7226517495.0,6004927967.0,5881004569.0,1772825652.0,1024312086.0,723599681.0,558105079.0,1397952534.0,651029533.0,471374865.0,305874562.0,603246572.0,-210348427.0,-480805745.0,-517882039.0,141718913.0,122682268.0,27984023.0,11585417.0,-1382338868.0,-550166623.0,-32453558.0,89246705.0,-21129640.0,1917012.0,,,,,,,,,,2095268151.0,356813765.0,-290466799.0,-1053555632.0,,,,,309331872.0,315345218.0,313385032.0,310667758.0,-525797789.0,,,,-37227985.0,-46357464.0
ALKLC,4132477373.0,4989129699.0,5858138496.0,6293293671.0,1135897245.0,1559597314.0,1844826577.0,1738675362.0,502087260.0,818468214.0,1072209736.0,916436955.0,123167418.0,35584920.0,-143368820.0,-396151592.0,64999590.0,131952738.0,17974152.0,36363486.0,1085906209.0,1648742400.0,2230898050.0,3031768931.0,16598540.0,65122166.0,,,,,,,,,,-592203751.0,-908772764.0,-55507248.0,-954518272.0,,,,,78571321.0,107847620.0,126910150.0,150695729.0,,-15365720.0,-4300531.0,,,
ALTNY,2636717504.0,2723327600.0,3697484781.0,3487420059.0,1036168050.0,1392733025.0,1169831583.0,977122560.0,944105556.0,1092783092.0,866527333.0,729978809.0,746282975.0,469247000.0,192457591.0,49580693.0,41755918.0,72470756.0,16496898.0,20329308.0,430413478.0,-87824152.0,1875908661.0,2266286846.0,6579054.0,48679669.0,,,,,,,,,,297566066.0,-214624249.0,-1127207823.0,-1246899742.0,,,,,134232208.0,224620334.0,322256552.0,384396061.0,,,,,-23379393.0,-172774410.0
ALVES,7130159138.0,8316292484.0,11381914957.0,14077920689.0,1330764159.0,1638819048.0,2581746892.0,2780376718.0,1180973752.0,1559022456.0,2411258500.0,2638641088.0,648825799.0,160297937.0,121170077.0,83149424.0,112669659.0,296661530.0,21041175.0,58040360.0,1701081111.0,1517840898.0,3747172134.0,4413556850.0,26001751.0,94802865.0,,,,,,,,,,-94725135.0,-146773258.0,-555417392.0,-1150093296.0,,,,,97185181.0,192829379.0,241759330.0,286009404.0,,,,,-313165229.0,-1571556165.0
ANELE,4694771185.0,6655187598.0,9414488444.0,5957598771.0,498740363.0,1006823312.0,400104799.0,69515704.0,224474389.0,726608972.0,180642458.0,-129784066.0,495331158.0,-244812080.0,-563982557.0,-2989385543.0,74510117.0,120849219.0,8098280.0,1042350.0,3412459158.0,2685204517.0,2200696185.0,-139226807.0,52160895.0,-2990581.0,,,,,,,,,,-368572604.0,123558090.0,-913791.0,-7816031.0,,,,,20340982.0,16795825.0,24489242.0,12002565.0,,,,,-443773248.0,-336912085.0
ANGEN,530111266.0,816675612.0,870985968.0,878740387.0,423131723.0,515699607.0,553473499.0,525098911.0,109790505.0,199380350.0,145705399.0,73977798.0,-304151120.0,-337372808.0,-368265666.0,-313967020.0,8322141.0,18332332.0,6639292.0,10937491.0,-784545825.0,-311396705.0,227412434.0,492231220.0,-11992118.0,10573089.0,,,,,,,,,,654103324.0,217969516.0,-257485628.0,-379939407.0,,,-3223721.0,-2756211.0,133245599.0,168796380.0,173979220.0,162676386.0,-410213595.0,,,,-6020392.0,-63742927.0
ANHYT,,,,,,,,,,,,,2853815200.0,4305802455.0,5994213205.0,7099934492.0,,,,,-1583034712.0,-2943341930.0,-7912649674.0,-6404771104.0,-53849663.0,-137573995.0,,,,,,,,,,,,,,,,,,,,,,,,,,,
ANSGR,,,,,,,,,,,,,6380159747.0,11538847383.0,13431245293.0,15607535998.0,,,,,-11188468600.0,-24129178499.0,-33912508806.0,-38655682781.0,-380595109.0,-830321120.0,,,,,,,,,,,,,,,,,,,,,,,,,,,
ARASE,52264596759.0,61496952392.0,38530651077.0,40512430278.0,14019873369.0,14201475970.0,13831928808.0,15548198707.0,9747228967.0,9280842346.0,9298537206.0,10533557035.0,11638409126.0,244459949.0,2637798787.0,2928927097.0,824722525.0,845599056.0,220329343.0,326247266.0,5601540517.0,3417041381.0,2896748452.0,942955724.0,85621938.0,20254617.0,,,,,,,,,,493458180.0,7690204558.0,-33649063.0,-16763529.0,,,-77239842.0,-95340611.0,266766696.0,385835378.0,403878642.0,401012509.0,-310119191.0,-385261135.0,-711949816.0,,-742876991.0,-1352231531.0
ARCLK,572167826546.0,660558592799.0,616983384976.0,584570516976.0,167748873793.0,182040924938.0,177574009089.0,171254711089.0,45245219926.0,34368818469.0,35618464214.0,32409790214.0,30065492962.0,2603527849.0,-9839650313.0,-2963264313.0,9019571015.0,12201695444.0,2644048910.0,3575687731.0,118210168651.0,134450919227.0,162588268000.0,193654363000.0,1806892887.0,4159680959.0,,,,,,,,,,-741146568.0,22180095911.0,-28566962857.0,-36678898053.0,,,-4301492722.0,-6756474592.0,19394795667.0,25509942129.0,27380778443.0,24552839443.0,-7185247128.0,-1738755626.0,-1201088626.0,-1461291626.0,-17942148023.0,-29963404739.0
ARDYZ,2538336969.0,3209257418.0,4974891394.0,8005748682.0,2012318851.0,1996795187.0,2459379452.0,3834175310.0,2133862324.0,1593784542.0,2311458269.0,3654379622.0,953372771.0,575262234.0,638080508.0,1340897412.0,39804097.0,168536822.0,31511225.0,80843318.0,559824301.0,891469187.0,1693699106.0,1517440869.0,8557153.0,32594514.0,,,,,,,,,,284805785.0,2282602899.0,-801507420.0,-2432628974.0,,,,,321395025.0,573650894.0,873164710.0,968015168.0,,,,,,
ARENA,27620789166.0,33706102303.0,31422124765.0,,1507625613.0,1908089520.0,1490157791.0,,1018732419.0,1033651156.0,291241132.0,,228902979.0,1853097773.0,-1143427320.0,,1034479138.0,,56464978.0,,2311194330.0,4174457979.0,4250860072.0,,71643614.0,,,,,,,,,,,-288902505.0,-2247277597.0,-87865912.0,-64478654.0,,,-37455437.0,-104556991.0,88181081.0,195594568.0,212381375.0,,-10372881.0,,,,-1128041886.0,
ARFYE,335272428.0,169157824.0,297554098.0,,165351001.0,56380498.0,82077062.0,,147451377.0,40910866.0,61113363.0,,124355541.0,9383386.0,-143036457.0,,5292063.0,,2609961.0,,198852267.0,282844501.0,-166518622.0,-412955237.0,3039542.0,-8870247.0,,,,,,,,,,20831966.0,-24958911.0,-16791182.0,-8670956.0,,,,-522931.0,22058263.0,44109952.0,45950714.0,,,,,,-29925413.0,
ARMGD,13461640948.0,11645321377.0,14313780984.0,17017644006.0,1842253982.0,2013838764.0,2554097927.0,3101237083.0,1035187316.0,1062008712.0,1678983172.0,2385906869.0,432477876.0,1246396116.0,812056593.0,2456322484.0,60113596.0,355791657.0,5908609.0,65186129.0,3702497168.0,6229742433.0,6707458994.0,5437713486.0,56594250.0,116801671.0,,,,,,,,,,725729935.0,-4349664992.0,-479041860.0,-762662251.0,,,,,108480565.0,116114109.0,196990455.0,192242761.0,,,,,-770922940.0,-707304950.0
ARSAN,815813573.0,175274044.0,160620957.0,416935415.0,-162143960.0,16674487.0,27382563.0,225516005.0,-266402828.0,-216005316.0,-91386540.0,97730688.0,1145189688.0,1095261707.0,-456578917.0,319904281.0,13084735.0,8925095.0,-2612044.0,4886364.0,-2617774042.0,-3264739385.0,-1940915340.0,-1755662568.0,-40013794.0,-37711498.0,,,,,,,,,,1700556706.0,1168060141.0,-178242625.0,-31764538.0,,,,-31901911.0,156632307.0,70368494.0,107287118.0,100931900.0,,,,,-71949982.0,
ARTMS,1831100762.0,1584181066.0,750273486.0,428202882.0,354317977.0,520013845.0,274759886.0,192536241.0,313070178.0,463443783.0,242736511.0,176984777.0,9848173.0,349797796.0,286854024.0,107297602.0,28746290.0,8912680.0,5418393.0,4011067.0,737009728.0,-36820867.0,254625683.0,343310810.0,11265508.0,7374290.0,,,,,,,,,,19360111.0,-176989110.0,-8647348.0,-107496487.0,,0.0,,,76679190.0,70679650.0,157001281.0,184733615.0,,,,,,
ARZUM,8212818711.0,8547903756.0,6222755396.0,4297445137.0,2570410431.0,2570513612.0,1580088873.0,929099957.0,885714785.0,845947802.0,-117439808.0,-350559959.0,117902882.0,-616499438.0,-1096543699.0,-967383017.0,129642663.0,89983963.0,40572459.0,19810524.0,1550860271.0,2553845481.0,1363609116.0,1400471164.0,23705561.0,30082014.0,,,,,,,,,,804146476.0,-204355922.0,-221285412.0,-180134838.0,,,-45638650.0,-100033195.0,151161828.0,188110083.0,208546758.0,289819673.0,-41943011.0,,,,-541886723.0,-855792858.0
ASELS,163775961584.0,185282855143.0,212491788910.0,230030036910.0,44742778687.0,58816386075.0,67626016400.0,73015854400.0,35667760484.0,46602489983.0,55734636427.0,61176731427.0,16224480494.0,23581222111.0,35268522990.0,41246584990.0,2584539414.0,4773253312.0,707187445.0,1515515483.0,29660345601.0,24546614286.0,16450879000.0,33824364000.0,453371043.0,726544761.0,,,,,,,,,,18637720407.0,33012477538.0,-27701255278.0,-32829834280.0,,,,,7571296707.0,5085846604.0,6534022597.0,7905557597.0,-487893630.0,-261484693.0,0.0,,0.0,
ASGYO,51042363.0,75791769.0,265833195.0,295983260.0,35013738.0,-56592818.0,118590311.0,117623243.0,-130019014.0,-199463156.0,-67751588.0,-81960621.0,8794024396.0,-1664321593.0,765593642.0,6516178770.0,810350.0,6115179.0,554577.0,2433464.0,-2535837426.0,-2181353981.0,-1389489541.0,-937870383.0,-38761358.0,-20145384.0,-1984628922.0,-1296975433.0,-20172961.0,-211156738.0,,,,,28802635842.0,277784462.0,-1977893744.0,-364100360.0,-16332060.0,,,,,18179472.0,21263832.0,20593460.0,20393683.0,,-227749518.0,0.0,-124378961.0,,-961951.0
ASTOR,37641877711.0,41037990173.0,41558374415.0,42896004219.0,14414932796.0,14192354854.0,15355682045.0,16197427617.0,12900241769.0,12285918863.0,13074395252.0,14001919253.0,10233279235.0,7745283956.0,9030900396.0,11201250622.0,591654080.0,893162998.0,225349333.0,338355118.0,-4306685554.0,-9209538569.0,-9332058207.0,-9433893845.0,-65829527.0,-202639321.0,,,,,,,,,,8938583345.0,12034455126.0,-4095068566.0,-5708012265.0,,,,,699923617.0,1330382807.0,1245614467.0,1512200070.0,-1720588979.0,-2863240429.0,-1913911152.0,,,-545404006.0
ASUZU,33770407575.0,29134855054.0,31426399182.0,34582588659.0,5953563356.0,3739199938.0,4680222640.0,4334844040.0,3201012796.0,1209099501.0,1782252740.0,916226647.0,3592336425.0,683522089.0,1065664960.0,-123526556.0,532572149.0,721605118.0,93790583.0,89549590.0,3502319911.0,3249577463.0,7400128752.0,13424302293.0,53534455.0,288352990.0,,,,,,,,,,-199247536.0,4067838539.0,-1869016591.0,-1968754898.0,,,-90295195.0,-102262289.0,847031242.0,1192337880.0,1081543428.0,1129370917.0,-636585025.0,-937243488.0,-669621067.0,-557180712.0,-1293094593.0,-2534860706.0
ATAGY,158313977.0,44278368.0,52228109.0,51561555.0,3029548.0,31763319.0,32875095.0,30989814.0,-34598212.0,-299672.0,3040527.0,1797915.0,72129571.0,62407678.0,-7524431.0,-30205529.0,2497934.0,1078827.0,46078.0,649641.0,-85885554.0,-84729890.0,-53459127.0,-29410923.0,-1312797.0,-631744.0,21633742.0,71309629.0,-1400874.0,-1195052.0,-37540185.0,-13185284.0,-1668247.0,-2089455.0,842560138.0,-11639433.0,30816297.0,0.0,-146628.0,-82328746.0,-2546391.0,-1379936.0,-1554096.0,1006072.0,962744.0,1000897.0,1329417.0,,,,,-1213573.0,-1537893.0
ATAKP,5670845928.0,5015959538.0,4616834748.0,4300034342.0,1429370912.0,775486142.0,463128350.0,380986703.0,1459182292.0,914744639.0,556108524.0,475828881.0,658049370.0,281999490.0,-93914752.0,-477682368.0,89245508.0,89925952.0,22388863.0,7915998.0,-539670990.0,-333406934.0,-430131156.0,-373989237.0,-8249101.0,-8033260.0,,,,,,,,,,650631053.0,671762964.0,-148203697.0,-818811288.0,,,-9016709.0,-10578326.0,212746257.0,359108429.0,314268350.0,313881036.0,,-217664661.0,-100830007.0,-98094941.0,-210733964.0,-16588589.0
ATATP,2784756279.0,3036863136.0,6665750853.0,6575327179.0,1290218788.0,1691349771.0,5696234992.0,5579557789.0,627907235.0,823379637.0,4714969838.0,4643202706.0,242228775.0,673671939.0,2418324323.0,2334313425.0,43864629.0,138356799.0,20338664.0,117591886.0,-653759629.0,-498489669.0,-529686261.0,-391459124.0,-9992995.0,-8408512.0,,,,,,,,,,1000281119.0,1075827018.0,-693910493.0,-839997602.0,,,20322139.0,-51576820.0,224966586.0,239493969.0,309279647.0,308887481.0,-89365593.0,-45587536.0,-84764077.0,-94518882.0,,
ATATR,2169154589.0,2965153051.0,2978349753.0,2609578036.0,1048098458.0,1355359629.0,1343441951.0,1024504046.0,695061320.0,1073590314.0,1099320740.0,728791066.0,410302269.0,735679854.0,444173872.0,917655839.0,34238730.0,54192640.0,16543570.0,21120005.0,395273044.0,-51976653.0,-883936319.0,110712447.0,6041917.0,2378095.0,,,,,,,,,,639843636.0,767004311.0,-385155491.0,-241801989.0,,,,,173978203.0,285434305.0,314952265.0,353420921.0,-286107187.0,-8526033.0,-5321487.0,-27022922.0,,
ATEKS,3812715578.0,2947884172.0,1401638908.0,780541566.0,167132781.0,200285347.0,14849262.0,50203607.0,-379508630.0,-477274011.0,-382507439.0,-258304972.0,-205449864.0,-176161760.0,2021721749.0,2293907395.0,60369039.0,16052967.0,2552944.0,980309.0,920668596.0,460542872.0,270248467.0,421381705.0,14072812.0,9051247.0,,,,,,,,,,-40198590.0,222049778.0,-32605259.0,-4043190.0,,,,,62000084.0,50491432.0,60529215.0,91860770.0,,,,,,
ATLAS,6779039586.0,5795666838.0,6336101827.0,5968143958.0,189701205.0,279460407.0,140756733.0,147278792.0,177866990.0,258742378.0,121002912.0,123165128.0,-129841312.0,17120851.0,-27325683.0,-24807131.0,105544054.0,121230199.0,2812968.0,3081561.0,-547685375.0,-563106842.0,-533453933.0,-552747956.0,-8371605.0,-11872984.0,,,,,,,,,,11842712.0,67973809.0,0.0,0.0,,,,,158723.0,151503.0,167354.0,86263.0,-58065988.0,0.0,-2033020.0,,,
ATSYH,178756017.0,82670434.0,101687970.0,133452626.0,37081724.0,28510799.0,13841914.0,12051876.0,29691480.0,22332927.0,9145085.0,8747970.0,5259776.0,-335374.0,-8533461.0,-6441961.0,2848152.0,2788993.0,590021.0,253221.0,-283652.0,-421259.0,-229037.0,-171900.0,-4336.0,-3692.0,,,,,,,,,,165380.0,137607.0,0.0,0.0,,,,,1207122.0,1084538.0,765107.0,738439.0,,,,,,222374.0
AVGYO,68103678.0,377871084.0,91044145.0,94618292.0,65805347.0,122684861.0,86688321.0,88399884.0,44048298.0,75866738.0,44593656.0,46351234.0,34879042.0,154180414.0,-37580567.0,359653178.0,1073843.0,1976383.0,1037390.0,1846795.0,-139138718.0,-179630565.0,-135576467.0,-126328780.0,-2126795.0,-2713533.0,100270606.0,33651745.0,,,0.0,,,,2289044387.0,41554452.0,154735950.0,-157268.0,,,-5288324.0,,,2804338.0,3282343.0,4464564.0,4634181.0,,,,,,
AVHOL,581974612.0,926762763.0,506715779.0,390524050.0,12233348.0,58967118.0,-22179418.0,-30790490.0,49328130.0,30128354.0,-70416165.0,-90832249.0,98166642.0,125036859.0,383469179.0,-940683295.0,9211672.0,8180184.0,223471.0,-502317.0,40541693.0,2283350.0,-588745088.0,-308007292.0,619697.0,-6615973.0,,,,,,,,,,75209874.0,122257272.0,-24736284.0,-138110140.0,,,-39918696.0,-26623618.0,70557475.0,12238788.0,30803338.0,32812030.0,,,,,-26497090.0,-158666572.0
AVOD,2445395250.0,2165887325.0,2157094574.0,1817172778.0,415685021.0,226540343.0,330291719.0,161149271.0,258537345.0,82433770.0,210568016.0,48637049.0,37554931.0,-445486227.0,-202050058.0,-209280883.0,38576723.0,37688142.0,6525503.0,3309936.0,880477883.0,963263709.0,993050265.0,862211860.0,13458480.0,18520245.0,,,,,,,,,,-224495931.0,594923708.0,-262003948.0,-46572998.0,-25085192.0,,-46770.0,-14245741.0,49502852.0,66809546.0,73568164.0,76668819.0,,,,,-62213298.0,-282995810.0
AVPGY,6860786251.0,11487922365.0,8051916816.0,7685219784.0,4144649946.0,9539705931.0,3262425139.0,2394780160.0,3780357902.0,9300649053.0,3117982498.0,2262015814.0,7257553062.0,11376359840.0,1894743505.0,1308706388.0,108519680.0,159412871.0,65515490.0,50342944.0,-8314067610.0,-1628974958.0,-912949975.0,-524656593.0,-127084072.0,-11269584.0,5067812843.0,5148560244.0,-7208568.0,-14117509.0,-3439517476.0,-1347317272.0,,,46495200447.0,-3808044598.0,6780417487.0,-747624006.0,-5699363.0,-84080217.0,-8574650893.0,,,28435684.0,8837395.0,6667546.0,7358805.0,0.0,-1505923837.0,-2521205624.0,-3715252051.0,-11965636.0,-1326289.0
AVTUR,25781497.0,21463349.0,30271502.0,31248808.0,-6259321.0,-4985435.0,4577982.0,8975581.0,490438.0,-4077313.0,3635741.0,496241.0,188047884.0,8624628.0,71139834.0,4164320.0,406877.0,653240.0,-99342.0,189917.0,-27992707.0,-21076297.0,-264365751.0,-80789506.0,-427880.0,-1735352.0,,,,,,,,,,7222953.0,-1929986.0,-203233.0,-1074564.0,,,,,13069223.0,8136065.0,8328675.0,9647698.0,,,,,,
AYCES,497187236.0,479582161.0,447522147.0,418057995.0,133588138.0,92017031.0,52729613.0,8136352.0,82876784.0,52257049.0,34422539.0,-8169901.0,-65048603.0,-214162196.0,-80264254.0,-135789632.0,7727187.0,8611971.0,2028442.0,67214.0,-34057908.0,12426759.0,107148483.0,110615952.0,-520590.0,2376022.0,,,,,,,,,,109836398.0,41438273.0,-81966481.0,-52590143.0,,,-13977821.0,-12935621.0,109524964.0,119617024.0,141551507.0,167064411.0,,,,,-16922743.0,-17235386.0
AYDEM,14151138722.0,10147839752.0,15215125894.0,15012784968.0,6115225994.0,2476285910.0,3309389687.0,2673402294.0,9449298670.0,6121848067.0,5611393694.0,5252565304.0,-2848781004.0,-18142551994.0,-3302073707.0,1404535829.0,222941791.0,313662270.0,96181498.0,55926238.0,40354170504.0,32365846100.0,25776543698.0,23014179047.0,616830722.0,494342812.0,,,,,,,,,,9815853573.0,5618756232.0,-4827690150.0,-1064246127.0,,,-91782779.0,-79469954.0,4739496016.0,4637714034.0,3311204503.0,3540023967.0,0.0,-587925254.0,0.0,0.0,-3515943414.0,-3387299164.0
AYEN,11764066836.0,9997225408.0,9266709240.0,7642974669.0,2326995411.0,2606099514.0,1826891919.0,1547274678.0,2944060699.0,3229079378.0,2379356452.0,2212586642.0,3018964605.0,1215553141.0,278452029.0,178464267.0,187314565.0,158118925.0,36684808.0,32440615.0,11093532986.0,8143898452.0,7975153402.0,6785365858.0,169569387.0,145749142.0,,,,,,,,,,-1922700790.0,3292746106.0,-351763884.0,-4753819.0,,,-21108835.0,-31890375.0,1136885796.0,1057983999.0,1055822652.0,1151476044.0,-866586880.0,-281581391.0,-91638187.0,-83091361.0,-846059993.0,-492652717.0
AYES,12013745380.0,11512093067.0,14202496507.0,13205680232.0,956064276.0,381925610.0,602384098.0,587856658.0,663129556.0,138853066.0,311300163.0,300288438.0,180445066.0,86165315.0,1218873350.0,2042480282.0,189659136.0,275689993.0,15093135.0,12204023.0,250029211.0,165740565.0,292896963.0,197267453.0,3821803.0,4237290.0,,,,,,,,,,-1659227916.0,1511620945.0,-210390073.0,-68338798.0,,,,,10791078.0,61048666.0,55107626.0,60743039.0,0.0,,,,,-364976306.0
AYGAZ,144285539820.0,126043699230.0,105580926642.0,104574166642.0,11044392659.0,10595464006.0,11013953271.0,11606543271.0,2592900878.0,2701303899.0,3723236137.0,4119563137.0,13250047842.0,3271771743.0,5883934926.0,9018188926.0,2279057814.0,2188181332.0,173423405.0,242754469.0,-2895692448.0,-2841461738.0,-6390710000.0,-3942406000.0,-44261895.0,-84682580.0,,,,,,,,,,4274208633.0,627547248.0,-1716850594.0,-4798424115.0,,,-269024408.0,-166455982.0,1814864299.0,1741140264.0,1682922122.0,1701568122.0,-699900598.0,-2821328327.0,-3861838368.0,-2951071368.0,-1736207330.0,-184265996.0
AZTEK,13325848537.0,12356356043.0,10609266257.0,10166158586.0,2537801045.0,2145744367.0,1301478112.0,1011048170.0,2106978811.0,1564617114.0,604446130.0,323310557.0,634835018.0,351682401.0,-482509664.0,-852892479.0,209896305.0,211473801.0,39937762.0,21347003.0,1115706546.0,1435882505.0,2477189866.0,2321298625.0,17054051.0,49861318.0,,,,,,,,,,-339056176.0,-46226367.0,-55917792.0,-47220183.0,,,-51589272.0,-65766419.0,92105923.0,105338695.0,129374029.0,127780305.0,-295759420.0,-465333583.0,-184743458.0,,-376101980.0,-1032661582.0
BAGFS,6413427594.0,2601130566.0,5856432028.0,5373972292.0,-1567866694.0,916770955.0,629967486.0,731484563.0,-966334900.0,1800186990.0,1281303266.0,1331435736.0,-3354312767.0,-2021421015.0,145425317.0,191991125.0,102000026.0,113885114.0,-24832577.0,15974556.0,4521759149.0,6331750100.0,6616279978.0,6339454891.0,69117019.0,136171008.0,,,,,,,,,,2852055307.0,724222098.0,-405905158.0,-728765602.0,,,,,1065168965.0,1103804417.0,1098485908.0,1082312099.0,,,,,-325262464.0,-415339888.0
BAHKM,893446312.0,1013218140.0,1153891094.0,998066281.0,201667502.0,186427569.0,180687792.0,188908745.0,177134654.0,153413533.0,146448283.0,142287075.0,128716650.0,14710423.0,-323099599.0,-272964697.0,14063744.0,20712684.0,3161276.0,3974002.0,87766399.0,-698441796.0,-222729443.0,-178321765.0,1341547.0,-3830338.0,,,,,,,,,,-71997695.0,-715222115.0,-15909660.0,-73703611.0,-2579902.0,,,,16603711.0,22998353.0,30670292.0,16354605.0,,,,,-18235736.0,-8134202.0
BAKAB,7608891575.0,6756105871.0,6799635287.0,6968748706.0,939011365.0,529493397.0,686395787.0,714980989.0,583540898.0,187052447.0,375465739.0,371629485.0,84105297.0,-451753929.0,-206572532.0,-8032087.0,120140442.0,145797496.0,14799392.0,14939379.0,1406901493.0,817971118.0,951147243.0,610337841.0,21505090.0,13110010.0,,,,,,,,,,587659163.0,585798521.0,-258856619.0,-195578674.0,,,-11251390.0,-9558660.0,340282428.0,368599480.0,378071539.0,377327442.0,,,,,-215129300.0,-86878714.0
BALAT,32859343.0,15534016.0,2100692.0,-1.0,-16111344.0,-5575245.0,-4698255.0,0.0,-28501366.0,-30488687.0,-10220121.0,-3880972.0,62620159.0,-17102158.0,-31943377.0,645137.0,518782.0,0.0,-254338.0,0.0,-455503.0,-246693.0,-45513.0,-25765675.0,-6963.0,-553445.0,,,,,,,,,,-10023087.0,-2319527.0,-22436525.0,-2284707.0,,,,,5212119.0,4469165.0,211925.0,-43878.0,,,,,,
BALSU,26777614061.0,22978447073.0,22616225103.0,,3783963952.0,3554403757.0,3669958776.0,,2816104859.0,2543748104.0,2727902338.0,,2037397978.0,627195568.0,254329839.0,,,,,,5064478313.0,10075372616.0,13998136992.0,,86433282.0,,,,,,,,,,,867699510.0,-6439960974.0,-681630308.0,-1059925609.0,,,,,167328856.0,171443653.0,171651497.0,,,0.0,-234871913.0,,,
BANVT,47457089879.0,48605753872.0,39440572071.0,36175936106.0,5630592701.0,11391118002.0,1112596461.0,310283573.0,4760324061.0,9350825173.0,-793908870.0,-1205748546.0,2118537886.0,5547572222.0,-3668469486.0,-3798273313.0,748644133.0,754759477.0,88217984.0,7305017.0,224694295.0,-4977479818.0,-2885196017.0,-233421925.0,3434548.0,-5013885.0,,,,,,,,,,7711982678.0,7326028181.0,-611688193.0,-104481723.0,,,-71853602.0,-189457200.0,2815163446.0,2581597377.0,2280117385.0,2567801520.0,0.0,,,,-1147135823.0,-897813299.0
BARMA,4406899492.0,4114400801.0,3980407900.0,5165607457.0,1081182396.0,1065167418.0,1115097759.0,1361435378.0,897237793.0,687172578.0,549248159.0,678275132.0,256288464.0,344800106.0,-25422485.0,-47441867.0,69464066.0,108321385.0,17047475.0,28051534.0,2256767811.0,5587459287.0,7849989250.0,7456427782.0,34495659.0,160163500.0,,,,,,,,,,1116655846.0,1217052979.0,-1835086259.0,-3876830044.0,,,,,207987660.0,254052482.0,310514129.0,334475073.0,,,,,-267014304.0,-750744712.0
BASCM,14177477985.0,12976927947.0,13253409511.0,14366863664.0,2667883789.0,1139567256.0,2083807764.0,1872075219.0,2338369480.0,686648793.0,1577041172.0,1306925081.0,2172529742.0,-929618208.0,461671537.0,198157140.0,223827927.0,301634054.0,42117305.0,39012407.0,-123593814.0,206233326.0,-337814920.0,464458677.0,-1889184.0,9976537.0,,,,,,,,,,1528952281.0,327902155.0,-1082018571.0,-335755561.0,,,-124768062.0,-69464539.0,561307839.0,541137660.0,561020815.0,549705732.0,,,,,-316672857.0,-119921034.0
BASGZ,64720181424.0,56562139444.0,56234118215.0,59029331291.0,2959755806.0,4358518460.0,4141407329.0,4677486363.0,5296431140.0,6845976329.0,6969896269.0,7496272008.0,8677123358.0,3666834529.0,4005732272.0,3977706717.0,1034599110.0,1238417750.0,48245516.0,98702075.0,-7430853855.0,-3145286913.0,-1737466121.0,-2243506619.0,-113583773.0,-48190351.0,,,,,,,,,,7653474067.0,8302964608.0,-5885941062.0,-8364674383.0,,,-334185272.0,-435293356.0,3081520582.0,3317921313.0,3718020026.0,3737285324.0,-3328628775.0,-3610746865.0,-1849549032.0,,-312378602.0,-1276096134.0
BAYRK,652733078.0,388994633.0,271602398.0,263967838.0,63855488.0,6984776.0,2121022.0,63549578.0,45646327.0,15037976.0,5783635.0,79116897.0,58546137.0,-167010681.0,-230353952.0,-140034261.0,10277683.0,5549430.0,1015861.0,1370149.0,181846490.0,184060931.0,234344722.0,237228691.0,2779601.0,5095654.0,,,,,,,,,,15261718.0,28128580.0,-92765740.0,-94172441.0,,,0.0,-13023650.0,52170554.0,72635184.0,65250798.0,68293193.0,,,,,,-101224286.0
BEGYO,245554580.0,1496371857.0,184002687.0,175878695.0,204165858.0,779718986.0,82108934.0,86393018.0,165936957.0,753354250.0,16629444.0,22234305.0,308105416.0,1746851674.0,-114864438.0,-438686539.0,3743475.0,3640780.0,3226684.0,1803702.0,-95241632.0,-3044257.0,-19473664.0,-19566797.0,-1455809.0,-420293.0,24663049.0,-7103207.0,-3923453.0,-2525948.0,-3368698.0,-4957710.0,,,5781213012.0,993486270.0,148585648.0,-220620.0,-4460153.0,,,,,5581544.0,3294941.0,2330982.0,1966180.0,,0.0,-41215576.0,,-968584888.0,-59185.0
BERA,28603637763.0,25684227813.0,22527327122.0,22244600634.0,6473441573.0,5790003286.0,5477940658.0,5172218369.0,3973651668.0,3270830633.0,2814230808.0,2698677649.0,6637174653.0,1228638100.0,193435696.0,-517366411.0,452843263.0,463405086.0,101986215.0,107291822.0,-1996919137.0,-1768964835.0,-1247077253.0,-1119968616.0,-30523761.0,-24056841.0,,,,,,,,,,5806215647.0,271121201.0,-2172484635.0,-1108042340.0,,,,,573646570.0,492414544.0,443523398.0,523131297.0,-312113505.0,0.0,-720690623.0,87826526.0,,
BESLR,42077542203.0,38537298813.0,38264851738.0,39644497168.0,8530197637.0,9114195023.0,9443573079.0,9511762996.0,4804778016.0,4942847065.0,5100685024.0,4888892835.0,1299254735.0,2329380314.0,617589247.0,1379737749.0,663898073.0,828348784.0,134066149.0,198283802.0,6005099546.0,4521087885.0,8182975962.0,5297499390.0,91790510.0,113789883.0,,,,,,,,,,323682302.0,3598489629.0,-590910196.0,-698319908.0,,,-158243118.0,-70014882.0,990577952.0,849044869.0,883355621.0,924779795.0,,,,,-1879756336.0,-3111007786.0
BESTE,287515179.0,345482207.0,448686813.0,415312596.0,99184496.0,88001851.0,125035329.0,44547446.0,168131792.0,300189954.0,261919883.0,192152793.0,52909752.0,122002089.0,190257696.0,332988324.0,12134881.0,9776763.0,4186186.0,1043172.0,454244599.0,355553592.0,270326711.0,-279582144.0,15451916.0,-6005403.0,,,,,,,,,,186927659.0,376692638.0,-5872001.0,-157564738.0,,,,,84819402.0,237253862.0,155543420.0,171142013.0,,,,,-56322474.0,-52217454.0
BETAE,5608774753.0,4605011170.0,5020072905.0,4936016398.0,2145871021.0,1551567942.0,1608360146.0,1588888144.0,1958189636.0,1173512899.0,1145885394.0,1078181755.0,1458417719.0,45716498.0,1079340665.0,739151342.0,,42298132.0,,15802504.0,1414326426.0,2533783174.0,3868260012.0,2509841005.0,21618583.0,53911194.0,,,,,,,,,,881030037.0,39850726.0,-1006840599.0,-1055299805.0,,,,,128789461.0,147720382.0,179307196.0,236130818.0,,,,,,
BEWEN,1681224357.0,1712742798.0,1579523919.0,,1051859888.0,893041846.0,574192198.0,,1249809925.0,1254459142.0,1165173693.0,,2468551350.0,1008473400.0,688467303.0,,,,,,3825701779.0,3640956944.0,2799493591.0,,62578746.0,,,,,,,,,,,-15059527.0,-39872475.0,-623186000.0,-1502536179.0,,,,,242937760.0,433318299.0,672834529.0,,,,,,-405931742.0,
BEYAZ,23207801591.0,23358122187.0,23799048938.0,22823863448.0,1079935098.0,532466009.0,883278047.0,859666783.0,830983597.0,228616166.0,506490723.0,468899437.0,224964590.0,-58346559.0,155835505.0,-98284445.0,365378343.0,475850392.0,16999462.0,17742046.0,-601661664.0,-1062664366.0,-935126519.0,-497875536.0,-9196655.0,-10694329.0,,,,,,,,,,1299005525.0,1365552196.0,-85240088.0,-430331809.0,,,,,32800581.0,63934237.0,47413991.0,45861323.0,-110745892.0,-20587693.0,-14731722.0,-31020733.0,,
BFREN,2693890646.0,3182974765.0,3454125159.0,3342958065.0,136820371.0,336842394.0,380710975.0,311442494.0,158939557.0,394376529.0,399860352.0,328365978.0,-139995931.0,145526469.0,127771036.0,233280208.0,42506883.0,69781914.0,2198873.0,6468119.0,-79509683.0,-75441977.0,-108919310.0,-95261602.0,-1215339.0,-2046212.0,,,,,,,,,,433975925.0,122175564.0,-46344167.0,-32976767.0,,,-51554905.0,-47381453.0,121703842.0,134885638.0,119598947.0,117904206.0,-211195935.0,,,,-43457891.0,-26000251.0
BIENY,19486839402.0,12411689625.0,14126621769.0,14856235467.0,3495063407.0,793985411.0,2456831143.0,2613674816.0,2602781205.0,164457669.0,2172349821.0,2239922647.0,257016747.0,-3240689817.0,-1899411977.0,-849551207.0,307550837.0,309252501.0,55176545.0,54780530.0,-295197303.0,2501302408.0,5125300407.0,7210503539.0,-4512217.0,154881066.0,,,,,,,,,,-3039110012.0,-1845720112.0,-1559171147.0,-2506791897.0,,,-66585910.0,-52181207.0,773757859.0,795953644.0,1013640956.0,1093775544.0,,,,,-825385004.0,-1219168556.0
BIGCH,4844953140.0,5345055859.0,5429320481.0,5426341441.0,1206760986.0,1215073521.0,1158120923.0,1192297393.0,1126185310.0,1139094679.0,1239722482.0,1310997726.0,379675679.0,241834894.0,12565082.0,23636414.0,76330051.0,113311280.0,18985690.0,24834883.0,276332926.0,703559902.0,827062920.0,723273130.0,4223867.0,15535852.0,,,,,,,,,,719743463.0,1127050541.0,-550400756.0,-934427081.0,,,-277777246.0,-281130013.0,623357610.0,715306996.0,909567370.0,963581081.0,0.0,-121767318.0,-103707076.0,,-75033491.0,-371155508.0
BIGEN,607655840.0,1093806848.0,1516153825.0,1212509009.0,233083678.0,385623386.0,545816892.0,467214279.0,309355531.0,525443743.0,722598463.0,681896563.0,779129905.0,323440582.0,-243998552.0,-55801991.0,25646756.0,28307570.0,9837542.0,11075545.0,2018214038.0,2820193809.0,3049660508.0,3286668618.0,68653041.0,70597391.0,,,,,,,,,,323244723.0,698053896.0,-4415117.0,-818008156.0,,,,,94493120.0,198589683.0,283100628.0,325436417.0,,,,,,
BIGTK,820043063.0,853364162.0,688133710.0,912146158.0,364756710.0,406500175.0,230064623.0,434672658.0,-7820093.0,-22449042.0,-113574427.0,180126548.0,-14981535.0,-26916304.0,-76047900.0,7496138.0,12920613.0,19232335.0,5739346.0,9238222.0,-95742010.0,-14958231.0,28264860.0,18081029.0,-1463457.0,388379.0,,,,,,,,,,-92725964.0,25107991.0,-1575871.0,-2564558.0,,,-8163265.0,-14113699.0,15814186.0,23098265.0,19756415.0,88721261.0,,,,,,-13644180.0
BIMAS,730926271904.0,800853162466.0,849122527428.0,889514536428.0,115016408984.0,139984334728.0,164212314260.0,172217818260.0,30602263969.0,34770431562.0,51207445170.0,55753923170.0,34362353817.0,28649362336.0,21941152819.0,29529511819.0,11524930275.0,18601782557.0,1810121936.0,3599452775.0,34159612125.0,44293810563.0,45423461000.0,32387137000.0,522144253.0,695673235.0,,,,,,,,,,46603110814.0,48097601541.0,-23399822671.0,-28441816390.0,,,-10172581188.0,-11827970974.0,23127479657.0,26531237286.0,31367512967.0,30170689967.0,-7641227885.0,-11064077775.0,-9565568843.0,-8941787843.0,,
BINBN,1202988947.0,1208993713.0,637291154.0,553229927.0,576374213.0,288264708.0,4180017.0,36299785.0,359100904.0,140954667.0,-228111953.0,-346545966.0,54894607.0,-192748599.0,-471430188.0,-766236763.0,10140406.0,11561606.0,4933025.0,848814.0,-1246934536.0,-1582409776.0,-348997569.0,-202266446.0,-19059927.0,-4344668.0,,,,,,,,,,1904083550.0,-2015157753.0,-251223479.0,-62805855.0,,,94298368.0,-79007410.0,215136241.0,246205762.0,190683103.0,222518717.0,,,,,-51562249.0,-33591101.0
BINHO,6822303450.0,0.0,0.0,0.0,6822302124.0,0.0,0.0,0.0,6718284176.0,-627619121.0,-232030952.0,-194840070.0,8607235561.0,-10553331688.0,1721279517.0,-4849641376.0,107703062.0,0.0,107703040.0,0.0,-580407527.0,-1414518188.0,-388076110.0,-320948222.0,-8871777.0,-6893943.0,,,,,,,,,,-1335835280.0,422528568.0,-4914652.0,-46008960.0,,,,,0.0,12547180.0,5675280.0,8198273.0,,,,,-118046566.0,-414359240.0
BIOEN,4969461143.0,4192043729.0,3465560958.0,3158266618.0,752825556.0,-28865915.0,117582791.0,-141988490.0,1014108355.0,179385725.0,412904419.0,192894569.0,2109986572.0,-103109404.0,-1627804640.0,-912213616.0,78284689.0,65904322.0,12008581.0,-2949565.0,6585906765.0,5914173881.0,6044643985.0,6131892099.0,100668396.0,131712575.0,,,,,,,,,,2483535284.0,-1726339376.0,-2328691545.0,-1066822392.0,,,,-56300355.0,984972753.0,953848071.0,1063152479.0,1080234810.0,,,,,-486922708.0,-575249495.0
BIZIM,71708542333.0,58911137199.0,46410267940.0,42454009017.0,7024376070.0,8048562262.0,7744888884.0,7062083340.0,-169015101.0,621797252.0,2137269348.0,1941108935.0,155650949.0,-2590325194.0,-933302588.0,-460904666.0,1130923430.0,884984630.0,110814543.0,147042566.0,177857133.0,988360727.0,2028515690.0,1336676628.0,2718622.0,28711712.0,,,,,,,,,,3044567342.0,2829309212.0,-1432159091.0,-936684118.0,,,-992678651.0,-1070397060.0,1714746308.0,1960473054.0,1991325186.0,1944380296.0,-77069341.0,,,,-1179881838.0,-1138980820.0
BJKAS,6161687768.0,7671581819.0,7029785004.0,,-2181996526.0,-2710758760.0,-5632767276.0,,-1434537541.0,-1585527033.0,-4004081559.0,,854767981.0,-1689594154.0,-1332110609.0,,100728544.0,,-36773490.0,,6878428193.0,5028603878.0,2968207609.0,,118778308.0,,,,,,,,,,,6227372617.0,635803763.0,-2752480849.0,-1540738552.0,,,-29383099.0,-7652152431.0,1407032291.0,1808110771.0,2562416031.0,,,,,,-1566575250.0,
BKRGY,2433241.0,19346661.0,247239177.0,328911780.0,2433241.0,19346661.0,118810285.0,151241215.0,1033581.0,15916365.0,107624821.0,134142835.0,5721987349.0,-1023471391.0,-167016128.0,-60286151.0,,2032927.0,,951879.0,173949163.0,157890503.0,41918067.0,41834365.0,2658887.0,898599.0,60073558.0,260622457.0,-1517896.0,,,,,,5747067540.0,-156432836.0,-65669052.0,,,,,,,,,43274.0,,,,,,,
BLCYT,1146447307.0,1150280437.0,723757517.0,700700254.0,344759141.0,211028742.0,139734644.0,142497664.0,465931749.0,209598282.0,122910837.0,148802090.0,916369727.0,412052423.0,46860527.0,112594222.0,18141941.0,14535200.0,5415921.0,2890536.0,-1165598485.0,-1835068113.0,-1604066192.0,-1476894265.0,-17816670.0,-31723576.0,,,,,,,,,,510105679.0,623381464.0,-310300406.0,-199030051.0,,,,,233826091.0,138790097.0,135196165.0,147717592.0,63631095.0,,,,,
BLUME,502035896.0,328683117.0,267982985.0,423017108.0,158308111.0,88502669.0,71666245.0,78723783.0,155220986.0,71598269.0,62750100.0,55816872.0,38288781.0,26437061.0,2653371.0,-90209793.0,7892343.0,8856904.0,2529354.0,1584636.0,211769409.0,49145757.0,-2500520.0,8909546.0,3236986.0,191376.0,,,,,,,,,,-12321714.0,50192695.0,-2972831.0,-16644249.0,,,-2482715.0,-2069506.0,52434202.0,52541738.0,58067433.0,63492810.0,,,,,-30308497.0,-6697365.0
BMSCH,5016773042.0,3615624861.0,2965264623.0,2616098856.0,387946326.0,35554848.0,237090338.0,193873478.0,197068385.0,-179203999.0,53141775.0,37520085.0,56932656.0,-303681292.0,-90475568.0,-14630138.0,79045897.0,54156165.0,6085675.0,4024196.0,195022343.0,494550493.0,521873684.0,649868592.0,2981000.0,13959128.0,,,,,,,,,,107662406.0,-225562063.0,-226994133.0,-131363698.0,,,,,24447035.0,50746534.0,64379960.0,74248706.0,-35972351.0,,,,-86805816.0,-82056821.0
BMSTL,1380215793.0,1790009690.0,2486444925.0,2799020031.0,241700962.0,296977257.0,433601514.0,548311206.0,139153883.0,122473489.0,199873861.0,215795512.0,16892030.0,-11145016.0,-70252172.0,-41872158.0,58253463.0,65032512.0,10201244.0,12760188.0,343811976.0,609759071.0,425098988.0,468883925.0,11695359.0,10071591.0,,,,,,,,,,8475669.0,-90388952.0,-250616924.0,-250407046.0,,,,,36151980.0,52256089.0,104559576.0,113709378.0,-11000076.0,,,,-42120971.0,-101885209.0
BNTAS,2148397959.0,1721476742.0,1575494529.0,1545839729.0,372511686.0,328799378.0,273465584.0,259314246.0,319398628.0,276783832.0,225017158.0,212599787.0,379195964.0,335776682.0,283085018.0,282602317.0,33886055.0,32231615.0,5882083.0,5408517.0,-410182738.0,-311985383.0,-490600554.0,-718253265.0,-6269818.0,-15428025.0,,,,,,,,,,337759602.0,378644088.0,-417403760.0,-426769983.0,,,,,61277200.0,65048466.0,77152427.0,88023323.0,,,,,,
BOBET,19809879188.0,15603757231.0,13307452236.0,13428547000.0,4026872589.0,1526665921.0,-239514191.0,-605462708.0,5065203872.0,3132205823.0,1515585151.0,1105211284.0,3124941964.0,248272085.0,-1351087535.0,-1092730617.0,312764665.0,279756738.0,63634080.0,-12924371.0,-1049436946.0,-943153504.0,-202911994.0,831794976.0,-16041092.0,17866893.0,,,,,,,,,,5661714155.0,3421624255.0,-4460947729.0,-2553581084.0,,,-219219556.0,44429828.0,1229460589.0,1799782563.0,1957834926.0,1942279321.0,-1209251164.0,-984055273.0,-98378520.0,,-1072858076.0,
BORLS,7078903696.0,10541983358.0,8189526958.0,7021919403.0,1337888921.0,2162795123.0,664850493.0,578069227.0,2188288728.0,3729591103.0,1987610065.0,1929896650.0,1131875828.0,-2426050401.0,-4594503777.0,-3258781852.0,111414486.0,144605553.0,20622377.0,12218799.0,3053534352.0,7287510348.0,12154909270.0,10279840471.0,46674576.0,220810190.0,,,,,,,,,,1274533794.0,2826705392.0,-3920413337.0,-6097785720.0,,,,-1085617843.0,1772579217.0,2707372128.0,2286418723.0,2032873253.0,-187746221.0,-5569796.0,0.0,,-1263425465.0,-2271542906.0
BORSK,7571858593.0,5904770705.0,5625067323.0,,2164246230.0,678519244.0,671513509.0,,1975396564.0,487517756.0,661359946.0,,1592005538.0,571511098.0,-364990642.0,,120266153.0,,34897668.0,,-832638527.0,226634085.0,913498045.0,,-13345062.0,,,,,,,,,,,-126566774.0,1756358634.0,-1136522435.0,-1658850655.0,,,-1015399.0,-1672649.0,157896830.0,169492256.0,335886506.0,,-464086325.0,-164926378.0,-237404364.0,,,
BOSSA,11010553766.0,9657296729.0,8135090267.0,7057044565.0,1648899277.0,1951248542.0,1602324666.0,1118761990.0,1079347810.0,1253861119.0,1114522615.0,649600202.0,2555472540.0,834791518.0,335656658.0,43069545.0,173677153.0,147139321.0,25325451.0,23054140.0,3446355941.0,3155890532.0,2342125044.0,1819283840.0,52679022.0,39078078.0,,,,,,,,,,1805415424.0,1200361568.0,-520542578.0,-854139622.0,,,,,392830589.0,324695934.0,483151879.0,489294917.0,,,,,-600859750.0,-346183436.0
BRISA,58970279062.0,53249843536.0,48691011370.0,49642878370.0,14463200557.0,12542474492.0,10912086242.0,12169665242.0,9508592490.0,8352519343.0,6821852537.0,8123545537.0,8869807579.0,2341013934.0,-1280589516.0,453157484.0,931257149.0,1035795772.0,228317045.0,253645854.0,2574572428.0,6939525300.0,6772485000.0,6039310000.0,39353439.0,129723919.0,,,,,,,,,,7726110637.0,4733234586.0,-2984337131.0,-4252473883.0,,,-81637859.0,-62940314.0,3280168215.0,3685471713.0,3778419606.0,3825345606.0,-3883650785.0,-2249381419.0,-1138947901.0,-139471901.0,-3267644800.0,-4810462527.0
BRKO,100379677.0,120546646.0,189238009.0,285520401.0,21857711.0,90756787.0,95740067.0,141499952.0,17240638.0,81029777.0,64977366.0,104545695.0,-737351228.0,39598856.0,162682448.0,198400592.0,1584833.0,6025830.0,344421.0,2959489.0,59975512.0,22185189.0,192562373.0,903183953.0,916751.0,19400322.0,,,,,,,,,,-3359572019.0,-159065941.0,,0.0,,,,,,36542.0,0.0,2660747.0,,,,,-6613.0,
BRKSN,1252621099.0,1023980599.0,953831139.0,916141753.0,468515509.0,356734238.0,353140005.0,352244612.0,265543613.0,131710878.0,151325394.0,165857784.0,157033247.0,-11417525.0,23092739.0,15846728.0,19656937.0,19146916.0,7350954.0,7342195.0,-38846182.0,-10174795.0,-85747906.0,-140557528.0,-593780.0,-3019165.0,,,,,,,,,,50600736.0,-21780581.0,-14615357.0,-23644215.0,,,,,75072453.0,42295678.0,56278313.0,46153926.0,-10613834.0,-8633471.0,,,,
BRKVY,,,,,,,,,,,,,,,,,,,,,-25435000.0,-19569000.0,-33994000.0,-30088000.0,-865216.0,-646288.0,,,,,,,,,,,,,,,,,,,,,,,,,,,
BRLSM,8830939883.0,6192587668.0,5505710566.0,6637482225.0,912957897.0,1603096842.0,882703619.0,888242964.0,584672933.0,1238026114.0,509778638.0,486149773.0,-445198921.0,686611473.0,-236424208.0,-518093453.0,139664939.0,138691754.0,14342990.0,18635875.0,-670175504.0,785746850.0,1090151905.0,804770679.0,-10243919.0,17286413.0,,,,,,,,,,-131236709.0,-735558744.0,-122361093.0,0.0,,,,,52854262.0,55979920.0,57886033.0,60392545.0,-79396732.0,,,,-18091314.0,-586995170.0
BRMEN,73012191.0,198964988.0,235785366.0,244492406.0,30100311.0,87424451.0,98307923.0,118373117.0,-12221061.0,-9047534.0,-17608846.0,-10791568.0,-8793980.0,-23264925.0,-41076553.0,-38221453.0,1145835.0,5103522.0,471539.0,2476053.0,-24781260.0,-16192571.0,-681715.0,256929.0,-378792.0,5519.0,,,,,,,,,,25174611.0,-14555160.0,-2916221.0,-4312325.0,,,-1926046.0,0.0,2041743.0,2045174.0,2060013.0,2177692.0,,,,,0.0,-32302344.0
BRSAN,42175476000.0,55065658000.0,71453576000.0,85872204000.0,7087885000.0,3606985000.0,6011082000.0,8172439000.0,6054308000.0,2357963000.0,4775370000.0,6738029000.0,4102619000.0,-226612000.0,1271661000.0,2470608000.0,1780060452.0,2012937190.0,299151663.0,190756751.0,6458327000.0,9901784000.0,7793071000.0,7387718000.0,219691162.0,158687620.0,,,,,,,,,,8813557000.0,1259395000.0,-1887669000.0,-2422828000.0,,,-78064000.0,-60874000.0,1000295000.0,1419360000.0,1973894000.0,2317443000.0,,,,,-1429000000.0,-1557537000.0
BRYAT,165945220.0,79450855.0,89680727.0,186411876.0,165945220.0,79450855.0,89680727.0,186411876.0,97021261.0,-45597859.0,-162459084.0,-70897926.0,2269211251.0,2033239024.0,4640573020.0,4290208652.0,7003893.0,4069583.0,7003893.0,4069583.0,-1027915384.0,-373696240.0,-5212606748.0,-743175488.0,-34966319.0,-15963353.0,,,,,,,,,,1525759194.0,884719092.0,,,,,,,,,,,-436144567.0,-1242355024.0,-1828538557.0,-4930459280.0,-10499897.0,-411802.0
BSOKE,9173434210.0,6585282307.0,6847466494.0,6491155109.0,1284604111.0,277238613.0,474184990.0,510084697.0,1144177605.0,139130973.0,495719744.0,385913255.0,1941933146.0,386495076.0,-141760552.0,-298050583.0,145018522.0,135578402.0,20353184.0,15690120.0,7063118426.0,3464207544.0,3419549934.0,2764266602.0,107962780.0,59376236.0,,,,,,,,,,343374743.0,538901124.0,-163514939.0,-127821312.0,,,-10632486.0,-3678819.0,705942835.0,802446615.0,906124792.0,893957909.0,,,,,-979915094.0,
BTCIM,25586971964.0,20716554606.0,16827281712.0,16073166842.0,3652796994.0,2458083767.0,1695137357.0,2040172971.0,3707453029.0,2464694808.0,1599296102.0,1810957849.0,4081222379.0,33934872.0,-269384028.0,-37801036.0,404666241.0,335362942.0,57733471.0,43357967.0,9902211149.0,6132444391.0,6156801144.0,5148730311.0,151359524.0,110594335.0,,,,,,,,,,2554563505.0,234669585.0,-1003191577.0,-563783792.0,,,-28065571.0,-40541203.0,1531403262.0,1659498499.0,1539802620.0,1613983851.0,,-15722125.0,-42472465.0,65798185.0,-2243503937.0,
BUCIM,23223517403.0,18194086644.0,14300730492.0,14557486156.0,6585927145.0,4464154246.0,2426167739.0,2594227244.0,5705576129.0,3405664882.0,1497387001.0,1662574798.0,4079509318.0,746530395.0,-945494290.0,-421991585.0,366556913.0,304027508.0,103758313.0,54238902.0,-1234260214.0,1381080784.0,4480333066.0,4911956208.0,-18866194.0,105508445.0,,,,,,,,,,4198127327.0,3026534830.0,-4220380580.0,-6212059962.0,,,-24461715.0,-18176216.0,743720401.0,789118078.0,940566102.0,1038006164.0,-315166936.0,-251506926.0,-202850430.0,-67926749.0,-209094528.0,-601570285.0
BULGS,987205231.0,5056842957.0,2334135997.0,2451315068.0,425696870.0,3518996664.0,709394794.0,704630419.0,403441607.0,3473429692.0,650277621.0,641759480.0,2779126213.0,2133427320.0,1925922571.0,439319899.0,4389581.0,49688961.0,936165.0,14358544.0,-53499109.0,-58976119.0,-1394212636.0,-979006893.0,-817757.0,-21028993.0,,,,,,,,,,2938853241.0,2368195637.0,-980299.0,-7217310.0,,,9865728.0,12263258.0,7329862.0,13124558.0,8507217.0,12380532.0,,,,,,
BURCE,1465774057.0,2076116506.0,791556535.0,820643336.0,361302564.0,514541864.0,108332843.0,82048391.0,235123911.0,341109265.0,-57612398.0,-79469069.0,117365015.0,74152075.0,-149135945.0,229654530.0,23079298.0,18354537.0,5681374.0,1783682.0,-220526375.0,-78257323.0,151282968.0,121010093.0,-3370840.0,2599288.0,,,,,,,,,,305581114.0,80698203.0,-103913673.0,-87752299.0,,,,19493.0,44425777.0,52759448.0,58134250.0,57427116.0,,-24934335.0,,,-41046513.0,-54181022.0
BURVA,371666818.0,631287965.0,165901055.0,304336978.0,15639512.0,201751412.0,16210652.0,25236540.0,-23471919.0,137142169.0,-49388771.0,-31465640.0,6888845.0,54504082.0,-52800007.0,-30957908.0,5812275.0,6402018.0,235855.0,533465.0,-38175208.0,-33347752.0,-9537125.0,28311161.0,-583524.0,608122.0,,,,,,,,,,105954995.0,-4047566.0,-15750740.0,-13961970.0,,,-96939.0,,5802158.0,8030311.0,8364988.0,8006882.0,,,,,-17773889.0,-2864262.0
BVSAN,4720927478.0,4226847780.0,3710013631.0,3601672502.0,1088829851.0,890669873.0,995101750.0,846840101.0,816402107.0,609447356.0,691021495.0,546415579.0,548424470.0,585712607.0,214383484.0,-35250236.0,74150479.0,74050971.0,17177300.0,17352377.0,-401764567.0,59490245.0,582394819.0,467398778.0,-6141143.0,10039690.0,,,,,,,,,,-329775314.0,-247298467.0,-690792158.0,-255702278.0,,,,,71885181.0,96203450.0,99652085.0,109300591.0,,,-38877610.0,,,
BYDNR,4327940489.0,4855705640.0,4667449067.0,4713103633.0,978944986.0,725576085.0,469177174.0,504455380.0,1246331531.0,676010114.0,597523274.0,602382260.0,308954515.0,-180710697.0,-118879508.0,-29519497.0,68171124.0,98432792.0,15306973.0,10500997.0,67121188.0,452917778.0,916086464.0,815791136.0,1025976.0,17523131.0,,,,,,,,,,851772184.0,-11653898.0,-1006952551.0,-474617866.0,,,,311833205.0,758055756.0,621711399.0,812871559.0,777588229.0,,0.0,-72752998.0,-4552461.0,-276895921.0,-231770819.0
CANTE,12976339456.0,9408321536.0,7254118403.0,7666663676.0,2159611587.0,1554458519.0,454930717.0,128449485.0,3523502580.0,3480089619.0,2551754055.0,2427617518.0,994237616.0,-1900574034.0,-2011990405.0,-2432574893.0,205253352.0,160088252.0,34106557.0,2376401.0,-219496802.0,-120463345.0,197722433.0,-2102385176.0,-3355102.0,-45159073.0,,,,,,,,,,10132320392.0,3995882452.0,-11380762726.0,-3081969808.0,,,24908211.0,-4215390.0,1775322229.0,2316705758.0,2386028097.0,2664394722.0,,,,,,
CASA,1332523788.0,0.0,1344406905.0,1344406905.0,441793725.0,0.0,178053617.0,178053617.0,506086252.0,-5855512.0,-6891568.0,143348233.0,433048510.0,11694104.0,-154490511.0,-141326471.0,21433372.0,26881839.0,6985559.0,3560238.0,-20470.0,-2694.0,-35492.0,-28868.0,-313.0,-620.0,,,,,,,,,,89918097.0,-4932064.0,,,,,,,75212918.0,,,,,,,,,
CATES,11785716149.0,8320122682.0,7654104569.0,8885056041.0,1864657991.0,703630978.0,746900179.0,-220972676.0,2998148790.0,1482539963.0,898710583.0,247977127.0,3385867013.0,-5286124251.0,2105439845.0,2149751704.0,185886850.0,185682928.0,29229675.0,-5734095.0,215015949.0,-493891075.0,-1302337540.0,-836279463.0,3286611.0,-17963219.0,,,,,,,,,,3891203728.0,434014958.0,-792509438.0,-99437627.0,,,-24876188.0,-14165169.0,1628324479.0,1391035907.0,972474929.0,1200902075.0,,,,,-1130500274.0,
CCOLA,224863636986.0,212222447276.0,220428307256.0,229450610256.0,73527906352.0,74895449609.0,78390452917.0,86542003917.0,39874414757.0,37213287795.0,38754379887.0,45456901887.0,45799128071.0,22833086364.0,16571587274.0,22008168274.0,3540726799.0,4812806567.0,1156458365.0,1814889473.0,33179419581.0,39760239075.0,30138020000.0,29945527000.0,507161591.0,643227638.0,,,,,,,,,,27913175928.0,25812867711.0,-13640334693.0,-19234353066.0,,,-571205588.0,-505416095.0,8205759269.0,8904328131.0,8994715924.0,9421586924.0,-2447725360.0,-3815417413.0,-4157174324.0,-4180165324.0,-7805838750.0,-11017874476.0
CELHA,3781386382.0,2534532489.0,2514275890.0,2392699930.0,459579757.0,215225576.0,144944739.0,174252991.0,181753514.0,-174931858.0,112814736.0,133115328.0,81548392.0,-197750557.0,-779010853.0,-683840562.0,59971690.0,49837636.0,7239254.0,3427449.0,1270293120.0,587612801.0,348758498.0,397465249.0,19416973.0,8537523.0,,,,,,,,,,-192005023.0,421898298.0,-717344115.0,-400499791.0,,,-2246443.0,-705093.0,160289183.0,138133514.0,372129876.0,338228372.0,,,,,-327241892.0,-147589287.0
CEMAS,3675133760.0,2899493389.0,2019244670.0,1803460106.0,318074494.0,254723.0,-645043898.0,-645533915.0,100363826.0,-27718798.0,-496775831.0,-446381008.0,-672222075.0,-755425842.0,-1598200275.0,-1241617602.0,58208361.0,37622707.0,4995070.0,-13432008.0,-874419664.0,395133298.0,787982241.0,659433276.0,-13365878.0,14164577.0,,,,,,,,,,-764289471.0,-1067361029.0,-449058129.0,-683431809.0,,,,,281496889.0,347894444.0,315600251.0,289085065.0,,,,,,
CEMTS,11115008764.0,8898847274.0,7385190932.0,7032819879.0,1989775242.0,1324145183.0,1181166125.0,1061313619.0,1724721703.0,1001712741.0,934054510.0,742935001.0,183838010.0,-45974585.0,-136554287.0,-328972914.0,175354067.0,146939217.0,31134081.0,22090946.0,-1219715653.0,-851107268.0,-555011187.0,55509430.0,-18643874.0,1192338.0,,,,,,,,,,1200997955.0,2108809233.0,-381951620.0,-2286682397.0,,,,,353694927.0,366931795.0,444122895.0,425462577.0,-160629801.0,-145056082.0,-154050565.0,-160522296.0,-56003989.0,-43221530.0
CEMZY,3387541040.0,3503923600.0,3298767963.0,3119181649.0,1603757246.0,736755531.0,766295485.0,731853070.0,1482024002.0,673796866.0,769032691.0,720351613.0,913239836.0,140398223.0,-585411747.0,-414221782.0,53396685.0,65037279.0,25291471.0,15267327.0,1834653549.0,456929450.0,766068979.0,-39370892.0,28043463.0,-845684.0,,,,,,,,,,-128487686.0,-675347290.0,-548848643.0,-250599719.0,,,,,51974939.0,74404313.0,81969204.0,86556160.0,,,,,-346542008.0,-319331399.0
CEOEM,1073644147.0,1046620534.0,1041670607.0,1239364732.0,94616393.0,105872008.0,67661037.0,188878849.0,57046811.0,63101537.0,10549304.0,131270224.0,61524048.0,49543133.0,-940206.0,73416262.0,16905796.0,26659983.0,1488784.0,4072849.0,-441644804.0,-631692683.0,-591926131.0,-384615657.0,-6750729.0,-8261515.0,,,,,,,,,,213829912.0,477371022.0,-4624358.0,-7140359.0,,,-1756788.0,-1878308.0,5053051.0,7423835.0,8890927.0,6124839.0,,,0.0,,,
CGCAM,3571629408.0,3383920807.0,2890918740.0,2674461399.0,828789661.0,921377940.0,866223160.0,673779955.0,674745307.0,626946272.0,620284135.0,465997240.0,531160805.0,309691635.0,536393957.0,247338683.0,9284254.0,55905242.0,3588590.0,13808112.0,-25471841.0,-679793066.0,-484413577.0,-176707570.0,-389348.0,-3795665.0,,,,,,,,,,426669844.0,274523303.0,-194160340.0,-249196840.0,,,,,80292201.0,99954079.0,135158424.0,188982306.0,,,,,,
CIMSA,45631545412.0,43390728688.0,54059826785.0,52642936785.0,8967042514.0,9316340601.0,10588209996.0,10097415996.0,8144368914.0,7840017635.0,9701285957.0,9681309957.0,5543323348.0,4142996031.0,3653103047.0,4340453047.0,719570775.0,1099187245.0,141570714.0,210367215.0,5207473655.0,21275286498.0,22941161000.0,26253905000.0,79598458.0,563931879.0,,,,,,,,,,6305284804.0,9822897789.0,-7440377475.0,-5518224473.0,,,,,2533270788.0,3019737282.0,4914876885.0,5207112885.0,-1397940743.0,-2021441812.0,-1114765905.0,-1239454905.0,-1583332584.0,-966402581.0
CITAS,4766814342.0,6725636965.0,9669340445.0,10476909948.0,1229397173.0,1675818931.0,3182851644.0,3260083317.0,730091650.0,799555546.0,1730998898.0,1935382846.0,355897913.0,273610758.0,1024614997.0,1389622051.0,,114396553.0,,37159774.0,-49245563.0,-143839.0,-32204127.0,26072172.0,-752739.0,560028.0,,,,,,,,,,584824195.0,732971887.0,-377432110.0,-559269945.0,,,,,110058049.0,104285743.0,158823293.0,183952894.0,-122398945.0,-43473456.0,-52416946.0,,-32410049.0,-101938866.0
CLEBI,10864817407.0,12700798926.0,18227731414.0,20929843852.0,3667187574.0,4388908949.0,6278133304.0,7028472667.0,3279674514.0,4070411934.0,5488482306.0,5831527969.0,1667723088.0,3566410436.0,3637202794.0,3434230531.0,458561079.0,490348127.0,154777520.0,166405204.0,2440644438.0,1593940021.0,6393332827.0,6405804700.0,83022741.0,137596197.0,,,,,,,,,,2671638355.0,4860164732.0,-691631564.0,-1398869607.0,,,-335810757.0,-441991640.0,626898399.0,946495040.0,1045980510.0,1040635110.0,-1305436481.0,-1735319394.0,-3584250000.0,-2502900000.0,-185786445.0,-766287998.0
CMBTN,6704916331.0,7347459523.0,5931009409.0,4984834351.0,225369304.0,216364020.0,2516395.0,-138061093.0,422078279.0,321598322.0,177147169.0,49189728.0,183146311.0,-9687742.0,-353770929.0,-298411808.0,105681414.0,103914345.0,3568695.0,-3009004.0,122861054.0,225481302.0,52813512.0,203011985.0,1877984.0,4360682.0,,,,,,,,,,496442129.0,605815125.0,-127841444.0,-59477740.0,,,-334534328.0,-383476286.0,481629057.0,391314349.0,443816122.0,440100926.0,,,,,-58989671.0,-145729701.0
CMENT,23905567102.0,22267994260.0,20055393970.0,17947587970.0,4705778448.0,4220999015.0,3780062357.0,3259982357.0,3898813121.0,3544639108.0,3201368983.0,2560594983.0,1961810871.0,1456017625.0,1413419157.0,999810157.0,376457116.0,372940021.0,73570005.0,66767236.0,-3095622650.0,-3468701633.0,-4315464000.0,-1059056000.0,-47317914.0,-22748442.0,,,,,,,,,,2236780408.0,3018166365.0,-936588252.0,-849137240.0,,,-354013395.0,-411503747.0,1293235877.0,1173289045.0,1180523036.0,1077170036.0,-5815652.0,-1002493610.0,-10320478.0,-3528478.0,-112091191.0,-141900869.0
CONSE,2628345841.0,2110466468.0,1983740199.0,1735220593.0,409012691.0,320547431.0,299438922.0,195565339.0,529234113.0,509312136.0,474879132.0,374890119.0,466078458.0,233829051.0,142901856.0,78651732.0,41403051.0,36250529.0,6406461.0,4018956.0,3444108286.0,2556798718.0,2801141880.0,5573019932.0,52644665.0,119708043.0,,,,,,,,,,246418850.0,455114657.0,-685300596.0,-801679096.0,,,-164360306.0,-243470427.0,377636399.0,434074318.0,467831656.0,495693394.0,,0.0,0.0,,-534902994.0,-196055486.0
COSMO,715205907.0,1069474499.0,751980664.0,740591111.0,87584186.0,86177452.0,81517689.0,109823518.0,54953500.0,53425949.0,39435555.0,72658444.0,-9989768.0,7886103.0,14994754.0,-40504544.0,11219274.0,15254595.0,1376336.0,2303216.0,-2196199.0,10272140.0,-86560486.0,30620284.0,-33570.0,657721.0,,,,,,,,,,-47264847.0,-7748715.0,-26359338.0,-18325252.0,0.0,-12331094.0,,,6560727.0,10135040.0,7453853.0,12036446.0,,,,,-4709162.0,3593919.0
CRDFA,,,,,,,,,145094587.0,288877922.0,430776027.0,472492077.0,66106898.0,119380370.0,916250637.0,1925340623.0,,,,,-14274543.0,-40779726.0,-100164449.0,-89465558.0,-485573.0,-1921713.0,,,,,,,,,,,,,,,,,,,,,,,,,,,
CRFSA,98678861601.0,101213967756.0,98460934286.0,93318421286.0,19559688605.0,23564420128.0,23043042856.0,21406446856.0,1987223715.0,3978882294.0,3414212947.0,2990504947.0,2679864382.0,-4394442870.0,-7700637011.0,-7034874011.0,1554808930.0,1945665597.0,308569239.0,445987605.0,4636255736.0,10879772924.0,18650424000.0,24382683000.0,70867148.0,523738173.0,,,,,,,,,,7276518808.0,2503700422.0,-2317615357.0,-1578477329.0,,,-2523732686.0,-2702981977.0,4671823237.0,5198145983.0,5318384735.0,5070001735.0,,,,,-1886961127.0,-9122000682.0
CUSAN,3991775211.0,4273877801.0,3307198228.0,2634188705.0,544757585.0,845113672.0,395571900.0,221635478.0,87588762.0,343490322.0,-84553532.0,-110163963.0,-530410370.0,-294610763.0,-688617107.0,-320429769.0,63025814.0,54504970.0,8627468.0,4322938.0,677033676.0,2490407698.0,2856924674.0,2100890880.0,10348749.0,45126976.0,,,,,,,,,,1803592398.0,472649255.0,-82517461.0,-1690275802.0,,0.0,-7042168.0,-39416245.0,188256432.0,231772595.0,263611558.0,225231938.0,,,,,-279372612.0,-239663654.0
CVKMD,3958528337.0,4832617886.0,3859432109.0,4468447430.0,1769546153.0,1744926060.0,1075870871.0,1424326576.0,1574644602.0,1587172028.0,1000035596.0,1488829268.0,671728127.0,1470267815.0,166525927.0,257738755.0,62135123.0,94426630.0,27699176.0,30414335.0,-1301037938.0,2418156276.0,1188602815.0,3718099097.0,-19886920.0,79864485.0,,,,,,,,,,556400195.0,10811272079.0,-1148115334.0,-2914175340.0,,,,,239405438.0,474280419.0,434885964.0,567015200.0,,,,,-45015228.0,-498192188.0
CWENE,25599862847.0,16216837461.0,19260537713.0,20718758811.0,5979748823.0,3957976929.0,4771745856.0,5665690717.0,5189938566.0,3240415964.0,3737391509.0,4637196280.0,842803978.0,562966595.0,2608484952.0,3217757338.0,403685726.0,431093336.0,93829172.0,117717680.0,2106980162.0,4802486445.0,8294866450.0,9426161231.0,32206091.0,202473225.0,,,,,,,,,,-3173882628.0,-1978656837.0,-7451384850.0,-2153622726.0,,,-46941367.0,-79988527.0,523591409.0,709946007.0,818865121.0,1014701190.0,0.0,-163917851.0,0.0,,,
DAGI,3144810216.0,3234302148.0,3782439269.0,4001528739.0,1794023467.0,1771157958.0,1914110836.0,2090410949.0,379588854.0,451652160.0,595185890.0,820051305.0,237453113.0,-159752797.0,-232167945.0,-89245111.0,49483281.0,83503980.0,28230297.0,43761580.0,1599959794.0,1525865929.0,1550477850.0,2014881161.0,24456068.0,43279494.0,,,,,,,,,,-13776632.0,431679801.0,-89951206.0,-74137004.0,,,-163307879.0,-190210706.0,542682752.0,999150262.0,709775227.0,725379265.0,,,,,-515217107.0,-657593958.0
DAPGM,15870907651.0,10460013882.0,9432725894.0,9756412006.0,10393764055.0,8205542236.0,7056096913.0,7462203314.0,9526160188.0,7829437513.0,6607937970.0,6968246064.0,3578636386.0,1276282206.0,1228954069.0,831481047.0,248562675.0,203725235.0,162710342.0,156180606.0,1551296000.0,1021814687.0,1788752479.0,1289179309.0,23712222.0,27691473.0,,,,,,,,,,-306237253.0,93487795.0,-36526368.0,-44532032.0,,,,,35744122.0,49051984.0,52907428.0,51002395.0,,,,,,
DARDL,14393151342.0,16707358728.0,16477557827.0,15647060868.0,4251152393.0,5813744606.0,5370357476.0,4879599623.0,1473795362.0,2131844203.0,957150427.0,670701729.0,-135686944.0,-274977039.0,-1421235817.0,-1611092544.0,227016846.0,325907562.0,66897292.0,101022509.0,4707060723.0,4099219616.0,5012442535.0,5855695033.0,71949432.0,125779883.0,,,,,,,,,,150133267.0,-956776935.0,-732277970.0,-908420158.0,,,,,289290679.0,485642705.0,486118403.0,526713437.0,,,,,,-1633125585.0
DCTTR,3417762210.0,3867769630.0,3190388103.0,1264110654.0,143869227.0,-48922309.0,436235425.0,93712210.0,83605607.0,-249525263.0,261742273.0,-57213469.0,17113474.0,-66379675.0,-140961943.0,-316655042.0,54139386.0,26689361.0,2265431.0,1941270.0,829160755.0,-245890150.0,448002915.0,226960886.0,12674076.0,4875103.0,,,,,,,,,,-609502595.0,589991856.0,-4713798.0,-46235177.0,,0.0,,,25796795.0,16327184.0,24769024.0,29891290.0,-23040387.0,-6927449.0,0.0,,,
DENGE,871938164.0,824771287.0,709676002.0,563219793.0,50800022.0,62174749.0,16786452.0,17899558.0,-10922586.0,-24329418.0,-64551815.0,-61339057.0,534639931.0,-523536076.0,-526612648.0,-294415919.0,15039728.0,11695908.0,1151397.0,390185.0,361775301.0,314610954.0,176284146.0,182487118.0,5529890.0,3919809.0,,,,,,,,,,-1442689187.0,-159701966.0,-134142210.0,-12903499.0,,,,,60967880.0,69024480.0,53164670.0,41991527.0,,,,,,
DERHL,3981124200.0,4747922854.0,5101088964.0,4828665816.0,661629819.0,750542992.0,1265938792.0,1390250094.0,405566699.0,459056997.0,870912565.0,950275249.0,164595395.0,39524902.0,10781958.0,-5673594.0,62710344.0,100825250.0,10449778.0,29090113.0,1483850487.0,1642132629.0,2413892519.0,2148180283.0,22681288.0,46142749.0,,,,,,,,,,-157752618.0,-809549577.0,-40209444.0,-23015723.0,-10014460.0,0.0,,,100744170.0,114623989.0,167576836.0,236296163.0,,,,,,
DERIM,5813137744.0,5629858330.0,5309354824.0,4976087890.0,698931484.0,718539349.0,791593872.0,769265585.0,382651123.0,368326444.0,477803950.0,480053876.0,27335267.0,116549574.0,109563349.0,119736207.0,91636946.0,103450878.0,11113864.0,15976306.0,-265101992.0,-323763951.0,-715459861.0,-505204783.0,-4052197.0,-10851760.0,,,,,,,,,,15732535.0,89880975.0,-4712101.0,-816061.0,,,,-3031129.0,18176820.0,6077632.0,2312556.0,2597665.0,,,,,-39113921.0,
DESA,5451036764.0,4593497971.0,4496340860.0,4425326238.0,2708523478.0,2635022848.0,2633779457.0,2655324505.0,1790534533.0,1301050056.0,1074521121.0,925096986.0,1103910391.0,505152580.0,683606942.0,568537456.0,86042763.0,92847343.0,42527916.0,55620446.0,-1733801001.0,-1812315724.0,-1808296210.0,-1454116450.0,-26501888.0,-31234311.0,,,,,,,,,,718203511.0,-134468235.0,-130565845.0,-63987590.0,,,-357280703.0,-449038479.0,636091652.0,466901546.0,519761759.0,525798147.0,,0.0,-130102855.0,,-26210916.0,-205660515.0
DESPC,9012690284.0,11295743144.0,12874152591.0,7534891716.0,399874534.0,631157364.0,926043287.0,583416018.0,231302990.0,441559176.0,715607635.0,403410597.0,-176843908.0,23428856.0,-50286224.0,-130342073.0,141641627.0,153837356.0,6266953.0,12067333.0,-17883192.0,-7237438.0,-20887625.0,-101551527.0,-273352.0,-2181319.0,,,,,,,,,,288336829.0,294865213.0,-2591723.0,-6972731.0,0.0,0.0,-4295551.0,-4432006.0,8912434.0,5050267.0,7957497.0,8131568.0,0.0,0.0,0.0,0.0,-153623947.0,-336191696.0
DEVA,25214881464.0,23827500561.0,22663653497.0,23590983616.0,10561755232.0,9514593992.0,7424574722.0,8894886623.0,3788383700.0,3905537230.0,1680627327.0,2903814308.0,7534030019.0,107002527.0,-950308875.0,-1119074904.0,398307301.0,493988955.0,168424259.0,187832552.0,4282358658.0,6159185960.0,2814382703.0,2699812938.0,65457680.0,57991776.0,,,,,,,,,,11032109614.0,11602252036.0,-5690681144.0,-4950291429.0,,,-357676046.0,-415575751.0,1512991475.0,1674825093.0,1833025540.0,1873956411.0,-619848621.0,-710806654.0,0.0,,-3138799547.0,-1794048993.0
DGATE,11463251932.0,13535209359.0,18776232626.0,20646128507.0,382816409.0,686489636.0,1323471389.0,1539418106.0,64986781.0,361500093.0,931840317.0,1110384718.0,-305598035.0,-99642235.0,20424289.0,127065411.0,180494661.0,431035976.0,5988917.0,32295497.0,-23764223.0,40337.0,1370129550.0,-120779489.0,-363246.0,-2594334.0,,,,,,,,,,387424738.0,392495668.0,-4677377.0,-8405489.0,0.0,0.0,-11613895.0,-12717733.0,22653344.0,13066983.0,40075008.0,80878367.0,0.0,0.0,0.0,0.0,-250820315.0,-651837963.0
DGGYO,1220672803.0,1235530894.0,1352158956.0,1399926881.0,1031176099.0,1018089854.0,1131375088.0,1162506928.0,913948962.0,911681505.0,1018047614.0,1069085056.0,4108258077.0,1507747791.0,-276626467.0,25228564.0,19310832.0,29279652.0,16314810.0,24307366.0,6438418596.0,4785973840.0,4550586008.0,3929720799.0,98413977.0,84410103.0,880012926.0,718314203.0,-280983.0,-950098.0,-50158439.0,-6839799.0,,,16349489680.0,892148767.0,889357771.0,-2539106.0,-3099127.0,-6684367.0,-122930935.0,,,8138576.0,8108593.0,5848424.0,3774084.0,,,,,-522807073.0,-155667342.0
DGNMO,18664904074.0,18244916551.0,15083267367.0,13317090904.0,6355834404.0,5564230941.0,3232251462.0,2993463688.0,2344519962.0,1337096552.0,-241106765.0,26425366.0,1382080615.0,-699050253.0,-3325301729.0,-1456337790.0,293948318.0,277232674.0,99835120.0,62718384.0,3590388377.0,5313639997.0,7210402746.0,7153605208.0,54880619.0,153658895.0,,,,,,,,,,1473575925.0,1467510226.0,-1511845358.0,-1368871101.0,,,-256947238.0,-294144030.0,1295967629.0,1777182896.0,1399400723.0,1340554878.0,,-124326550.0,0.0,,-958978449.0,
DIRIT,43173564.0,227971.0,4500063.0,2825882.0,35200412.0,227971.0,217884.0,-40138.0,22508061.0,-8056961.0,-6817092.0,-5286391.0,116636427.0,-74551121.0,-184670128.0,-32981106.0,675914.0,61775.0,550063.0,-2126.0,18423164.0,17590400.0,-32866.0,-12248.0,281606.0,-263.0,,,,,,,,,,76335382.0,-185322.0,,,,,,,-6878718.0,3738397.0,0.0,-658311.0,,,,,,
DITAS,3357656226.0,2591005858.0,2425904676.0,2514060117.0,142254903.0,71631751.0,122166159.0,217919606.0,-81443233.0,-173796448.0,-56104696.0,62085732.0,-35944458.0,-316915297.0,-494090111.0,-219885041.0,52932070.0,52615876.0,2242887.0,4597040.0,1005411985.0,1226434327.0,692673024.0,280736139.0,15368151.0,6030191.0,,,,,,,,,,-86353003.0,-342392683.0,-342147486.0,-208664007.0,,,-51327370.0,-20310097.0,296059823.0,316671848.0,301963569.0,285786975.0,,,,,-96991062.0,-94020362.0
DMRGD,1583010750.0,1254676474.0,1425911881.0,1615639278.0,725200226.0,541503561.0,652776122.0,780229082.0,176664819.0,5676760.0,192969419.0,274984639.0,302670413.0,215339918.0,125506338.0,194489404.0,25030538.0,33688406.0,11499096.0,16345797.0,-1212176562.0,-279669964.0,71938434.0,-287283449.0,-18528636.0,-6170827.0,,,,,,,,,,-701680350.0,-198396339.0,-106059799.0,-329512044.0,,,,,110712892.0,121483878.0,148615200.0,128493001.0,,,,,-51083744.0,-42831637.0
DMSAS,6369513010.0,5349222267.0,3856480429.0,3597648134.0,375922340.0,582017690.0,374464282.0,318806551.0,168979261.0,437607550.0,196863939.0,161116254.0,268362572.0,-131189947.0,-249103563.0,-127784882.0,100731654.0,75216468.0,5867368.0,6657816.0,1398190060.0,986318622.0,787316269.0,665170319.0,21371932.0,14287808.0,,,,,,,,,,792792226.0,313030697.0,-530386369.0,-208813311.0,,,-5021794.0,,132328671.0,240640879.0,239444926.0,254022471.0,,,,,494580134.0,-512193141.0
DNISI,800239683.0,641885189.0,639023626.0,636074893.0,115939012.0,115604773.0,81919124.0,70236980.0,109856543.0,135226038.0,102092826.0,87481885.0,34029427.0,-82961050.0,28161046.0,52338204.0,12629177.0,13304430.0,1804495.0,1451307.0,-28245135.0,-108816966.0,-132243345.0,-79722837.0,-431739.0,-1712440.0,,,,,,,,,,418669951.0,393542768.0,-78720845.0,-44496686.0,,,-20737257.0,-5943063.0,81118797.0,97641613.0,96973137.0,96154376.0,,,,,-70778034.0,-10261958.0
DOAS,332134836130.0,290358006522.0,301207278453.0,276024393453.0,71503123664.0,46599969921.0,37594325877.0,33372768877.0,54915671235.0,25803504620.0,17330939652.0,14724158652.0,43667678332.0,11702616732.0,3698932847.0,2452101847.0,5225632035.0,5732272543.0,1125535349.0,693266178.0,4181021010.0,4147585135.0,29657333000.0,32227304000.0,63908691.0,692240034.0,,,,,,,,,,22266852489.0,21034195465.0,-4203130663.0,-6858217973.0,0.0,-139813981.0,-264776346.0,-403467811.0,2705420575.0,3397681812.0,3955189001.0,4027117001.0,-14780127053.0,-20261433767.0,-8402769850.0,-3531440850.0,-2947384396.0,-7318767936.0
DOCO,,,,,,,,,7043680000.0,13401570000.0,15354910000.0,,2307800000.0,4720690000.0,5402190000.0,,,,,,-10097910793.0,-9451970000.0,-13326050000.0,,-313020335.0,,,,,,,,,,,,,,,,,,,,,,,,,,,,
DOFER,5289695286.0,5464869406.0,8115287449.0,9014044246.0,221048988.0,160852027.0,380909342.0,402030484.0,237487430.0,66105395.0,282255085.0,317850833.0,316570965.0,-122575887.0,20141880.0,44953756.0,83349557.0,188464087.0,3503185.0,8324036.0,-279908953.0,-319027514.0,213291786.0,256234284.0,-4278528.0,5503893.0,,,,,,,,,,205822406.0,124452578.0,,0.0,,,,,128334418.0,41113221.0,98229666.0,104377304.0,0.0,,,,-110589885.0,-123558446.0
DOFRB,422892272.0,628321226.0,1011968695.0,1197296202.0,292109240.0,415615568.0,673938228.0,785028293.0,238899773.0,304220986.0,354653390.0,367403877.0,167186101.0,164513497.0,244951325.0,303341238.0,17848614.0,28703035.0,12328779.0,18877144.0,423618702.0,197941357.0,145482017.0,219634600.0,14410123.0,4717734.0,,,,,,,,,,58558396.0,-48088078.0,-19684351.0,-93322851.0,,,,,20585442.0,32234100.0,65840618.0,101286900.0,-21675261.0,-18145052.0,0.0,,-20130912.0,-131559549.0
DOGUB,123206787.0,76750175.0,79298749.0,61457613.0,12873529.0,-16694319.0,-8887212.0,-5131586.0,-3807404.0,-41701939.0,-29432415.0,-24284135.0,-20252140.0,-56474500.0,-59567236.0,-36932914.0,1951112.0,1261268.0,200651.0,-101686.0,-3750695.0,-2678410.0,-17991776.0,-10551186.0,-57331.0,-226639.0,,,,,,,,,,-11353202.0,-1072285.0,-83623.0,,,,-358268.0,,4810443.0,3326995.0,3312480.0,3328972.0,,,,,,
DOHOL,93725467067.0,86218681608.0,65840320498.0,63080890498.0,21039594134.0,15787984598.0,19995562517.0,22892478517.0,17617263757.0,6975668170.0,12504104782.0,15215523782.0,-323971766.0,6654586366.0,2110595482.0,6387692482.0,1474111790.0,1316081750.0,331254816.0,478870428.0,-29998454967.0,-34489979281.0,-46465914000.0,-45431111000.0,-458539189.0,-975856802.0,,,,,,,,,,5688048781.0,43205674884.0,-11759344899.0,-13275304984.0,0.0,-96178048.0,-712435156.0,-451284221.0,8158289179.0,6175504920.0,7452555750.0,6980278750.0,-1567508707.0,-233450770.0,-1071122906.0,-1351314906.0,-810179119.0,-6855135202.0
DOKTA,9635997105.0,11935592306.0,13700432100.0,15873141818.0,1766819779.0,1357838222.0,1909949605.0,2457936532.0,1379641598.0,668858072.0,1172555281.0,1573701318.0,473074768.0,-461059097.0,-1047229115.0,-286722273.0,406697422.0,368837685.0,74570492.0,58138372.0,4909506535.0,5828936702.0,7514170416.0,7683603271.0,167005355.0,165043213.0,,,,,,,,,,1536523150.0,836148673.0,-738843869.0,-1269323588.0,,,-206054391.0,-278926734.0,304899072.0,475579830.0,630919813.0,730005929.0,,,,,-609761450.0,-809643797.0
DSTKF,,,,,,,,,1068291000.0,3001536000.0,3169731000.0,980181000.0,1608215000.0,2110770000.0,3765780000.0,4885657000.0,,,,,-744797000.0,-2442152000.0,-7487016000.0,-8860742000.0,-25335558.0,-190328063.0,,,,,,,,,,,,,,,,,,,,,,,,,,,
DUNYH,144045933.0,133828165.0,22682044.0,231666980.0,47082846.0,-4842152.0,4466623.0,12553464.0,34197377.0,-17064381.0,-22851078.0,-18470871.0,89786908.0,279324330.0,935840430.0,581252373.0,813393.0,5032032.0,92282.0,274257.0,-30479858.0,-499167641.0,-1889690192.0,-1553765904.0,-465898.0,-33374773.0,,,,,,,,,,-4944604.0,375395669.0,-8149024.0,-598011.0,,77223479.0,-520084.0,0.0,1052215.0,3906074.0,789916.0,1099129.0,,,,,,
DURDO,3354971531.0,3087417597.0,3015832035.0,2999873130.0,728882484.0,655279092.0,577989623.0,663298701.0,424488791.0,282487204.0,248860466.0,346475127.0,259750713.0,-245390411.0,-338598918.0,-152848433.0,53000565.0,62536521.0,11384985.0,13758000.0,574105769.0,801521955.0,809550593.0,995294065.0,8775452.0,21378841.0,,,,,,,,,,782084444.0,338071684.0,-186276864.0,-413949697.0,,,-297021354.0,-78657694.0,247549973.0,239014781.0,278758798.0,285919433.0,-71771866.0,-16380299.0,,,-48745094.0,-104508075.0
DURKN,1746466735.0,1414136212.0,1316618104.0,1232239632.0,596243786.0,600981396.0,685338909.0,551421059.0,453302200.0,370370657.0,443148769.0,349274128.0,146760296.0,155957152.0,160984879.0,-104588.0,15788857.0,25617619.0,6923297.0,11386847.0,613552012.0,431468472.0,1057757444.0,1371349472.0,9378404.0,29456482.0,,,,,,,,,,-263651662.0,-500510829.0,-152373398.0,-169574648.0,,,,,112263453.0,74888675.0,66412168.0,67391836.0,,0.0,-10615396.0,,-110254631.0,-222643610.0
DYOBY,18977944941.0,16520029399.0,12032589404.0,11270249437.0,4449025933.0,4498984139.0,3821995974.0,3675090323.0,1976875333.0,2257982562.0,1926398285.0,1997607127.0,726631731.0,-260441027.0,-503241763.0,190362671.0,298945618.0,234482762.0,70218716.0,76466493.0,6517187357.0,6728641803.0,6620328859.0,6168923334.0,99617991.0,132508003.0,,,,,,,,,,1821198012.0,1096084068.0,-2985525500.0,-258516340.0,,,-117464447.0,-225660365.0,509387449.0,563809938.0,580914345.0,670799275.0,-367875743.0,,,,-427666326.0,-1569880665.0
DZGYO,1692616292.0,743477028.0,130412894.0,156148999.0,172218752.0,347362613.0,57621854.0,66642044.0,65966475.0,235567452.0,-24366044.0,-144990369.0,153277588.0,737652417.0,334160318.0,302735390.0,26696599.0,3253266.0,2711238.0,1377505.0,-536183038.0,-1801616083.0,-2431706967.0,173691834.0,-8195787.0,3730887.0,445711537.0,246437179.0,0.0,,-17674640.0,-2570879567.0,,,6646820595.0,899716288.0,1038670397.0,-1019043.0,-955312.0,-1502485917.0,-124892570.0,,,17997492.0,18659001.0,19218393.0,12658351.0,,,,,,-14081671.0
EBEBK,25278846273.0,28241897576.0,32590075607.0,35600326286.0,7120928865.0,10038503385.0,11773458118.0,12821341625.0,1603660540.0,3320912756.0,4169279632.0,4518563872.0,672302613.0,178776879.0,65354835.0,533793012.0,398732274.0,745168422.0,112298734.0,268228310.0,8171277.0,-61141713.0,392456265.0,-184770361.0,124901.0,-3968853.0,,,,,,,,,,1183316287.0,3009120535.0,-1095102049.0,-1447913341.0,,,-345495909.0,-444238675.0,922864556.0,872051890.0,1337496273.0,1448617076.0,,-125342632.0,-190074065.0,-190074065.0,-565904643.0,-973109517.0
ECILC,14419723069.0,13513940723.0,11624134466.0,11078049466.0,4868786270.0,4589799488.0,3877353236.0,4176543236.0,1785089330.0,1093129877.0,-40962783.0,286844217.0,6097333225.0,1577788433.0,2459728873.0,-1944745127.0,228317452.0,230800376.0,76814803.0,87046313.0,1922517838.0,790534023.0,-1985771000.0,1465330000.0,29386506.0,31475177.0,,,,,,,,,,4920989959.0,3214607552.0,-1515113886.0,-725192584.0,,-5433442.0,-189844908.0,-174120974.0,1137003991.0,1150245787.0,1099552502.0,1059025502.0,-1030245998.0,-1442707223.0,-1607111827.0,-1211828827.0,-560978486.0,-582425699.0
ECOGR,2772611175.0,5409508501.0,7375789986.0,6365326213.0,622325105.0,620992565.0,1790471883.0,1970101041.0,1049133770.0,1366546322.0,2186548114.0,2341719177.0,2702187051.0,1557020017.0,531563254.0,419280700.0,43763910.0,133348203.0,9823007.0,41295499.0,14156851766.0,10941689631.0,9891144776.0,9124750292.0,216393522.0,195998941.0,,,,,,,,,,7011190255.0,4173935920.0,-17372784.0,-1029378932.0,,,,,695189120.0,1079484139.0,841468972.0,852930378.0,,,,,-974390067.0,-2757246654.0
ECZYT,0.0,0.0,0.0,0.0,0.0,0.0,0.0,0.0,-54902912.0,-48341101.0,-47688024.0,-55246659.0,2166192769.0,683669784.0,966142598.0,-448027306.0,0.0,0.0,0.0,0.0,-1717971709.0,-1169071358.0,-943140945.0,-614816683.0,-26259931.0,-13206215.0,,,,,,,,,,1181136604.0,3864267.0,,,,,-69578.0,-77143.0,190317.0,97449.0,13248.0,13248.0,-634994572.0,-974143541.0,-937481899.0,-605918157.0,,
EDATA,2574935616.0,1851014913.0,2877031412.0,2584487976.0,243476060.0,230633170.0,328519099.0,277635922.0,71595077.0,51159579.0,98801561.0,36791395.0,145296090.0,-92397923.0,-16015784.0,-120456582.0,40401827.0,53483761.0,3851892.0,5793938.0,-359467862.0,-285555460.0,-220988475.0,-161032947.0,-5494620.0,-3458975.0,,,,,,,,,,68843250.0,-31872393.0,-9893209.0,-11502204.0,,,-3166590.0,-4377538.0,12114920.0,17062108.0,20484094.0,26722210.0,,,,,-12265609.0,
EDIP,847842861.0,864730343.0,902887638.0,898471072.0,476097647.0,471276656.0,504144039.0,488624292.0,437152690.0,421285284.0,453902276.0,432512440.0,4143700105.0,1440232925.0,779607186.0,329088979.0,13378170.0,18766035.0,7511635.0,10190859.0,2863567859.0,2096441932.0,1290084056.0,1032204067.0,43770857.0,22171665.0,,,,,,,,,,459282636.0,494152159.0,-30740050.0,-7068840.0,-97158778.0,0.0,-607121.0,-782652.0,4811037.0,10754910.0,12018722.0,12223159.0,,,,,-885581.0,-69015125.0
EFOR,11536460113.0,10377767584.0,14525377010.0,14847296509.0,1865704383.0,1894539641.0,2675267512.0,2596698532.0,1476761384.0,1432926980.0,2107428984.0,2024788023.0,1087668567.0,679956965.0,2647694.0,13833430.0,181226043.0,311132227.0,29225543.0,54154941.0,2396456982.0,2027709171.0,204860848.0,2863749258.0,36630868.0,61513116.0,,,,,,,,,,-96689387.0,433241152.0,-897003102.0,-1356792940.0,,,,,77750540.0,118186414.0,165847143.0,188826763.0,,0.0,-64722711.0,,-258843445.0,-529213210.0
EGEEN,8699077039.0,7251034401.0,5570061206.0,4755409206.0,2662557690.0,1961333624.0,929210443.0,802432443.0,2176334923.0,1499892611.0,526478631.0,435352631.0,1549445195.0,1314844695.0,-111734131.0,-286999131.0,137187525.0,99511972.0,41867359.0,16843921.0,-638030872.0,-19763645.0,-263361000.0,-64249000.0,-9752574.0,-1380064.0,,,,,,,,,,3222537358.0,858444983.0,-2808704282.0,-725917985.0,,,,,218120108.0,260230550.0,343485626.0,305274626.0,-819606240.0,-636335670.0,-279202849.0,-5849.0,-278217239.0,-174347408.0
EGEGY,501162387.0,146371531.0,2842238933.0,5554270484.0,188786490.0,63648638.0,1225599088.0,2138311742.0,-185013587.0,-221784245.0,879861641.0,1765457569.0,-64991033.0,-414754897.0,956063600.0,1262567191.0,1887568.0,116574562.0,1330250.0,44721448.0,-98176759.0,-2703640.0,-34870735.0,397511760.0,-1500674.0,8538522.0,-914804077.0,-458721605.0,-13430163.0,-7571324.0,0.0,-2889387.0,,,2665488806.0,-62141969.0,-501214182.0,-1065211.0,-1077861.0,-118372376.0,-51565931.0,,,4796105.0,4800028.0,9723452.0,11509494.0,,,,,-26768596.0,-196317192.0
EGEPO,1373060555.0,1555237900.0,1584474609.0,1758364541.0,384634012.0,356237486.0,256667621.0,245804390.0,400021060.0,363342225.0,314058291.0,330169159.0,204244492.0,-35515551.0,3135671.0,-55902646.0,21374760.0,36893918.0,5993799.0,5169584.0,83565132.0,-142301873.0,-146761209.0,-214939030.0,1277329.0,-4616874.0,,,,,,,,,,335494159.0,251446969.0,-266581586.0,-150859550.0,,,,-10167280.0,177227506.0,206471557.0,203077848.0,204355667.0,,,,,-37050477.0,-35938047.0
EGGUB,5043880797.0,3880467434.0,4236082646.0,4384592313.0,1699875333.0,1651113584.0,2271743513.0,2484120802.0,1313294089.0,1260593843.0,1830890641.0,2073984403.0,823842700.0,390781749.0,842446029.0,787143139.0,79781749.0,91768718.0,26735032.0,51889534.0,-1057099865.0,-44345361.0,59212785.0,-203686473.0,-16158223.0,-4375170.0,,,,,,,,,,1613163887.0,850982033.0,-442137814.0,-1379649117.0,,,-34555440.0,-29053312.0,473952667.0,478005430.0,460095935.0,532027885.0,-190975508.0,-215550720.0,-244748967.0,-259413465.0,-39746697.0,1422906.0
EGPRO,20743453331.0,16389823413.0,14581317368.0,15320081270.0,7865842288.0,5526713491.0,5270783747.0,5699981427.0,5377428476.0,3496594386.0,3328277398.0,3753723258.0,1121959781.0,1364339668.0,1324402687.0,1661835848.0,327316758.0,320324972.0,124154916.0,119062992.0,-971212361.0,-24684024.0,-454616924.0,-430790687.0,-14845396.0,-9253351.0,,,,,,,,,,2450695429.0,2014913097.0,-658352638.0,-531361900.0,,,-39354969.0,-103241626.0,586849755.0,732211958.0,759991131.0,760979302.0,-1440453475.0,-2045346593.0,-688688819.0,-677197114.0,-106679758.0,-106622129.0
EGSER,6093420930.0,4148937891.0,5317657690.0,5786826417.0,1487809985.0,7488901.0,384108335.0,973632980.0,498340298.0,-708198732.0,-322670564.0,260035224.0,-240064758.0,-1371832904.0,-1374777421.0,-769852242.0,96203069.0,121529336.0,23322522.0,20774749.0,30375156.0,834509738.0,1768206131.0,2415238072.0,464297.0,51879130.0,,,,,,,,,,-430899066.0,424895357.0,-446330982.0,-1455510255.0,,,13346896.0,-41300851.0,388684229.0,279656304.0,299055672.0,317306404.0,,,,,,
EKDMR,13013558016.0,19836056584.0,24534932975.0,27126909151.0,888989783.0,1693721880.0,1850764755.0,1994003300.0,912879197.0,1651174934.0,1683444387.0,1701223630.0,321034334.0,732131190.0,525567199.0,519303763.0,,257241319.0,,14057029.0,-995963877.0,-260401738.0,364194879.0,1064364420.0,-15223733.0,22862467.0,,,,,,,,,,502470633.0,-143821276.0,-189031134.0,-368310203.0,,,,,140031176.0,171727689.0,197696724.0,229046367.0,,,,,-246725231.0,-638652750.0
EKGYO,63415602637.0,49168964677.0,117558740031.0,107591470031.0,18901815460.0,13265490873.0,32764025334.0,28891465334.0,10263459814.0,7431932458.0,25892507557.0,20885141557.0,-9067118595.0,20342268876.0,7068282803.0,-3037304197.0,1006229042.0,2252184385.0,299599571.0,607203381.0,-25291472696.0,7068497126.0,35768167000.0,51950369000.0,-386590956.0,1115889967.0,-44946481887.0,-48461650887.0,-657448843.0,-40138843.0,,,-207635443.0,-287931443.0,152835871000.0,22764214858.0,-34809604394.0,-392380054.0,-902822804.0,,,,,269559269.0,344459500.0,593534655.0,715671655.0,-2784805079.0,0.0,-2035657788.0,-2302466788.0,-2974690064.0,-22106178209.0
EKIM,17184796658.0,17018839252.0,16439273232.0,16148138968.0,5922377348.0,942993598.0,1026963799.0,1600229712.0,6072355382.0,3562493725.0,4091122164.0,4257419177.0,4845588400.0,-2529402595.0,-2330348969.0,-1006568789.0,,131627573.0,,29992520.0,14470204378.0,11544377693.0,11322734392.0,11165449291.0,221183251.0,239833000.0,,,,,,,,,,551750670.0,6569851047.0,-15902655692.0,-11670059853.0,,,,,1124555010.0,3525589783.0,3970906950.0,3392874600.0,,,,,-4347880370.0,-6079080743.0
EKIZ,513608559.0,412161432.0,503524964.0,346487137.0,12308892.0,11231107.0,13817949.0,9676918.0,-825118.0,-3668963.0,-1560008.0,-4694996.0,-48067828.0,215643408.0,-63376051.0,-69264571.0,8096644.0,7245506.0,194480.0,202642.0,-40448.0,-64638.0,-49451.0,-269131.0,-618.0,-5781.0,,,,,,,,,,73190293.0,-2666.0,,,,,,,286456.0,30917.0,30217.0,-53004.0,,,,,,
EKOS,2642593745.0,3641019448.0,2735555513.0,3076160389.0,803498022.0,664723688.0,281757225.0,327572530.0,499215764.0,309933657.0,-86228276.0,-52729582.0,334032134.0,153413525.0,-544658626.0,-590433817.0,41578188.0,64687214.0,12576951.0,6946421.0,-600049737.0,-257487390.0,136576120.0,585857812.0,-9172016.0,12584181.0,,,,,,,,,,-266399659.0,295198167.0,-228086461.0,-345946152.0,,,-13995677.0,-35674138.0,75374909.0,106470578.0,136889931.0,137243768.0,,,,,,
EKSUN,15814281247.0,15550089540.0,13692061560.0,13181866950.0,2133726529.0,1219588420.0,1464125923.0,1530748619.0,780229561.0,-334082482.0,269690396.0,445345563.0,-342191385.0,-1071479959.0,-377269550.0,-170738544.0,249521859.0,274777673.0,33706037.0,32050631.0,1202504051.0,2699858230.0,2616815623.0,2035921112.0,18380788.0,43731430.0,,,,,,,,,,-1450162805.0,-1315779995.0,-83344689.0,-233272125.0,,,-42753514.0,-51551829.0,135443488.0,194688187.0,221991630.0,257924494.0,,,,,,
ELITE,1904118126.0,2709229251.0,2532057795.0,2808403414.0,937249017.0,1454899024.0,1099536303.0,1106816885.0,362057570.0,934741507.0,623389642.0,555867179.0,286525800.0,608612387.0,290933306.0,107064257.0,30194994.0,58818855.0,14877752.0,23134224.0,200934410.0,66646354.0,-41771791.0,17759031.0,3071368.0,381463.0,,,,,,,,,,275684807.0,474732393.0,-117852877.0,-235014059.0,,,,,29350515.0,70743656.0,97485564.0,100721943.0,-176901800.0,,,,-27571697.0,-81854224.0
EMKEL,941284463.0,1198534787.0,1031730855.0,1257045589.0,230622235.0,388677258.0,282382507.0,401196334.0,28427373.0,145876787.0,-1555004.0,188218345.0,-49115322.0,-17409861.0,-66732057.0,-247857210.0,14804709.0,26298459.0,3584265.0,8425484.0,2179800.0,148416920.0,399094790.0,470660530.0,33319.0,10109752.0,,,,,,,,,,-24937126.0,-120661215.0,-9982710.0,-6563295.0,,,,,29273100.0,28278110.0,39637025.0,42813812.0,,,,,,
EMNIS,696935018.0,585641878.0,560357955.0,541371367.0,146315727.0,119913946.0,65750761.0,94292735.0,192483487.0,118764518.0,7691489.0,34579446.0,153625402.0,9880040.0,-37231323.0,20245943.0,11004831.0,11366613.0,2309165.0,1999896.0,2160781.0,-2479345.0,-449187.0,-414124.0,33028.0,-8895.0,,,,,,,,,,171439402.0,120013684.0,-199517126.0,-116116368.0,,,,-10408167.0,129607417.0,84311730.0,23627522.0,13743417.0,,,,,,
EMPAE,5998039964.0,4151617846.0,4268229583.0,4860982436.0,1224446357.0,845836732.0,883882850.0,967235960.0,882427428.0,503140872.0,469291936.0,489913194.0,359595626.0,104038533.0,97400834.0,68448104.0,94675258.0,102187796.0,19327109.0,20324788.0,-354984545.0,-189302067.0,95827483.0,-401947767.0,-5426090.0,-8633807.0,,,,,,,,,,710708327.0,42439011.0,,-6753770.0,,,,-14274683.0,12978596.0,21994286.0,38186555.0,37107632.0,-162942871.0,-116044681.0,-84027283.0,-16999182.0,,-17684797.0
ENDAE,2427889133.0,1895194803.0,1429612923.0,1355563603.0,400913657.0,223731124.0,-92134230.0,-98412417.0,1064542472.0,711521209.0,567737538.0,657379679.0,142156132.0,-1094950989.0,-672513922.0,-527620887.0,38322691.0,28479858.0,6328168.0,-1901330.0,-408059955.0,299293887.0,-1487445860.0,-1592542660.0,-6237371.0,-34207695.0,,,,,,,,,,-1159646144.0,-415541863.0,-32721373.0,-62130472.0,,,-7021863.0,-14780632.0,733578946.0,592066963.0,745697728.0,843400125.0,-39661088.0,-105167327.0,-28475463.0,-41346566.0,-169414734.0,-185558233.0
ENERY,44549538123.0,36222880766.0,38610623200.0,43281338214.0,3215655077.0,3217738469.0,5075864534.0,5871066442.0,3582669607.0,4684085393.0,6990698819.0,8156651850.0,4927406008.0,4355286049.0,5529221897.0,5630303420.0,710871453.0,912093086.0,51763873.0,124021534.0,-7137154571.0,-2984803640.0,-2681652860.0,-4940419775.0,-109094454.0,-106119840.0,,,,,,,,,,5467667915.0,9184038894.0,-4526113145.0,-4593359327.0,,,-20154493.0,-48116401.0,1282015674.0,2608916737.0,3236197780.0,3596350790.0,,,,,-173255976.0,-242460422.0
ENJSA,375352252250.0,293764130542.0,274457169073.0,265700320073.0,56869841451.0,65854660122.0,70074613429.0,71880051429.0,38681574028.0,48171102564.0,50963292380.0,52359564380.0,10053017353.0,-7479997341.0,3734498694.0,6841232694.0,5916996937.0,5527873611.0,894100431.0,1503833653.0,64203690600.0,68534820230.0,74561267000.0,80966852000.0,981380817.0,1739161810.0,,,,,,,,,,14398852691.0,37953115581.0,-4682819491.0,-3141064135.0,,,-1024174476.0,-1080400031.0,7406923216.0,7316203911.0,7495642922.0,7828188922.0,-8852531346.0,-6176768483.0,-4747093749.0,-6420703749.0,-15326288188.0,-31416576889.0
ENKAI,76704889000.0,100541405000.0,156507106000.0,176889043000.0,15876554000.0,25292241000.0,37070303000.0,37249019000.0,15060829000.0,22990749000.0,33943633000.0,33625031000.0,16969183000.0,24690869000.0,36183302000.0,39063422000.0,3237410750.0,4155241617.0,670086709.0,870079889.0,-85758266000.0,-113552658000.0,-213270511000.0,-172336820000.0,-2917215731.0,-3701781760.0,,,,,,,,,,11258857000.0,15613906000.0,-3384529000.0,-8766667000.0,0.0,-97511000.0,,,3011439000.0,4222680000.0,5463774000.0,6434654000.0,-2434427000.0,-11356326000.0,-20167639000.0,-25245805000.0,-96614000.0,-212941000.0
ENPRA,,,,,,,,,,,,,,,,,,,,,,-7923749000.0,-76811000000.0,-84204000000.0,,-1808695503.0,,,,,,,,,,,,,,,,,,,,,,,,,,,
ENSRI,756659842.0,825067621.0,544468261.0,527591537.0,266229046.0,83371556.0,84297258.0,94023088.0,196374064.0,6610988.0,13222816.0,33825520.0,317873480.0,292111215.0,-89298295.0,-84389589.0,11873799.0,11112697.0,4152633.0,1957497.0,574557429.0,413069002.0,445793372.0,404784521.0,8782356.0,8694741.0,,,,,,,,,,-292322337.0,-5485632.0,-85516235.0,-27679432.0,,,-8014259.0,-13186185.0,56425561.0,57418197.0,61140259.0,63164469.0,,,,,,
ENTRA,6428204238.0,4735143474.0,4952449361.0,3680854361.0,2881827673.0,1131330013.0,1485767310.0,599419310.0,5266696820.0,3380597205.0,3657052714.0,2353599714.0,2862614286.0,3030862060.0,-2141579291.0,-1241118291.0,101471523.0,77042093.0,45491768.0,12795863.0,21086967116.0,16018961233.0,13355950000.0,11237313000.0,322323294.0,241376627.0,,,,,,,,,,5953167315.0,2638334144.0,-3859379821.0,-4669511168.0,,,-79020737.0,-29052546.0,2494954994.0,2644660206.0,2530361264.0,2145543264.0,,,,,-3150052101.0,-1420514610.0
EPLAS,3309649954.0,2393092152.0,2645117833.0,2752696706.0,610629869.0,121121877.0,408480932.0,526884119.0,165520503.0,-236398802.0,-13250620.0,86137866.0,160447300.0,-537008839.0,-227140329.0,-102670627.0,52276521.0,57455031.0,9681775.0,11115414.0,57126886.0,104592088.0,203484648.0,208432493.0,873209.0,4477114.0,,,,,,,,,,-302877466.0,87620513.0,-114341983.0,-66338338.0,,,-6398660.0,-60753701.0,79293046.0,150086253.0,143388557.0,141578039.0,,-62926402.0,0.0,,-15087552.0,-38910797.0
ERBOS,8457035975.0,6951173489.0,6570622802.0,6313899797.0,1416171215.0,741776667.0,858531407.0,857006787.0,874672840.0,229703119.0,318293738.0,328858078.0,-331111637.0,-340139844.0,-152846655.0,-64956518.0,133509501.0,131488338.0,22209233.0,17755913.0,737164804.0,946174646.0,404506469.0,870359446.0,11267879.0,18695255.0,,,,,,,,,,267296180.0,-293574164.0,-29569780.0,-37940100.0,,,,,,,,,-79502274.0,-86419323.0,,,-56300436.0,-193780140.0
ERCB,8262665347.0,7249248079.0,7076537222.0,5803717879.0,1459581828.0,1295500950.0,1500517070.0,1205166486.0,596556610.0,612978149.0,626301718.0,280587396.0,92169263.0,28566668.0,-405835683.0,-593106369.0,348734507.0,135774190.0,61603191.0,28121152.0,3457559511.0,3821224921.0,5531517446.0,8081594176.0,117614866.0,173592027.0,,,,,,,,,,-143984831.0,521188717.0,-143262170.0,-81977216.0,,,,,178455724.0,256371866.0,299111657.0,369637914.0,,,,,-357932888.0,-959431007.0
EREGL,147899792000.0,204059940000.0,208909904000.0,238519716000.0,15656858000.0,20004604000.0,18564675000.0,21581355000.0,16988563000.0,21092321000.0,20451274000.0,24591390000.0,4033089000.0,13481348000.0,511801000.0,7711819000.0,6242266729.0,5562264049.0,660814207.0,506217605.0,41929910000.0,64441994000.0,42864172000.0,39512337000.0,1426318403.0,848721987.0,,,,,,,,,,13068139000.0,31257701000.0,-23165641000.0,-35082667000.0,-302007000.0,-34125000.0,-84789000.0,-223884000.0,5372718000.0,8837234000.0,11295623000.0,13814172000.0,0.0,-1754519000.0,-1717467000.0,-6079040000.0,-4200514000.0,-12878919000.0
ERSU,180336799.0,185512596.0,191002735.0,128938880.0,15192923.0,22069664.0,-4779988.0,-6736245.0,34110040.0,6945672.0,-6790716.0,-5712270.0,-17069959.0,-9421042.0,-144905667.0,-34996184.0,2843809.0,2624416.0,227829.0,-151844.0,-1426258.0,-142567743.0,-99463659.0,-120354624.0,-21801.0,-2585208.0,,,,,,,,,,2128654.0,-34825716.0,-4179621.0,-8560818.0,,,,,46156904.0,25063629.0,32964022.0,21421279.0,,,,,,
ESCAR,4609349386.0,4466359685.0,4369866062.0,4549531086.0,2587344126.0,614506960.0,-1009864493.0,-407636564.0,2402909121.0,760783621.0,49959688.0,300711627.0,2846636926.0,521294938.0,-2198708415.0,-1482380770.0,72443292.0,95469595.0,40825145.0,-8087115.0,376408423.0,-492862127.0,-915683014.0,-1987645734.0,5753563.0,-42694479.0,,,,,,,,,,2769991731.0,1086010260.0,-163558416.0,-88222919.0,,,,,123322264.0,490102202.0,1456855360.0,1120581576.0,-453125579.0,-192503801.0,-232983410.0,,-1450655558.0,-1178103005.0
ESCOM,1533496122.0,569240183.0,1964410764.0,2909471785.0,1533496122.0,569240183.0,1964410764.0,2909471785.0,1508427702.0,551774756.0,1945081208.0,2892823570.0,628683937.0,-344222328.0,1356162673.0,1697713128.0,24207990.0,60092234.0,24207990.0,60092234.0,-1586736.0,-1323014.0,-1224828.0,-1127930.0,-24254.0,-24228.0,,,,,,,,,,-463846.0,-939958.0,-126368.0,-118132.0,,,,,343808.0,320992.0,316069.0,289177.0,,,,,,
ESEN,2061182886.0,1751732610.0,1756199102.0,1616412766.0,599409596.0,569905485.0,427977947.0,359571135.0,674402535.0,538879163.0,542839294.0,454203021.0,515064761.0,-400440635.0,-1363654513.0,-977121679.0,32643108.0,33870913.0,9319607.0,7462166.0,5788966137.0,5305647823.0,4758270074.0,4776929127.0,88486818.0,102608074.0,,,,,,,,,,-266589536.0,446925130.0,-88868563.0,-123732219.0,,,,,467530987.0,473034180.0,513962685.0,436319914.0,-39643393.0,0.0,0.0,,-563070967.0,-848616151.0
ETILR,735847422.0,1701141207.0,2501641788.0,2274179900.0,96487577.0,244138492.0,378559554.0,364796514.0,36248504.0,180383019.0,314430857.0,302354068.0,-29660225.0,51636084.0,13405071.0,-60359853.0,11572596.0,48327847.0,1526471.0,7487045.0,211300631.0,314745650.0,456514995.0,536105173.0,3229820.0,11515498.0,,,,,,,,,,-86971858.0,-14629470.0,-83873952.0,-37662702.0,,,,,18086505.0,26526534.0,21538440.0,23777619.0,,,,,-39777645.0,
ETYAT,91546609.0,92154573.0,74454484.0,75080704.0,40965751.0,42383720.0,23474997.0,27298809.0,26914682.0,25539677.0,3504531.0,7882496.0,-41176195.0,-15379786.0,-24471740.0,-10696474.0,1426641.0,1555346.0,637455.0,570904.0,-110848255.0,-95975394.0,-72786457.0,-67528730.0,-1694363.0,-1450512.0,,,,,,,,,,27669077.0,5492025.0,-231149.0,-569550.0,,,0.0,,3128655.0,4223804.0,4858650.0,4631169.0,-2819605.0,,,,,
EUHOL,,,2016984518.0,2392506879.0,,,2016984518.0,2392506879.0,-10296096.0,-8144847.0,2000009302.0,2370787488.0,804410363.0,-206716211.0,1311568339.0,1428836021.0,,8277488.0,,48898550.0,-3936304.0,-4677963.0,-4568183.0,-5667917.0,-60168.0,-121746.0,,,,,,,,,,-123544485.0,-343358.0,-21553254.0,0.0,,,,,346766.0,498456.0,63803.0,53131.0,,,,,,
EUKYO,94058101.0,91687330.0,75683632.0,76117996.0,43086589.0,43699299.0,25605180.0,29735074.0,29364398.0,25884931.0,6126579.0,7381229.0,-41028161.0,-17076829.0,-23364716.0,-19065473.0,1465555.0,1575237.0,670804.0,620632.0,-112318800.0,-99282453.0,-81235857.0,-74416095.0,-1716841.0,-1598452.0,,,,,,,,,,11097492.0,4988060.0,-13254037.0,-493047.0,,,,,2695166.0,4897894.0,5585338.0,5762123.0,-3075939.0,,,,-467735.0,
EUPWR,14377066730.0,12669756464.0,15308409738.0,17237558738.0,3702583788.0,3150290624.0,3493519533.0,5030807533.0,3312740857.0,2316326748.0,2789010299.0,4330095299.0,1701925345.0,343900141.0,707018698.0,1014553698.0,225871477.0,356598991.0,58108058.0,104730196.0,-2983611611.0,-523233168.0,2734295000.0,2937814000.0,-45605777.0,63104021.0,,,,,,,,,,-3170592622.0,922548766.0,-2143421691.0,-1324902568.0,0.0,-20472560.0,,,304551833.0,319674573.0,450736638.0,495110638.0,,,,,-125903559.0,-23659592.0
EUREN,8865728960.0,8071971093.0,8597201642.0,9520102212.0,1518542254.0,1495427007.0,1519765941.0,1317469765.0,1106291512.0,1156883013.0,1183476092.0,943467880.0,1415602512.0,1647574723.0,983697152.0,18767012.0,139811508.0,198941222.0,23798587.0,27288851.0,1383889285.0,518746752.0,1631190412.0,1136149830.0,21153338.0,24404412.0,,,,,,,,,,944234123.0,5858658862.0,-1748602615.0,-3254158447.0,,,,,213653200.0,230137392.0,275433977.0,349151816.0,,,,,-225094452.0,-380621969.0
EUYO,90987972.0,93880544.0,77316818.0,78307066.0,42196434.0,43761391.0,26389936.0,31035022.0,29666759.0,31738375.0,11108496.0,13575665.0,-41105374.0,-12634841.0,-19676398.0,-16663964.0,1418469.0,1624740.0,656972.0,649674.0,-111827452.0,-101857614.0,-84159955.0,-76482769.0,-1709330.0,-1642844.0,,,,,,,,,,-27002.0,-2364021.0,0.0,-2301398.0,,,3541765.0,,2977522.0,3930264.0,4639201.0,4874579.0,-3332267.0,,,,-467735.0,
EYGYO,3115164024.0,2650201707.0,835524842.0,1131950317.0,-389962665.0,1180121395.0,4024421.0,94563177.0,-481243335.0,1060041119.0,-117327808.0,-52989162.0,539667340.0,185552132.0,-772895389.0,-687091883.0,48956758.0,23830586.0,-5976921.0,2050474.0,1129258123.0,1325935929.0,1133111230.0,873542839.0,17261192.0,18763634.0,-30802315.0,-81272862.0,,,-448905194.0,-350853925.0,-3949573.0,-2503570.0,2043883191.0,-1070168732.0,-991901313.0,-23509838.0,,-185886719.0,-3173316.0,,-3851769.0,3350277.0,10231714.0,10364721.0,9696100.0,0.0,-38918532.0,-23761000.0,,,
FADE,722404971.0,799126191.0,1216807936.0,1172566618.0,125556720.0,253469269.0,210109984.0,206811482.0,76628391.0,211109335.0,172490009.0,164234439.0,286060874.0,-71615283.0,36976735.0,63161895.0,11448167.0,24473509.0,1959956.0,4293304.0,102737091.0,88988168.0,177918963.0,84726768.0,1570380.0,1819925.0,,,,,,,,,,323014463.0,59705741.0,-145660941.0,-13672013.0,-1476596.0,-92946.0,,,27376057.0,32535158.0,34586078.0,33944983.0,,,,,-26529081.0,-28940549.0
FENER,9919142671.0,11385550345.0,13570143482.0,,-1535136433.0,-1704037772.0,-5541120440.0,,-376583854.0,-658715181.0,-2960307141.0,,2850074418.0,-1014008411.0,-4176756441.0,,162583370.0,,-26189292.0,,6283347624.0,4442976198.0,5652553397.0,,108502317.0,,,,,,,,,,,3157169259.0,3726228270.0,-4559778544.0,-4510447495.0,,,-70990483.0,-91333625.0,2125302804.0,2434698063.0,4380381939.0,,,,,,-2497842464.0,
FLAP,588923124.0,548217742.0,421790093.0,400837961.0,111395741.0,82583728.0,98862334.0,90844574.0,24821172.0,-5206380.0,9190473.0,-2123994.0,278323319.0,-106407858.0,20104423.0,-67189603.0,9294179.0,8326263.0,1758267.0,1875377.0,-98137826.0,-27045816.0,-13888237.0,-7949701.0,-1500079.0,-170759.0,,,,,,,,,,21068560.0,42883182.0,-1596399.0,-4165306.0,0.0,,,,2947935.0,3421595.0,4764294.0,4037800.0,-25627399.0,-10068903.0,-7986583.0,,,
FMIZP,599583269.0,675697006.0,636156912.0,757889405.0,46070341.0,131316353.0,101685246.0,164217331.0,25519542.0,123578200.0,81270326.0,138201409.0,36573381.0,108999740.0,72688229.0,141125710.0,9469251.0,17575036.0,721609.0,3803815.0,-78375836.0,-182303451.0,-399913522.0,-434632614.0,-1198008.0,-9335875.0,,,,,,,,,,26152098.0,125415348.0,-8752896.0,-1628004.0,,,-3131986.0,-2434621.0,13062147.0,27106313.0,23495188.0,20044162.0,-32137339.0,0.0,-10066111.0,-67900834.0,,
FONET,555945857.0,740721219.0,1006930178.0,1117827143.0,144062933.0,204493590.0,397655829.0,453175824.0,163058728.0,238795673.0,445142254.0,492507447.0,330939523.0,231576787.0,262464216.0,320902395.0,8766633.0,23287511.0,2264900.0,9422138.0,19349371.0,-21782548.0,-124330626.0,-104537261.0,295763.0,-2245452.0,,,,,,,,,,284927573.0,356616295.0,-326090870.0,-303117009.0,,,6732181.0,,134395630.0,153284732.0,174487785.0,188662430.0,,,,,-1591864.0,-19337137.0
FORMT,1158165897.0,1026952576.0,1087421673.0,1021389938.0,304403612.0,238487961.0,57520649.0,113849295.0,60374191.0,79761011.0,-68570682.0,-29377933.0,-202640250.0,-234967229.0,-127217024.0,-128332246.0,18236600.0,21368350.0,4789792.0,2486261.0,196478135.0,552860976.0,109389738.0,96455343.0,3003252.0,2071853.0,,,,,,,,,,-368896232.0,58213673.0,-279760873.0,-400096656.0,,,-7969264.0,-727158.0,40532851.0,96435257.0,105681881.0,107345713.0,,,,,,
FORTE,1479552298.0,2745823177.0,2870555150.0,4267441461.0,503261357.0,499884975.0,1178234643.0,1509006710.0,396360368.0,340307013.0,961369853.0,1273733984.0,18793820.0,-126420062.0,2742819175.0,3029195715.0,23427842.0,89186577.0,7937471.0,31187725.0,-450394425.0,8713819.0,1645320793.0,1978810723.0,-6884471.0,42504704.0,,,,,,,,,,455008375.0,146715401.0,-198367299.0,-338729054.0,-98414558.0,,,,25284498.0,45054621.0,60833243.0,85034574.0,-86943108.0,-13058794.0,,,-55288291.0,-1073709737.0
FRIGO,1679944764.0,1296747192.0,1444587003.0,1322435987.0,523893163.0,354762059.0,-206287589.0,9035872.0,433168531.0,303075750.0,-294941584.0,-69533549.0,-117140321.0,165563560.0,-349173932.0,-84907621.0,26729665.0,27842149.0,8275399.0,259593.0,209386524.0,-159191920.0,372402182.0,391620244.0,3200562.0,8411973.0,,,,,,,,,,-186288332.0,-50490536.0,-73037224.0,-182456178.0,,,,,57002034.0,70957426.0,106494052.0,109459511.0,,,,,-48080865.0,
FRMPL,4294139877.0,4349224138.0,4068944695.0,3894700948.0,1342947127.0,1135050618.0,1128442514.0,1162395588.0,1159169459.0,834514919.0,836383291.0,852018171.0,363084436.0,196404817.0,191708931.0,237831642.0,67780276.0,81132577.0,21197569.0,24272009.0,391907920.0,930760721.0,1079994312.0,-40068868.0,5990480.0,-860676.0,,,,,,,,,,-9082482.0,214397.0,,-220112324.0,,,,,124521392.0,122969711.0,131329660.0,135191831.0,,,,,-2358899.0,
FROTO,916670722812.0,917115365934.0,978382190803.0,922778264803.0,122950847179.0,84166334886.0,81706200919.0,70336138919.0,95049239358.0,61451770334.0,61358883676.0,50792076676.0,109170394258.0,59903638556.0,40022040542.0,33201015542.0,14462870253.0,19240187323.0,1930459909.0,1461074993.0,134706996783.0,156337165313.0,116808300000.0,111981980000.0,2059053947.0,2405364396.0,,,,,,,,,,111393610461.0,51803048866.0,-71348719863.0,-63014743393.0,,,-468646333.0,-1067890396.0,13496621951.0,16511978387.0,20261055757.0,20535363757.0,-39848215805.0,-36268527156.0,-33625789969.0,-38890776969.0,-20265509670.0,-26469298939.0
FZLGY,6121435184.0,1415916840.0,1562357448.0,4248823085.0,1668068965.0,970706.0,150183342.0,-516401805.0,1545065088.0,-157230923.0,-36290123.0,-685879211.0,548125520.0,-400412494.0,-500891736.0,-984264828.0,95287919.0,89887156.0,26178459.0,-11041065.0,728288856.0,96909245.0,1343879141.0,1181996294.0,11132206.0,25389190.0,-1177991728.0,-290435106.0,,,-58815716.0,-440511699.0,-115457782.0,-170266565.0,4281713595.0,-1648293040.0,-318510948.0,-9525106.0,,,0.0,-217998659.0,-137774890.0,12697006.0,8915181.0,4516667.0,4095436.0,-131177084.0,-268052283.0,0.0,,,
GARAN,,,,,,,,,,,,,,,,,,,,,-524306450000.0,-622570737000.0,-1005230000000.0,-1104741000000.0,-17835190647.0,-23729752487.0,,,,,,,,,,,,,,,,,,,,,,,,,,,
GARFA,,,,,,,,,1739511000.0,2369643000.0,3711162000.0,4484327000.0,1045084000.0,1438088000.0,2130075000.0,2623070000.0,,,,,-245362000.0,-165020000.0,-903086000.0,-1142201000.0,-8346413.0,-24534390.0,,,,,,,,,,,,,,,,,,,,,,,,,,,
GATEG,58045434.0,30951788.0,471557350.0,676094628.0,35905788.0,23420336.0,101953717.0,108805406.0,25796998.0,10227185.0,88113179.0,85314111.0,-33850826.0,-1457806.0,37291347.0,30047082.0,928971.0,14066431.0,569403.0,2266575.0,3987870.0,601551.0,153522982.0,70758631.0,60956.0,1519890.0,,,,,,,,,,16519816.0,2872676.0,-4717938.0,0.0,,,,,3115237.0,3414792.0,5673233.0,11014795.0,,,,,-2016156.0,-36264646.0
GEDIK,216413265141.0,115084156200.0,510769401062.0,599174985231.0,6171553953.0,4729821433.0,4619193940.0,4469245881.0,3156548276.0,1608132038.0,1565769701.0,1478420723.0,1716515191.0,565639672.0,1775474502.0,1365230378.0,3424940419.0,12410186942.0,97025648.0,95030787.0,-1777209435.0,-2683972718.0,1500762512.0,-3692307056.0,-27165405.0,-79310474.0,,,,,,,,,,1951065387.0,3524927509.0,-224618453.0,-262876285.0,,,-45158458.0,-57774893.0,83667012.0,225836399.0,283140716.0,308626684.0,-312255670.0,-1181727122.0,-660553182.0,-772750972.0,-204129022.0,-25943999.0
GEDZA,1308216386.0,1109902091.0,1256425492.0,1281046084.0,523386781.0,211491661.0,425329482.0,416003303.0,429224753.0,112182235.0,350782265.0,342213510.0,166324566.0,10287067.0,19259939.0,18217108.0,20588413.0,26850052.0,8203743.0,8712635.0,-145761860.0,-130520675.0,-295262939.0,-254753677.0,-2228032.0,-5472090.0,,,,,,,,,,125217406.0,-72835284.0,-98234560.0,-75432680.0,,-1665155.0,,,39802766.0,63924348.0,50867879.0,49439336.0,,,,,5210077.0,15652554.0
GENIL,18140902839.0,22721109518.0,22588052097.0,25574000585.0,4004563789.0,4391367065.0,4736837065.0,5970050364.0,2311357476.0,2264108610.0,2246926007.0,3282494299.0,1011643318.0,229168473.0,959080518.0,1300194241.0,284751791.0,536596160.0,63141892.0,125595216.0,1276417153.0,788960790.0,1176773979.0,5095140888.0,19510581.0,109443238.0,,,,,,,,,,394676533.0,3072712753.0,-1577412269.0,-911798890.0,,,,,591893425.0,567915276.0,648201393.0,481253531.0,,,,,-499942981.0,-1239418630.0
GENKM,6678935146.0,5846011764.0,5522631436.0,5473323021.0,1298214276.0,1133483714.0,1192398308.0,1189723633.0,836898291.0,782571409.0,854267128.0,857349706.0,239148505.0,156352389.0,293435517.0,-44687280.0,105422757.0,114200405.0,20491489.0,24869502.0,226210442.0,253730262.0,229007853.0,-794406539.0,3457723.0,-17063792.0,,,,,,,,,,1423877182.0,118687280.0,-272441759.0,-143179288.0,,,,,108208118.0,132579664.0,125388550.0,124728648.0,6696296.0,3208558.0,4265645.0,6528484.0,-174178011.0,-127966915.0
GENTS,6680677411.0,6027235116.0,5979780404.0,5880862310.0,1930033145.0,1368462177.0,1549232470.0,1514786659.0,1264880790.0,685435884.0,923083803.0,889467131.0,293838547.0,168720430.0,306090670.0,456555089.0,105275483.0,122453002.0,30263301.0,31356171.0,62100558.0,-172412152.0,-356792488.0,-178608656.0,949234.0,-3836500.0,,,,,,,,,,313616299.0,665733388.0,-421810266.0,-436069803.0,,,-5601958.0,-2674389.0,160638937.0,162626751.0,208983598.0,213257300.0,-90135881.0,-87028282.0,-115661529.0,-111856746.0,,
GEREL,3248368635.0,4043471804.0,3171576445.0,3202583211.0,466501516.0,623213830.0,701870785.0,1442478322.0,47405249.0,147487999.0,95863244.0,822814840.0,-256764313.0,390912345.0,116993880.0,748831393.0,51269265.0,66783644.0,7368372.0,29650509.0,409733687.0,948552965.0,1318189578.0,2038933332.0,6262954.0,43796133.0,,,,,,,,,,241136176.0,1406556303.0,-34742082.0,-1398795482.0,,,5294507.0,7813758.0,31982954.0,41386967.0,50217349.0,50704785.0,,,,,,
GESAN,23257304504.0,23409332687.0,24255253904.0,23730216904.0,8474638786.0,6425451497.0,5772530522.0,6462543522.0,7719419356.0,5084652519.0,4415964670.0,5052086670.0,1529228365.0,2072912312.0,1063859475.0,1507130475.0,364524254.0,489559979.0,133646855.0,133999219.0,-1894147072.0,333463080.0,3828751000.0,4640366000.0,-28952847.0,99674708.0,,,,,,,,,,-4206617280.0,330313003.0,-2036750015.0,-1457639179.0,0.0,-20472560.0,,,449799796.0,450906212.0,599264852.0,644673852.0,,,,,-673798754.0,
GIPTA,2887780060.0,3214014500.0,2661953180.0,2601845705.0,689741763.0,800172097.0,727529132.0,651003433.0,343255036.0,456573135.0,481150015.0,395478159.0,306269117.0,279958027.0,263588680.0,-336471070.0,44976223.0,52703536.0,10798941.0,13309302.0,-1496701119.0,-1653232037.0,-1937182570.0,-1785640033.0,-22877715.0,-38355412.0,,,,,,,,,,-412849139.0,431069350.0,-190570447.0,-65127258.0,,,,,42042090.0,36565062.0,52518335.0,52281012.0,-79538866.0,-53537173.0,-184954908.0,-210570185.0,-153427124.0,-52527115.0
GLBMD,42339136999.0,32488807213.0,32436945636.0,34829710025.0,1115150862.0,980301713.0,814283278.0,803540015.0,445043554.0,297918590.0,90062635.0,79022870.0,306631504.0,20609801.0,-84019631.0,-101611980.0,670034840.0,729187333.0,17612319.0,16870468.0,-1009315225.0,-999518527.0,-15630001.0,260766512.0,-15427814.0,5601245.0,,,,,,,,,,1448559158.0,476678164.0,-42437152.0,-23647264.0,,,-16729955.0,-7304164.0,43085831.0,24390065.0,32757896.0,40809194.0,,,,,-103662210.0,-251263283.0
GLCVY,,,,,,,,,,,,,,,,,,,,,-200928000.0,-77111000.0,-138868000.0,-177703000.0,-6834913.0,-3817047.0,,,,,,,,,,,,,,,,,,,,,,,,,,,
GLRMK,40787057208.0,53202945520.0,53619440646.0,54474193422.0,4281613252.0,6146551090.0,6767748068.0,6526688247.0,5326830918.0,6876813593.0,7182325425.0,6943608717.0,2528000539.0,5501649891.0,5039455870.0,3884188766.0,229256598.0,1131130903.0,40443185.0,135792817.0,-5855276800.0,-2659956356.0,-808234398.0,-383666043.0,-89500405.0,-8241117.0,,,,,,,,,,7638855400.0,4952769423.0,-1672236191.0,-2454128583.0,,,,,1445472186.0,1446692873.0,1368246065.0,1292049896.0,-73340440.0,,,,,
GLRYH,765880857.0,1309764018.0,1065759864.0,1283768937.0,5196541272.0,6794353306.0,12036579105.0,8578121976.0,4041009421.0,6213609546.0,10755805276.0,7153119090.0,305231067.0,355626640.0,1407692787.0,471019622.0,12112539.0,27201423.0,81500535.0,174615678.0,-1502879101.0,-633153884.0,-2917029302.0,-3237382149.0,-22972149.0,-69538722.0,,,,,,,,,,2025169832.0,2725334514.0,-755239315.0,-3375371935.0,,,-5022378.0,-7654606.0,228819349.0,884666498.0,436032687.0,411344900.0,,,,,-1252182899.0,-1933054435.0
GLYHO,25909547258.0,29415646271.0,31161078555.0,30767290299.0,11974779258.0,13619660098.0,13934494497.0,14536571708.0,9517303840.0,10822111844.0,11636978243.0,12154582602.0,4468267958.0,5109208492.0,5992591471.0,6390411854.0,408705968.0,642057908.0,188009793.0,303511365.0,51104967014.0,59038011397.0,65454457385.0,65503458783.0,781161235.0,1407009303.0,,,,,,,,,,5148239701.0,10794465717.0,-7242168896.0,-15945660848.0,-328006737.0,-545963349.0,-345423482.0,-367179861.0,3741497732.0,3757022439.0,3828756295.0,3840035261.0,-363184321.0,-924954874.0,-1337168558.0,-1239893834.0,-3416620496.0,-4203422287.0
GMTAS,4235368509.0,4327428262.0,6158863171.0,6602686045.0,710440853.0,863179072.0,1191447034.0,1287230184.0,417104831.0,482739462.0,551399549.0,588883524.0,7760362.0,560890802.0,-163615468.0,-115601295.0,66854513.0,137948073.0,11254586.0,26978713.0,-190642673.0,-452992924.0,-179455766.0,-129866592.0,-2914055.0,-2789524.0,,,,,,,,,,218956169.0,1165060690.0,-93203960.0,,,,,,37704893.0,51403288.0,75819185.0,60423878.0,,,,,,
GOKNR,17123807132.0,19483982674.0,17817634636.0,17219155112.0,4058450028.0,4880406278.0,3820850966.0,3714599447.0,2418049397.0,3173058789.0,1918595801.0,2102799270.0,606368618.0,1829673068.0,551196220.0,397019606.0,272773362.0,360065448.0,64163927.0,78398591.0,2815776920.0,2640953801.0,2192697768.0,1544175890.0,43040352.0,33168780.0,,,,,,,,,,3683277283.0,1322836572.0,-429526015.0,-536160992.0,,,,,487494055.0,479633707.0,493864751.0,482893164.0,,-167178798.0,-149790839.0,,-690073490.0,-802806565.0
GOLDA,3599855180.0,3196482004.0,2748127123.0,2845006195.0,524158254.0,440764942.0,388037747.0,384022655.0,247108376.0,164485226.0,141966724.0,142703027.0,77081036.0,8134532.0,20774041.0,-69276699.0,,30304936.0,,3602936.0,352730435.0,32960742.0,-604530430.0,-215995705.0,5391635.0,-4639571.0,,,,,,,,,,-875882537.0,373818942.0,-1494546.0,-1349750.0,,,,,65286206.0,78514429.0,78773734.0,84478011.0,,,,,,
GOLTS,11927419197.0,8809045343.0,7996803846.0,8416248945.0,4107295644.0,3015493440.0,2031657529.0,2080810821.0,2767834010.0,1992396961.0,762962170.0,851757379.0,3610068157.0,927591398.0,436041127.0,669996767.0,188154568.0,175982476.0,64512354.0,43546279.0,2075736921.0,2140408387.0,2367097221.0,2437864513.0,31728525.0,52365144.0,,,,,,,,,,2591020063.0,1668030269.0,-625772249.0,-911894119.0,,,,,173752008.0,243645324.0,342300593.0,385330061.0,-201410794.0,-383784356.0,-205192020.0,,-388306195.0,-708361145.0
GOODY,45012899041.0,33001153781.0,31833412176.0,30275795520.0,5293555718.0,3041975646.0,2442971321.0,1202211762.0,4335848321.0,2195409273.0,1570279734.0,341894389.0,-989304645.0,-1354021323.0,-3500518192.0,-3667443088.0,711961532.0,633346968.0,83572097.0,26260409.0,1418835497.0,71243603.0,1110591131.0,562101651.0,21687506.0,12073901.0,,,,,,,,,,1686495280.0,3333045578.0,-914783634.0,-493410256.0,,,-143165838.0,-118303274.0,1181319678.0,1134684993.0,1114865907.0,1149443637.0,,,,,-1839557694.0,-3957671705.0
GOZDE,201657616.0,4438521031.0,546312.0,480709.0,185722740.0,1361094046.0,546312.0,480709.0,-302205784.0,989260052.0,-139098329.0,-155239917.0,-19596862914.0,-12210239192.0,-7548361892.0,-6862959959.0,3095474.0,10596.0,2836074.0,10596.0,556260044.0,-185950.0,-64807.0,-309040.0,8502672.0,-6638.0,,,,,,,,,,1876192765.0,-3162985872.0,-168509.0,-9222.0,,,,,210433.0,194524.0,261100.0,151492.0,,,,,-2295303456.0,-388436054.0
GRNYO,547076730.0,618416584.0,613803981.0,375613330.0,50114196.0,72572568.0,52375797.0,47048071.0,17414262.0,31298959.0,9338232.0,-1075201.0,-33003449.0,-21323416.0,-25305273.0,-33026984.0,8651117.0,7712208.0,793878.0,979536.0,-114284706.0,-89876507.0,-7406745.0,-84938555.0,-1746891.0,-1824474.0,,,,,,,,,,5060416.0,1807599.0,-513692.0,-84297.0,,,-945830.0,-1687320.0,2066141.0,1715008.0,2811482.0,1865310.0,-6684064.0,,,,,
GRSEL,10018050948.0,12838738987.0,13607179454.0,13657050596.0,2508162606.0,3794186442.0,4439433900.0,4765982146.0,2198607596.0,4265059869.0,4411135408.0,4460158598.0,2411689873.0,2543506846.0,3402190087.0,3657241101.0,157843385.0,285126893.0,39577774.0,99464988.0,51072689.0,-1550114741.0,-1887805853.0,-1508576176.0,780668.0,-32404101.0,,,,,,,,,,877526631.0,3655993959.0,-1633997063.0,-1925442698.0,,,,,152615626.0,855351610.0,418353918.0,189207919.0,-183834346.0,-93230762.0,-107138663.0,-107138663.0,-396726204.0,-273388910.0
GRTHO,5057851424.0,5358231444.0,8563896496.0,7411830653.0,1065737956.0,1052111942.0,1074962032.0,899657833.0,891807954.0,895593085.0,925705560.0,761510555.0,1135932216.0,1284936075.0,2115538899.0,1976239458.0,79227378.0,156325337.0,16802627.0,18694550.0,164171551.0,579931871.0,-1720281808.0,-1020896752.0,2509432.0,-21928784.0,,,,,,,,,,-100552798.0,108848965.0,-559835245.0,-95624544.0,,-330816872.0,-875802.0,-537798.0,75574005.0,140926447.0,138990421.0,158582074.0,,-16719914.0,,,-72656468.0,57976419.0
GSDDE,577321811.0,847594586.0,688696434.0,690945434.0,91601536.0,302927937.0,226585367.0,276230367.0,206254512.0,412875650.0,307447562.0,324459562.0,-678731192.0,-53268693.0,220326428.0,569845428.0,9160791.0,14366148.0,1447103.0,5733067.0,-66335123.0,-39689799.0,71948000.0,-1068859000.0,-1013961.0,-22959010.0,,,,,,,,,,888842254.0,489252370.0,-1231620480.0,-403618544.0,,,-4281973.0,-4152214.0,187542076.0,185972331.0,156905654.0,128496654.0,,,,,-70755821.0,-93788244.0
GSDHO,1725186414.0,2184269612.0,1939968444.0,2073246444.0,2081777007.0,3275302185.0,3583572889.0,3586450889.0,1267448475.0,2336203442.0,2216081273.0,2318368273.0,-3737115477.0,672516223.0,245280930.0,319378930.0,27333476.0,43346407.0,32862439.0,74490895.0,-3977591860.0,-3839715992.0,-2024143000.0,-2075766000.0,-60799189.0,-44587295.0,,,,,,,,,,5043167985.0,953825797.0,-2354588603.0,-2532284284.0,0.0,0.0,-46976846.0,-52509142.0,,,,,199648128.0,0.0,-33724082.0,-33724082.0,-154055448.0,-275055418.0
GSRAY,14280166540.0,14623099789.0,20672682631.0,,535930639.0,-2087639238.0,734575476.0,,1539273442.0,-592659050.0,2764229011.0,,4984521722.0,-1175923020.0,608618327.0,,233374425.0,,6366400.0,,4036838166.0,2911104308.0,2743553279.0,,69709066.0,,,,,,,,,,,2626362687.0,-870696859.0,-787122613.0,-804890301.0,,,,-84558591.0,2263949636.0,3080715309.0,4170505503.0,,,,,,-4115505789.0,
GUBRF,78366902467.0,47135885753.0,61819427590.0,68527189007.0,8253132472.0,8655044723.0,15328641521.0,17120084678.0,4105578652.0,6874485036.0,13021636004.0,14586966673.0,-2571786259.0,-459799147.0,6212448287.0,7957926794.0,1238355829.0,1435644033.0,129610275.0,359707572.0,9105268460.0,5970669180.0,-477806523.0,-5306600205.0,139177915.0,-113985368.0,,,,,,,,,,2844134906.0,10953360255.0,-4088712719.0,-2804172570.0,,,,,1755410965.0,2043581278.0,1915930882.0,1765361432.0,,,,,-2072583994.0,-1459827768.0
GUNDG,3721732045.0,3334179673.0,2172914242.0,1512828293.0,350736350.0,360177577.0,217544079.0,42629753.0,175400220.0,158756024.0,22218959.0,-132450454.0,40757055.0,-26617362.0,-122402859.0,-155720826.0,58865954.0,31058314.0,5544992.0,776903.0,124560280.0,-106066826.0,-56190385.0,-670221486.0,1903957.0,-14396306.0,,,,,,,,,,3171279.0,-336046206.0,-37669941.0,-77119009.0,,,,,21211327.0,44052594.0,43440806.0,,,,,,-5500872.0,
GWIND,4137157346.0,3644454947.0,3461778256.0,2991209671.0,2460767507.0,1913271595.0,1585575671.0,1199626652.0,3126769221.0,2521418742.0,2368858399.0,1871714410.0,1387665178.0,1286148691.0,995574704.0,2228429794.0,65211107.0,61740151.0,38789179.0,24516127.0,1377935084.0,1499982136.0,1756730628.0,2137434328.0,21062326.0,45911926.0,,,,,,,,,,4420339246.0,2301543549.0,-2928698660.0,-3090292895.0,,,-15864810.0,-33035569.0,864375516.0,957054049.0,1134917849.0,1025666356.0,-1174364298.0,-819150808.0,-470461906.0,,-27498051.0,-219189126.0
GZNMI,3288244764.0,3939914397.0,4080453068.0,3769838987.0,323135559.0,565170124.0,461329116.0,445431820.0,26015126.0,267750442.0,186515853.0,210054339.0,-239927086.0,-27472995.0,-152749804.0,-298884874.0,51069213.0,77053762.0,5007836.0,9061120.0,-232338381.0,687738386.0,1568262266.0,1108585901.0,-3551391.0,23812341.0,,,,,,,,,,-1260723072.0,324712720.0,-124967174.0,-57596136.0,,,-6925234.0,-999094292.0,30981598.0,134353305.0,245726671.0,324529706.0,,,,,-107673712.0,-404934014.0
HALKB,,,,,,,,,,,,,,,,,,,,,-307720044000.0,-668900708000.0,-931323000000.0,-850564000000.0,-10467629476.0,-18270049898.0,,,,,,,,,,,,,,,,,,,,,,,,,,,
HATEK,1671285273.0,1224375342.0,1170875087.0,1105554532.0,292329576.0,1020600.0,80570115.0,21473815.0,-26601161.0,-246766716.0,-96869718.0,-137535848.0,-327070388.0,-282290109.0,-86173794.0,185168015.0,26360210.0,23074431.0,4564889.0,529789.0,792146835.0,1303000700.0,1712518930.0,1601796889.0,12108303.0,34406475.0,,,,,,,,,,876467011.0,147074162.0,-690992358.0,-583623285.0,,,,,66613786.0,102620178.0,123315048.0,124144727.0,,,,,,
HATSN,5034968124.0,5844489312.0,5568792299.0,4747095568.0,1175377642.0,886856289.0,20450827.0,-655798444.0,1200285233.0,972850437.0,276194647.0,-313757008.0,1613993629.0,980264405.0,-225332905.0,-858585549.0,79190966.0,97514558.0,18466522.0,-13824748.0,-589702799.0,-409204031.0,196782048.0,248823368.0,-9013859.0,5344707.0,,,,,,,,,,1181004641.0,1179702410.0,-2282193323.0,-1432154082.0,,,,,298328293.0,356271149.0,423792463.0,518996990.0,,,,,-494909422.0,-67473282.0
HDFGS,975157955.0,687891874.0,1294829899.0,1334190720.0,975157955.0,687891874.0,1294829899.0,1334190720.0,906349926.0,634063679.0,1227188008.0,1275693170.0,-714920272.0,-454268366.0,348829991.0,753007606.0,14701970.0,26975121.0,14701970.0,26975121.0,-186226050.0,-152408233.0,-19299394.0,-3275315.0,-2846545.0,-70354.0,,,,,,,,,,1621094185.0,815362730.0,-508995.0,-966829.0,,,-580331.0,-939245.0,1255205.0,2873809.0,3309356.0,3231579.0,,,,,-279877.0,-1518413.0
HEDEF,1670078704.0,223794665.0,3090842063.0,3505356222.0,1670078704.0,223794665.0,3090842063.0,3505356222.0,1600970734.0,124546601.0,3004780569.0,3415100448.0,-1783825149.0,-1968828683.0,1830220407.0,2386991416.0,24333032.0,72169195.0,24333032.0,72169195.0,-239619506.0,1872345.0,-26301549.0,978390381.0,-3662686.0,21015751.0,,,,,,,,,,2692566730.0,1810826128.0,-1232797.0,-19978918.0,,,-3039294.0,-10602060.0,5241265.0,4650732.0,13624767.0,16813381.0,,,,,-1676027.0,-69546411.0
HEKTS,13439393924.0,7502065609.0,7216226171.0,6823044167.0,1815049148.0,-1557067831.0,-698619502.0,287698315.0,-565400337.0,-3189624559.0,-1947185581.0,-934302992.0,-1954464227.0,-4202938811.0,-4764687709.0,-5229448131.0,212974810.0,144379263.0,28507760.0,7003514.0,19679588364.0,6501831887.0,9616934086.0,7845317094.0,300810909.0,168516813.0,,,,,,,,,,5891208172.0,6489626814.0,-6076434240.0,-1030199715.0,,-81198824.0,-201732162.0,-296535016.0,1213864162.0,1273309568.0,1375838585.0,1401250357.0,,,,,-7732460990.0,-1673487070.0
HKTM,1353688493.0,1042104643.0,934565341.0,919880199.0,412282671.0,331286550.0,348552859.0,359929203.0,217593284.0,122377101.0,84310525.0,94189140.0,-59698396.0,-194321135.0,-138879028.0,-233919595.0,21310683.0,19157929.0,6505929.0,7495947.0,71061632.0,376902888.0,407736275.0,348118304.0,1086207.0,7477555.0,,,,,,,,,,219221842.0,-9915371.0,-170609600.0,-13057395.0,,,,,135627436.0,115054680.0,70899160.0,56095586.0,-8567927.0,,,,-89803623.0,-199760812.0
HLGYO,3513167764.0,2701592359.0,23296739312.0,20504782357.0,1578699436.0,2009246162.0,3833986123.0,3912387892.0,1167345195.0,1629247020.0,3333593093.0,3365524799.0,5752841707.0,1883309165.0,15636879602.0,13686832550.0,55265041.0,421005564.0,24718122.0,80777804.0,8263124802.0,12518334085.0,7456161346.0,16647387883.0,126305390.0,357584623.0,-4481030483.0,-5924318773.0,-37576399.0,-1267466.0,-2499342089.0,-2214502956.0,,,65270328164.0,-2215474225.0,-3129680264.0,-10709813.0,-55802437.0,-3206198286.0,-2291383416.0,,,13922825.0,22278087.0,39309343.0,17802292.0,-18352305.0,-90235864.0,-21137701.0,-2159757152.0,-1952573719.0,-3877071769.0
HOROZ,12131445949.0,13273520874.0,14162166204.0,15344259014.0,1077346294.0,1661382496.0,1458754543.0,1570928151.0,1862443273.0,2289239003.0,1743387472.0,1899464465.0,303557896.0,1079129420.0,-80187546.0,-67299927.0,190634042.0,321161639.0,17001191.0,32835553.0,3346879950.0,2140721327.0,2912831117.0,4158397377.0,51158489.0,89322059.0,,,,,,,,,,1235190378.0,2386857984.0,-317882861.0,-616952566.0,,,-734975831.0,-918011764.0,1744870836.0,1965114927.0,1792570155.0,1901482095.0,,,,,-607304624.0,-645744424.0
HRKET,3546548426.0,5433456638.0,7004402719.0,7574334555.0,1283125478.0,1464974967.0,1588438064.0,1793890879.0,1421778903.0,1694580514.0,1622809424.0,1774130050.0,2308507173.0,-207300957.0,-1867331858.0,-1700741634.0,55976540.0,157848403.0,20049546.0,37306519.0,3106597695.0,2590762766.0,6770714491.0,6319915186.0,47485672.0,135751297.0,,,,,,,,,,1201692070.0,765916704.0,-1500341848.0,-3986365642.0,,,,,636871447.0,1141989425.0,1270390439.0,1401896413.0,,,,,,
HTTBT,609051324.0,1122416793.0,1652786006.0,1932915969.0,296043873.0,541544595.0,810740041.0,898430186.0,230704239.0,450643755.0,699967001.0,785223866.0,132168362.0,276880664.0,388878896.0,411190341.0,25705654.0,45079370.0,12494844.0,21010873.0,-465312347.0,-241244752.0,-311316814.0,-198577568.0,-15828404.0,-4265431.0,,,,,,,,,,-116568093.0,389617525.0,-255313763.0,-620326970.0,,,-27716090.0,-2963063.0,100598040.0,206476047.0,345287293.0,415206679.0,,,,,-845768.0,-24146933.0
HUBVC,16032430.0,85459102.0,-34330788.0,-21942750.0,0.0,85459102.0,-34330788.0,-21942750.0,-49351531.0,40583263.0,-65589842.0,-49803880.0,27865361.0,-342569570.0,-303940166.0,-301765758.0,0.0,-418660.0,0.0,-418519.0,-33828431.0,640103.0,-12444814.0,-16464652.0,-517082.0,-353659.0,,,,,,,,,,-11937238.0,-35654976.0,0.0,-4271937.0,,,,,276699.0,1355070.0,1579909.0,1592963.0,,,,,,
HUNER,557770850.0,839453260.0,995812454.0,925620784.0,189016342.0,370873266.0,383983585.0,260918312.0,365027569.0,546105745.0,621164213.0,516207762.0,63133429.0,496876648.0,-234891092.0,-354223730.0,23541307.0,21667314.0,7977634.0,6306499.0,1756129315.0,1763987925.0,2125698302.0,2181260535.0,59737776.0,46853310.0,,,,,,,,,,499452468.0,425095911.0,-1553037425.0,-397525270.0,,,,,204900329.0,238811089.0,364848698.0,400421740.0,,,,,,
HURGZ,1649761407.0,1641121294.0,1434904817.0,1336786141.0,-575349334.0,-169782161.0,-223995848.0,-307124246.0,-1234522988.0,-908757073.0,-856394606.0,-869717422.0,-1843812920.0,-1614265122.0,-976705786.0,-1527850816.0,26042399.0,27918048.0,-9075603.0,-6412730.0,107480462.0,196867348.0,225981766.0,-347408808.0,1642885.0,-7462315.0,,,,,,,,,,-2984698413.0,-2072114449.0,-120731541.0,-175386018.0,,,,-44956270.0,112439347.0,110412587.0,141060514.0,105369830.0,,,,,-44419891.0,-102110493.0
ICBCT,,,,,,,,,,,,,,,,,,,,,-23356913000.0,-20717675000.0,-31892000000.0,-35318000000.0,-794525790.0,-758627948.0,,,,,,,,,,,,,,,,,,,,,,,,,,,
ICUGS,29408972.0,47557256.0,,,18059233.0,13181106.0,0.0,,-1354346.0,-18139997.0,-35561793.0,-29822909.0,42078072.0,-77447489.0,-233744922.0,-258534930.0,464202.0,,285054.0,,-52177633.0,-24501170.0,-18992797.0,-16662168.0,-797557.0,-357902.0,,,,,,,,,,-3695083.0,-157994256.0,-719897.0,92271.0,,,,,91816.0,89619.0,172617.0,172615.0,,,,,,
IDGYO,30958982.0,129081635.0,31246586.0,31756997.0,-10872570.0,-127590128.0,-6643172.0,-6132761.0,-29845761.0,-146609402.0,-28955639.0,-29241033.0,-13747997.0,-280709229.0,-137588690.0,-177896702.0,488364.0,640309.0,-171921.0,-117842.0,202682704.0,116607288.0,291394668.0,447810534.0,3098092.0,9618936.0,-7161452.0,-98081666.0,435414.0,317700.0,-168918273.0,,,,205556294.0,-162062129.0,-20852915.0,-10528666.0,-73370.0,-10581605.0,-63064039.0,,,100555.0,155974.0,106672.0,178850.0,,,,,,
IEYHO,5092965946.0,5181196793.0,3233989099.0,1416882150.0,1156895033.0,978455667.0,394762002.0,136593835.0,474395766.0,436269902.0,-154049213.0,-253461300.0,1046353435.0,-1023058617.0,-837676706.0,-1079867119.0,80489051.0,28611280.0,18206182.0,2762027.0,-494057411.0,505020047.0,139199253.0,-2599532.0,-7551878.0,-55838.0,,,,,,,,,,1225607220.0,-1676465656.0,-225916170.0,-915799161.0,,,,,243518450.0,282861218.0,86032064.0,-57038189.0,-155388026.0,-34567730.0,0.0,0.0,,
IHAAS,804492956.0,604206633.0,643805505.0,640693483.0,112322151.0,-28428248.0,-3185800.0,-11566697.0,42398380.0,-102469353.0,-53110890.0,-59537763.0,-146584301.0,-104198271.0,-101074790.0,-101261999.0,12667624.0,13402633.0,1760246.0,-275105.0,-114714128.0,-9654448.0,-14100564.0,20888309.0,-1753454.0,448679.0,,,,,,,,,,-456798554.0,-136735667.0,-80806361.0,-10214908.0,,,-12030610.0,-17859288.0,52974486.0,68077624.0,56161009.0,56367928.0,,,,,-717442.0,-76120970.0
IHEVA,4681344481.0,4439165935.0,4390260076.0,4234969737.0,618065078.0,604643499.0,624306709.0,607069978.0,367271362.0,401981843.0,367448130.0,352178947.0,-467315463.0,88212366.0,31290278.0,79939069.0,73881453.0,88411111.0,9717780.0,12658779.0,-30791315.0,25205424.0,223880966.0,245329198.0,-470658.0,5269652.0,,,,,,,,,,174168099.0,135734136.0,-82075485.0,-101624409.0,,,-33124451.0,-42772983.0,102165109.0,138230121.0,120425112.0,101470526.0,,,,,-219611.0,-24037918.0
IHGZT,2673361095.0,2749533073.0,2927676436.0,2848374635.0,140448428.0,485496553.0,517592717.0,552477248.0,-276324968.0,-35512384.0,11278583.0,-13391981.0,-1631006379.0,176256266.0,272391332.0,253460179.0,42131812.0,59329499.0,2214364.0,11491991.0,-6314883.0,-86083775.0,-114951011.0,264563376.0,-96526.0,5682801.0,,,,,,,,,,-139906679.0,-2534866.0,-112973478.0,-100506398.0,-1856157.0,0.0,-40387287.0,-45336271.0,92277171.0,104444024.0,92960865.0,85176286.0,,,,,-32672982.0,-110508860.0
IHLAS,16839028120.0,15945082554.0,20207976776.0,21479762356.0,680821089.0,398287422.0,-1186792679.0,-1688041285.0,-2822411612.0,-2744740887.0,-4530310523.0,-5036601343.0,3438480626.0,-2129908937.0,-3805499277.0,-3637074774.0,265726870.0,445952970.0,10669754.0,-33609856.0,-442810789.0,191831067.0,1977406045.0,2135218817.0,-6768552.0,45864337.0,,,,,,,,,,-1353289229.0,-381028564.0,-471399068.0,-351929397.0,,0.0,,,541798694.0,432488567.0,430056295.0,408458189.0,,,,,-88221992.0,-1505307328.0
IHLGM,1012909461.0,742071077.0,2028526478.0,2178748097.0,269908677.0,176039804.0,-622814386.0,-736388339.0,-682315463.0,-149863761.0,-958947048.0,-1043888435.0,-2584279148.0,-724500208.0,771049482.0,921488171.0,15952530.0,44607766.0,4169091.0,-14952168.0,-98399971.0,-12649783.0,6023838.0,101137279.0,-1504086.0,2172421.0,,,,,,,,,,-442277679.0,-73806674.0,-9195573.0,-3638129.0,,,-15670693.0,-20425537.0,21406964.0,29205511.0,41807852.0,45692132.0,,,,,-30316673.0,-11405842.0
IHYAY,3944751838.0,3825829730.0,3971743052.0,3914118416.0,300550479.0,445494985.0,461514469.0,492525112.0,-305968515.0,-329147939.0,-326202297.0,-311674436.0,-811241043.0,-350248382.0,-400276153.0,-361300207.0,62155129.0,81626437.0,4719443.0,10183040.0,-115315987.0,-64771702.0,-110836076.0,305761335.0,-1762654.0,6567730.0,,,,,,,,,,-656966934.0,-25895488.0,-218412364.0,-138212571.0,,,,,190184869.0,219090194.0,204699121.0,198539935.0,,,,,-108962768.0,-195633284.0
IMASM,2834861617.0,3335218425.0,2830202714.0,3090961714.0,942017016.0,1273817144.0,984920300.0,1113076300.0,391484508.0,617250322.0,317543119.0,211913119.0,72508378.0,421072917.0,-788243593.0,-462384593.0,44818652.0,64040990.0,14895278.0,23174868.0,275109803.0,172173225.0,452883000.0,615856000.0,4205171.0,13228540.0,,,,,,,,,,231975634.0,694609159.0,-162949250.0,-571647798.0,0.0,0.0,0.0,-34541336.0,54938109.0,61995880.0,86346273.0,81527273.0,0.0,0.0,0.0,0.0,-89514498.0,-149907037.0
INDES,109567793275.0,102752967293.0,107867668846.0,126047426595.0,6022546931.0,4947091812.0,5530571799.0,7014059070.0,4658344112.0,3455618673.0,3626202478.0,4975173124.0,1131009250.0,505564210.0,611496674.0,952751200.0,1730015759.0,2641931357.0,94757606.0,147741602.0,-4547812266.0,-2528122247.0,-811052419.0,-644876371.0,-69515252.0,-13851895.0,,,,,,,,,,2872516063.0,5239941892.0,-100779200.0,-804234114.0,0.0,-682315979.0,-60637099.0,-73564479.0,168344940.0,153390371.0,209670176.0,249863202.0,-642773715.0,-435078727.0,0.0,0.0,-1734899827.0,-1599372697.0
INFO,16852961769.0,53852012207.0,35487575739.0,17470248633.0,6247576351.0,4150891298.0,3502427942.0,4157334782.0,3658732074.0,1725844164.0,1211729165.0,1996214332.0,507976368.0,71232682.0,746456751.0,1411742240.0,264418964.0,365518131.0,98582125.0,87555667.0,-3890133411.0,-5475925424.0,-9274853086.0,-15377117253.0,-59462350.0,-330299307.0,,,,,,,,,,-105694474.0,2273335492.0,-138827528.0,-230688755.0,,,-36588970.0,107537252.0,74322379.0,148222701.0,247385893.0,310574307.0,-351436196.0,-7583296.0,-6148047.0,,-1155841522.0,-687705195.0
INGRM,16193774935.0,21250922512.0,27185968641.0,33394302866.0,829611303.0,1252632601.0,1539181937.0,1857593557.0,473459333.0,625701856.0,670377002.0,882889301.0,-27628354.0,180718677.0,-143391642.0,858739.0,683475353.0,781189654.0,35014620.0,43360058.0,1682838153.0,2783707629.0,4946162531.0,5880771261.0,57244650.0,126318519.0,,,,,,,,,,204648546.0,-336512688.0,-63245498.0,-8003448.0,,,-23590720.0,-33227415.0,42751038.0,61751669.0,64445074.0,71687174.0,-128189430.0,,,,-118508554.0,-384388627.0
